date,channel,campaign_id,campaign_name,spend,impressions,clicks
2024-02-17,Google App Campaigns,goog_ac_01,Google – App Campaign NL,442.57,124112,1839
2024-02-17,Google App Campaigns,goog_ac_02,Google – App Campaign EU,399.8,107544,1472
2024-02-17,Google Brand Search,goog_brand_01,Google – Brand Search,138.97,9961,1611
2024-02-17,Google Non-Brand Search,goog_search_01,Google – Non-Brand Search NL,612.23,55566,2044
2024-02-17,Meta,fb_prospect_01,FB – Prospecting Lookalike NL,669.48,233374,2591
2024-02-17,Meta,fb_prospect_02,FB – Prospecting Interest EU,622.5,203210,2646
2024-02-17,TikTok,tiktok_upper_01,TikTok – Brand Awareness NL,491.1,216131,1853
2024-02-17,TikTok,tiktok_upper_02,TikTok – Brand Awareness EU,482.63,200574,1756
2024-02-18,Google App Campaigns,goog_ac_01,Google – App Campaign NL,389.8,103541,1468
2024-02-18,Google App Campaigns,goog_ac_02,Google – App Campaign EU,445.24,117536,1880
2024-02-18,Google Brand Search,goog_brand_01,Google – Brand Search,154.53,10116,1452
2024-02-18,Google Non-Brand Search,goog_search_01,Google – Non-Brand Search NL,594.88,51290,1914
2024-02-18,Meta,fb_prospect_01,FB – Prospecting Lookalike NL,667.01,238967,2767
2024-02-18,Meta,fb_prospect_02,FB – Prospecting Interest EU,610.41,202478,2278
2024-02-18,Referral,referral_mgm_01,Referral – Member Get Member,1732.39,0,0
2024-02-18,TikTok,tiktok_upper_01,TikTok – Brand Awareness NL,491.59,207809,1650
2024-02-18,TikTok,tiktok_upper_02,TikTok – Brand Awareness EU,410.35,172289,1428
2024-02-19,Google App Campaigns,goog_ac_01,Google – App Campaign NL,370.91,98451,1495
2024-02-19,Google App Campaigns,goog_ac_02,Google – App Campaign EU,379.17,103291,1565
2024-02-19,Google Brand Search,goog_brand_01,Google – Brand Search,118.18,7518,1106
2024-02-19,Google Non-Brand Search,goog_search_01,Google – Non-Brand Search NL,479.72,41303,1309
2024-02-19,Meta,fb_prospect_01,FB – Prospecting Lookalike NL,550.85,191863,2283
2024-02-19,Meta,fb_prospect_02,FB – Prospecting Interest EU,533.66,167633,1855
2024-02-19,Referral,referral_mgm_01,Referral – Member Get Member,1860.8,0,0
2024-02-19,TikTok,tiktok_upper_01,TikTok – Brand Awareness NL,400.82,167873,1261
2024-02-19,TikTok,tiktok_upper_02,TikTok – Brand Awareness EU,338.6,157396,1300
2024-02-20,Google App Campaigns,goog_ac_01,Google – App Campaign NL,315.66,78654,1231
2024-02-20,Google App Campaigns,goog_ac_02,Google – App Campaign EU,353.24,89091,1336
2024-02-20,Google Brand Search,goog_brand_01,Google – Brand Search,116.57,7524,1157
2024-02-20,Google Non-Brand Search,goog_search_01,Google – Non-Brand Search NL,433.53,39745,1376
2024-02-20,Meta,fb_prospect_01,FB – Prospecting Lookalike NL,532.19,185453,2298
2024-02-20,Meta,fb_prospect_02,FB – Prospecting Interest EU,513.2,179660,2011
2024-02-20,Referral,referral_mgm_01,Referral – Member Get Member,1829.85,0,0
2024-02-20,TikTok,tiktok_upper_01,TikTok – Brand Awareness NL,416.57,177260,1292
2024-02-20,TikTok,tiktok_upper_02,TikTok – Brand Awareness EU,363.85,156370,1290
2024-02-21,Google App Campaigns,goog_ac_01,Google – App Campaign NL,321.97,91388,1357
2024-02-21,Google App Campaigns,goog_ac_02,Google – App Campaign EU,331.03,85533,1302
2024-02-21,Google Brand Search,goog_brand_01,Google – Brand Search,126.32,8329,1280
2024-02-21,Google Non-Brand Search,goog_search_01,Google – Non-Brand Search NL,436.31,40995,1508
2024-02-21,Meta,fb_prospect_01,FB – Prospecting Lookalike NL,495.5,177564,2248
2024-02-21,Meta,fb_prospect_02,FB – Prospecting Interest EU,552.33,182618,2091
2024-02-21,Referral,referral_mgm_01,Referral – Member Get Member,1569.74,0,0
2024-02-21,TikTok,tiktok_upper_01,TikTok – Brand Awareness NL,371.26,154117,1137
2024-02-21,TikTok,tiktok_upper_02,TikTok – Brand Awareness EU,426.57,201979,1679
2024-02-22,Google App Campaigns,goog_ac_01,Google – App Campaign NL,363.44,94542,1443
2024-02-22,Google App Campaigns,goog_ac_02,Google – App Campaign EU,315.67,90354,1350
2024-02-22,Google Brand Search,goog_brand_01,Google – Brand Search,119.73,8541,1299
2024-02-22,Google Non-Brand Search,goog_search_01,Google – Non-Brand Search NL,505.1,41899,1462
2024-02-22,Meta,fb_prospect_01,FB – Prospecting Lookalike NL,503.56,158306,1748
2024-02-22,Meta,fb_prospect_02,FB – Prospecting Interest EU,536.04,169261,2203
2024-02-22,Referral,referral_mgm_01,Referral – Member Get Member,1628.8,0,0
2024-02-22,TikTok,tiktok_upper_01,TikTok – Brand Awareness NL,391.75,178285,1307
2024-02-22,TikTok,tiktok_upper_02,TikTok – Brand Awareness EU,376.24,154953,1237
2024-02-23,Google App Campaigns,goog_ac_01,Google – App Campaign NL,405.34,110847,1737
2024-02-23,Google App Campaigns,goog_ac_02,Google – App Campaign EU,455.38,113812,1849
2024-02-23,Google Brand Search,goog_brand_01,Google – Brand Search,139.54,9792,1558
2024-02-23,Google Non-Brand Search,goog_search_01,Google – Non-Brand Search NL,530.85,43693,1545
2024-02-23,Meta,fb_prospect_01,FB – Prospecting Lookalike NL,679.34,240799,2681
2024-02-23,Meta,fb_prospect_02,FB – Prospecting Interest EU,638.17,199400,2474
2024-02-23,Referral,referral_mgm_01,Referral – Member Get Member,1683.25,0,0
2024-02-23,TikTok,tiktok_upper_01,TikTok – Brand Awareness NL,457.87,195909,1514
2024-02-23,TikTok,tiktok_upper_02,TikTok – Brand Awareness EU,463.09,203805,1474
2024-02-24,Google App Campaigns,goog_ac_01,Google – App Campaign NL,467.92,132632,1996
2024-02-24,Google App Campaigns,goog_ac_02,Google – App Campaign EU,408.9,113784,1761
2024-02-24,Google Brand Search,goog_brand_01,Google – Brand Search,135.79,9684,1376
2024-02-24,Google Non-Brand Search,goog_search_01,Google – Non-Brand Search NL,550.39,45748,1680
2024-02-24,Meta,fb_prospect_01,FB – Prospecting Lookalike NL,579.29,179035,2120
2024-02-24,Meta,fb_prospect_02,FB – Prospecting Interest EU,704.45,249531,3142
2024-02-24,Referral,referral_mgm_01,Referral – Member Get Member,1230.17,0,0
2024-02-24,TikTok,tiktok_upper_01,TikTok – Brand Awareness NL,440.58,210002,1609
2024-02-24,TikTok,tiktok_upper_02,TikTok – Brand Awareness EU,462.47,197516,1717
2024-02-25,Google App Campaigns,goog_ac_01,Google – App Campaign NL,377.89,96411,1339
2024-02-25,Google App Campaigns,goog_ac_02,Google – App Campaign EU,446.04,111747,1678
2024-02-25,Google Brand Search,goog_brand_01,Google – Brand Search,154.51,10654,1674
2024-02-25,Google Non-Brand Search,goog_search_01,Google – Non-Brand Search NL,594.06,53490,1759
2024-02-25,Meta,fb_prospect_01,FB – Prospecting Lookalike NL,584.1,188791,2390
2024-02-25,Meta,fb_prospect_02,FB – Prospecting Interest EU,701.34,233807,2605
2024-02-25,Referral,referral_mgm_01,Referral – Member Get Member,1564.11,0,0
2024-02-25,TikTok,tiktok_upper_01,TikTok – Brand Awareness NL,419.08,196124,1459
2024-02-25,TikTok,tiktok_upper_02,TikTok – Brand Awareness EU,425.33,192040,1651
2024-02-26,Google App Campaigns,goog_ac_01,Google – App Campaign NL,367.96,91934,1279
2024-02-26,Google App Campaigns,goog_ac_02,Google – App Campaign EU,349.58,100175,1530
2024-02-26,Google Brand Search,goog_brand_01,Google – Brand Search,128.2,7886,1089
2024-02-26,Google Non-Brand Search,goog_search_01,Google – Non-Brand Search NL,522.16,48674,1691
2024-02-26,Meta,fb_prospect_01,FB – Prospecting Lookalike NL,545.52,195096,2241
2024-02-26,Meta,fb_prospect_02,FB – Prospecting Interest EU,578.53,178182,2161
2024-02-26,Referral,referral_mgm_01,Referral – Member Get Member,1338.99,0,0
2024-02-26,TikTok,tiktok_upper_01,TikTok – Brand Awareness NL,350.0,146190,1268
2024-02-26,TikTok,tiktok_upper_02,TikTok – Brand Awareness EU,374.56,161169,1286
2024-02-27,Google App Campaigns,goog_ac_01,Google – App Campaign NL,352.56,90222,1281
2024-02-27,Google App Campaigns,goog_ac_02,Google – App Campaign EU,377.55,105779,1460
2024-02-27,Google Brand Search,goog_brand_01,Google – Brand Search,129.35,8361,1164
2024-02-27,Google Non-Brand Search,goog_search_01,Google – Non-Brand Search NL,423.8,38240,1243
2024-02-27,Meta,fb_prospect_01,FB – Prospecting Lookalike NL,537.99,176821,2067
2024-02-27,Meta,fb_prospect_02,FB – Prospecting Interest EU,515.66,176064,2267
2024-02-27,Referral,referral_mgm_01,Referral – Member Get Member,1894.9,0,0
2024-02-27,TikTok,tiktok_upper_01,TikTok – Brand Awareness NL,414.36,192905,1460
2024-02-27,TikTok,tiktok_upper_02,TikTok – Brand Awareness EU,386.84,174844,1500
2024-02-28,Google App Campaigns,goog_ac_01,Google – App Campaign NL,340.93,90979,1466
2024-02-28,Google App Campaigns,goog_ac_02,Google – App Campaign EU,386.54,95547,1341
2024-02-28,Google Brand Search,goog_brand_01,Google – Brand Search,117.59,7273,1062
2024-02-28,Google Non-Brand Search,goog_search_01,Google – Non-Brand Search NL,443.12,37808,1341
2024-02-28,Meta,fb_prospect_01,FB – Prospecting Lookalike NL,468.98,148188,1619
2024-02-28,Meta,fb_prospect_02,FB – Prospecting Interest EU,536.48,183996,2160
2024-02-28,Referral,referral_mgm_01,Referral – Member Get Member,1569.89,0,0
2024-02-28,TikTok,tiktok_upper_01,TikTok – Brand Awareness NL,422.8,177854,1360
2024-02-28,TikTok,tiktok_upper_02,TikTok – Brand Awareness EU,352.08,146853,1061
2024-02-29,Google App Campaigns,goog_ac_01,Google – App Campaign NL,380.37,95501,1442
2024-02-29,Google App Campaigns,goog_ac_02,Google – App Campaign EU,357.72,100849,1500
2024-02-29,Google Brand Search,goog_brand_01,Google – Brand Search,109.63,7282,1073
2024-02-29,Google Non-Brand Search,goog_search_01,Google – Non-Brand Search NL,459.96,41797,1393
2024-02-29,Meta,fb_prospect_01,FB – Prospecting Lookalike NL,568.29,201632,2651
2024-02-29,Meta,fb_prospect_02,FB – Prospecting Interest EU,563.06,196078,2419
2024-02-29,Referral,referral_mgm_01,Referral – Member Get Member,1750.02,0,0
2024-02-29,TikTok,tiktok_upper_01,TikTok – Brand Awareness NL,386.19,160700,1370
2024-02-29,TikTok,tiktok_upper_02,TikTok – Brand Awareness EU,342.71,162668,1196
2024-03-01,Google App Campaigns,goog_ac_01,Google – App Campaign NL,463.59,126642,2014
2024-03-01,Google App Campaigns,goog_ac_02,Google – App Campaign EU,431.16,117421,1686
2024-03-01,Google Brand Search,goog_brand_01,Google – Brand Search,156.47,9816,1505
2024-03-01,Google Non-Brand Search,goog_search_01,Google – Non-Brand Search NL,599.6,50759,1845
2024-03-01,Meta,fb_prospect_01,FB – Prospecting Lookalike NL,599.29,214109,2782
2024-03-01,Meta,fb_prospect_02,FB – Prospecting Interest EU,627.11,203295,2456
2024-03-01,Referral,referral_mgm_01,Referral – Member Get Member,1278.92,0,0
2024-03-01,TikTok,tiktok_upper_01,TikTok – Brand Awareness NL,431.22,187590,1459
2024-03-01,TikTok,tiktok_upper_02,TikTok – Brand Awareness EU,441.72,192533,1597
2024-03-02,Google App Campaigns,goog_ac_01,Google – App Campaign NL,437.05,108994,1671
2024-03-02,Google App Campaigns,goog_ac_02,Google – App Campaign EU,394.05,106172,1615
2024-03-02,Google Brand Search,goog_brand_01,Google – Brand Search,154.34,10276,1571
2024-03-02,Google Non-Brand Search,goog_search_01,Google – Non-Brand Search NL,562.97,50222,1849
2024-03-02,Meta,fb_prospect_01,FB – Prospecting Lookalike NL,675.49,228537,2896
2024-03-02,Meta,fb_prospect_02,FB – Prospecting Interest EU,674.62,240920,2748
2024-03-02,Referral,referral_mgm_01,Referral – Member Get Member,2507.66,0,0
2024-03-02,TikTok,tiktok_upper_01,TikTok – Brand Awareness NL,416.02,191574,1404
2024-03-02,TikTok,tiktok_upper_02,TikTok – Brand Awareness EU,509.01,213101,1860
2024-03-03,Google App Campaigns,goog_ac_01,Google – App Campaign NL,413.86,107085,1496
2024-03-03,Google App Campaigns,goog_ac_02,Google – App Campaign EU,391.64,111724,1654
2024-03-03,Google Brand Search,goog_brand_01,Google – Brand Search,159.07,11079,1654
2024-03-03,Google Non-Brand Search,goog_search_01,Google – Non-Brand Search NL,551.71,50842,1797
2024-03-03,Meta,fb_prospect_01,FB – Prospecting Lookalike NL,671.48,229958,2667
2024-03-03,Meta,fb_prospect_02,FB – Prospecting Interest EU,690.23,239740,2744
2024-03-03,Referral,referral_mgm_01,Referral – Member Get Member,1944.9,0,0
2024-03-03,TikTok,tiktok_upper_01,TikTok – Brand Awareness NL,508.49,212244,1567
2024-03-03,TikTok,tiktok_upper_02,TikTok – Brand Awareness EU,415.2,189193,1488
2024-03-04,Google App Campaigns,goog_ac_01,Google – App Campaign NL,384.34,99134,1474
2024-03-04,Google App Campaigns,goog_ac_02,Google – App Campaign EU,351.56,90777,1474
2024-03-04,Google Brand Search,goog_brand_01,Google – Brand Search,130.92,8426,1348
2024-03-04,Google Non-Brand Search,goog_search_01,Google – Non-Brand Search NL,504.93,42085,1618
2024-03-04,Meta,fb_prospect_01,FB – Prospecting Lookalike NL,542.27,169821,2072
2024-03-04,Meta,fb_prospect_02,FB – Prospecting Interest EU,548.45,168550,2003
2024-03-04,Referral,referral_mgm_01,Referral – Member Get Member,1671.16,0,0
2024-03-04,TikTok,tiktok_upper_01,TikTok – Brand Awareness NL,372.61,178498,1489
2024-03-04,TikTok,tiktok_upper_02,TikTok – Brand Awareness EU,425.58,177599,1519
2024-03-05,Google App Campaigns,goog_ac_01,Google – App Campaign NL,369.87,91312,1233
2024-03-05,Google App Campaigns,goog_ac_02,Google – App Campaign EU,318.14,86274,1372
2024-03-05,Google Brand Search,goog_brand_01,Google – Brand Search,128.67,9165,1448
2024-03-05,Google Non-Brand Search,goog_search_01,Google – Non-Brand Search NL,443.32,41609,1327
2024-03-05,Meta,fb_prospect_01,FB – Prospecting Lookalike NL,465.65,148779,1657
2024-03-05,Meta,fb_prospect_02,FB – Prospecting Interest EU,559.87,177611,2306
2024-03-05,Referral,referral_mgm_01,Referral – Member Get Member,1982.86,0,0
2024-03-05,TikTok,tiktok_upper_01,TikTok – Brand Awareness NL,347.73,166887,1379
2024-03-05,TikTok,tiktok_upper_02,TikTok – Brand Awareness EU,397.84,165230,1425
2024-03-06,Google App Campaigns,goog_ac_01,Google – App Campaign NL,336.89,92854,1525
2024-03-06,Google App Campaigns,goog_ac_02,Google – App Campaign EU,366.04,90652,1390
2024-03-06,Google Brand Search,goog_brand_01,Google – Brand Search,110.59,6890,967
2024-03-06,Google Non-Brand Search,goog_search_01,Google – Non-Brand Search NL,421.05,39726,1448
2024-03-06,Meta,fb_prospect_01,FB – Prospecting Lookalike NL,555.89,189150,2428
2024-03-06,Meta,fb_prospect_02,FB – Prospecting Interest EU,481.56,166545,1875
2024-03-06,Referral,referral_mgm_01,Referral – Member Get Member,1744.57,0,0
2024-03-06,TikTok,tiktok_upper_01,TikTok – Brand Awareness NL,402.26,188449,1368
2024-03-06,TikTok,tiktok_upper_02,TikTok – Brand Awareness EU,356.52,148943,1192
2024-03-07,Google App Campaigns,goog_ac_01,Google – App Campaign NL,326.42,87161,1281
2024-03-07,Google App Campaigns,goog_ac_02,Google – App Campaign EU,354.29,88720,1232
2024-03-07,Google Brand Search,goog_brand_01,Google – Brand Search,123.2,8389,1235
2024-03-07,Google Non-Brand Search,goog_search_01,Google – Non-Brand Search NL,447.81,38561,1329
2024-03-07,Meta,fb_prospect_01,FB – Prospecting Lookalike NL,581.2,187575,2285
2024-03-07,Meta,fb_prospect_02,FB – Prospecting Interest EU,550.17,187768,2451
2024-03-07,Referral,referral_mgm_01,Referral – Member Get Member,1954.51,0,0
2024-03-07,TikTok,tiktok_upper_01,TikTok – Brand Awareness NL,428.24,189066,1597
2024-03-07,TikTok,tiktok_upper_02,TikTok – Brand Awareness EU,396.57,178295,1324
2024-03-08,Google App Campaigns,goog_ac_01,Google – App Campaign NL,443.45,114775,1819
2024-03-08,Google App Campaigns,goog_ac_02,Google – App Campaign EU,432.85,114159,1755
2024-03-08,Google Brand Search,goog_brand_01,Google – Brand Search,157.35,11196,1680
2024-03-08,Google Non-Brand Search,goog_search_01,Google – Non-Brand Search NL,548.62,48865,1790
2024-03-08,Meta,fb_prospect_01,FB – Prospecting Lookalike NL,626.09,199533,2428
2024-03-08,Meta,fb_prospect_02,FB – Prospecting Interest EU,639.94,220207,2720
2024-03-08,Referral,referral_mgm_01,Referral – Member Get Member,1474.84,0,0
2024-03-08,TikTok,tiktok_upper_01,TikTok – Brand Awareness NL,450.71,191264,1557
2024-03-08,TikTok,tiktok_upper_02,TikTok – Brand Awareness EU,440.57,181273,1426
2024-03-09,Google App Campaigns,goog_ac_01,Google – App Campaign NL,408.69,113215,1533
2024-03-09,Google App Campaigns,goog_ac_02,Google – App Campaign EU,461.39,130055,1900
2024-03-09,Google Brand Search,goog_brand_01,Google – Brand Search,139.33,9969,1643
2024-03-09,Google Non-Brand Search,goog_search_01,Google – Non-Brand Search NL,520.41,47004,1519
2024-03-09,Meta,fb_prospect_01,FB – Prospecting Lookalike NL,565.3,198743,2172
2024-03-09,Meta,fb_prospect_02,FB – Prospecting Interest EU,596.83,193663,2171
2024-03-09,Referral,referral_mgm_01,Referral – Member Get Member,2157.5,0,0
2024-03-09,TikTok,tiktok_upper_01,TikTok – Brand Awareness NL,463.04,215668,1660
2024-03-09,TikTok,tiktok_upper_02,TikTok – Brand Awareness EU,498.11,221174,1633
2024-03-10,Google App Campaigns,goog_ac_01,Google – App Campaign NL,478.02,128613,2059
2024-03-10,Google App Campaigns,goog_ac_02,Google – App Campaign EU,478.14,120191,1783
2024-03-10,Google Brand Search,goog_brand_01,Google – Brand Search,141.71,9400,1311
2024-03-10,Google Non-Brand Search,goog_search_01,Google – Non-Brand Search NL,552.97,45849,1685
2024-03-10,Meta,fb_prospect_01,FB – Prospecting Lookalike NL,556.02,176712,2130
2024-03-10,Meta,fb_prospect_02,FB – Prospecting Interest EU,579.16,182733,2339
2024-03-10,Referral,referral_mgm_01,Referral – Member Get Member,1978.91,0,0
2024-03-10,TikTok,tiktok_upper_01,TikTok – Brand Awareness NL,490.89,211574,1755
2024-03-10,TikTok,tiktok_upper_02,TikTok – Brand Awareness EU,483.52,211040,1735
2024-03-11,Google App Campaigns,goog_ac_01,Google – App Campaign NL,369.26,101150,1596
2024-03-11,Google App Campaigns,goog_ac_02,Google – App Campaign EU,318.69,83170,1256
2024-03-11,Google Brand Search,goog_brand_01,Google – Brand Search,127.74,8995,1350
2024-03-11,Google Non-Brand Search,goog_search_01,Google – Non-Brand Search NL,454.66,42641,1486
2024-03-11,Meta,fb_prospect_01,FB – Prospecting Lookalike NL,535.89,178438,1962
2024-03-11,Meta,fb_prospect_02,FB – Prospecting Interest EU,492.7,173261,2136
2024-03-11,Referral,referral_mgm_01,Referral – Member Get Member,2091.06,0,0
2024-03-11,TikTok,tiktok_upper_01,TikTok – Brand Awareness NL,354.59,167860,1219
2024-03-11,TikTok,tiktok_upper_02,TikTok – Brand Awareness EU,359.38,154409,1232
2024-03-12,Google App Campaigns,goog_ac_01,Google – App Campaign NL,330.11,81336,1324
2024-03-12,Google App Campaigns,goog_ac_02,Google – App Campaign EU,352.07,90993,1390
2024-03-12,Google Brand Search,goog_brand_01,Google – Brand Search,123.85,8892,1365
2024-03-12,Google Non-Brand Search,goog_search_01,Google – Non-Brand Search NL,417.07,35755,1301
2024-03-12,Meta,fb_prospect_01,FB – Prospecting Lookalike NL,475.23,155838,2026
2024-03-12,Meta,fb_prospect_02,FB – Prospecting Interest EU,541.48,171179,1987
2024-03-12,Referral,referral_mgm_01,Referral – Member Get Member,1779.86,0,0
2024-03-12,TikTok,tiktok_upper_01,TikTok – Brand Awareness NL,421.74,190052,1626
2024-03-12,TikTok,tiktok_upper_02,TikTok – Brand Awareness EU,369.31,164105,1320
2024-03-13,Google App Campaigns,goog_ac_01,Google – App Campaign NL,396.7,113987,1636
2024-03-13,Google App Campaigns,goog_ac_02,Google – App Campaign EU,376.5,104415,1517
2024-03-13,Google Brand Search,goog_brand_01,Google – Brand Search,119.7,8599,1279
2024-03-13,Google Non-Brand Search,goog_search_01,Google – Non-Brand Search NL,430.3,35438,1308
2024-03-13,Meta,fb_prospect_01,FB – Prospecting Lookalike NL,571.22,178649,2242
2024-03-13,Meta,fb_prospect_02,FB – Prospecting Interest EU,517.45,173948,2151
2024-03-13,Referral,referral_mgm_01,Referral – Member Get Member,1621.95,0,0
2024-03-13,TikTok,tiktok_upper_01,TikTok – Brand Awareness NL,381.93,176846,1528
2024-03-13,TikTok,tiktok_upper_02,TikTok – Brand Awareness EU,404.34,193024,1631
2024-03-14,Google App Campaigns,goog_ac_01,Google – App Campaign NL,371.5,102446,1620
2024-03-14,Google App Campaigns,goog_ac_02,Google – App Campaign EU,387.77,107366,1706
2024-03-14,Google Brand Search,goog_brand_01,Google – Brand Search,130.31,7998,1202
2024-03-14,Google Non-Brand Search,goog_search_01,Google – Non-Brand Search NL,421.8,35900,1286
2024-03-14,Meta,fb_prospect_01,FB – Prospecting Lookalike NL,578.51,202788,2207
2024-03-14,Meta,fb_prospect_02,FB – Prospecting Interest EU,508.96,157402,1740
2024-03-14,Referral,referral_mgm_01,Referral – Member Get Member,1847.29,0,0
2024-03-14,TikTok,tiktok_upper_01,TikTok – Brand Awareness NL,428.04,187548,1588
2024-03-14,TikTok,tiktok_upper_02,TikTok – Brand Awareness EU,345.74,155025,1314
2024-03-15,Google App Campaigns,goog_ac_01,Google – App Campaign NL,404.68,114588,1610
2024-03-15,Google App Campaigns,goog_ac_02,Google – App Campaign EU,385.17,100114,1566
2024-03-15,Google Brand Search,goog_brand_01,Google – Brand Search,140.82,8842,1345
2024-03-15,Google Non-Brand Search,goog_search_01,Google – Non-Brand Search NL,609.48,58499,1963
2024-03-15,Meta,fb_prospect_01,FB – Prospecting Lookalike NL,683.34,222241,2854
2024-03-15,Meta,fb_prospect_02,FB – Prospecting Interest EU,599.6,202754,2382
2024-03-15,Referral,referral_mgm_01,Referral – Member Get Member,2234.5,0,0
2024-03-15,TikTok,tiktok_upper_01,TikTok – Brand Awareness NL,480.41,197445,1547
2024-03-15,TikTok,tiktok_upper_02,TikTok – Brand Awareness EU,504.55,230401,1746
2024-03-16,Google App Campaigns,goog_ac_01,Google – App Campaign NL,441.61,114809,1694
2024-03-16,Google App Campaigns,goog_ac_02,Google – App Campaign EU,474.95,131758,1992
2024-03-16,Google Brand Search,goog_brand_01,Google – Brand Search,137.96,9798,1477
2024-03-16,Google Non-Brand Search,goog_search_01,Google – Non-Brand Search NL,538.25,50883,1685
2024-03-16,Meta,fb_prospect_01,FB – Prospecting Lookalike NL,574.72,187446,2054
2024-03-16,Meta,fb_prospect_02,FB – Prospecting Interest EU,584.94,179932,2138
2024-03-16,Referral,referral_mgm_01,Referral – Member Get Member,2045.76,0,0
2024-03-16,TikTok,tiktok_upper_01,TikTok – Brand Awareness NL,515.83,236625,1929
2024-03-16,TikTok,tiktok_upper_02,TikTok – Brand Awareness EU,448.9,212768,1700
2024-03-17,Google App Campaigns,goog_ac_01,Google – App Campaign NL,421.47,111965,1845
2024-03-17,Google App Campaigns,goog_ac_02,Google – App Campaign EU,445.73,124844,2022
2024-03-17,Google Brand Search,goog_brand_01,Google – Brand Search,130.24,8894,1455
2024-03-17,Google Non-Brand Search,goog_search_01,Google – Non-Brand Search NL,606.78,51219,1814
2024-03-17,Meta,fb_prospect_01,FB – Prospecting Lookalike NL,577.9,204169,2343
2024-03-17,Meta,fb_prospect_02,FB – Prospecting Interest EU,639.3,223055,2827
2024-03-17,Referral,referral_mgm_01,Referral – Member Get Member,2187.73,0,0
2024-03-17,TikTok,tiktok_upper_01,TikTok – Brand Awareness NL,487.6,219857,1811
2024-03-17,TikTok,tiktok_upper_02,TikTok – Brand Awareness EU,438.61,186870,1440
2024-03-18,Google App Campaigns,goog_ac_01,Google – App Campaign NL,323.27,84611,1157
2024-03-18,Google App Campaigns,goog_ac_02,Google – App Campaign EU,373.46,94920,1366
2024-03-18,Google Brand Search,goog_brand_01,Google – Brand Search,108.83,7676,1036
2024-03-18,Google Non-Brand Search,goog_search_01,Google – Non-Brand Search NL,460.98,40429,1273
2024-03-18,Meta,fb_prospect_01,FB – Prospecting Lookalike NL,493.0,152909,1817
2024-03-18,Meta,fb_prospect_02,FB – Prospecting Interest EU,527.03,170407,1860
2024-03-18,Referral,referral_mgm_01,Referral – Member Get Member,1847.8,0,0
2024-03-18,TikTok,tiktok_upper_01,TikTok – Brand Awareness NL,385.17,169350,1228
2024-03-18,TikTok,tiktok_upper_02,TikTok – Brand Awareness EU,426.37,177460,1288
2024-03-19,Google App Campaigns,goog_ac_01,Google – App Campaign NL,342.02,97485,1330
2024-03-19,Google App Campaigns,goog_ac_02,Google – App Campaign EU,353.14,97357,1357
2024-03-19,Google Brand Search,goog_brand_01,Google – Brand Search,105.87,6706,910
2024-03-19,Google Non-Brand Search,goog_search_01,Google – Non-Brand Search NL,421.62,35307,1338
2024-03-19,Meta,fb_prospect_01,FB – Prospecting Lookalike NL,494.8,160248,1823
2024-03-19,Meta,fb_prospect_02,FB – Prospecting Interest EU,522.46,179259,2034
2024-03-19,Referral,referral_mgm_01,Referral – Member Get Member,1940.08,0,0
2024-03-19,TikTok,tiktok_upper_01,TikTok – Brand Awareness NL,384.75,170712,1319
2024-03-19,TikTok,tiktok_upper_02,TikTok – Brand Awareness EU,377.67,175388,1498
2024-03-20,Google App Campaigns,goog_ac_01,Google – App Campaign NL,335.47,95452,1417
2024-03-20,Google App Campaigns,goog_ac_02,Google – App Campaign EU,365.35,104980,1530
2024-03-20,Google Brand Search,goog_brand_01,Google – Brand Search,122.9,7821,1152
2024-03-20,Google Non-Brand Search,goog_search_01,Google – Non-Brand Search NL,508.55,43890,1627
2024-03-20,Meta,fb_prospect_01,FB – Prospecting Lookalike NL,462.6,162918,2001
2024-03-20,Meta,fb_prospect_02,FB – Prospecting Interest EU,482.51,167859,2157
2024-03-20,Referral,referral_mgm_01,Referral – Member Get Member,1782.33,0,0
2024-03-20,TikTok,tiktok_upper_01,TikTok – Brand Awareness NL,348.12,157694,1195
2024-03-20,TikTok,tiktok_upper_02,TikTok – Brand Awareness EU,390.38,176005,1506
2024-03-21,Google App Campaigns,goog_ac_01,Google – App Campaign NL,324.5,81600,1271
2024-03-21,Google App Campaigns,goog_ac_02,Google – App Campaign EU,328.52,87707,1444
2024-03-21,Google Brand Search,goog_brand_01,Google – Brand Search,122.44,7674,1242
2024-03-21,Google Non-Brand Search,goog_search_01,Google – Non-Brand Search NL,416.69,34174,1313
2024-03-21,Meta,fb_prospect_01,FB – Prospecting Lookalike NL,553.37,190597,2396
2024-03-21,Meta,fb_prospect_02,FB – Prospecting Interest EU,501.96,177761,2173
2024-03-21,Referral,referral_mgm_01,Referral – Member Get Member,1692.78,0,0
2024-03-21,TikTok,tiktok_upper_01,TikTok – Brand Awareness NL,367.19,152178,1102
2024-03-21,TikTok,tiktok_upper_02,TikTok – Brand Awareness EU,369.85,151727,1131
2024-03-22,Google App Campaigns,goog_ac_01,Google – App Campaign NL,466.19,119417,1830
2024-03-22,Google App Campaigns,goog_ac_02,Google – App Campaign EU,433.3,113626,1764
2024-03-22,Google Brand Search,goog_brand_01,Google – Brand Search,160.71,10575,1590
2024-03-22,Google Non-Brand Search,goog_search_01,Google – Non-Brand Search NL,598.36,53756,1978
2024-03-22,Meta,fb_prospect_01,FB – Prospecting Lookalike NL,598.97,204882,2623
2024-03-22,Meta,fb_prospect_02,FB – Prospecting Interest EU,557.15,188560,2140
2024-03-22,Referral,referral_mgm_01,Referral – Member Get Member,1654.77,0,0
2024-03-22,TikTok,tiktok_upper_01,TikTok – Brand Awareness NL,502.87,224791,1841
2024-03-22,TikTok,tiktok_upper_02,TikTok – Brand Awareness EU,435.72,179726,1464
2024-03-23,Google App Campaigns,goog_ac_01,Google – App Campaign NL,464.66,132088,1866
2024-03-23,Google App Campaigns,goog_ac_02,Google – App Campaign EU,424.7,117484,1895
2024-03-23,Google Brand Search,goog_brand_01,Google – Brand Search,151.99,10590,1610
2024-03-23,Google Non-Brand Search,goog_search_01,Google – Non-Brand Search NL,551.12,49121,1802
2024-03-23,Meta,fb_prospect_01,FB – Prospecting Lookalike NL,614.13,210690,2350
2024-03-23,Meta,fb_prospect_02,FB – Prospecting Interest EU,699.79,221261,2495
2024-03-23,Referral,referral_mgm_01,Referral – Member Get Member,1952.59,0,0
2024-03-23,TikTok,tiktok_upper_01,TikTok – Brand Awareness NL,406.88,189400,1521
2024-03-23,TikTok,tiktok_upper_02,TikTok – Brand Awareness EU,450.62,187267,1614
2024-03-24,Google App Campaigns,goog_ac_01,Google – App Campaign NL,416.98,107976,1654
2024-03-24,Google App Campaigns,goog_ac_02,Google – App Campaign EU,436.12,114607,1753
2024-03-24,Google Brand Search,goog_brand_01,Google – Brand Search,139.76,9159,1271
2024-03-24,Google Non-Brand Search,goog_search_01,Google – Non-Brand Search NL,626.91,55436,1822
2024-03-24,Meta,fb_prospect_01,FB – Prospecting Lookalike NL,666.83,205316,2699
2024-03-24,Meta,fb_prospect_02,FB – Prospecting Interest EU,611.42,210957,2727
2024-03-24,Referral,referral_mgm_01,Referral – Member Get Member,2297.22,0,0
2024-03-24,TikTok,tiktok_upper_01,TikTok – Brand Awareness NL,417.07,197345,1693
2024-03-24,TikTok,tiktok_upper_02,TikTok – Brand Awareness EU,493.77,205403,1545
2024-03-25,Google App Campaigns,goog_ac_01,Google – App Campaign NL,353.8,90714,1236
2024-03-25,Google App Campaigns,goog_ac_02,Google – App Campaign EU,354.92,101600,1570
2024-03-25,Google Brand Search,goog_brand_01,Google – Brand Search,114.09,7928,1278
2024-03-25,Google Non-Brand Search,goog_search_01,Google – Non-Brand Search NL,472.49,39382,1309
2024-03-25,Meta,fb_prospect_01,FB – Prospecting Lookalike NL,556.94,196964,2258
2024-03-25,Meta,fb_prospect_02,FB – Prospecting Interest EU,487.46,154316,1859
2024-03-25,Referral,referral_mgm_01,Referral – Member Get Member,2167.07,0,0
2024-03-25,TikTok,tiktok_upper_01,TikTok – Brand Awareness NL,352.93,161488,1249
2024-03-25,TikTok,tiktok_upper_02,TikTok – Brand Awareness EU,425.92,181531,1335
2024-03-26,Google App Campaigns,goog_ac_01,Google – App Campaign NL,327.86,83977,1173
2024-03-26,Google App Campaigns,goog_ac_02,Google – App Campaign EU,386.61,104485,1640
2024-03-26,Google Brand Search,goog_brand_01,Google – Brand Search,127.49,8869,1252
2024-03-26,Google Non-Brand Search,goog_search_01,Google – Non-Brand Search NL,449.85,39162,1343
2024-03-26,Meta,fb_prospect_01,FB – Prospecting Lookalike NL,500.36,168197,1855
2024-03-26,Meta,fb_prospect_02,FB – Prospecting Interest EU,568.57,193063,2335
2024-03-26,Referral,referral_mgm_01,Referral – Member Get Member,1396.21,0,0
2024-03-26,TikTok,tiktok_upper_01,TikTok – Brand Awareness NL,421.02,201627,1768
2024-03-26,TikTok,tiktok_upper_02,TikTok – Brand Awareness EU,425.75,176258,1307
2024-03-27,Google App Campaigns,goog_ac_01,Google – App Campaign NL,388.55,100949,1523
2024-03-27,Google App Campaigns,goog_ac_02,Google – App Campaign EU,334.97,85677,1197
2024-03-27,Google Brand Search,goog_brand_01,Google – Brand Search,120.51,8021,1210
2024-03-27,Google Non-Brand Search,goog_search_01,Google – Non-Brand Search NL,522.95,49369,1822
2024-03-27,Meta,fb_prospect_01,FB – Prospecting Lookalike NL,484.62,159306,1891
2024-03-27,Meta,fb_prospect_02,FB – Prospecting Interest EU,492.9,169825,2180
2024-03-27,Referral,referral_mgm_01,Referral – Member Get Member,2244.8,0,0
2024-03-27,TikTok,tiktok_upper_01,TikTok – Brand Awareness NL,424.69,177294,1530
2024-03-27,TikTok,tiktok_upper_02,TikTok – Brand Awareness EU,347.17,148484,1269
2024-03-28,Google App Campaigns,goog_ac_01,Google – App Campaign NL,323.9,92133,1331
2024-03-28,Google App Campaigns,goog_ac_02,Google – App Campaign EU,365.75,96987,1425
2024-03-28,Google Brand Search,goog_brand_01,Google – Brand Search,129.17,8943,1332
2024-03-28,Google Non-Brand Search,goog_search_01,Google – Non-Brand Search NL,476.62,40245,1545
2024-03-28,Meta,fb_prospect_01,FB – Prospecting Lookalike NL,582.1,183588,2226
2024-03-28,Meta,fb_prospect_02,FB – Prospecting Interest EU,488.17,156296,1698
2024-03-28,Referral,referral_mgm_01,Referral – Member Get Member,1528.53,0,0
2024-03-28,TikTok,tiktok_upper_01,TikTok – Brand Awareness NL,387.37,170361,1261
2024-03-28,TikTok,tiktok_upper_02,TikTok – Brand Awareness EU,349.5,166572,1327
2024-03-29,Google App Campaigns,goog_ac_01,Google – App Campaign NL,442.07,108497,1787
2024-03-29,Google App Campaigns,goog_ac_02,Google – App Campaign EU,405.3,100506,1494
2024-03-29,Google Brand Search,goog_brand_01,Google – Brand Search,140.3,9984,1442
2024-03-29,Google Non-Brand Search,goog_search_01,Google – Non-Brand Search NL,517.06,43403,1559
2024-03-29,Meta,fb_prospect_01,FB – Prospecting Lookalike NL,648.55,224859,2856
2024-03-29,Meta,fb_prospect_02,FB – Prospecting Interest EU,586.45,208737,2472
2024-03-29,Referral,referral_mgm_01,Referral – Member Get Member,2524.09,0,0
2024-03-29,TikTok,tiktok_upper_01,TikTok – Brand Awareness NL,422.41,200372,1551
2024-03-29,TikTok,tiktok_upper_02,TikTok – Brand Awareness EU,411.05,178081,1507
2024-03-30,Google App Campaigns,goog_ac_01,Google – App Campaign NL,468.1,129811,2138
2024-03-30,Google App Campaigns,goog_ac_02,Google – App Campaign EU,431.03,117883,1698
2024-03-30,Google Brand Search,goog_brand_01,Google – Brand Search,140.65,9468,1482
2024-03-30,Google Non-Brand Search,goog_search_01,Google – Non-Brand Search NL,628.57,54677,2004
2024-03-30,Meta,fb_prospect_01,FB – Prospecting Lookalike NL,606.22,191637,2380
2024-03-30,Meta,fb_prospect_02,FB – Prospecting Interest EU,682.32,210709,2502
2024-03-30,Referral,referral_mgm_01,Referral – Member Get Member,1756.43,0,0
2024-03-30,TikTok,tiktok_upper_01,TikTok – Brand Awareness NL,485.81,214571,1770
2024-03-30,TikTok,tiktok_upper_02,TikTok – Brand Awareness EU,471.83,208788,1820
2024-03-31,Google App Campaigns,goog_ac_01,Google – App Campaign NL,378.49,98128,1382
2024-03-31,Google App Campaigns,goog_ac_02,Google – App Campaign EU,456.36,128717,1832
2024-03-31,Google Brand Search,goog_brand_01,Google – Brand Search,131.51,8463,1313
2024-03-31,Google Non-Brand Search,goog_search_01,Google – Non-Brand Search NL,590.47,49373,1650
2024-03-31,Meta,fb_prospect_01,FB – Prospecting Lookalike NL,620.94,194587,2144
2024-03-31,Meta,fb_prospect_02,FB – Prospecting Interest EU,655.32,223875,2773
2024-03-31,Referral,referral_mgm_01,Referral – Member Get Member,1959.76,0,0
2024-03-31,TikTok,tiktok_upper_01,TikTok – Brand Awareness NL,461.79,218608,1719
2024-03-31,TikTok,tiktok_upper_02,TikTok – Brand Awareness EU,477.06,206678,1622
2024-04-01,Google App Campaigns,goog_ac_01,Google – App Campaign NL,315.71,82842,1335
2024-04-01,Google App Campaigns,goog_ac_02,Google – App Campaign EU,365.93,96705,1576
2024-04-01,Google Brand Search,goog_brand_01,Google – Brand Search,119.71,8148,1181
2024-04-01,Google Non-Brand Search,goog_search_01,Google – Non-Brand Search NL,513.18,44317,1564
2024-04-01,Meta,fb_prospect_01,FB – Prospecting Lookalike NL,494.14,168019,1943
2024-04-01,Meta,fb_prospect_02,FB – Prospecting Interest EU,584.99,191865,2387
2024-04-01,Referral,referral_mgm_01,Referral – Member Get Member,1770.39,0,0
2024-04-01,TikTok,tiktok_upper_01,TikTok – Brand Awareness NL,421.82,178551,1440
2024-04-01,TikTok,tiktok_upper_02,TikTok – Brand Awareness EU,402.56,191880,1568
2024-04-02,Google App Campaigns,goog_ac_01,Google – App Campaign NL,338.47,86760,1323
2024-04-02,Google App Campaigns,goog_ac_02,Google – App Campaign EU,348.8,88829,1416
2024-04-02,Google Brand Search,goog_brand_01,Google – Brand Search,115.28,8050,1288
2024-04-02,Google Non-Brand Search,goog_search_01,Google – Non-Brand Search NL,513.93,43253,1363
2024-04-02,Meta,fb_prospect_01,FB – Prospecting Lookalike NL,558.35,193935,2317
2024-04-02,Meta,fb_prospect_02,FB – Prospecting Interest EU,519.51,165972,2048
2024-04-02,Referral,referral_mgm_01,Referral – Member Get Member,2099.68,0,0
2024-04-02,TikTok,tiktok_upper_01,TikTok – Brand Awareness NL,720.85,341530,2963
2024-04-02,TikTok,tiktok_upper_02,TikTok – Brand Awareness EU,831.28,397725,3336
2024-04-03,Google App Campaigns,goog_ac_01,Google – App Campaign NL,325.53,90846,1299
2024-04-03,Google App Campaigns,goog_ac_02,Google – App Campaign EU,389.43,106563,1473
2024-04-03,Google Brand Search,goog_brand_01,Google – Brand Search,121.5,8100,1260
2024-04-03,Google Non-Brand Search,goog_search_01,Google – Non-Brand Search NL,510.75,43049,1482
2024-04-03,Meta,fb_prospect_01,FB – Prospecting Lookalike NL,481.4,158483,1946
2024-04-03,Meta,fb_prospect_02,FB – Prospecting Interest EU,579.55,208044,2281
2024-04-03,Referral,referral_mgm_01,Referral – Member Get Member,1733.56,0,0
2024-04-03,TikTok,tiktok_upper_01,TikTok – Brand Awareness NL,701.34,325387,2402
2024-04-03,TikTok,tiktok_upper_02,TikTok – Brand Awareness EU,747.74,358840,2693
2024-04-04,Google App Campaigns,goog_ac_01,Google – App Campaign NL,343.95,95938,1534
2024-04-04,Google App Campaigns,goog_ac_02,Google – App Campaign EU,383.98,101028,1460
2024-04-04,Google Brand Search,goog_brand_01,Google – Brand Search,131.32,8255,1331
2024-04-04,Google Non-Brand Search,goog_search_01,Google – Non-Brand Search NL,501.25,46703,1631
2024-04-04,Meta,fb_prospect_01,FB – Prospecting Lookalike NL,585.06,189350,2254
2024-04-04,Meta,fb_prospect_02,FB – Prospecting Interest EU,515.52,159506,1979
2024-04-04,Referral,referral_mgm_01,Referral – Member Get Member,2098.01,0,0
2024-04-04,TikTok,tiktok_upper_01,TikTok – Brand Awareness NL,796.14,381696,3357
2024-04-04,TikTok,tiktok_upper_02,TikTok – Brand Awareness EU,771.03,320485,2679
2024-04-05,Google App Campaigns,goog_ac_01,Google – App Campaign NL,391.54,110437,1763
2024-04-05,Google App Campaigns,goog_ac_02,Google – App Campaign EU,431.8,121026,1667
2024-04-05,Google Brand Search,goog_brand_01,Google – Brand Search,152.72,10187,1604
2024-04-05,Google Non-Brand Search,goog_search_01,Google – Non-Brand Search NL,553.23,51047,1699
2024-04-05,Meta,fb_prospect_01,FB – Prospecting Lookalike NL,620.37,215876,2349
2024-04-05,Meta,fb_prospect_02,FB – Prospecting Interest EU,653.02,228926,2564
2024-04-05,Referral,referral_mgm_01,Referral – Member Get Member,2258.9,0,0
2024-04-05,TikTok,tiktok_upper_01,TikTok – Brand Awareness NL,832.26,349387,2813
2024-04-05,TikTok,tiktok_upper_02,TikTok – Brand Awareness EU,825.94,340818,2453
2024-04-06,Google App Campaigns,goog_ac_01,Google – App Campaign NL,390.55,106704,1583
2024-04-06,Google App Campaigns,goog_ac_02,Google – App Campaign EU,416.81,117819,1935
2024-04-06,Google Brand Search,goog_brand_01,Google – Brand Search,149.39,9622,1510
2024-04-06,Google Non-Brand Search,goog_search_01,Google – Non-Brand Search NL,618.39,52261,1726
2024-04-06,Meta,fb_prospect_01,FB – Prospecting Lookalike NL,567.4,179337,2012
2024-04-06,Meta,fb_prospect_02,FB – Prospecting Interest EU,678.85,222608,2932
2024-04-06,Referral,referral_mgm_01,Referral – Member Get Member,1826.27,0,0
2024-04-06,TikTok,tiktok_upper_01,TikTok – Brand Awareness NL,913.79,397544,3001
2024-04-06,TikTok,tiktok_upper_02,TikTok – Brand Awareness EU,857.1,396261,2928
2024-04-07,Google App Campaigns,goog_ac_01,Google – App Campaign NL,434.09,113633,1625
2024-04-07,Google App Campaigns,goog_ac_02,Google – App Campaign EU,430.05,111280,1690
2024-04-07,Google Brand Search,goog_brand_01,Google – Brand Search,134.06,9501,1466
2024-04-07,Google Non-Brand Search,goog_search_01,Google – Non-Brand Search NL,591.66,48940,1541
2024-04-07,Meta,fb_prospect_01,FB – Prospecting Lookalike NL,645.36,214644,2451
2024-04-07,Meta,fb_prospect_02,FB – Prospecting Interest EU,617.7,214396,2740
2024-04-07,Referral,referral_mgm_01,Referral – Member Get Member,2200.73,0,0
2024-04-07,TikTok,tiktok_upper_01,TikTok – Brand Awareness NL,936.29,419517,3576
2024-04-07,TikTok,tiktok_upper_02,TikTok – Brand Awareness EU,968.17,397703,2894
2024-04-08,Google App Campaigns,goog_ac_01,Google – App Campaign NL,331.43,87288,1224
2024-04-08,Google App Campaigns,goog_ac_02,Google – App Campaign EU,325.24,91729,1325
2024-04-08,Google Brand Search,goog_brand_01,Google – Brand Search,113.23,7681,1084
2024-04-08,Google Non-Brand Search,goog_search_01,Google – Non-Brand Search NL,457.19,37747,1283
2024-04-08,Meta,fb_prospect_01,FB – Prospecting Lookalike NL,489.11,165273,1862
2024-04-08,Meta,fb_prospect_02,FB – Prospecting Interest EU,547.62,174189,1922
2024-04-08,Referral,referral_mgm_01,Referral – Member Get Member,1395.39,0,0
2024-04-08,TikTok,tiktok_upper_01,TikTok – Brand Awareness NL,707.54,334097,2655
2024-04-08,TikTok,tiktok_upper_02,TikTok – Brand Awareness EU,763.59,363022,2648
2024-04-09,Google App Campaigns,goog_ac_01,Google – App Campaign NL,317.5,83328,1205
2024-04-09,Google App Campaigns,goog_ac_02,Google – App Campaign EU,394.89,106599,1695
2024-04-09,Google Brand Search,goog_brand_01,Google – Brand Search,119.82,8589,1257
2024-04-09,Google Non-Brand Search,goog_search_01,Google – Non-Brand Search NL,435.58,41683,1457
2024-04-09,Meta,fb_prospect_01,FB – Prospecting Lookalike NL,477.37,168094,2119
2024-04-09,Meta,fb_prospect_02,FB – Prospecting Interest EU,565.3,189218,2495
2024-04-09,Referral,referral_mgm_01,Referral – Member Get Member,2080.61,0,0
2024-04-09,TikTok,tiktok_upper_01,TikTok – Brand Awareness NL,419.79,199399,1467
2024-04-09,TikTok,tiktok_upper_02,TikTok – Brand Awareness EU,347.82,145071,1187
2024-04-10,Google App Campaigns,goog_ac_01,Google – App Campaign NL,393.01,112058,1643
2024-04-10,Google App Campaigns,goog_ac_02,Google – App Campaign EU,341.89,90455,1374
2024-04-10,Google Brand Search,goog_brand_01,Google – Brand Search,114.84,7467,1092
2024-04-10,Google Non-Brand Search,goog_search_01,Google – Non-Brand Search NL,468.67,42717,1511
2024-04-10,Meta,fb_prospect_01,FB – Prospecting Lookalike NL,571.13,193097,2251
2024-04-10,Meta,fb_prospect_02,FB – Prospecting Interest EU,513.49,169287,2085
2024-04-10,Referral,referral_mgm_01,Referral – Member Get Member,2577.73,0,0
2024-04-10,TikTok,tiktok_upper_01,TikTok – Brand Awareness NL,374.56,168728,1248
2024-04-10,TikTok,tiktok_upper_02,TikTok – Brand Awareness EU,367.51,155319,1143
2024-04-11,Google App Campaigns,goog_ac_01,Google – App Campaign NL,318.22,90906,1333
2024-04-11,Google App Campaigns,goog_ac_02,Google – App Campaign EU,392.77,106061,1432
2024-04-11,Google Brand Search,goog_brand_01,Google – Brand Search,106.36,7366,1181
2024-04-11,Google Non-Brand Search,goog_search_01,Google – Non-Brand Search NL,420.62,38467,1362
2024-04-11,Meta,fb_prospect_01,FB – Prospecting Lookalike NL,557.2,178524,2281
2024-04-11,Meta,fb_prospect_02,FB – Prospecting Interest EU,578.87,195962,2430
2024-04-11,Referral,referral_mgm_01,Referral – Member Get Member,2054.79,0,0
2024-04-11,TikTok,tiktok_upper_01,TikTok – Brand Awareness NL,346.64,145830,1218
2024-04-11,TikTok,tiktok_upper_02,TikTok – Brand Awareness EU,373.78,158536,1283
2024-04-12,Google App Campaigns,goog_ac_01,Google – App Campaign NL,431.55,123649,2025
2024-04-12,Google App Campaigns,goog_ac_02,Google – App Campaign EU,464.31,117627,1797
2024-04-12,Google Brand Search,goog_brand_01,Google – Brand Search,154.75,10285,1561
2024-04-12,Google Non-Brand Search,goog_search_01,Google – Non-Brand Search NL,619.11,53926,1736
2024-04-12,Meta,fb_prospect_01,FB – Prospecting Lookalike NL,610.81,205723,2354
2024-04-12,Meta,fb_prospect_02,FB – Prospecting Interest EU,578.68,201377,2414
2024-04-12,Referral,referral_mgm_01,Referral – Member Get Member,2114.71,0,0
2024-04-12,TikTok,tiktok_upper_01,TikTok – Brand Awareness NL,460.4,203500,1466
2024-04-12,TikTok,tiktok_upper_02,TikTok – Brand Awareness EU,492.5,212959,1832
2024-04-13,Google App Campaigns,goog_ac_01,Google – App Campaign NL,429.9,113973,1773
2024-04-13,Google App Campaigns,goog_ac_02,Google – App Campaign EU,393.24,107688,1575
2024-04-13,Google Brand Search,goog_brand_01,Google – Brand Search,144.77,9209,1281
2024-04-13,Google Non-Brand Search,goog_search_01,Google – Non-Brand Search NL,583.77,48071,1669
2024-04-13,Meta,fb_prospect_01,FB – Prospecting Lookalike NL,674.57,237006,2721
2024-04-13,Meta,fb_prospect_02,FB – Prospecting Interest EU,600.33,212095,2302
2024-04-13,Referral,referral_mgm_01,Referral – Member Get Member,2323.96,0,0
2024-04-13,TikTok,tiktok_upper_01,TikTok – Brand Awareness NL,514.12,232416,1831
2024-04-13,TikTok,tiktok_upper_02,TikTok – Brand Awareness EU,446.42,195792,1446
2024-04-14,Google App Campaigns,goog_ac_01,Google – App Campaign NL,420.72,103861,1567
2024-04-14,Google App Campaigns,goog_ac_02,Google – App Campaign EU,478.47,136956,1865
2024-04-14,Google Brand Search,goog_brand_01,Google – Brand Search,128.28,9148,1464
2024-04-14,Google Non-Brand Search,goog_search_01,Google – Non-Brand Search NL,595.63,51264,1938
2024-04-14,Meta,fb_prospect_01,FB – Prospecting Lookalike NL,701.73,218218,2697
2024-04-14,Meta,fb_prospect_02,FB – Prospecting Interest EU,686.16,233632,2763
2024-04-14,Referral,referral_mgm_01,Referral – Member Get Member,2425.06,0,0
2024-04-14,TikTok,tiktok_upper_01,TikTok – Brand Awareness NL,426.35,184762,1358
2024-04-14,TikTok,tiktok_upper_02,TikTok – Brand Awareness EU,510.27,223338,1896
2024-04-15,Google App Campaigns,goog_ac_01,Google – App Campaign NL,329.92,84966,1392
2024-04-15,Google App Campaigns,goog_ac_02,Google – App Campaign EU,321.79,90852,1418
2024-04-15,Google Brand Search,goog_brand_01,Google – Brand Search,132.77,8322,1321
2024-04-15,Google Non-Brand Search,goog_search_01,Google – Non-Brand Search NL,510.46,48828,1824
2024-04-15,Meta,fb_prospect_01,FB – Prospecting Lookalike NL,533.5,174908,2074
2024-04-15,Meta,fb_prospect_02,FB – Prospecting Interest EU,469.95,168398,1943
2024-04-15,Referral,referral_mgm_01,Referral – Member Get Member,2340.72,0,0
2024-04-15,TikTok,tiktok_upper_01,TikTok – Brand Awareness NL,348.75,144083,1229
2024-04-15,TikTok,tiktok_upper_02,TikTok – Brand Awareness EU,352.27,157438,1363
2024-04-16,Google App Campaigns,goog_ac_01,Google – App Campaign NL,380.45,100577,1637
2024-04-16,Google App Campaigns,goog_ac_02,Google – App Campaign EU,366.1,90365,1262
2024-04-16,Google Brand Search,goog_brand_01,Google – Brand Search,120.45,8589,1410
2024-04-16,Google Non-Brand Search,goog_search_01,Google – Non-Brand Search NL,439.6,42049,1388
2024-04-16,Meta,fb_prospect_01,FB – Prospecting Lookalike NL,519.51,170020,1983
2024-04-16,Meta,fb_prospect_02,FB – Prospecting Interest EU,511.33,159255,1749
2024-04-16,Referral,referral_mgm_01,Referral – Member Get Member,1716.43,0,0
2024-04-16,TikTok,tiktok_upper_01,TikTok – Brand Awareness NL,388.21,173737,1499
2024-04-16,TikTok,tiktok_upper_02,TikTok – Brand Awareness EU,427.48,196217,1563
2024-04-17,Google App Campaigns,goog_ac_01,Google – App Campaign NL,387.66,110799,1610
2024-04-17,Google App Campaigns,goog_ac_02,Google – App Campaign EU,321.47,81965,1213
2024-04-17,Google Brand Search,goog_brand_01,Google – Brand Search,121.17,7667,1108
2024-04-17,Google Non-Brand Search,goog_search_01,Google – Non-Brand Search NL,523.6,45635,1683
2024-04-17,Meta,fb_prospect_01,FB – Prospecting Lookalike NL,576.97,193468,2379
2024-04-17,Meta,fb_prospect_02,FB – Prospecting Interest EU,487.44,170294,2091
2024-04-17,Referral,referral_mgm_01,Referral – Member Get Member,2067.78,0,0
2024-04-17,TikTok,tiktok_upper_01,TikTok – Brand Awareness NL,359.7,148333,1103
2024-04-17,TikTok,tiktok_upper_02,TikTok – Brand Awareness EU,343.76,145329,1177
2024-04-18,Google App Campaigns,goog_ac_01,Google – App Campaign NL,351.08,101033,1510
2024-04-18,Google App Campaigns,goog_ac_02,Google – App Campaign EU,354.61,93378,1278
2024-04-18,Google Brand Search,goog_brand_01,Google – Brand Search,107.06,7686,1144
2024-04-18,Google Non-Brand Search,goog_search_01,Google – Non-Brand Search NL,483.55,41111,1477
2024-04-18,Meta,fb_prospect_01,FB – Prospecting Lookalike NL,580.02,183685,2030
2024-04-18,Meta,fb_prospect_02,FB – Prospecting Interest EU,524.7,175447,2108
2024-04-18,Referral,referral_mgm_01,Referral – Member Get Member,2705.33,0,0
2024-04-18,TikTok,tiktok_upper_01,TikTok – Brand Awareness NL,398.12,181835,1435
2024-04-18,TikTok,tiktok_upper_02,TikTok – Brand Awareness EU,358.99,165215,1233
2024-04-19,Google App Campaigns,goog_ac_01,Google – App Campaign NL,445.44,127537,1863
2024-04-19,Google App Campaigns,goog_ac_02,Google – App Campaign EU,420.11,117623,1766
2024-04-19,Google Brand Search,goog_brand_01,Google – Brand Search,152.47,9564,1347
2024-04-19,Google Non-Brand Search,goog_search_01,Google – Non-Brand Search NL,599.83,52974,1748
2024-04-19,Meta,fb_prospect_01,FB – Prospecting Lookalike NL,619.14,210934,2711
2024-04-19,Meta,fb_prospect_02,FB – Prospecting Interest EU,649.82,211326,2617
2024-04-19,Referral,referral_mgm_01,Referral – Member Get Member,2277.34,0,0
2024-04-19,TikTok,tiktok_upper_01,TikTok – Brand Awareness NL,504.68,223424,1629
2024-04-19,TikTok,tiktok_upper_02,TikTok – Brand Awareness EU,496.43,225866,1907
2024-04-20,Google App Campaigns,goog_ac_01,Google – App Campaign NL,449.17,113553,1654
2024-04-20,Google App Campaigns,goog_ac_02,Google – App Campaign EU,425.58,107085,1533
2024-04-20,Google Brand Search,goog_brand_01,Google – Brand Search,151.09,9378,1400
2024-04-20,Google Non-Brand Search,goog_search_01,Google – Non-Brand Search NL,541.49,45261,1599
2024-04-20,Meta,fb_prospect_01,FB – Prospecting Lookalike NL,577.75,183267,2107
2024-04-20,Meta,fb_prospect_02,FB – Prospecting Interest EU,634.44,224433,2833
2024-04-20,Referral,referral_mgm_01,Referral – Member Get Member,1753.91,0,0
2024-04-20,TikTok,tiktok_upper_01,TikTok – Brand Awareness NL,474.83,219384,1893
2024-04-20,TikTok,tiktok_upper_02,TikTok – Brand Awareness EU,435.65,181562,1584
2024-04-21,Google App Campaigns,goog_ac_01,Google – App Campaign NL,408.69,105022,1458
2024-04-21,Google App Campaigns,goog_ac_02,Google – App Campaign EU,421.52,108861,1589
2024-04-21,Google Brand Search,goog_brand_01,Google – Brand Search,143.93,9814,1580
2024-04-21,Google Non-Brand Search,goog_search_01,Google – Non-Brand Search NL,531.64,49245,1871
2024-04-21,Meta,fb_prospect_01,FB – Prospecting Lookalike NL,608.95,192471,2293
2024-04-21,Meta,fb_prospect_02,FB – Prospecting Interest EU,613.68,196079,2470
2024-04-21,Referral,referral_mgm_01,Referral – Member Get Member,1443.61,0,0
2024-04-21,TikTok,tiktok_upper_01,TikTok – Brand Awareness NL,492.01,227347,1932
2024-04-21,TikTok,tiktok_upper_02,TikTok – Brand Awareness EU,455.08,212630,1612
2024-04-22,Google App Campaigns,goog_ac_01,Google – App Campaign NL,360.96,101440,1401
2024-04-22,Google App Campaigns,goog_ac_02,Google – App Campaign EU,332.99,92959,1490
2024-04-22,Google Brand Search,goog_brand_01,Google – Brand Search,114.65,7522,1075
2024-04-22,Google Non-Brand Search,goog_search_01,Google – Non-Brand Search NL,529.17,49843,1879
2024-04-22,Meta,fb_prospect_01,FB – Prospecting Lookalike NL,472.23,145215,1734
2024-04-22,Meta,fb_prospect_02,FB – Prospecting Interest EU,524.28,172169,2094
2024-04-22,Referral,referral_mgm_01,Referral – Member Get Member,2358.93,0,0
2024-04-22,TikTok,tiktok_upper_01,TikTok – Brand Awareness NL,429.97,194567,1677
2024-04-22,TikTok,tiktok_upper_02,TikTok – Brand Awareness EU,421.66,196143,1556
2024-04-23,Google App Campaigns,goog_ac_01,Google – App Campaign NL,330.14,83465,1329
2024-04-23,Google App Campaigns,goog_ac_02,Google – App Campaign EU,336.37,95629,1330
2024-04-23,Google Brand Search,goog_brand_01,Google – Brand Search,113.55,8131,1161
2024-04-23,Google Non-Brand Search,goog_search_01,Google – Non-Brand Search NL,493.17,46042,1525
2024-04-23,Meta,fb_prospect_01,FB – Prospecting Lookalike NL,486.59,150724,1970
2024-04-23,Meta,fb_prospect_02,FB – Prospecting Interest EU,512.76,180057,2238
2024-04-23,Referral,referral_mgm_01,Referral – Member Get Member,2674.53,0,0
2024-04-23,TikTok,tiktok_upper_01,TikTok – Brand Awareness NL,393.8,187310,1451
2024-04-23,TikTok,tiktok_upper_02,TikTok – Brand Awareness EU,389.25,167361,1249
2024-04-24,Google App Campaigns,goog_ac_01,Google – App Campaign NL,331.52,88672,1412
2024-04-24,Google App Campaigns,goog_ac_02,Google – App Campaign EU,321.34,84253,1325
2024-04-24,Google Brand Search,goog_brand_01,Google – Brand Search,117.41,7801,1254
2024-04-24,Google Non-Brand Search,goog_search_01,Google – Non-Brand Search NL,458.42,38719,1272
2024-04-24,Meta,fb_prospect_01,FB – Prospecting Lookalike NL,567.23,180395,1949
2024-04-24,Meta,fb_prospect_02,FB – Prospecting Interest EU,533.97,192060,2091
2024-04-24,Referral,referral_mgm_01,Referral – Member Get Member,1857.49,0,0
2024-04-24,TikTok,tiktok_upper_01,TikTok – Brand Awareness NL,377.54,165983,1261
2024-04-24,TikTok,tiktok_upper_02,TikTok – Brand Awareness EU,409.42,189878,1482
2024-04-25,Google App Campaigns,goog_ac_01,Google – App Campaign NL,329.58,87378,1254
2024-04-25,Google App Campaigns,goog_ac_02,Google – App Campaign EU,381.83,108461,1724
2024-04-25,Google Brand Search,goog_brand_01,Google – Brand Search,109.49,7817,1149
2024-04-25,Google Non-Brand Search,goog_search_01,Google – Non-Brand Search NL,446.44,38248,1272
2024-04-25,Meta,fb_prospect_01,FB – Prospecting Lookalike NL,492.98,170368,2148
2024-04-25,Meta,fb_prospect_02,FB – Prospecting Interest EU,474.32,157302,1773
2024-04-25,Referral,referral_mgm_01,Referral – Member Get Member,1726.69,0,0
2024-04-25,TikTok,tiktok_upper_01,TikTok – Brand Awareness NL,397.11,181869,1594
2024-04-25,TikTok,tiktok_upper_02,TikTok – Brand Awareness EU,375.88,164473,1426
2024-04-26,Google App Campaigns,goog_ac_01,Google – App Campaign NL,381.65,107756,1553
2024-04-26,Google App Campaigns,goog_ac_02,Google – App Campaign EU,440.01,122216,1696
2024-04-26,Google Brand Search,goog_brand_01,Google – Brand Search,141.97,10034,1513
2024-04-26,Google Non-Brand Search,goog_search_01,Google – Non-Brand Search NL,605.86,57632,2109
2024-04-26,Meta,fb_prospect_01,FB – Prospecting Lookalike NL,672.78,213887,2780
2024-04-26,Meta,fb_prospect_02,FB – Prospecting Interest EU,683.07,240381,2726
2024-04-26,Referral,referral_mgm_01,Referral – Member Get Member,2003.83,0,0
2024-04-26,TikTok,tiktok_upper_01,TikTok – Brand Awareness NL,430.35,201875,1582
2024-04-26,TikTok,tiktok_upper_02,TikTok – Brand Awareness EU,409.39,172109,1414
2024-04-27,Google App Campaigns,goog_ac_01,Google – App Campaign NL,401.8,111200,1727
2024-04-27,Google App Campaigns,goog_ac_02,Google – App Campaign EU,430.17,108995,1730
2024-04-27,Google Brand Search,goog_brand_01,Google – Brand Search,160.73,10461,1612
2024-04-27,Google Non-Brand Search,goog_search_01,Google – Non-Brand Search NL,630.35,58019,2199
2024-04-27,Meta,fb_prospect_01,FB – Prospecting Lookalike NL,630.43,210320,2564
2024-04-27,Meta,fb_prospect_02,FB – Prospecting Interest EU,614.14,214109,2781
2024-04-27,Referral,referral_mgm_01,Referral – Member Get Member,1929.84,0,0
2024-04-27,TikTok,tiktok_upper_01,TikTok – Brand Awareness NL,487.87,227950,1913
2024-04-27,TikTok,tiktok_upper_02,TikTok – Brand Awareness EU,437.34,182488,1382
2024-04-28,Google App Campaigns,goog_ac_01,Google – App Campaign NL,411.05,111478,1724
2024-04-28,Google App Campaigns,goog_ac_02,Google – App Campaign EU,461.64,113737,1610
2024-04-28,Google Brand Search,goog_brand_01,Google – Brand Search,128.63,8366,1345
2024-04-28,Google Non-Brand Search,goog_search_01,Google – Non-Brand Search NL,596.47,53557,1872
2024-04-28,Meta,fb_prospect_01,FB – Prospecting Lookalike NL,673.51,220292,2896
2024-04-28,Meta,fb_prospect_02,FB – Prospecting Interest EU,687.99,222039,2807
2024-04-28,Referral,referral_mgm_01,Referral – Member Get Member,1919.92,0,0
2024-04-28,TikTok,tiktok_upper_01,TikTok – Brand Awareness NL,457.92,219366,1611
2024-04-28,TikTok,tiktok_upper_02,TikTok – Brand Awareness EU,451.11,212539,1626
2024-04-29,Google App Campaigns,goog_ac_01,Google – App Campaign NL,334.74,85418,1159
2024-04-29,Google App Campaigns,goog_ac_02,Google – App Campaign EU,395.73,109074,1680
2024-04-29,Google Brand Search,goog_brand_01,Google – Brand Search,118.55,8080,1139
2024-04-29,Google Non-Brand Search,goog_search_01,Google – Non-Brand Search NL,500.7,44731,1557
2024-04-29,Meta,fb_prospect_01,FB – Prospecting Lookalike NL,571.19,197892,2557
2024-04-29,Meta,fb_prospect_02,FB – Prospecting Interest EU,489.21,163886,2075
2024-04-29,Referral,referral_mgm_01,Referral – Member Get Member,1683.71,0,0
2024-04-29,TikTok,tiktok_upper_01,TikTok – Brand Awareness NL,340.77,148943,1297
2024-04-29,TikTok,tiktok_upper_02,TikTok – Brand Awareness EU,342.61,158354,1204
2024-04-30,Google App Campaigns,goog_ac_01,Google – App Campaign NL,324.0,80473,1325
2024-04-30,Google App Campaigns,goog_ac_02,Google – App Campaign EU,320.06,80331,1282
2024-04-30,Google Brand Search,goog_brand_01,Google – Brand Search,131.01,8927,1344
2024-04-30,Google Non-Brand Search,goog_search_01,Google – Non-Brand Search NL,482.11,44735,1605
2024-04-30,Meta,fb_prospect_01,FB – Prospecting Lookalike NL,575.76,204875,2375
2024-04-30,Meta,fb_prospect_02,FB – Prospecting Interest EU,483.31,153673,1692
2024-04-30,Referral,referral_mgm_01,Referral – Member Get Member,1740.12,0,0
2024-04-30,TikTok,tiktok_upper_01,TikTok – Brand Awareness NL,419.76,195865,1518
2024-04-30,TikTok,tiktok_upper_02,TikTok – Brand Awareness EU,391.24,163896,1434
2024-05-01,Google App Campaigns,goog_ac_01,Google – App Campaign NL,386.99,96224,1519
2024-05-01,Google App Campaigns,goog_ac_02,Google – App Campaign EU,340.04,86565,1347
2024-05-01,Google Brand Search,goog_brand_01,Google – Brand Search,113.95,7661,1177
2024-05-01,Google Non-Brand Search,goog_search_01,Google – Non-Brand Search NL,519.52,44664,1584
2024-05-01,Meta,fb_prospect_01,FB – Prospecting Lookalike NL,494.85,155806,1774
2024-05-01,Meta,fb_prospect_02,FB – Prospecting Interest EU,568.1,184221,2292
2024-05-01,Referral,referral_mgm_01,Referral – Member Get Member,1665.25,0,0
2024-05-01,TikTok,tiktok_upper_01,TikTok – Brand Awareness NL,403.61,177872,1378
2024-05-01,TikTok,tiktok_upper_02,TikTok – Brand Awareness EU,381.02,160392,1359
2024-05-02,Google App Campaigns,goog_ac_01,Google – App Campaign NL,377.28,96374,1540
2024-05-02,Google App Campaigns,goog_ac_02,Google – App Campaign EU,360.42,100116,1492
2024-05-02,Google Brand Search,goog_brand_01,Google – Brand Search,119.76,8020,1227
2024-05-02,Google Non-Brand Search,goog_search_01,Google – Non-Brand Search NL,472.91,42841,1627
2024-05-02,Meta,fb_prospect_01,FB – Prospecting Lookalike NL,471.33,155772,1834
2024-05-02,Meta,fb_prospect_02,FB – Prospecting Interest EU,472.93,150640,1785
2024-05-02,Referral,referral_mgm_01,Referral – Member Get Member,1864.61,0,0
2024-05-02,TikTok,tiktok_upper_01,TikTok – Brand Awareness NL,394.17,178648,1324
2024-05-02,TikTok,tiktok_upper_02,TikTok – Brand Awareness EU,401.84,183588,1521
2024-05-03,Google App Campaigns,goog_ac_01,Google – App Campaign NL,376.52,99311,1569
2024-05-03,Google App Campaigns,goog_ac_02,Google – App Campaign EU,451.77,111453,1694
2024-05-03,Google Brand Search,goog_brand_01,Google – Brand Search,148.38,9616,1482
2024-05-03,Google Non-Brand Search,goog_search_01,Google – Non-Brand Search NL,520.51,49532,1617
2024-05-03,Meta,fb_prospect_01,FB – Prospecting Lookalike NL,625.21,223814,2658
2024-05-03,Meta,fb_prospect_02,FB – Prospecting Interest EU,581.75,185132,2041
2024-05-03,Referral,referral_mgm_01,Referral – Member Get Member,2068.98,0,0
2024-05-03,TikTok,tiktok_upper_01,TikTok – Brand Awareness NL,487.07,201645,1618
2024-05-03,TikTok,tiktok_upper_02,TikTok – Brand Awareness EU,458.76,217649,1738
2024-05-04,Google App Campaigns,goog_ac_01,Google – App Campaign NL,436.26,125522,2066
2024-05-04,Google App Campaigns,goog_ac_02,Google – App Campaign EU,430.55,117366,1886
2024-05-04,Google Brand Search,goog_brand_01,Google – Brand Search,155.5,10039,1486
2024-05-04,Google Non-Brand Search,goog_search_01,Google – Non-Brand Search NL,626.58,53056,1866
2024-05-04,Meta,fb_prospect_01,FB – Prospecting Lookalike NL,682.88,245793,2786
2024-05-04,Meta,fb_prospect_02,FB – Prospecting Interest EU,597.78,191303,2186
2024-05-04,Referral,referral_mgm_01,Referral – Member Get Member,1838.59,0,0
2024-05-04,TikTok,tiktok_upper_01,TikTok – Brand Awareness NL,451.1,208816,1580
2024-05-04,TikTok,tiktok_upper_02,TikTok – Brand Awareness EU,505.68,224753,1890
2024-05-05,Google App Campaigns,goog_ac_01,Google – App Campaign NL,410.71,106554,1478
2024-05-05,Google App Campaigns,goog_ac_02,Google – App Campaign EU,395.84,111476,1654
2024-05-05,Google Brand Search,goog_brand_01,Google – Brand Search,127.45,8246,1156
2024-05-05,Google Non-Brand Search,goog_search_01,Google – Non-Brand Search NL,530.53,49114,1736
2024-05-05,Meta,fb_prospect_01,FB – Prospecting Lookalike NL,637.15,214448,2575
2024-05-05,Meta,fb_prospect_02,FB – Prospecting Interest EU,650.66,213704,2691
2024-05-05,Referral,referral_mgm_01,Referral – Member Get Member,1760.72,0,0
2024-05-05,TikTok,tiktok_upper_01,TikTok – Brand Awareness NL,514.51,246417,2131
2024-05-05,TikTok,tiktok_upper_02,TikTok – Brand Awareness EU,493.81,211363,1629
2024-05-06,Google App Campaigns,goog_ac_01,Google – App Campaign NL,382.4,108385,1466
2024-05-06,Google App Campaigns,goog_ac_02,Google – App Campaign EU,329.0,93402,1414
2024-05-06,Google Brand Search,goog_brand_01,Google – Brand Search,126.47,8565,1400
2024-05-06,Google Non-Brand Search,goog_search_01,Google – Non-Brand Search NL,433.27,36680,1324
2024-05-06,Meta,fb_prospect_01,FB – Prospecting Lookalike NL,568.95,179193,2195
2024-05-06,Meta,fb_prospect_02,FB – Prospecting Interest EU,518.03,171097,1877
2024-05-06,Referral,referral_mgm_01,Referral – Member Get Member,2249.6,0,0
2024-05-06,TikTok,tiktok_upper_01,TikTok – Brand Awareness NL,398.37,170679,1246
2024-05-06,TikTok,tiktok_upper_02,TikTok – Brand Awareness EU,342.98,154428,1116
2024-05-07,Google App Campaigns,goog_ac_01,Google – App Campaign NL,380.17,106414,1663
2024-05-07,Google App Campaigns,goog_ac_02,Google – App Campaign EU,322.52,85661,1310
2024-05-07,Google Brand Search,goog_brand_01,Google – Brand Search,118.7,7804,1094
2024-05-07,Google Non-Brand Search,goog_search_01,Google – Non-Brand Search NL,444.12,36587,1209
2024-05-07,Meta,fb_prospect_01,FB – Prospecting Lookalike NL,506.38,174502,1892
2024-05-07,Meta,fb_prospect_02,FB – Prospecting Interest EU,517.34,176419,2163
2024-05-07,Referral,referral_mgm_01,Referral – Member Get Member,1755.88,0,0
2024-05-07,TikTok,tiktok_upper_01,TikTok – Brand Awareness NL,383.45,164975,1312
2024-05-07,TikTok,tiktok_upper_02,TikTok – Brand Awareness EU,371.07,157648,1146
2024-05-08,Google App Campaigns,goog_ac_01,Google – App Campaign NL,360.81,89721,1439
2024-05-08,Google App Campaigns,goog_ac_02,Google – App Campaign EU,366.24,99456,1466
2024-05-08,Google Brand Search,goog_brand_01,Google – Brand Search,107.76,7448,1194
2024-05-08,Google Non-Brand Search,goog_search_01,Google – Non-Brand Search NL,481.16,40398,1480
2024-05-08,Meta,fb_prospect_01,FB – Prospecting Lookalike NL,581.94,178835,2258
2024-05-08,Meta,fb_prospect_02,FB – Prospecting Interest EU,584.25,207397,2722
2024-05-08,Referral,referral_mgm_01,Referral – Member Get Member,1872.13,0,0
2024-05-08,TikTok,tiktok_upper_01,TikTok – Brand Awareness NL,413.9,196484,1477
2024-05-08,TikTok,tiktok_upper_02,TikTok – Brand Awareness EU,423.59,173739,1507
2024-05-09,Google App Campaigns,goog_ac_01,Google – App Campaign NL,387.26,101256,1624
2024-05-09,Google App Campaigns,goog_ac_02,Google – App Campaign EU,334.4,90866,1478
2024-05-09,Google Brand Search,goog_brand_01,Google – Brand Search,109.94,6846,1061
2024-05-09,Google Non-Brand Search,goog_search_01,Google – Non-Brand Search NL,445.52,40823,1567
2024-05-09,Meta,fb_prospect_01,FB – Prospecting Lookalike NL,484.03,154103,1835
2024-05-09,Meta,fb_prospect_02,FB – Prospecting Interest EU,580.76,200838,2272
2024-05-09,Referral,referral_mgm_01,Referral – Member Get Member,1991.34,0,0
2024-05-09,TikTok,tiktok_upper_01,TikTok – Brand Awareness NL,381.46,169803,1306
2024-05-09,TikTok,tiktok_upper_02,TikTok – Brand Awareness EU,427.27,196980,1533
2024-05-10,Google App Campaigns,goog_ac_01,Google – App Campaign NL,388.36,109942,1645
2024-05-10,Google App Campaigns,goog_ac_02,Google – App Campaign EU,391.01,98474,1532
2024-05-10,Google Brand Search,goog_brand_01,Google – Brand Search,141.96,9334,1406
2024-05-10,Google Non-Brand Search,goog_search_01,Google – Non-Brand Search NL,505.94,43436,1410
2024-05-10,Meta,fb_prospect_01,FB – Prospecting Lookalike NL,682.27,228153,2924
2024-05-10,Meta,fb_prospect_02,FB – Prospecting Interest EU,621.89,222319,2747
2024-05-10,Referral,referral_mgm_01,Referral – Member Get Member,1820.54,0,0
2024-05-10,TikTok,tiktok_upper_01,TikTok – Brand Awareness NL,443.08,183414,1459
2024-05-10,TikTok,tiktok_upper_02,TikTok – Brand Awareness EU,488.87,209804,1622
2024-05-11,Google App Campaigns,goog_ac_01,Google – App Campaign NL,430.93,116633,1581
2024-05-11,Google App Campaigns,goog_ac_02,Google – App Campaign EU,429.35,111650,1647
2024-05-11,Google Brand Search,goog_brand_01,Google – Brand Search,127.49,8636,1363
2024-05-11,Google Non-Brand Search,goog_search_01,Google – Non-Brand Search NL,513.15,47677,1815
2024-05-11,Meta,fb_prospect_01,FB – Prospecting Lookalike NL,556.48,178022,2117
2024-05-11,Meta,fb_prospect_02,FB – Prospecting Interest EU,613.98,214821,2514
2024-05-11,Referral,referral_mgm_01,Referral – Member Get Member,2292.18,0,0
2024-05-11,TikTok,tiktok_upper_01,TikTok – Brand Awareness NL,436.43,179445,1467
2024-05-11,TikTok,tiktok_upper_02,TikTok – Brand Awareness EU,446.83,203399,1499
2024-05-12,Google App Campaigns,goog_ac_01,Google – App Campaign NL,422.92,118961,1721
2024-05-12,Google App Campaigns,goog_ac_02,Google – App Campaign EU,425.73,122211,1823
2024-05-12,Google Brand Search,goog_brand_01,Google – Brand Search,135.91,9065,1247
2024-05-12,Google Non-Brand Search,goog_search_01,Google – Non-Brand Search NL,517.32,42685,1626
2024-05-12,Meta,fb_prospect_01,FB – Prospecting Lookalike NL,621.67,208780,2328
2024-05-12,Meta,fb_prospect_02,FB – Prospecting Interest EU,605.25,217491,2356
2024-05-12,Referral,referral_mgm_01,Referral – Member Get Member,2044.91,0,0
2024-05-12,TikTok,tiktok_upper_01,TikTok – Brand Awareness NL,437.0,203157,1668
2024-05-12,TikTok,tiktok_upper_02,TikTok – Brand Awareness EU,508.26,243277,1767
2024-05-13,Google App Campaigns,goog_ac_01,Google – App Campaign NL,397.27,100623,1449
2024-05-13,Google App Campaigns,goog_ac_02,Google – App Campaign EU,316.38,82907,1168
2024-05-13,Google Brand Search,goog_brand_01,Google – Brand Search,113.19,7371,1071
2024-05-13,Google Non-Brand Search,goog_search_01,Google – Non-Brand Search NL,493.44,41624,1506
2024-05-13,Meta,fb_prospect_01,FB – Prospecting Lookalike NL,570.3,188526,2162
2024-05-13,Meta,fb_prospect_02,FB – Prospecting Interest EU,569.79,186582,2251
2024-05-13,Referral,referral_mgm_01,Referral – Member Get Member,1589.16,0,0
2024-05-13,TikTok,tiktok_upper_01,TikTok – Brand Awareness NL,376.96,179066,1432
2024-05-13,TikTok,tiktok_upper_02,TikTok – Brand Awareness EU,427.42,182633,1462
2024-05-14,Google App Campaigns,goog_ac_01,Google – App Campaign NL,377.64,94754,1508
2024-05-14,Google App Campaigns,goog_ac_02,Google – App Campaign EU,393.88,106824,1669
2024-05-14,Google Brand Search,goog_brand_01,Google – Brand Search,110.29,7374,1113
2024-05-14,Google Non-Brand Search,goog_search_01,Google – Non-Brand Search NL,497.25,47685,1615
2024-05-14,Meta,fb_prospect_01,FB – Prospecting Lookalike NL,575.41,186974,2036
2024-05-14,Meta,fb_prospect_02,FB – Prospecting Interest EU,524.32,164256,1867
2024-05-14,Referral,referral_mgm_01,Referral – Member Get Member,1901.42,0,0
2024-05-14,TikTok,tiktok_upper_01,TikTok – Brand Awareness NL,403.98,178583,1388
2024-05-14,TikTok,tiktok_upper_02,TikTok – Brand Awareness EU,416.5,187242,1411
2024-05-15,Google App Campaigns,goog_ac_01,Google – App Campaign NL,346.11,90600,1315
2024-05-15,Google App Campaigns,goog_ac_02,Google – App Campaign EU,341.78,85158,1155
2024-05-15,Google Brand Search,goog_brand_01,Google – Brand Search,132.34,8827,1332
2024-05-15,Google Non-Brand Search,goog_search_01,Google – Non-Brand Search NL,439.18,40641,1561
2024-05-15,Meta,fb_prospect_01,FB – Prospecting Lookalike NL,475.64,151956,1740
2024-05-15,Meta,fb_prospect_02,FB – Prospecting Interest EU,466.13,149890,1687
2024-05-15,Referral,referral_mgm_01,Referral – Member Get Member,1695.38,0,0
2024-05-15,TikTok,tiktok_upper_01,TikTok – Brand Awareness NL,354.32,160324,1157
2024-05-15,TikTok,tiktok_upper_02,TikTok – Brand Awareness EU,423.41,181093,1314
2024-05-16,Google App Campaigns,goog_ac_01,Google – App Campaign NL,379.61,94641,1463
2024-05-16,Google App Campaigns,goog_ac_02,Google – App Campaign EU,316.64,88087,1400
2024-05-16,Google Brand Search,goog_brand_01,Google – Brand Search,113.55,7465,1016
2024-05-16,Google Non-Brand Search,goog_search_01,Google – Non-Brand Search NL,484.63,45537,1464
2024-05-16,Meta,fb_prospect_01,FB – Prospecting Lookalike NL,558.63,195338,2254
2024-05-16,Meta,fb_prospect_02,FB – Prospecting Interest EU,579.08,180497,2379
2024-05-16,Referral,referral_mgm_01,Referral – Member Get Member,1326.7,0,0
2024-05-16,TikTok,tiktok_upper_01,TikTok – Brand Awareness NL,366.91,170218,1433
2024-05-16,TikTok,tiktok_upper_02,TikTok – Brand Awareness EU,415.73,196460,1550
2024-05-17,Google App Campaigns,goog_ac_01,Google – App Campaign NL,428.08,107794,1568
2024-05-17,Google App Campaigns,goog_ac_02,Google – App Campaign EU,434.55,114274,1825
2024-05-17,Google Brand Search,goog_brand_01,Google – Brand Search,160.16,11254,1567
2024-05-17,Google Non-Brand Search,goog_search_01,Google – Non-Brand Search NL,534.46,51077,1888
2024-05-17,Meta,fb_prospect_01,FB – Prospecting Lookalike NL,689.53,227120,2631
2024-05-17,Meta,fb_prospect_02,FB – Prospecting Interest EU,630.38,207360,2367
2024-05-17,Referral,referral_mgm_01,Referral – Member Get Member,2402.31,0,0
2024-05-17,TikTok,tiktok_upper_01,TikTok – Brand Awareness NL,455.07,194655,1523
2024-05-17,TikTok,tiktok_upper_02,TikTok – Brand Awareness EU,452.52,213329,1627
2024-05-18,Google App Campaigns,goog_ac_01,Google – App Campaign NL,383.4,102440,1461
2024-05-18,Google App Campaigns,goog_ac_02,Google – App Campaign EU,444.53,111308,1814
2024-05-18,Google Brand Search,goog_brand_01,Google – Brand Search,147.03,10143,1503
2024-05-18,Google Non-Brand Search,goog_search_01,Google – Non-Brand Search NL,621.37,52456,1770
2024-05-18,Meta,fb_prospect_01,FB – Prospecting Lookalike NL,571.82,192553,2412
2024-05-18,Meta,fb_prospect_02,FB – Prospecting Interest EU,563.3,190705,2432
2024-05-18,Referral,referral_mgm_01,Referral – Member Get Member,2218.93,0,0
2024-05-18,TikTok,tiktok_upper_01,TikTok – Brand Awareness NL,463.73,195219,1660
2024-05-18,TikTok,tiktok_upper_02,TikTok – Brand Awareness EU,470.11,201029,1746
2024-05-19,Google App Campaigns,goog_ac_01,Google – App Campaign NL,412.93,109276,1611
2024-05-19,Google App Campaigns,goog_ac_02,Google – App Campaign EU,395.98,112324,1600
2024-05-19,Google Brand Search,goog_brand_01,Google – Brand Search,149.31,9697,1499
2024-05-19,Google Non-Brand Search,goog_search_01,Google – Non-Brand Search NL,595.56,49271,1564
2024-05-19,Meta,fb_prospect_01,FB – Prospecting Lookalike NL,693.86,216030,2391
2024-05-19,Meta,fb_prospect_02,FB – Prospecting Interest EU,694.96,248239,2867
2024-05-19,Referral,referral_mgm_01,Referral – Member Get Member,2215.42,0,0
2024-05-19,TikTok,tiktok_upper_01,TikTok – Brand Awareness NL,422.79,176004,1548
2024-05-19,TikTok,tiktok_upper_02,TikTok – Brand Awareness EU,455.86,214680,1710
2024-05-20,Google App Campaigns,goog_ac_01,Google – App Campaign NL,346.74,87980,1256
2024-05-20,Google App Campaigns,goog_ac_02,Google – App Campaign EU,367.36,96208,1398
2024-05-20,Google Brand Search,goog_brand_01,Google – Brand Search,122.52,8776,1321
2024-05-20,Google Non-Brand Search,goog_search_01,Google – Non-Brand Search NL,476.85,44229,1510
2024-05-20,Meta,fb_prospect_01,FB – Prospecting Lookalike NL,508.41,170477,1961
2024-05-20,Meta,fb_prospect_02,FB – Prospecting Interest EU,469.64,153261,1748
2024-05-20,Referral,referral_mgm_01,Referral – Member Get Member,2094.82,0,0
2024-05-20,TikTok,tiktok_upper_01,TikTok – Brand Awareness NL,346.58,165121,1385
2024-05-20,TikTok,tiktok_upper_02,TikTok – Brand Awareness EU,418.68,175256,1351
2024-05-21,Google App Campaigns,goog_ac_01,Google – App Campaign NL,375.62,106084,1632
2024-05-21,Google App Campaigns,goog_ac_02,Google – App Campaign EU,366.12,101608,1628
2024-05-21,Google Brand Search,goog_brand_01,Google – Brand Search,111.83,7884,1217
2024-05-21,Google Non-Brand Search,goog_search_01,Google – Non-Brand Search NL,514.89,42373,1499
2024-05-21,Meta,fb_prospect_01,FB – Prospecting Lookalike NL,519.76,161964,1967
2024-05-21,Meta,fb_prospect_02,FB – Prospecting Interest EU,477.95,165727,1991
2024-05-21,Referral,referral_mgm_01,Referral – Member Get Member,1608.28,0,0
2024-05-21,TikTok,tiktok_upper_01,TikTok – Brand Awareness NL,421.77,196260,1431
2024-05-21,TikTok,tiktok_upper_02,TikTok – Brand Awareness EU,377.47,173087,1518
2024-05-22,Google App Campaigns,goog_ac_01,Google – App Campaign NL,365.96,94585,1361
2024-05-22,Google App Campaigns,goog_ac_02,Google – App Campaign EU,317.1,87651,1193
2024-05-22,Google Brand Search,goog_brand_01,Google – Brand Search,127.39,8453,1263
2024-05-22,Google Non-Brand Search,goog_search_01,Google – Non-Brand Search NL,416.79,38408,1464
2024-05-22,Meta,fb_prospect_01,FB – Prospecting Lookalike NL,573.89,199382,2248
2024-05-22,Meta,fb_prospect_02,FB – Prospecting Interest EU,498.83,178835,2235
2024-05-22,Referral,referral_mgm_01,Referral – Member Get Member,1824.25,0,0
2024-05-22,TikTok,tiktok_upper_01,TikTok – Brand Awareness NL,376.65,159045,1231
2024-05-22,TikTok,tiktok_upper_02,TikTok – Brand Awareness EU,402.78,170545,1253
2024-05-23,Google App Campaigns,goog_ac_01,Google – App Campaign NL,328.65,91342,1368
2024-05-23,Google App Campaigns,goog_ac_02,Google – App Campaign EU,392.37,96807,1326
2024-05-23,Google Brand Search,goog_brand_01,Google – Brand Search,134.0,8517,1199
2024-05-23,Google Non-Brand Search,goog_search_01,Google – Non-Brand Search NL,462.02,38310,1276
2024-05-23,Meta,fb_prospect_01,FB – Prospecting Lookalike NL,587.37,182593,2140
2024-05-23,Meta,fb_prospect_02,FB – Prospecting Interest EU,484.77,157766,1812
2024-05-23,Referral,referral_mgm_01,Referral – Member Get Member,1805.57,0,0
2024-05-23,TikTok,tiktok_upper_01,TikTok – Brand Awareness NL,378.11,163333,1311
2024-05-23,TikTok,tiktok_upper_02,TikTok – Brand Awareness EU,377.65,170480,1471
2024-05-24,Google App Campaigns,goog_ac_01,Google – App Campaign NL,393.95,97810,1533
2024-05-24,Google App Campaigns,goog_ac_02,Google – App Campaign EU,406.04,112153,1536
2024-05-24,Google Brand Search,goog_brand_01,Google – Brand Search,127.54,7898,1267
2024-05-24,Google Non-Brand Search,goog_search_01,Google – Non-Brand Search NL,616.99,57787,1855
2024-05-24,Meta,fb_prospect_01,FB – Prospecting Lookalike NL,619.17,212656,2738
2024-05-24,Meta,fb_prospect_02,FB – Prospecting Interest EU,610.28,205630,2254
2024-05-24,Referral,referral_mgm_01,Referral – Member Get Member,1846.32,0,0
2024-05-24,TikTok,tiktok_upper_01,TikTok – Brand Awareness NL,468.94,208350,1692
2024-05-24,TikTok,tiktok_upper_02,TikTok – Brand Awareness EU,447.17,209132,1552
2024-05-25,Google App Campaigns,goog_ac_01,Google – App Campaign NL,444.76,122116,1744
2024-05-25,Google App Campaigns,goog_ac_02,Google – App Campaign EU,419.44,109462,1648
2024-05-25,Google Brand Search,goog_brand_01,Google – Brand Search,135.39,8831,1231
2024-05-25,Google Non-Brand Search,goog_search_01,Google – Non-Brand Search NL,562.45,48610,1634
2024-05-25,Meta,fb_prospect_01,FB – Prospecting Lookalike NL,703.95,221514,2833
2024-05-25,Meta,fb_prospect_02,FB – Prospecting Interest EU,562.22,186735,2413
2024-05-25,Referral,referral_mgm_01,Referral – Member Get Member,1356.49,0,0
2024-05-25,TikTok,tiktok_upper_01,TikTok – Brand Awareness NL,431.46,193241,1522
2024-05-25,TikTok,tiktok_upper_02,TikTok – Brand Awareness EU,493.48,218934,1751
2024-05-26,Google App Campaigns,goog_ac_01,Google – App Campaign NL,453.27,112592,1719
2024-05-26,Google App Campaigns,goog_ac_02,Google – App Campaign EU,454.09,118362,1601
2024-05-26,Google Brand Search,goog_brand_01,Google – Brand Search,133.27,8349,1265
2024-05-26,Google Non-Brand Search,goog_search_01,Google – Non-Brand Search NL,580.57,55662,1853
2024-05-26,Meta,fb_prospect_01,FB – Prospecting Lookalike NL,577.17,177264,1934
2024-05-26,Meta,fb_prospect_02,FB – Prospecting Interest EU,669.65,240615,2624
2024-05-26,Referral,referral_mgm_01,Referral – Member Get Member,1389.28,0,0
2024-05-26,TikTok,tiktok_upper_01,TikTok – Brand Awareness NL,501.95,226733,1680
2024-05-26,TikTok,tiktok_upper_02,TikTok – Brand Awareness EU,482.24,226250,1714
2024-05-27,Google App Campaigns,goog_ac_01,Google – App Campaign NL,349.39,93728,1401
2024-05-27,Google App Campaigns,goog_ac_02,Google – App Campaign EU,322.9,82478,1243
2024-05-27,Google Brand Search,goog_brand_01,Google – Brand Search,111.3,7734,1066
2024-05-27,Google Non-Brand Search,goog_search_01,Google – Non-Brand Search NL,423.89,40280,1302
2024-05-27,Meta,fb_prospect_01,FB – Prospecting Lookalike NL,532.04,171597,1988
2024-05-27,Meta,fb_prospect_02,FB – Prospecting Interest EU,579.42,198761,2611
2024-05-27,Referral,referral_mgm_01,Referral – Member Get Member,1737.03,0,0
2024-05-27,TikTok,tiktok_upper_01,TikTok – Brand Awareness NL,392.89,182782,1535
2024-05-27,TikTok,tiktok_upper_02,TikTok – Brand Awareness EU,420.18,195882,1487
2024-05-28,Google App Campaigns,goog_ac_01,Google – App Campaign NL,363.99,99616,1475
2024-05-28,Google App Campaigns,goog_ac_02,Google – App Campaign EU,378.41,108944,1523
2024-05-28,Google Brand Search,goog_brand_01,Google – Brand Search,122.06,7549,1110
2024-05-28,Google Non-Brand Search,goog_search_01,Google – Non-Brand Search NL,439.22,39287,1369
2024-05-28,Meta,fb_prospect_01,FB – Prospecting Lookalike NL,566.35,195378,2384
2024-05-28,Meta,fb_prospect_02,FB – Prospecting Interest EU,502.63,172831,2262
2024-05-28,Referral,referral_mgm_01,Referral – Member Get Member,2163.69,0,0
2024-05-28,TikTok,tiktok_upper_01,TikTok – Brand Awareness NL,420.89,193817,1416
2024-05-28,TikTok,tiktok_upper_02,TikTok – Brand Awareness EU,401.68,182283,1533
2024-05-29,Google App Campaigns,goog_ac_01,Google – App Campaign NL,388.41,106543,1467
2024-05-29,Google App Campaigns,goog_ac_02,Google – App Campaign EU,364.4,92846,1457
2024-05-29,Google Brand Search,goog_brand_01,Google – Brand Search,115.35,7622,1226
2024-05-29,Google Non-Brand Search,goog_search_01,Google – Non-Brand Search NL,510.17,46026,1639
2024-05-29,Meta,fb_prospect_01,FB – Prospecting Lookalike NL,540.72,181321,2221
2024-05-29,Meta,fb_prospect_02,FB – Prospecting Interest EU,474.75,152506,1840
2024-05-29,Referral,referral_mgm_01,Referral – Member Get Member,2024.95,0,0
2024-05-29,TikTok,tiktok_upper_01,TikTok – Brand Awareness NL,391.65,176438,1455
2024-05-29,TikTok,tiktok_upper_02,TikTok – Brand Awareness EU,404.3,183757,1555
2024-05-30,Google App Campaigns,goog_ac_01,Google – App Campaign NL,383.51,100360,1587
2024-05-30,Google App Campaigns,goog_ac_02,Google – App Campaign EU,382.4,95623,1465
2024-05-30,Google Brand Search,goog_brand_01,Google – Brand Search,132.19,9352,1408
2024-05-30,Google Non-Brand Search,goog_search_01,Google – Non-Brand Search NL,525.12,45946,1463
2024-05-30,Meta,fb_prospect_01,FB – Prospecting Lookalike NL,509.05,181741,2182
2024-05-30,Meta,fb_prospect_02,FB – Prospecting Interest EU,491.59,153526,1782
2024-05-30,Referral,referral_mgm_01,Referral – Member Get Member,1812.38,0,0
2024-05-30,TikTok,tiktok_upper_01,TikTok – Brand Awareness NL,404.58,180381,1404
2024-05-30,TikTok,tiktok_upper_02,TikTok – Brand Awareness EU,342.56,143551,1077
2024-05-31,Google App Campaigns,goog_ac_01,Google – App Campaign NL,431.13,117585,1749
2024-05-31,Google App Campaigns,goog_ac_02,Google – App Campaign EU,419.56,105069,1448
2024-05-31,Google Brand Search,goog_brand_01,Google – Brand Search,134.55,9039,1277
2024-05-31,Google Non-Brand Search,goog_search_01,Google – Non-Brand Search NL,531.19,49759,1617
2024-05-31,Meta,fb_prospect_01,FB – Prospecting Lookalike NL,698.12,244961,2808
2024-05-31,Meta,fb_prospect_02,FB – Prospecting Interest EU,562.46,200695,2618
2024-05-31,Referral,referral_mgm_01,Referral – Member Get Member,2218.65,0,0
2024-05-31,TikTok,tiktok_upper_01,TikTok – Brand Awareness NL,466.58,197803,1683
2024-05-31,TikTok,tiktok_upper_02,TikTok – Brand Awareness EU,460.65,189464,1570
2024-06-01,Google App Campaigns,goog_ac_01,Google – App Campaign NL,447.36,110066,1801
2024-06-01,Google App Campaigns,goog_ac_02,Google – App Campaign EU,436.59,121666,1779
2024-06-01,Google Brand Search,goog_brand_01,Google – Brand Search,141.82,9211,1311
2024-06-01,Google Non-Brand Search,goog_search_01,Google – Non-Brand Search NL,501.18,44618,1563
2024-06-01,Meta,fb_prospect_01,FB – Prospecting Lookalike NL,692.51,245701,3142
2024-06-01,Meta,fb_prospect_02,FB – Prospecting Interest EU,649.85,220780,2722
2024-06-01,Referral,referral_mgm_01,Referral – Member Get Member,1994.1,0,0
2024-06-01,TikTok,tiktok_upper_01,TikTok – Brand Awareness NL,423.55,190151,1480
2024-06-01,TikTok,tiktok_upper_02,TikTok – Brand Awareness EU,474.75,224916,1673
2024-06-02,Google App Campaigns,goog_ac_01,Google – App Campaign NL,379.03,97231,1447
2024-06-02,Google App Campaigns,goog_ac_02,Google – App Campaign EU,379.65,103146,1602
2024-06-02,Google Brand Search,goog_brand_01,Google – Brand Search,140.41,8672,1195
2024-06-02,Google Non-Brand Search,goog_search_01,Google – Non-Brand Search NL,601.21,53581,1913
2024-06-02,Meta,fb_prospect_01,FB – Prospecting Lookalike NL,636.55,212158,2618
2024-06-02,Meta,fb_prospect_02,FB – Prospecting Interest EU,698.04,224683,2799
2024-06-02,Referral,referral_mgm_01,Referral – Member Get Member,1805.45,0,0
2024-06-02,TikTok,tiktok_upper_01,TikTok – Brand Awareness NL,463.85,202041,1767
2024-06-02,TikTok,tiktok_upper_02,TikTok – Brand Awareness EU,424.63,183278,1405
2024-06-03,Google App Campaigns,goog_ac_01,Google – App Campaign NL,315.95,88785,1218
2024-06-03,Google App Campaigns,goog_ac_02,Google – App Campaign EU,330.37,81105,1202
2024-06-03,Google Brand Search,goog_brand_01,Google – Brand Search,117.19,8146,1317
2024-06-03,Google Non-Brand Search,goog_search_01,Google – Non-Brand Search NL,454.2,38215,1323
2024-06-03,Meta,fb_prospect_01,FB – Prospecting Lookalike NL,530.7,180294,2248
2024-06-03,Meta,fb_prospect_02,FB – Prospecting Interest EU,570.23,178589,2325
2024-06-03,Referral,referral_mgm_01,Referral – Member Get Member,2385.36,0,0
2024-06-03,TikTok,tiktok_upper_01,TikTok – Brand Awareness NL,398.28,191048,1380
2024-06-03,TikTok,tiktok_upper_02,TikTok – Brand Awareness EU,389.31,179974,1533
2024-06-04,Google App Campaigns,goog_ac_01,Google – App Campaign NL,316.42,79573,1220
2024-06-04,Google App Campaigns,goog_ac_02,Google – App Campaign EU,333.62,91328,1328
2024-06-04,Google Brand Search,goog_brand_01,Google – Brand Search,127.86,8211,1229
2024-06-04,Google Non-Brand Search,goog_search_01,Google – Non-Brand Search NL,516.89,48291,1687
2024-06-04,Meta,fb_prospect_01,FB – Prospecting Lookalike NL,580.76,207544,2445
2024-06-04,Meta,fb_prospect_02,FB – Prospecting Interest EU,546.09,180770,2278
2024-06-04,Referral,referral_mgm_01,Referral – Member Get Member,2302.52,0,0
2024-06-04,TikTok,tiktok_upper_01,TikTok – Brand Awareness NL,398.06,166283,1275
2024-06-04,TikTok,tiktok_upper_02,TikTok – Brand Awareness EU,422.09,175250,1375
2024-06-05,Google App Campaigns,goog_ac_01,Google – App Campaign NL,338.41,86506,1188
2024-06-05,Google App Campaigns,goog_ac_02,Google – App Campaign EU,356.21,100882,1552
2024-06-05,Google Brand Search,goog_brand_01,Google – Brand Search,111.63,7825,1102
2024-06-05,Google Non-Brand Search,goog_search_01,Google – Non-Brand Search NL,475.38,41773,1451
2024-06-05,Meta,fb_prospect_01,FB – Prospecting Lookalike NL,490.77,174892,2127
2024-06-05,Meta,fb_prospect_02,FB – Prospecting Interest EU,515.23,173402,2014
2024-06-05,Referral,referral_mgm_01,Referral – Member Get Member,2005.82,0,0
2024-06-05,TikTok,tiktok_upper_01,TikTok – Brand Awareness NL,356.12,167414,1425
2024-06-05,TikTok,tiktok_upper_02,TikTok – Brand Awareness EU,421.06,198439,1732
2024-06-06,Google App Campaigns,goog_ac_01,Google – App Campaign NL,383.36,106229,1577
2024-06-06,Google App Campaigns,goog_ac_02,Google – App Campaign EU,393.03,103037,1565
2024-06-06,Google Brand Search,goog_brand_01,Google – Brand Search,117.02,7668,1091
2024-06-06,Google Non-Brand Search,goog_search_01,Google – Non-Brand Search NL,428.27,36397,1359
2024-06-06,Meta,fb_prospect_01,FB – Prospecting Lookalike NL,553.91,193461,2397
2024-06-06,Meta,fb_prospect_02,FB – Prospecting Interest EU,568.64,204500,2414
2024-06-06,Referral,referral_mgm_01,Referral – Member Get Member,2098.69,0,0
2024-06-06,TikTok,tiktok_upper_01,TikTok – Brand Awareness NL,403.96,187005,1518
2024-06-06,TikTok,tiktok_upper_02,TikTok – Brand Awareness EU,417.45,179330,1543
2024-06-07,Google App Campaigns,goog_ac_01,Google – App Campaign NL,424.94,119079,1873
2024-06-07,Google App Campaigns,goog_ac_02,Google – App Campaign EU,411.51,115013,1847
2024-06-07,Google Brand Search,goog_brand_01,Google – Brand Search,152.27,9726,1507
2024-06-07,Google Non-Brand Search,goog_search_01,Google – Non-Brand Search NL,520.4,46868,1569
2024-06-07,Meta,fb_prospect_01,FB – Prospecting Lookalike NL,647.28,213939,2514
2024-06-07,Meta,fb_prospect_02,FB – Prospecting Interest EU,625.75,211319,2535
2024-06-07,Referral,referral_mgm_01,Referral – Member Get Member,2340.17,0,0
2024-06-07,TikTok,tiktok_upper_01,TikTok – Brand Awareness NL,459.87,214386,1850
2024-06-07,TikTok,tiktok_upper_02,TikTok – Brand Awareness EU,413.26,185869,1476
2024-06-08,Google App Campaigns,goog_ac_01,Google – App Campaign NL,447.18,119872,1757
2024-06-08,Google App Campaigns,goog_ac_02,Google – App Campaign EU,459.86,126740,1888
2024-06-08,Google Brand Search,goog_brand_01,Google – Brand Search,148.94,10678,1520
2024-06-08,Google Non-Brand Search,goog_search_01,Google – Non-Brand Search NL,621.07,52820,1726
2024-06-08,Meta,fb_prospect_01,FB – Prospecting Lookalike NL,686.68,216656,2765
2024-06-08,Meta,fb_prospect_02,FB – Prospecting Interest EU,559.26,183237,2360
2024-06-08,Referral,referral_mgm_01,Referral – Member Get Member,1461.62,0,0
2024-06-08,TikTok,tiktok_upper_01,TikTok – Brand Awareness NL,433.72,193107,1682
2024-06-08,TikTok,tiktok_upper_02,TikTok – Brand Awareness EU,447.67,210925,1851
2024-06-09,Google App Campaigns,goog_ac_01,Google – App Campaign NL,393.71,109034,1728
2024-06-09,Google App Campaigns,goog_ac_02,Google – App Campaign EU,390.5,102357,1655
2024-06-09,Google Brand Search,goog_brand_01,Google – Brand Search,138.27,8881,1321
2024-06-09,Google Non-Brand Search,goog_search_01,Google – Non-Brand Search NL,499.86,43001,1521
2024-06-09,Meta,fb_prospect_01,FB – Prospecting Lookalike NL,556.24,187088,2250
2024-06-09,Meta,fb_prospect_02,FB – Prospecting Interest EU,676.49,220274,2595
2024-06-09,Referral,referral_mgm_01,Referral – Member Get Member,1910.38,0,0
2024-06-09,TikTok,tiktok_upper_01,TikTok – Brand Awareness NL,433.12,181393,1555
2024-06-09,TikTok,tiktok_upper_02,TikTok – Brand Awareness EU,430.54,191448,1681
2024-06-10,Google App Campaigns,goog_ac_01,Google – App Campaign NL,356.25,87900,1245
2024-06-10,Google App Campaigns,goog_ac_02,Google – App Campaign EU,375.67,105585,1450
2024-06-10,Google Brand Search,goog_brand_01,Google – Brand Search,125.71,8613,1297
2024-06-10,Google Non-Brand Search,goog_search_01,Google – Non-Brand Search NL,516.37,48083,1806
2024-06-10,Meta,fb_prospect_01,FB – Prospecting Lookalike NL,484.05,168186,1961
2024-06-10,Meta,fb_prospect_02,FB – Prospecting Interest EU,560.63,178093,2003
2024-06-10,Referral,referral_mgm_01,Referral – Member Get Member,1788.31,0,0
2024-06-10,TikTok,tiktok_upper_01,TikTok – Brand Awareness NL,354.65,158369,1318
2024-06-10,TikTok,tiktok_upper_02,TikTok – Brand Awareness EU,390.94,162439,1388
2024-06-11,Google App Campaigns,goog_ac_01,Google – App Campaign NL,389.65,96406,1519
2024-06-11,Google App Campaigns,goog_ac_02,Google – App Campaign EU,344.07,93933,1411
2024-06-11,Google Brand Search,goog_brand_01,Google – Brand Search,108.58,7397,1076
2024-06-11,Google Non-Brand Search,goog_search_01,Google – Non-Brand Search NL,445.73,37307,1205
2024-06-11,Meta,fb_prospect_01,FB – Prospecting Lookalike NL,518.1,177545,2275
2024-06-11,Meta,fb_prospect_02,FB – Prospecting Interest EU,586.87,185036,2352
2024-06-11,Referral,referral_mgm_01,Referral – Member Get Member,1666.45,0,0
2024-06-11,TikTok,tiktok_upper_01,TikTok – Brand Awareness NL,398.08,188788,1389
2024-06-11,TikTok,tiktok_upper_02,TikTok – Brand Awareness EU,367.02,151961,1323
2024-06-12,Google App Campaigns,goog_ac_01,Google – App Campaign NL,367.35,95660,1485
2024-06-12,Google App Campaigns,goog_ac_02,Google – App Campaign EU,379.64,109307,1636
2024-06-12,Google Brand Search,goog_brand_01,Google – Brand Search,112.65,7304,1145
2024-06-12,Google Non-Brand Search,goog_search_01,Google – Non-Brand Search NL,423.2,38193,1234
2024-06-12,Meta,fb_prospect_01,FB – Prospecting Lookalike NL,567.32,176251,2216
2024-06-12,Meta,fb_prospect_02,FB – Prospecting Interest EU,586.54,206355,2515
2024-06-12,Referral,referral_mgm_01,Referral – Member Get Member,1594.92,0,0
2024-06-12,TikTok,tiktok_upper_01,TikTok – Brand Awareness NL,357.88,163940,1359
2024-06-12,TikTok,tiktok_upper_02,TikTok – Brand Awareness EU,387.61,184259,1440
2024-06-13,Google App Campaigns,goog_ac_01,Google – App Campaign NL,338.34,92809,1267
2024-06-13,Google App Campaigns,goog_ac_02,Google – App Campaign EU,395.5,113578,1784
2024-06-13,Google Brand Search,goog_brand_01,Google – Brand Search,126.81,8077,1199
2024-06-13,Google Non-Brand Search,goog_search_01,Google – Non-Brand Search NL,469.05,39825,1480
2024-06-13,Meta,fb_prospect_01,FB – Prospecting Lookalike NL,465.56,156642,1797
2024-06-13,Meta,fb_prospect_02,FB – Prospecting Interest EU,537.19,177189,2305
2024-06-13,Referral,referral_mgm_01,Referral – Member Get Member,1340.28,0,0
2024-06-13,TikTok,tiktok_upper_01,TikTok – Brand Awareness NL,354.86,149280,1085
2024-06-13,TikTok,tiktok_upper_02,TikTok – Brand Awareness EU,418.4,191712,1391
2024-06-14,Google App Campaigns,goog_ac_01,Google – App Campaign NL,397.97,107616,1527
2024-06-14,Google App Campaigns,goog_ac_02,Google – App Campaign EU,383.06,106521,1557
2024-06-14,Google Brand Search,goog_brand_01,Google – Brand Search,137.81,9566,1560
2024-06-14,Google Non-Brand Search,goog_search_01,Google – Non-Brand Search NL,551.29,48464,1802
2024-06-14,Meta,fb_prospect_01,FB – Prospecting Lookalike NL,610.6,188737,2393
2024-06-14,Meta,fb_prospect_02,FB – Prospecting Interest EU,619.87,204581,2329
2024-06-14,Referral,referral_mgm_01,Referral – Member Get Member,1520.89,0,0
2024-06-14,TikTok,tiktok_upper_01,TikTok – Brand Awareness NL,456.69,213573,1770
2024-06-14,TikTok,tiktok_upper_02,TikTok – Brand Awareness EU,476.63,216913,1655
2024-06-15,Google App Campaigns,goog_ac_01,Google – App Campaign NL,472.02,116531,1789
2024-06-15,Google App Campaigns,goog_ac_02,Google – App Campaign EU,423.46,104254,1484
2024-06-15,Google Brand Search,goog_brand_01,Google – Brand Search,140.59,9415,1271
2024-06-15,Google Non-Brand Search,goog_search_01,Google – Non-Brand Search NL,515.63,43756,1461
2024-06-15,Meta,fb_prospect_01,FB – Prospecting Lookalike NL,602.44,188097,2218
2024-06-15,Meta,fb_prospect_02,FB – Prospecting Interest EU,573.13,188305,2284
2024-06-15,Referral,referral_mgm_01,Referral – Member Get Member,1582.36,0,0
2024-06-15,TikTok,tiktok_upper_01,TikTok – Brand Awareness NL,478.59,210380,1766
2024-06-15,TikTok,tiktok_upper_02,TikTok – Brand Awareness EU,456.14,199952,1607
2024-06-16,Google App Campaigns,goog_ac_01,Google – App Campaign NL,439.88,119370,1964
2024-06-16,Google App Campaigns,goog_ac_02,Google – App Campaign EU,385.54,110615,1560
2024-06-16,Google Brand Search,goog_brand_01,Google – Brand Search,158.9,9998,1648
2024-06-16,Google Non-Brand Search,goog_search_01,Google – Non-Brand Search NL,584.37,51279,1752
2024-06-16,Meta,fb_prospect_01,FB – Prospecting Lookalike NL,558.06,199155,2201
2024-06-16,Meta,fb_prospect_02,FB – Prospecting Interest EU,573.58,180380,2372
2024-06-16,Referral,referral_mgm_01,Referral – Member Get Member,1750.49,0,0
2024-06-16,TikTok,tiktok_upper_01,TikTok – Brand Awareness NL,423.41,175944,1420
2024-06-16,TikTok,tiktok_upper_02,TikTok – Brand Awareness EU,441.9,197919,1494
2024-06-17,Google App Campaigns,goog_ac_01,Google – App Campaign NL,334.61,94288,1282
2024-06-17,Google App Campaigns,goog_ac_02,Google – App Campaign EU,374.37,107808,1457
2024-06-17,Google Brand Search,goog_brand_01,Google – Brand Search,122.59,8412,1283
2024-06-17,Google Non-Brand Search,goog_search_01,Google – Non-Brand Search NL,434.52,39699,1266
2024-06-17,Meta,fb_prospect_01,FB – Prospecting Lookalike NL,550.75,173278,2092
2024-06-17,Meta,fb_prospect_02,FB – Prospecting Interest EU,546.86,181009,2022
2024-06-17,Referral,referral_mgm_01,Referral – Member Get Member,1876.17,0,0
2024-06-17,TikTok,tiktok_upper_01,TikTok – Brand Awareness NL,372.86,169659,1483
2024-06-17,TikTok,tiktok_upper_02,TikTok – Brand Awareness EU,343.23,162867,1319
2024-06-18,Google App Campaigns,goog_ac_01,Google – App Campaign NL,398.14,101455,1616
2024-06-18,Google App Campaigns,goog_ac_02,Google – App Campaign EU,328.15,84476,1246
2024-06-18,Google Brand Search,goog_brand_01,Google – Brand Search,130.81,8236,1303
2024-06-18,Google Non-Brand Search,goog_search_01,Google – Non-Brand Search NL,453.07,42194,1611
2024-06-18,Meta,fb_prospect_01,FB – Prospecting Lookalike NL,546.02,181184,2096
2024-06-18,Meta,fb_prospect_02,FB – Prospecting Interest EU,472.82,151166,1635
2024-06-18,Referral,referral_mgm_01,Referral – Member Get Member,1850.69,0,0
2024-06-18,TikTok,tiktok_upper_01,TikTok – Brand Awareness NL,371.58,170358,1387
2024-06-18,TikTok,tiktok_upper_02,TikTok – Brand Awareness EU,357.06,160296,1379
2024-06-19,Google App Campaigns,goog_ac_01,Google – App Campaign NL,335.72,90140,1303
2024-06-19,Google App Campaigns,goog_ac_02,Google – App Campaign EU,337.97,91189,1280
2024-06-19,Google Brand Search,goog_brand_01,Google – Brand Search,132.4,8834,1409
2024-06-19,Google Non-Brand Search,goog_search_01,Google – Non-Brand Search NL,469.5,42740,1383
2024-06-19,Meta,fb_prospect_01,FB – Prospecting Lookalike NL,493.24,175304,2228
2024-06-19,Meta,fb_prospect_02,FB – Prospecting Interest EU,584.19,182291,2227
2024-06-19,Referral,referral_mgm_01,Referral – Member Get Member,1813.86,0,0
2024-06-19,TikTok,tiktok_upper_01,TikTok – Brand Awareness NL,351.55,166578,1336
2024-06-19,TikTok,tiktok_upper_02,TikTok – Brand Awareness EU,368.92,154966,1118
2024-06-20,Google App Campaigns,goog_ac_01,Google – App Campaign NL,327.44,88859,1409
2024-06-20,Google App Campaigns,goog_ac_02,Google – App Campaign EU,384.04,99289,1503
2024-06-20,Google Brand Search,goog_brand_01,Google – Brand Search,111.65,8013,1104
2024-06-20,Google Non-Brand Search,goog_search_01,Google – Non-Brand Search NL,480.15,42494,1533
2024-06-20,Meta,fb_prospect_01,FB – Prospecting Lookalike NL,474.54,160869,1762
2024-06-20,Meta,fb_prospect_02,FB – Prospecting Interest EU,492.4,152596,1848
2024-06-20,Referral,referral_mgm_01,Referral – Member Get Member,1650.58,0,0
2024-06-20,TikTok,tiktok_upper_01,TikTok – Brand Awareness NL,398.18,182914,1526
2024-06-20,TikTok,tiktok_upper_02,TikTok – Brand Awareness EU,418.57,189412,1447
2024-06-21,Google App Campaigns,goog_ac_01,Google – App Campaign NL,454.71,125101,1792
2024-06-21,Google App Campaigns,goog_ac_02,Google – App Campaign EU,449.25,128390,1767
2024-06-21,Google Brand Search,goog_brand_01,Google – Brand Search,152.38,10116,1538
2024-06-21,Google Non-Brand Search,goog_search_01,Google – Non-Brand Search NL,543.92,46295,1585
2024-06-21,Meta,fb_prospect_01,FB – Prospecting Lookalike NL,643.61,201174,2210
2024-06-21,Meta,fb_prospect_02,FB – Prospecting Interest EU,667.93,215266,2784
2024-06-21,Referral,referral_mgm_01,Referral – Member Get Member,1662.54,0,0
2024-06-21,TikTok,tiktok_upper_01,TikTok – Brand Awareness NL,497.21,224308,1702
2024-06-21,TikTok,tiktok_upper_02,TikTok – Brand Awareness EU,487.97,202456,1707
2024-06-22,Google App Campaigns,goog_ac_01,Google – App Campaign NL,439.89,108013,1517
2024-06-22,Google App Campaigns,goog_ac_02,Google – App Campaign EU,441.72,115525,1878
2024-06-22,Google Brand Search,goog_brand_01,Google – Brand Search,160.43,10628,1639
2024-06-22,Google Non-Brand Search,goog_search_01,Google – Non-Brand Search NL,603.66,53206,1954
2024-06-22,Meta,fb_prospect_01,FB – Prospecting Lookalike NL,673.83,208957,2383
2024-06-22,Meta,fb_prospect_02,FB – Prospecting Interest EU,589.19,211647,2643
2024-06-22,Referral,referral_mgm_01,Referral – Member Get Member,1548.46,0,0
2024-06-22,TikTok,tiktok_upper_01,TikTok – Brand Awareness NL,440.25,184436,1406
2024-06-22,TikTok,tiktok_upper_02,TikTok – Brand Awareness EU,500.58,226125,1764
2024-06-23,Google App Campaigns,goog_ac_01,Google – App Campaign NL,437.84,115671,1646
2024-06-23,Google App Campaigns,goog_ac_02,Google – App Campaign EU,467.1,122047,1810
2024-06-23,Google Brand Search,goog_brand_01,Google – Brand Search,142.22,8747,1433
2024-06-23,Google Non-Brand Search,goog_search_01,Google – Non-Brand Search NL,555.3,46848,1714
2024-06-23,Meta,fb_prospect_01,FB – Prospecting Lookalike NL,647.33,215621,2647
2024-06-23,Meta,fb_prospect_02,FB – Prospecting Interest EU,577.33,183685,2102
2024-06-23,Referral,referral_mgm_01,Referral – Member Get Member,1745.42,0,0
2024-06-23,TikTok,tiktok_upper_01,TikTok – Brand Awareness NL,507.1,216314,1863
2024-06-23,TikTok,tiktok_upper_02,TikTok – Brand Awareness EU,416.29,189411,1600
2024-06-24,Google App Campaigns,goog_ac_01,Google – App Campaign NL,378.83,98051,1383
2024-06-24,Google App Campaigns,goog_ac_02,Google – App Campaign EU,352.53,94712,1539
2024-06-24,Google Brand Search,goog_brand_01,Google – Brand Search,133.38,8842,1205
2024-06-24,Google Non-Brand Search,goog_search_01,Google – Non-Brand Search NL,515.55,48876,1829
2024-06-24,Meta,fb_prospect_01,FB – Prospecting Lookalike NL,538.71,172884,1958
2024-06-24,Meta,fb_prospect_02,FB – Prospecting Interest EU,476.35,162830,2062
2024-06-24,Referral,referral_mgm_01,Referral – Member Get Member,2118.35,0,0
2024-06-24,TikTok,tiktok_upper_01,TikTok – Brand Awareness NL,413.1,190167,1633
2024-06-24,TikTok,tiktok_upper_02,TikTok – Brand Awareness EU,421.49,182457,1491
2024-06-25,Google App Campaigns,goog_ac_01,Google – App Campaign NL,329.69,94074,1355
2024-06-25,Google App Campaigns,goog_ac_02,Google – App Campaign EU,335.55,92503,1430
2024-06-25,Google Brand Search,goog_brand_01,Google – Brand Search,124.99,8026,1148
2024-06-25,Google Non-Brand Search,goog_search_01,Google – Non-Brand Search NL,467.47,42432,1383
2024-06-25,Meta,fb_prospect_01,FB – Prospecting Lookalike NL,582.88,202401,2496
2024-06-25,Meta,fb_prospect_02,FB – Prospecting Interest EU,547.18,177474,2191
2024-06-25,Referral,referral_mgm_01,Referral – Member Get Member,1588.91,0,0
2024-06-25,TikTok,tiktok_upper_01,TikTok – Brand Awareness NL,345.62,150911,1148
2024-06-25,TikTok,tiktok_upper_02,TikTok – Brand Awareness EU,353.58,168541,1265
2024-06-26,Google App Campaigns,goog_ac_01,Google – App Campaign NL,322.13,79619,1246
2024-06-26,Google App Campaigns,goog_ac_02,Google – App Campaign EU,378.83,106565,1456
2024-06-26,Google Brand Search,goog_brand_01,Google – Brand Search,110.58,7957,1088
2024-06-26,Google Non-Brand Search,goog_search_01,Google – Non-Brand Search NL,504.43,43952,1477
2024-06-26,Meta,fb_prospect_01,FB – Prospecting Lookalike NL,530.26,166257,2070
2024-06-26,Meta,fb_prospect_02,FB – Prospecting Interest EU,580.94,191377,2480
2024-06-26,Referral,referral_mgm_01,Referral – Member Get Member,1616.61,0,0
2024-06-26,TikTok,tiktok_upper_01,TikTok – Brand Awareness NL,352.87,152624,1178
2024-06-26,TikTok,tiktok_upper_02,TikTok – Brand Awareness EU,379.78,160430,1204
2024-06-27,Google App Campaigns,goog_ac_01,Google – App Campaign NL,319.73,79216,1286
2024-06-27,Google App Campaigns,goog_ac_02,Google – App Campaign EU,340.42,97782,1602
2024-06-27,Google Brand Search,goog_brand_01,Google – Brand Search,125.49,7825,1099
2024-06-27,Google Non-Brand Search,goog_search_01,Google – Non-Brand Search NL,432.42,39758,1419
2024-06-27,Meta,fb_prospect_01,FB – Prospecting Lookalike NL,462.1,156461,1822
2024-06-27,Meta,fb_prospect_02,FB – Prospecting Interest EU,477.6,151205,1752
2024-06-27,Referral,referral_mgm_01,Referral – Member Get Member,1497.78,0,0
2024-06-27,TikTok,tiktok_upper_01,TikTok – Brand Awareness NL,414.14,188170,1575
2024-06-27,TikTok,tiktok_upper_02,TikTok – Brand Awareness EU,403.51,189621,1420
2024-06-28,Google App Campaigns,goog_ac_01,Google – App Campaign NL,472.67,121151,1813
2024-06-28,Google App Campaigns,goog_ac_02,Google – App Campaign EU,394.31,97707,1342
2024-06-28,Google Brand Search,goog_brand_01,Google – Brand Search,136.68,8667,1176
2024-06-28,Google Non-Brand Search,goog_search_01,Google – Non-Brand Search NL,598.52,56300,1829
2024-06-28,Meta,fb_prospect_01,FB – Prospecting Lookalike NL,656.92,202862,2612
2024-06-28,Meta,fb_prospect_02,FB – Prospecting Interest EU,609.54,187066,2247
2024-06-28,Referral,referral_mgm_01,Referral – Member Get Member,1885.76,0,0
2024-06-28,TikTok,tiktok_upper_01,TikTok – Brand Awareness NL,413.98,187056,1641
2024-06-28,TikTok,tiktok_upper_02,TikTok – Brand Awareness EU,479.82,220444,1933
2024-06-29,Google App Campaigns,goog_ac_01,Google – App Campaign NL,471.77,124128,1676
2024-06-29,Google App Campaigns,goog_ac_02,Google – App Campaign EU,382.89,95724,1318
2024-06-29,Google Brand Search,goog_brand_01,Google – Brand Search,147.12,9253,1455
2024-06-29,Google Non-Brand Search,goog_search_01,Google – Non-Brand Search NL,547.4,50223,1859
2024-06-29,Meta,fb_prospect_01,FB – Prospecting Lookalike NL,577.73,205880,2599
2024-06-29,Meta,fb_prospect_02,FB – Prospecting Interest EU,693.92,246726,3048
2024-06-29,Referral,referral_mgm_01,Referral – Member Get Member,2074.41,0,0
2024-06-29,TikTok,tiktok_upper_01,TikTok – Brand Awareness NL,466.71,214061,1762
2024-06-29,TikTok,tiktok_upper_02,TikTok – Brand Awareness EU,448.42,201051,1477
2024-06-30,Google App Campaigns,goog_ac_01,Google – App Campaign NL,443.01,117824,1745
2024-06-30,Google App Campaigns,goog_ac_02,Google – App Campaign EU,387.98,103764,1431
2024-06-30,Google Brand Search,goog_brand_01,Google – Brand Search,136.56,8893,1285
2024-06-30,Google Non-Brand Search,goog_search_01,Google – Non-Brand Search NL,521.86,43659,1666
2024-06-30,Meta,fb_prospect_01,FB – Prospecting Lookalike NL,669.3,230080,2560
2024-06-30,Meta,fb_prospect_02,FB – Prospecting Interest EU,676.54,231905,2612
2024-06-30,Referral,referral_mgm_01,Referral – Member Get Member,1801.29,0,0
2024-06-30,TikTok,tiktok_upper_01,TikTok – Brand Awareness NL,444.74,182259,1394
2024-06-30,TikTok,tiktok_upper_02,TikTok – Brand Awareness EU,442.07,189378,1609
2024-07-01,Google App Campaigns,goog_ac_01,Google – App Campaign NL,336.9,89680,1220
2024-07-01,Google App Campaigns,goog_ac_02,Google – App Campaign EU,382.51,95497,1377
2024-07-01,Google Brand Search,goog_brand_01,Google – Brand Search,125.65,7802,1164
2024-07-01,Google Non-Brand Search,goog_search_01,Google – Non-Brand Search NL,480.41,39580,1268
2024-07-01,Meta,fb_prospect_01,FB – Prospecting Lookalike NL,505.54,176653,2279
2024-07-01,Meta,fb_prospect_02,FB – Prospecting Interest EU,521.54,186957,2266
2024-07-01,Referral,referral_mgm_01,Referral – Member Get Member,2429.25,0,0
2024-07-01,TikTok,tiktok_upper_01,TikTok – Brand Awareness NL,420.7,188860,1636
2024-07-01,TikTok,tiktok_upper_02,TikTok – Brand Awareness EU,365.56,152458,1232
2024-07-02,Google App Campaigns,goog_ac_01,Google – App Campaign NL,355.09,95195,1376
2024-07-02,Google App Campaigns,goog_ac_02,Google – App Campaign EU,322.73,88328,1200
2024-07-02,Google Brand Search,goog_brand_01,Google – Brand Search,124.0,8435,1245
2024-07-02,Google Non-Brand Search,goog_search_01,Google – Non-Brand Search NL,447.53,37197,1220
2024-07-02,Meta,fb_prospect_01,FB – Prospecting Lookalike NL,582.92,197252,2434
2024-07-02,Meta,fb_prospect_02,FB – Prospecting Interest EU,551.45,189819,2422
2024-07-02,Referral,referral_mgm_01,Referral – Member Get Member,2021.08,0,0
2024-07-02,TikTok,tiktok_upper_01,TikTok – Brand Awareness NL,369.13,156919,1176
2024-07-02,TikTok,tiktok_upper_02,TikTok – Brand Awareness EU,408.28,194566,1444
2024-07-03,Google App Campaigns,goog_ac_01,Google – App Campaign NL,394.36,102119,1456
2024-07-03,Google App Campaigns,goog_ac_02,Google – App Campaign EU,399.23,110186,1502
2024-07-03,Google Brand Search,goog_brand_01,Google – Brand Search,107.66,7674,1251
2024-07-03,Google Non-Brand Search,goog_search_01,Google – Non-Brand Search NL,423.27,34766,1240
2024-07-03,Meta,fb_prospect_01,FB – Prospecting Lookalike NL,523.36,187468,2364
2024-07-03,Meta,fb_prospect_02,FB – Prospecting Interest EU,524.62,174291,1892
2024-07-03,Referral,referral_mgm_01,Referral – Member Get Member,2563.98,0,0
2024-07-03,TikTok,tiktok_upper_01,TikTok – Brand Awareness NL,346.23,152239,1181
2024-07-03,TikTok,tiktok_upper_02,TikTok – Brand Awareness EU,404.32,181969,1452
2024-07-04,Google App Campaigns,goog_ac_01,Google – App Campaign NL,365.42,102853,1513
2024-07-04,Google App Campaigns,goog_ac_02,Google – App Campaign EU,386.34,103129,1460
2024-07-04,Google Brand Search,goog_brand_01,Google – Brand Search,112.59,7345,1068
2024-07-04,Google Non-Brand Search,goog_search_01,Google – Non-Brand Search NL,523.42,44850,1420
2024-07-04,Meta,fb_prospect_01,FB – Prospecting Lookalike NL,472.78,152833,1654
2024-07-04,Meta,fb_prospect_02,FB – Prospecting Interest EU,516.69,177953,2263
2024-07-04,Referral,referral_mgm_01,Referral – Member Get Member,2039.27,0,0
2024-07-04,TikTok,tiktok_upper_01,TikTok – Brand Awareness NL,388.24,175771,1347
2024-07-04,TikTok,tiktok_upper_02,TikTok – Brand Awareness EU,343.82,158613,1167
2024-07-05,Google App Campaigns,goog_ac_01,Google – App Campaign NL,455.92,119490,1624
2024-07-05,Google App Campaigns,goog_ac_02,Google – App Campaign EU,388.38,95924,1388
2024-07-05,Google Brand Search,goog_brand_01,Google – Brand Search,143.33,9827,1523
2024-07-05,Google Non-Brand Search,goog_search_01,Google – Non-Brand Search NL,566.99,49240,1743
2024-07-05,Meta,fb_prospect_01,FB – Prospecting Lookalike NL,578.23,180515,2167
2024-07-05,Meta,fb_prospect_02,FB – Prospecting Interest EU,655.99,229002,2797
2024-07-05,Referral,referral_mgm_01,Referral – Member Get Member,1614.2,0,0
2024-07-05,TikTok,tiktok_upper_01,TikTok – Brand Awareness NL,463.53,218641,1676
2024-07-05,TikTok,tiktok_upper_02,TikTok – Brand Awareness EU,463.1,200557,1707
2024-07-06,Google App Campaigns,goog_ac_01,Google – App Campaign NL,464.27,117132,1758
2024-07-06,Google App Campaigns,goog_ac_02,Google – App Campaign EU,420.03,103228,1676
2024-07-06,Google Brand Search,goog_brand_01,Google – Brand Search,156.66,11148,1691
2024-07-06,Google Non-Brand Search,goog_search_01,Google – Non-Brand Search NL,561.46,53534,1793
2024-07-06,Meta,fb_prospect_01,FB – Prospecting Lookalike NL,659.34,224963,2502
2024-07-06,Meta,fb_prospect_02,FB – Prospecting Interest EU,621.09,220038,2395
2024-07-06,Referral,referral_mgm_01,Referral – Member Get Member,1513.72,0,0
2024-07-06,TikTok,tiktok_upper_01,TikTok – Brand Awareness NL,440.68,191037,1554
2024-07-06,TikTok,tiktok_upper_02,TikTok – Brand Awareness EU,471.46,203324,1570
2024-07-07,Google App Campaigns,goog_ac_01,Google – App Campaign NL,384.14,96047,1495
2024-07-07,Google App Campaigns,goog_ac_02,Google – App Campaign EU,442.99,109980,1759
2024-07-07,Google Brand Search,goog_brand_01,Google – Brand Search,154.8,10346,1473
2024-07-07,Google Non-Brand Search,goog_search_01,Google – Non-Brand Search NL,570.79,54041,2033
2024-07-07,Meta,fb_prospect_01,FB – Prospecting Lookalike NL,575.31,197863,2599
2024-07-07,Meta,fb_prospect_02,FB – Prospecting Interest EU,558.69,193394,2518
2024-07-07,Referral,referral_mgm_01,Referral – Member Get Member,1860.69,0,0
2024-07-07,TikTok,tiktok_upper_01,TikTok – Brand Awareness NL,427.92,195823,1581
2024-07-07,TikTok,tiktok_upper_02,TikTok – Brand Awareness EU,509.96,224445,1711
2024-07-08,Google App Campaigns,goog_ac_01,Google – App Campaign NL,387.37,100691,1558
2024-07-08,Google App Campaigns,goog_ac_02,Google – App Campaign EU,348.17,87707,1322
2024-07-08,Google Brand Search,goog_brand_01,Google – Brand Search,129.26,8703,1320
2024-07-08,Google Non-Brand Search,goog_search_01,Google – Non-Brand Search NL,426.04,40163,1524
2024-07-08,Meta,fb_prospect_01,FB – Prospecting Lookalike NL,499.74,159439,1958
2024-07-08,Meta,fb_prospect_02,FB – Prospecting Interest EU,561.14,173797,2231
2024-07-08,Referral,referral_mgm_01,Referral – Member Get Member,1993.48,0,0
2024-07-08,TikTok,tiktok_upper_01,TikTok – Brand Awareness NL,384.55,159994,1319
2024-07-08,TikTok,tiktok_upper_02,TikTok – Brand Awareness EU,350.27,155953,1135
2024-07-09,Google App Campaigns,goog_ac_01,Google – App Campaign NL,388.92,101001,1569
2024-07-09,Google App Campaigns,goog_ac_02,Google – App Campaign EU,378.45,98144,1566
2024-07-09,Google Brand Search,goog_brand_01,Google – Brand Search,106.61,7665,1213
2024-07-09,Google Non-Brand Search,goog_search_01,Google – Non-Brand Search NL,494.78,44396,1398
2024-07-09,Meta,fb_prospect_01,FB – Prospecting Lookalike NL,462.89,156671,1791
2024-07-09,Meta,fb_prospect_02,FB – Prospecting Interest EU,485.67,149986,1750
2024-07-09,Referral,referral_mgm_01,Referral – Member Get Member,1752.96,0,0
2024-07-09,TikTok,tiktok_upper_01,TikTok – Brand Awareness NL,428.66,182830,1338
2024-07-09,TikTok,tiktok_upper_02,TikTok – Brand Awareness EU,389.71,168459,1299
2024-07-10,Google App Campaigns,goog_ac_01,Google – App Campaign NL,340.27,97514,1444
2024-07-10,Google App Campaigns,goog_ac_02,Google – App Campaign EU,351.98,94646,1393
2024-07-10,Google Brand Search,goog_brand_01,Google – Brand Search,131.78,9392,1426
2024-07-10,Google Non-Brand Search,goog_search_01,Google – Non-Brand Search NL,478.98,42115,1570
2024-07-10,Meta,fb_prospect_01,FB – Prospecting Lookalike NL,462.85,149054,1877
2024-07-10,Meta,fb_prospect_02,FB – Prospecting Interest EU,561.92,190893,2198
2024-07-10,Referral,referral_mgm_01,Referral – Member Get Member,1952.26,0,0
2024-07-10,TikTok,tiktok_upper_01,TikTok – Brand Awareness NL,424.33,200730,1451
2024-07-10,TikTok,tiktok_upper_02,TikTok – Brand Awareness EU,410.9,181194,1532
2024-07-11,Google App Campaigns,goog_ac_01,Google – App Campaign NL,386.96,105005,1458
2024-07-11,Google App Campaigns,goog_ac_02,Google – App Campaign EU,383.57,105837,1668
2024-07-11,Google Brand Search,goog_brand_01,Google – Brand Search,122.03,7485,1154
2024-07-11,Google Non-Brand Search,goog_search_01,Google – Non-Brand Search NL,460.74,43274,1487
2024-07-11,Meta,fb_prospect_01,FB – Prospecting Lookalike NL,547.23,189593,2142
2024-07-11,Meta,fb_prospect_02,FB – Prospecting Interest EU,524.8,177403,1916
2024-07-11,Referral,referral_mgm_01,Referral – Member Get Member,2057.65,0,0
2024-07-11,TikTok,tiktok_upper_01,TikTok – Brand Awareness NL,378.67,173823,1484
2024-07-11,TikTok,tiktok_upper_02,TikTok – Brand Awareness EU,389.8,178787,1501
2024-07-12,Google App Campaigns,goog_ac_01,Google – App Campaign NL,439.04,110935,1678
2024-07-12,Google App Campaigns,goog_ac_02,Google – App Campaign EU,455.05,121750,1960
2024-07-12,Google Brand Search,goog_brand_01,Google – Brand Search,141.66,8851,1235
2024-07-12,Google Non-Brand Search,goog_search_01,Google – Non-Brand Search NL,514.43,44855,1570
2024-07-12,Meta,fb_prospect_01,FB – Prospecting Lookalike NL,699.41,240867,3172
2024-07-12,Meta,fb_prospect_02,FB – Prospecting Interest EU,701.25,249417,3145
2024-07-12,Referral,referral_mgm_01,Referral – Member Get Member,1757.64,0,0
2024-07-12,TikTok,tiktok_upper_01,TikTok – Brand Awareness NL,484.93,217838,1740
2024-07-12,TikTok,tiktok_upper_02,TikTok – Brand Awareness EU,495.08,226420,1730
2024-07-13,Google App Campaigns,goog_ac_01,Google – App Campaign NL,467.72,125605,2029
2024-07-13,Google App Campaigns,goog_ac_02,Google – App Campaign EU,399.59,103659,1544
2024-07-13,Google Brand Search,goog_brand_01,Google – Brand Search,156.16,11015,1669
2024-07-13,Google Non-Brand Search,goog_search_01,Google – Non-Brand Search NL,564.89,54210,1750
2024-07-13,Meta,fb_prospect_01,FB – Prospecting Lookalike NL,661.02,230751,2618
2024-07-13,Meta,fb_prospect_02,FB – Prospecting Interest EU,643.94,202778,2337
2024-07-13,Referral,referral_mgm_01,Referral – Member Get Member,2027.21,0,0
2024-07-13,TikTok,tiktok_upper_01,TikTok – Brand Awareness NL,498.14,220841,1606
2024-07-13,TikTok,tiktok_upper_02,TikTok – Brand Awareness EU,407.33,180266,1345
2024-07-14,Google App Campaigns,goog_ac_01,Google – App Campaign NL,476.4,133384,2144
2024-07-14,Google App Campaigns,goog_ac_02,Google – App Campaign EU,426.05,119742,1726
2024-07-14,Google Brand Search,goog_brand_01,Google – Brand Search,142.12,9204,1348
2024-07-14,Google Non-Brand Search,goog_search_01,Google – Non-Brand Search NL,603.28,50539,1699
2024-07-14,Meta,fb_prospect_01,FB – Prospecting Lookalike NL,648.55,216678,2709
2024-07-14,Meta,fb_prospect_02,FB – Prospecting Interest EU,630.59,223800,2515
2024-07-14,Referral,referral_mgm_01,Referral – Member Get Member,1767.93,0,0
2024-07-14,TikTok,tiktok_upper_01,TikTok – Brand Awareness NL,443.55,197739,1515
2024-07-14,TikTok,tiktok_upper_02,TikTok – Brand Awareness EU,493.88,219441,1904
2024-07-15,Google App Campaigns,goog_ac_01,Google – App Campaign NL,380.4,98073,1560
2024-07-15,Google App Campaigns,goog_ac_02,Google – App Campaign EU,341.79,95606,1315
2024-07-15,Google Brand Search,goog_brand_01,Google – Brand Search,131.03,9365,1386
2024-07-15,Google Non-Brand Search,goog_search_01,Google – Non-Brand Search NL,421.28,40428,1518
2024-07-15,Meta,fb_prospect_01,FB – Prospecting Lookalike NL,512.61,176952,2299
2024-07-15,Meta,fb_prospect_02,FB – Prospecting Interest EU,562.89,184341,2205
2024-07-15,Referral,referral_mgm_01,Referral – Member Get Member,1752.94,0,0
2024-07-15,TikTok,tiktok_upper_01,TikTok – Brand Awareness NL,413.5,176622,1481
2024-07-15,TikTok,tiktok_upper_02,TikTok – Brand Awareness EU,344.71,159717,1351
2024-07-16,Google App Campaigns,goog_ac_01,Google – App Campaign NL,366.34,103789,1587
2024-07-16,Google App Campaigns,goog_ac_02,Google – App Campaign EU,373.14,97361,1360
2024-07-16,Google Brand Search,goog_brand_01,Google – Brand Search,113.59,7512,1201
2024-07-16,Google Non-Brand Search,goog_search_01,Google – Non-Brand Search NL,452.63,43221,1548
2024-07-16,Meta,fb_prospect_01,FB – Prospecting Lookalike NL,480.04,153522,1731
2024-07-16,Meta,fb_prospect_02,FB – Prospecting Interest EU,490.45,167564,1940
2024-07-16,Referral,referral_mgm_01,Referral – Member Get Member,2180.03,0,0
2024-07-16,TikTok,tiktok_upper_01,TikTok – Brand Awareness NL,364.35,152347,1218
2024-07-16,TikTok,tiktok_upper_02,TikTok – Brand Awareness EU,358.2,170294,1226
2024-07-17,Google App Campaigns,goog_ac_01,Google – App Campaign NL,384.06,97772,1555
2024-07-17,Google App Campaigns,goog_ac_02,Google – App Campaign EU,359.44,92423,1255
2024-07-17,Google Brand Search,goog_brand_01,Google – Brand Search,127.37,8287,1215
2024-07-17,Google Non-Brand Search,goog_search_01,Google – Non-Brand Search NL,508.85,42889,1366
2024-07-17,Meta,fb_prospect_01,FB – Prospecting Lookalike NL,475.4,170259,2083
2024-07-17,Meta,fb_prospect_02,FB – Prospecting Interest EU,514.38,173902,1903
2024-07-17,Referral,referral_mgm_01,Referral – Member Get Member,2360.38,0,0
2024-07-17,TikTok,tiktok_upper_01,TikTok – Brand Awareness NL,399.52,179287,1544
2024-07-17,TikTok,tiktok_upper_02,TikTok – Brand Awareness EU,399.89,181786,1363
2024-07-18,Google App Campaigns,goog_ac_01,Google – App Campaign NL,331.92,94294,1524
2024-07-18,Google App Campaigns,goog_ac_02,Google – App Campaign EU,371.85,95042,1402
2024-07-18,Google Brand Search,goog_brand_01,Google – Brand Search,122.18,7962,1220
2024-07-18,Google Non-Brand Search,goog_search_01,Google – Non-Brand Search NL,440.22,36804,1257
2024-07-18,Meta,fb_prospect_01,FB – Prospecting Lookalike NL,502.02,156173,1746
2024-07-18,Meta,fb_prospect_02,FB – Prospecting Interest EU,514.55,181929,1989
2024-07-18,Referral,referral_mgm_01,Referral – Member Get Member,1941.19,0,0
2024-07-18,TikTok,tiktok_upper_01,TikTok – Brand Awareness NL,360.69,169518,1301
2024-07-18,TikTok,tiktok_upper_02,TikTok – Brand Awareness EU,357.29,153948,1157
2024-07-19,Google App Campaigns,goog_ac_01,Google – App Campaign NL,395.4,98599,1433
2024-07-19,Google App Campaigns,goog_ac_02,Google – App Campaign EU,474.24,128793,1885
2024-07-19,Google Brand Search,goog_brand_01,Google – Brand Search,145.47,10088,1489
2024-07-19,Google Non-Brand Search,goog_search_01,Google – Non-Brand Search NL,504.79,45589,1464
2024-07-19,Meta,fb_prospect_01,FB – Prospecting Lookalike NL,596.46,184611,2320
2024-07-19,Meta,fb_prospect_02,FB – Prospecting Interest EU,580.26,191121,2287
2024-07-19,Referral,referral_mgm_01,Referral – Member Get Member,1876.68,0,0
2024-07-19,TikTok,tiktok_upper_01,TikTok – Brand Awareness NL,438.27,189981,1607
2024-07-19,TikTok,tiktok_upper_02,TikTok – Brand Awareness EU,502.64,217033,1760
2024-07-20,Google App Campaigns,goog_ac_01,Google – App Campaign NL,421.54,116622,1877
2024-07-20,Google App Campaigns,goog_ac_02,Google – App Campaign EU,454.33,130696,2059
2024-07-20,Google Brand Search,goog_brand_01,Google – Brand Search,154.43,11011,1642
2024-07-20,Google Non-Brand Search,goog_search_01,Google – Non-Brand Search NL,615.58,57627,2108
2024-07-20,Meta,fb_prospect_01,FB – Prospecting Lookalike NL,641.2,220035,2408
2024-07-20,Meta,fb_prospect_02,FB – Prospecting Interest EU,577.55,187318,2323
2024-07-20,Referral,referral_mgm_01,Referral – Member Get Member,1617.73,0,0
2024-07-20,TikTok,tiktok_upper_01,TikTok – Brand Awareness NL,438.62,180824,1308
2024-07-20,TikTok,tiktok_upper_02,TikTok – Brand Awareness EU,453.06,213710,1621
2024-07-21,Google App Campaigns,goog_ac_01,Google – App Campaign NL,435.35,117563,1645
2024-07-21,Google App Campaigns,goog_ac_02,Google – App Campaign EU,476.57,122103,1913
2024-07-21,Google Brand Search,goog_brand_01,Google – Brand Search,133.25,9389,1411
2024-07-21,Google Non-Brand Search,goog_search_01,Google – Non-Brand Search NL,607.89,53525,1764
2024-07-21,Meta,fb_prospect_01,FB – Prospecting Lookalike NL,699.84,223908,2798
2024-07-21,Meta,fb_prospect_02,FB – Prospecting Interest EU,668.85,238512,3094
2024-07-21,Referral,referral_mgm_01,Referral – Member Get Member,1996.87,0,0
2024-07-21,TikTok,tiktok_upper_01,TikTok – Brand Awareness NL,476.09,212100,1815
2024-07-21,TikTok,tiktok_upper_02,TikTok – Brand Awareness EU,453.21,211730,1794
2024-07-22,Google App Campaigns,goog_ac_01,Google – App Campaign NL,336.11,86447,1406
2024-07-22,Google App Campaigns,goog_ac_02,Google – App Campaign EU,327.84,94251,1364
2024-07-22,Google Brand Search,goog_brand_01,Google – Brand Search,128.35,8573,1243
2024-07-22,Google Non-Brand Search,goog_search_01,Google – Non-Brand Search NL,426.27,36366,1159
2024-07-22,Meta,fb_prospect_01,FB – Prospecting Lookalike NL,472.69,157853,1875
2024-07-22,Meta,fb_prospect_02,FB – Prospecting Interest EU,556.67,184505,2144
2024-07-22,Referral,referral_mgm_01,Referral – Member Get Member,1532.32,0,0
2024-07-22,TikTok,tiktok_upper_01,TikTok – Brand Awareness NL,346.23,159223,1209
2024-07-22,TikTok,tiktok_upper_02,TikTok – Brand Awareness EU,418.69,180414,1356
2024-07-23,Google App Campaigns,goog_ac_01,Google – App Campaign NL,320.99,90200,1470
2024-07-23,Google App Campaigns,goog_ac_02,Google – App Campaign EU,333.07,89170,1451
2024-07-23,Google Brand Search,goog_brand_01,Google – Brand Search,125.71,8006,1157
2024-07-23,Google Non-Brand Search,goog_search_01,Google – Non-Brand Search NL,525.24,43908,1489
2024-07-23,Meta,fb_prospect_01,FB – Prospecting Lookalike NL,561.85,187022,2335
2024-07-23,Meta,fb_prospect_02,FB – Prospecting Interest EU,471.86,163779,2146
2024-07-23,Referral,referral_mgm_01,Referral – Member Get Member,2142.2,0,0
2024-07-23,TikTok,tiktok_upper_01,TikTok – Brand Awareness NL,398.93,181008,1575
2024-07-23,TikTok,tiktok_upper_02,TikTok – Brand Awareness EU,426.51,195040,1659
2024-07-24,Google App Campaigns,goog_ac_01,Google – App Campaign NL,315.44,79506,1231
2024-07-24,Google App Campaigns,goog_ac_02,Google – App Campaign EU,367.59,104856,1665
2024-07-24,Google Brand Search,goog_brand_01,Google – Brand Search,107.37,7078,1037
2024-07-24,Google Non-Brand Search,goog_search_01,Google – Non-Brand Search NL,480.69,40250,1426
2024-07-24,Meta,fb_prospect_01,FB – Prospecting Lookalike NL,514.33,165229,1789
2024-07-24,Meta,fb_prospect_02,FB – Prospecting Interest EU,488.04,157796,1771
2024-07-24,Referral,referral_mgm_01,Referral – Member Get Member,2221.09,0,0
2024-07-24,TikTok,tiktok_upper_01,TikTok – Brand Awareness NL,340.07,142763,1156
2024-07-24,TikTok,tiktok_upper_02,TikTok – Brand Awareness EU,398.11,181152,1529
2024-07-25,Google App Campaigns,goog_ac_01,Google – App Campaign NL,393.77,107094,1598
2024-07-25,Google App Campaigns,goog_ac_02,Google – App Campaign EU,366.85,96475,1438
2024-07-25,Google Brand Search,goog_brand_01,Google – Brand Search,106.75,7451,1068
2024-07-25,Google Non-Brand Search,goog_search_01,Google – Non-Brand Search NL,449.2,39543,1435
2024-07-25,Meta,fb_prospect_01,FB – Prospecting Lookalike NL,529.83,163359,2047
2024-07-25,Meta,fb_prospect_02,FB – Prospecting Interest EU,530.67,170401,1973
2024-07-25,Referral,referral_mgm_01,Referral – Member Get Member,1276.8,0,0
2024-07-25,TikTok,tiktok_upper_01,TikTok – Brand Awareness NL,377.35,161802,1342
2024-07-25,TikTok,tiktok_upper_02,TikTok – Brand Awareness EU,415.42,192563,1579
2024-07-26,Google App Campaigns,goog_ac_01,Google – App Campaign NL,414.12,108505,1660
2024-07-26,Google App Campaigns,goog_ac_02,Google – App Campaign EU,399.04,111590,1652
2024-07-26,Google Brand Search,goog_brand_01,Google – Brand Search,127.7,8752,1270
2024-07-26,Google Non-Brand Search,goog_search_01,Google – Non-Brand Search NL,595.7,49404,1718
2024-07-26,Meta,fb_prospect_01,FB – Prospecting Lookalike NL,665.13,228998,2602
2024-07-26,Meta,fb_prospect_02,FB – Prospecting Interest EU,597.24,196659,2254
2024-07-26,Referral,referral_mgm_01,Referral – Member Get Member,2067.43,0,0
2024-07-26,TikTok,tiktok_upper_01,TikTok – Brand Awareness NL,480.99,218654,1802
2024-07-26,TikTok,tiktok_upper_02,TikTok – Brand Awareness EU,472.76,225549,1807
2024-07-27,Google App Campaigns,goog_ac_01,Google – App Campaign NL,376.66,107720,1459
2024-07-27,Google App Campaigns,goog_ac_02,Google – App Campaign EU,419.44,115741,1879
2024-07-27,Google Brand Search,goog_brand_01,Google – Brand Search,128.08,9203,1476
2024-07-27,Google Non-Brand Search,goog_search_01,Google – Non-Brand Search NL,596.6,52722,2020
2024-07-27,Meta,fb_prospect_01,FB – Prospecting Lookalike NL,610.44,193833,2144
2024-07-27,Meta,fb_prospect_02,FB – Prospecting Interest EU,572.53,206081,2428
2024-07-27,Referral,referral_mgm_01,Referral – Member Get Member,1686.47,0,0
2024-07-27,TikTok,tiktok_upper_01,TikTok – Brand Awareness NL,510.48,220495,1785
2024-07-27,TikTok,tiktok_upper_02,TikTok – Brand Awareness EU,433.97,196581,1561
2024-07-28,Google App Campaigns,goog_ac_01,Google – App Campaign NL,391.18,109492,1709
2024-07-28,Google App Campaigns,goog_ac_02,Google – App Campaign EU,430.92,112602,1745
2024-07-28,Google Brand Search,goog_brand_01,Google – Brand Search,155.06,10355,1545
2024-07-28,Google Non-Brand Search,goog_search_01,Google – Non-Brand Search NL,610.23,57550,2032
2024-07-28,Meta,fb_prospect_01,FB – Prospecting Lookalike NL,694.2,235845,2723
2024-07-28,Meta,fb_prospect_02,FB – Prospecting Interest EU,614.89,192943,2172
2024-07-28,Referral,referral_mgm_01,Referral – Member Get Member,2506.47,0,0
2024-07-28,TikTok,tiktok_upper_01,TikTok – Brand Awareness NL,508.24,217021,1611
2024-07-28,TikTok,tiktok_upper_02,TikTok – Brand Awareness EU,478.86,213366,1713
2024-07-29,Google App Campaigns,goog_ac_01,Google – App Campaign NL,331.46,89238,1347
2024-07-29,Google App Campaigns,goog_ac_02,Google – App Campaign EU,384.62,96638,1567
2024-07-29,Google Brand Search,goog_brand_01,Google – Brand Search,106.64,7105,1014
2024-07-29,Google Non-Brand Search,goog_search_01,Google – Non-Brand Search NL,476.57,42944,1506
2024-07-29,Meta,fb_prospect_01,FB – Prospecting Lookalike NL,545.22,179719,2034
2024-07-29,Meta,fb_prospect_02,FB – Prospecting Interest EU,571.22,185714,2416
2024-07-29,Referral,referral_mgm_01,Referral – Member Get Member,2046.42,0,0
2024-07-29,TikTok,tiktok_upper_01,TikTok – Brand Awareness NL,417.68,182260,1427
2024-07-29,TikTok,tiktok_upper_02,TikTok – Brand Awareness EU,366.02,163161,1316
2024-07-30,Google App Campaigns,goog_ac_01,Google – App Campaign NL,388.65,100246,1480
2024-07-30,Google App Campaigns,goog_ac_02,Google – App Campaign EU,395.77,113041,1767
2024-07-30,Google Brand Search,goog_brand_01,Google – Brand Search,132.87,8299,1218
2024-07-30,Google Non-Brand Search,goog_search_01,Google – Non-Brand Search NL,424.07,38257,1468
2024-07-30,Meta,fb_prospect_01,FB – Prospecting Lookalike NL,486.05,164823,1849
2024-07-30,Meta,fb_prospect_02,FB – Prospecting Interest EU,573.1,182161,2006
2024-07-30,Referral,referral_mgm_01,Referral – Member Get Member,1701.95,0,0
2024-07-30,TikTok,tiktok_upper_01,TikTok – Brand Awareness NL,369.5,168139,1344
2024-07-30,TikTok,tiktok_upper_02,TikTok – Brand Awareness EU,346.51,143483,1074
2024-07-31,Google App Campaigns,goog_ac_01,Google – App Campaign NL,358.37,90931,1247
2024-07-31,Google App Campaigns,goog_ac_02,Google – App Campaign EU,331.03,81985,1140
2024-07-31,Google Brand Search,goog_brand_01,Google – Brand Search,118.3,7988,1134
2024-07-31,Google Non-Brand Search,goog_search_01,Google – Non-Brand Search NL,472.26,42997,1379
2024-07-31,Meta,fb_prospect_01,FB – Prospecting Lookalike NL,524.74,165346,1957
2024-07-31,Meta,fb_prospect_02,FB – Prospecting Interest EU,480.06,171640,1912
2024-07-31,Referral,referral_mgm_01,Referral – Member Get Member,1567.06,0,0
2024-07-31,TikTok,tiktok_upper_01,TikTok – Brand Awareness NL,367.0,153447,1274
2024-07-31,TikTok,tiktok_upper_02,TikTok – Brand Awareness EU,363.16,157397,1155
2024-08-01,Google App Campaigns,goog_ac_01,Google – App Campaign NL,321.87,85189,1236
2024-08-01,Google App Campaigns,goog_ac_02,Google – App Campaign EU,329.15,90807,1323
2024-08-01,Google Brand Search,goog_brand_01,Google – Brand Search,110.9,7387,1030
2024-08-01,Google Non-Brand Search,goog_search_01,Google – Non-Brand Search NL,512.94,43704,1540
2024-08-01,Meta,fb_prospect_01,FB – Prospecting Lookalike NL,585.43,192741,2118
2024-08-01,Meta,fb_prospect_02,FB – Prospecting Interest EU,502.77,160556,1738
2024-08-01,Referral,referral_mgm_01,Referral – Member Get Member,1751.21,0,0
2024-08-01,TikTok,tiktok_upper_01,TikTok – Brand Awareness NL,372.21,154093,1163
2024-08-01,TikTok,tiktok_upper_02,TikTok – Brand Awareness EU,380.94,182591,1604
2024-08-02,Google App Campaigns,goog_ac_01,Google – App Campaign NL,399.23,101238,1461
2024-08-02,Google App Campaigns,goog_ac_02,Google – App Campaign EU,469.11,131029,2140
2024-08-02,Google Brand Search,goog_brand_01,Google – Brand Search,158.0,10551,1536
2024-08-02,Google Non-Brand Search,goog_search_01,Google – Non-Brand Search NL,588.3,53656,1869
2024-08-02,Meta,fb_prospect_01,FB – Prospecting Lookalike NL,639.85,214930,2450
2024-08-02,Meta,fb_prospect_02,FB – Prospecting Interest EU,622.86,193924,2429
2024-08-02,Referral,referral_mgm_01,Referral – Member Get Member,1459.46,0,0
2024-08-02,TikTok,tiktok_upper_01,TikTok – Brand Awareness NL,423.37,191542,1459
2024-08-02,TikTok,tiktok_upper_02,TikTok – Brand Awareness EU,424.57,201672,1465
2024-08-03,Google App Campaigns,goog_ac_01,Google – App Campaign NL,425.8,109182,1552
2024-08-03,Google App Campaigns,goog_ac_02,Google – App Campaign EU,403.68,105352,1648
2024-08-03,Google Brand Search,goog_brand_01,Google – Brand Search,142.22,9978,1600
2024-08-03,Google Non-Brand Search,goog_search_01,Google – Non-Brand Search NL,628.85,57408,2027
2024-08-03,Meta,fb_prospect_01,FB – Prospecting Lookalike NL,611.68,214383,2542
2024-08-03,Meta,fb_prospect_02,FB – Prospecting Interest EU,668.33,209775,2730
2024-08-03,Referral,referral_mgm_01,Referral – Member Get Member,1951.85,0,0
2024-08-03,TikTok,tiktok_upper_01,TikTok – Brand Awareness NL,476.32,213259,1577
2024-08-03,TikTok,tiktok_upper_02,TikTok – Brand Awareness EU,448.94,193568,1655
2024-08-04,Google App Campaigns,goog_ac_01,Google – App Campaign NL,469.9,118910,1744
2024-08-04,Google App Campaigns,goog_ac_02,Google – App Campaign EU,442.9,116587,1634
2024-08-04,Google Brand Search,goog_brand_01,Google – Brand Search,146.56,9232,1370
2024-08-04,Google Non-Brand Search,goog_search_01,Google – Non-Brand Search NL,503.45,44082,1588
2024-08-04,Meta,fb_prospect_01,FB – Prospecting Lookalike NL,578.83,195602,2168
2024-08-04,Meta,fb_prospect_02,FB – Prospecting Interest EU,673.72,216715,2701
2024-08-04,Referral,referral_mgm_01,Referral – Member Get Member,1698.74,0,0
2024-08-04,TikTok,tiktok_upper_01,TikTok – Brand Awareness NL,437.91,208745,1633
2024-08-04,TikTok,tiktok_upper_02,TikTok – Brand Awareness EU,493.99,235949,1963
2024-08-05,Google App Campaigns,goog_ac_01,Google – App Campaign NL,385.24,97576,1380
2024-08-05,Google App Campaigns,goog_ac_02,Google – App Campaign EU,341.37,92358,1418
2024-08-05,Google Brand Search,goog_brand_01,Google – Brand Search,124.57,8383,1208
2024-08-05,Google Non-Brand Search,goog_search_01,Google – Non-Brand Search NL,494.2,46775,1569
2024-08-05,Meta,fb_prospect_01,FB – Prospecting Lookalike NL,529.95,179957,1974
2024-08-05,Meta,fb_prospect_02,FB – Prospecting Interest EU,484.44,151169,1910
2024-08-05,Referral,referral_mgm_01,Referral – Member Get Member,1505.0,0,0
2024-08-05,TikTok,tiktok_upper_01,TikTok – Brand Awareness NL,371.97,159347,1332
2024-08-05,TikTok,tiktok_upper_02,TikTok – Brand Awareness EU,366.46,163917,1421
2024-08-06,Google App Campaigns,goog_ac_01,Google – App Campaign NL,364.16,102783,1484
2024-08-06,Google App Campaigns,goog_ac_02,Google – App Campaign EU,355.09,101523,1612
2024-08-06,Google Brand Search,goog_brand_01,Google – Brand Search,109.99,7354,1098
2024-08-06,Google Non-Brand Search,goog_search_01,Google – Non-Brand Search NL,516.94,45106,1734
2024-08-06,Meta,fb_prospect_01,FB – Prospecting Lookalike NL,502.52,176289,2229
2024-08-06,Meta,fb_prospect_02,FB – Prospecting Interest EU,525.04,182513,2088
2024-08-06,Referral,referral_mgm_01,Referral – Member Get Member,1699.06,0,0
2024-08-06,TikTok,tiktok_upper_01,TikTok – Brand Awareness NL,421.55,175228,1460
2024-08-06,TikTok,tiktok_upper_02,TikTok – Brand Awareness EU,405.0,191961,1540
2024-08-07,Google App Campaigns,goog_ac_01,Google – App Campaign NL,347.13,92997,1263
2024-08-07,Google App Campaigns,goog_ac_02,Google – App Campaign EU,346.49,92018,1312
2024-08-07,Google Brand Search,goog_brand_01,Google – Brand Search,117.57,7523,1136
2024-08-07,Google Non-Brand Search,goog_search_01,Google – Non-Brand Search NL,419.79,38450,1327
2024-08-07,Meta,fb_prospect_01,FB – Prospecting Lookalike NL,526.17,161930,1944
2024-08-07,Meta,fb_prospect_02,FB – Prospecting Interest EU,569.85,196310,2494
2024-08-07,Referral,referral_mgm_01,Referral – Member Get Member,1960.89,0,0
2024-08-07,TikTok,tiktok_upper_01,TikTok – Brand Awareness NL,411.5,194845,1630
2024-08-07,TikTok,tiktok_upper_02,TikTok – Brand Awareness EU,395.69,173820,1392
2024-08-08,Google App Campaigns,goog_ac_01,Google – App Campaign NL,368.37,94285,1278
2024-08-08,Google App Campaigns,goog_ac_02,Google – App Campaign EU,348.3,93422,1389
2024-08-08,Google Brand Search,goog_brand_01,Google – Brand Search,114.1,7957,1206
2024-08-08,Google Non-Brand Search,goog_search_01,Google – Non-Brand Search NL,525.45,48251,1855
2024-08-08,Meta,fb_prospect_01,FB – Prospecting Lookalike NL,518.82,164842,1987
2024-08-08,Meta,fb_prospect_02,FB – Prospecting Interest EU,497.31,175318,2059
2024-08-08,Referral,referral_mgm_01,Referral – Member Get Member,1982.97,0,0
2024-08-08,TikTok,tiktok_upper_01,TikTok – Brand Awareness NL,378.29,167428,1360
2024-08-08,TikTok,tiktok_upper_02,TikTok – Brand Awareness EU,338.5,160257,1172
2024-08-09,Google App Campaigns,goog_ac_01,Google – App Campaign NL,383.61,102185,1403
2024-08-09,Google App Campaigns,goog_ac_02,Google – App Campaign EU,450.77,121212,1940
2024-08-09,Google Brand Search,goog_brand_01,Google – Brand Search,157.29,9939,1371
2024-08-09,Google Non-Brand Search,goog_search_01,Google – Non-Brand Search NL,537.6,47932,1548
2024-08-09,Meta,fb_prospect_01,FB – Prospecting Lookalike NL,660.15,219496,2853
2024-08-09,Meta,fb_prospect_02,FB – Prospecting Interest EU,676.39,211182,2348
2024-08-09,Referral,referral_mgm_01,Referral – Member Get Member,1819.04,0,0
2024-08-09,TikTok,tiktok_upper_01,TikTok – Brand Awareness NL,473.16,226640,1868
2024-08-09,TikTok,tiktok_upper_02,TikTok – Brand Awareness EU,504.91,232509,1721
2024-08-10,Google App Campaigns,goog_ac_01,Google – App Campaign NL,422.6,105723,1606
2024-08-10,Google App Campaigns,goog_ac_02,Google – App Campaign EU,395.51,108489,1487
2024-08-10,Google Brand Search,goog_brand_01,Google – Brand Search,127.21,8255,1152
2024-08-10,Google Non-Brand Search,goog_search_01,Google – Non-Brand Search NL,632.43,57874,1896
2024-08-10,Meta,fb_prospect_01,FB – Prospecting Lookalike NL,583.14,180746,2145
2024-08-10,Meta,fb_prospect_02,FB – Prospecting Interest EU,585.02,201223,2344
2024-08-10,Referral,referral_mgm_01,Referral – Member Get Member,1796.99,0,0
2024-08-10,TikTok,tiktok_upper_01,TikTok – Brand Awareness NL,428.18,199626,1471
2024-08-10,TikTok,tiktok_upper_02,TikTok – Brand Awareness EU,473.45,218710,1836
2024-08-11,Google App Campaigns,goog_ac_01,Google – App Campaign NL,415.92,117445,1774
2024-08-11,Google App Campaigns,goog_ac_02,Google – App Campaign EU,443.75,123691,1976
2024-08-11,Google Brand Search,goog_brand_01,Google – Brand Search,135.82,9567,1297
2024-08-11,Google Non-Brand Search,goog_search_01,Google – Non-Brand Search NL,564.37,50236,1834
2024-08-11,Meta,fb_prospect_01,FB – Prospecting Lookalike NL,702.0,216506,2718
2024-08-11,Meta,fb_prospect_02,FB – Prospecting Interest EU,671.28,208263,2335
2024-08-11,Referral,referral_mgm_01,Referral – Member Get Member,1726.52,0,0
2024-08-11,TikTok,tiktok_upper_01,TikTok – Brand Awareness NL,429.66,202348,1651
2024-08-11,TikTok,tiktok_upper_02,TikTok – Brand Awareness EU,425.02,190609,1449
2024-08-12,Google App Campaigns,goog_ac_01,Google – App Campaign NL,395.79,112090,1608
2024-08-12,Google App Campaigns,goog_ac_02,Google – App Campaign EU,383.62,105340,1583
2024-08-12,Google Brand Search,goog_brand_01,Google – Brand Search,127.4,9170,1369
2024-08-12,Google Non-Brand Search,goog_search_01,Google – Non-Brand Search NL,464.25,43349,1605
2024-08-12,Meta,fb_prospect_01,FB – Prospecting Lookalike NL,568.62,176519,1919
2024-08-12,Meta,fb_prospect_02,FB – Prospecting Interest EU,520.61,186202,2135
2024-08-12,Referral,referral_mgm_01,Referral – Member Get Member,1691.67,0,0
2024-08-12,TikTok,tiktok_upper_01,TikTok – Brand Awareness NL,355.96,165802,1283
2024-08-12,TikTok,tiktok_upper_02,TikTok – Brand Awareness EU,351.73,148489,1194
2024-08-13,Google App Campaigns,goog_ac_01,Google – App Campaign NL,390.43,98388,1595
2024-08-13,Google App Campaigns,goog_ac_02,Google – App Campaign EU,332.23,95600,1464
2024-08-13,Google Brand Search,goog_brand_01,Google – Brand Search,122.59,8576,1261
2024-08-13,Google Non-Brand Search,goog_search_01,Google – Non-Brand Search NL,425.81,35216,1127
2024-08-13,Meta,fb_prospect_01,FB – Prospecting Lookalike NL,498.43,171459,1854
2024-08-13,Meta,fb_prospect_02,FB – Prospecting Interest EU,506.78,172048,1911
2024-08-13,Referral,referral_mgm_01,Referral – Member Get Member,2033.07,0,0
2024-08-13,TikTok,tiktok_upper_01,TikTok – Brand Awareness NL,412.29,193867,1460
2024-08-13,TikTok,tiktok_upper_02,TikTok – Brand Awareness EU,341.8,149595,1281
2024-08-14,Google App Campaigns,goog_ac_01,Google – App Campaign NL,394.14,107247,1614
2024-08-14,Google App Campaigns,goog_ac_02,Google – App Campaign EU,382.0,97931,1561
2024-08-14,Google Brand Search,goog_brand_01,Google – Brand Search,128.29,9035,1327
2024-08-14,Google Non-Brand Search,goog_search_01,Google – Non-Brand Search NL,416.59,37739,1434
2024-08-14,Meta,fb_prospect_01,FB – Prospecting Lookalike NL,587.66,191194,2070
2024-08-14,Meta,fb_prospect_02,FB – Prospecting Interest EU,477.83,160639,1866
2024-08-14,Referral,referral_mgm_01,Referral – Member Get Member,1660.9,0,0
2024-08-14,TikTok,tiktok_upper_01,TikTok – Brand Awareness NL,378.92,170813,1375
2024-08-14,TikTok,tiktok_upper_02,TikTok – Brand Awareness EU,401.33,177562,1480
2024-08-15,Google App Campaigns,goog_ac_01,Google – App Campaign NL,319.51,84848,1358
2024-08-15,Google App Campaigns,goog_ac_02,Google – App Campaign EU,319.74,78691,1067
2024-08-15,Google Brand Search,goog_brand_01,Google – Brand Search,109.19,7358,1044
2024-08-15,Google Non-Brand Search,goog_search_01,Google – Non-Brand Search NL,474.28,44259,1433
2024-08-15,Meta,fb_prospect_01,FB – Prospecting Lookalike NL,469.41,162514,2082
2024-08-15,Meta,fb_prospect_02,FB – Prospecting Interest EU,577.97,180380,2354
2024-08-15,Referral,referral_mgm_01,Referral – Member Get Member,1661.2,0,0
2024-08-15,TikTok,tiktok_upper_01,TikTok – Brand Awareness NL,413.88,185442,1518
2024-08-15,TikTok,tiktok_upper_02,TikTok – Brand Awareness EU,343.35,145313,1173
2024-08-16,Google App Campaigns,goog_ac_01,Google – App Campaign NL,474.23,122695,1834
2024-08-16,Google App Campaigns,goog_ac_02,Google – App Campaign EU,452.61,115728,1749
2024-08-16,Google Brand Search,goog_brand_01,Google – Brand Search,130.8,8685,1325
2024-08-16,Google Non-Brand Search,goog_search_01,Google – Non-Brand Search NL,589.32,56397,2069
2024-08-16,Meta,fb_prospect_01,FB – Prospecting Lookalike NL,582.05,180616,2234
2024-08-16,Meta,fb_prospect_02,FB – Prospecting Interest EU,562.26,199189,2481
2024-08-16,Referral,referral_mgm_01,Referral – Member Get Member,1449.98,0,0
2024-08-16,TikTok,tiktok_upper_01,TikTok – Brand Awareness NL,486.26,231662,1951
2024-08-16,TikTok,tiktok_upper_02,TikTok – Brand Awareness EU,502.51,224036,1911
2024-08-17,Google App Campaigns,goog_ac_01,Google – App Campaign NL,430.06,111381,1578
2024-08-17,Google App Campaigns,goog_ac_02,Google – App Campaign EU,424.88,119501,1940
2024-08-17,Google Brand Search,goog_brand_01,Google – Brand Search,146.83,9319,1469
2024-08-17,Google Non-Brand Search,goog_search_01,Google – Non-Brand Search NL,540.8,45411,1658
2024-08-17,Meta,fb_prospect_01,FB – Prospecting Lookalike NL,643.69,203223,2547
2024-08-17,Meta,fb_prospect_02,FB – Prospecting Interest EU,583.92,206981,2247
2024-08-17,Referral,referral_mgm_01,Referral – Member Get Member,2042.62,0,0
2024-08-17,TikTok,tiktok_upper_01,TikTok – Brand Awareness NL,421.72,185390,1418
2024-08-17,TikTok,tiktok_upper_02,TikTok – Brand Awareness EU,418.65,186424,1391
2024-08-18,Google App Campaigns,goog_ac_01,Google – App Campaign NL,424.55,114943,1868
2024-08-18,Google App Campaigns,goog_ac_02,Google – App Campaign EU,415.03,117314,1640
2024-08-18,Google Brand Search,goog_brand_01,Google – Brand Search,131.93,8453,1336
2024-08-18,Google Non-Brand Search,goog_search_01,Google – Non-Brand Search NL,550.07,45392,1665
2024-08-18,Meta,fb_prospect_01,FB – Prospecting Lookalike NL,578.14,201294,2558
2024-08-18,Meta,fb_prospect_02,FB – Prospecting Interest EU,667.29,205325,2351
2024-08-18,Referral,referral_mgm_01,Referral – Member Get Member,1949.47,0,0
2024-08-18,TikTok,tiktok_upper_01,TikTok – Brand Awareness NL,462.89,210777,1638
2024-08-18,TikTok,tiktok_upper_02,TikTok – Brand Awareness EU,454.06,191482,1609
2024-08-19,Google App Campaigns,goog_ac_01,Google – App Campaign NL,333.99,82363,1187
2024-08-19,Google App Campaigns,goog_ac_02,Google – App Campaign EU,390.89,109763,1603
2024-08-19,Google Brand Search,goog_brand_01,Google – Brand Search,112.41,7249,1043
2024-08-19,Google Non-Brand Search,goog_search_01,Google – Non-Brand Search NL,481.61,43270,1613
2024-08-19,Meta,fb_prospect_01,FB – Prospecting Lookalike NL,539.31,171958,2101
2024-08-19,Meta,fb_prospect_02,FB – Prospecting Interest EU,509.79,161413,1795
2024-08-19,Referral,referral_mgm_01,Referral – Member Get Member,1356.61,0,0
2024-08-19,TikTok,tiktok_upper_01,TikTok – Brand Awareness NL,387.2,158705,1142
2024-08-19,TikTok,tiktok_upper_02,TikTok – Brand Awareness EU,384.98,165762,1241
2024-08-20,Google App Campaigns,goog_ac_01,Google – App Campaign NL,369.63,101098,1524
2024-08-20,Google App Campaigns,goog_ac_02,Google – App Campaign EU,342.32,86158,1313
2024-08-20,Google Brand Search,goog_brand_01,Google – Brand Search,117.54,7619,1249
2024-08-20,Google Non-Brand Search,goog_search_01,Google – Non-Brand Search NL,421.34,39396,1356
2024-08-20,Meta,fb_prospect_01,FB – Prospecting Lookalike NL,510.05,169726,2058
2024-08-20,Meta,fb_prospect_02,FB – Prospecting Interest EU,464.55,163329,2144
2024-08-20,Referral,referral_mgm_01,Referral – Member Get Member,1885.07,0,0
2024-08-20,TikTok,tiktok_upper_01,TikTok – Brand Awareness NL,341.69,147359,1267
2024-08-20,TikTok,tiktok_upper_02,TikTok – Brand Awareness EU,421.97,175828,1394
2024-08-21,Google App Campaigns,goog_ac_01,Google – App Campaign NL,359.61,91873,1468
2024-08-21,Google App Campaigns,goog_ac_02,Google – App Campaign EU,396.72,105101,1618
2024-08-21,Google Brand Search,goog_brand_01,Google – Brand Search,113.67,7912,1093
2024-08-21,Google Non-Brand Search,goog_search_01,Google – Non-Brand Search NL,505.97,43114,1617
2024-08-21,Meta,fb_prospect_01,FB – Prospecting Lookalike NL,576.11,185233,2287
2024-08-21,Meta,fb_prospect_02,FB – Prospecting Interest EU,467.1,155591,1924
2024-08-21,Referral,referral_mgm_01,Referral – Member Get Member,2139.27,0,0
2024-08-21,TikTok,tiktok_upper_01,TikTok – Brand Awareness NL,354.04,148572,1108
2024-08-21,TikTok,tiktok_upper_02,TikTok – Brand Awareness EU,398.61,191103,1447
2024-08-22,Google App Campaigns,goog_ac_01,Google – App Campaign NL,315.33,83482,1281
2024-08-22,Google App Campaigns,goog_ac_02,Google – App Campaign EU,353.11,88597,1300
2024-08-22,Google Brand Search,goog_brand_01,Google – Brand Search,114.86,7766,1167
2024-08-22,Google Non-Brand Search,goog_search_01,Google – Non-Brand Search NL,462.97,39095,1438
2024-08-22,Meta,fb_prospect_01,FB – Prospecting Lookalike NL,496.19,161627,1930
2024-08-22,Meta,fb_prospect_02,FB – Prospecting Interest EU,524.23,184701,2335
2024-08-22,Referral,referral_mgm_01,Referral – Member Get Member,1804.92,0,0
2024-08-22,TikTok,tiktok_upper_01,TikTok – Brand Awareness NL,364.5,162871,1308
2024-08-22,TikTok,tiktok_upper_02,TikTok – Brand Awareness EU,416.3,199709,1471
2024-08-23,Google App Campaigns,goog_ac_01,Google – App Campaign NL,451.76,121584,1904
2024-08-23,Google App Campaigns,goog_ac_02,Google – App Campaign EU,446.42,113985,1726
2024-08-23,Google Brand Search,goog_brand_01,Google – Brand Search,143.36,9561,1316
2024-08-23,Google Non-Brand Search,goog_search_01,Google – Non-Brand Search NL,604.46,52156,1881
2024-08-23,Meta,fb_prospect_01,FB – Prospecting Lookalike NL,669.79,214163,2355
2024-08-23,Meta,fb_prospect_02,FB – Prospecting Interest EU,616.97,214651,2755
2024-08-23,Referral,referral_mgm_01,Referral – Member Get Member,2285.45,0,0
2024-08-23,TikTok,tiktok_upper_01,TikTok – Brand Awareness NL,502.54,209843,1548
2024-08-23,TikTok,tiktok_upper_02,TikTok – Brand Awareness EU,438.72,192840,1479
2024-08-24,Google App Campaigns,goog_ac_01,Google – App Campaign NL,450.97,116097,1591
2024-08-24,Google App Campaigns,goog_ac_02,Google – App Campaign EU,446.62,109601,1701
2024-08-24,Google Brand Search,goog_brand_01,Google – Brand Search,151.75,9346,1458
2024-08-24,Google Non-Brand Search,goog_search_01,Google – Non-Brand Search NL,533.6,49298,1818
2024-08-24,Meta,fb_prospect_01,FB – Prospecting Lookalike NL,704.04,234433,2731
2024-08-24,Meta,fb_prospect_02,FB – Prospecting Interest EU,595.96,213909,2438
2024-08-24,Referral,referral_mgm_01,Referral – Member Get Member,2051.15,0,0
2024-08-24,TikTok,tiktok_upper_01,TikTok – Brand Awareness NL,479.18,225428,1673
2024-08-24,TikTok,tiktok_upper_02,TikTok – Brand Awareness EU,445.99,183903,1332
2024-08-25,Google App Campaigns,goog_ac_01,Google – App Campaign NL,393.17,102566,1645
2024-08-25,Google App Campaigns,goog_ac_02,Google – App Campaign EU,396.04,111040,1524
2024-08-25,Google Brand Search,goog_brand_01,Google – Brand Search,154.04,10843,1782
2024-08-25,Google Non-Brand Search,goog_search_01,Google – Non-Brand Search NL,566.13,46902,1699
2024-08-25,Meta,fb_prospect_01,FB – Prospecting Lookalike NL,668.56,206349,2502
2024-08-25,Meta,fb_prospect_02,FB – Prospecting Interest EU,641.47,207098,2672
2024-08-25,Referral,referral_mgm_01,Referral – Member Get Member,2035.17,0,0
2024-08-25,TikTok,tiktok_upper_01,TikTok – Brand Awareness NL,515.01,219467,1675
2024-08-25,TikTok,tiktok_upper_02,TikTok – Brand Awareness EU,495.47,208242,1718
2024-08-26,Google App Campaigns,goog_ac_01,Google – App Campaign NL,350.91,88812,1287
2024-08-26,Google App Campaigns,goog_ac_02,Google – App Campaign EU,347.72,94551,1537
2024-08-26,Google Brand Search,goog_brand_01,Google – Brand Search,114.87,8095,1145
2024-08-26,Google Non-Brand Search,goog_search_01,Google – Non-Brand Search NL,528.24,48093,1750
2024-08-26,Meta,fb_prospect_01,FB – Prospecting Lookalike NL,491.67,163804,2055
2024-08-26,Meta,fb_prospect_02,FB – Prospecting Interest EU,487.54,155007,2037
2024-08-26,Referral,referral_mgm_01,Referral – Member Get Member,1711.76,0,0
2024-08-26,TikTok,tiktok_upper_01,TikTok – Brand Awareness NL,399.85,185361,1483
2024-08-26,TikTok,tiktok_upper_02,TikTok – Brand Awareness EU,422.04,191887,1652
2024-08-27,Google App Campaigns,goog_ac_01,Google – App Campaign NL,332.15,94788,1460
2024-08-27,Google App Campaigns,goog_ac_02,Google – App Campaign EU,390.69,97670,1500
2024-08-27,Google Brand Search,goog_brand_01,Google – Brand Search,113.23,7273,1078
2024-08-27,Google Non-Brand Search,goog_search_01,Google – Non-Brand Search NL,512.67,44337,1456
2024-08-27,Meta,fb_prospect_01,FB – Prospecting Lookalike NL,502.71,161853,1800
2024-08-27,Meta,fb_prospect_02,FB – Prospecting Interest EU,531.21,175557,2111
2024-08-27,Referral,referral_mgm_01,Referral – Member Get Member,1744.72,0,0
2024-08-27,TikTok,tiktok_upper_01,TikTok – Brand Awareness NL,347.72,166244,1425
2024-08-27,TikTok,tiktok_upper_02,TikTok – Brand Awareness EU,365.9,167179,1328
2024-08-28,Google App Campaigns,goog_ac_01,Google – App Campaign NL,337.07,97001,1576
2024-08-28,Google App Campaigns,goog_ac_02,Google – App Campaign EU,332.12,85872,1278
2024-08-28,Google Brand Search,goog_brand_01,Google – Brand Search,109.18,7181,1156
2024-08-28,Google Non-Brand Search,goog_search_01,Google – Non-Brand Search NL,512.1,47724,1545
2024-08-28,Meta,fb_prospect_01,FB – Prospecting Lookalike NL,484.16,154179,1739
2024-08-28,Meta,fb_prospect_02,FB – Prospecting Interest EU,462.12,153393,1670
2024-08-28,Referral,referral_mgm_01,Referral – Member Get Member,1631.5,0,0
2024-08-28,TikTok,tiktok_upper_01,TikTok – Brand Awareness NL,367.96,157552,1297
2024-08-28,TikTok,tiktok_upper_02,TikTok – Brand Awareness EU,342.81,148468,1232
2024-08-29,Google App Campaigns,goog_ac_01,Google – App Campaign NL,388.58,99869,1395
2024-08-29,Google App Campaigns,goog_ac_02,Google – App Campaign EU,339.94,83904,1202
2024-08-29,Google Brand Search,goog_brand_01,Google – Brand Search,109.41,6800,1096
2024-08-29,Google Non-Brand Search,goog_search_01,Google – Non-Brand Search NL,491.18,41161,1328
2024-08-29,Meta,fb_prospect_01,FB – Prospecting Lookalike NL,519.3,161553,1968
2024-08-29,Meta,fb_prospect_02,FB – Prospecting Interest EU,513.47,179669,2087
2024-08-29,Referral,referral_mgm_01,Referral – Member Get Member,2636.89,0,0
2024-08-29,TikTok,tiktok_upper_01,TikTok – Brand Awareness NL,419.21,174610,1416
2024-08-29,TikTok,tiktok_upper_02,TikTok – Brand Awareness EU,352.27,161226,1396
2024-08-30,Google App Campaigns,goog_ac_01,Google – App Campaign NL,451.11,127119,1867
2024-08-30,Google App Campaigns,goog_ac_02,Google – App Campaign EU,445.11,116800,1744
2024-08-30,Google Brand Search,goog_brand_01,Google – Brand Search,142.08,9233,1349
2024-08-30,Google Non-Brand Search,goog_search_01,Google – Non-Brand Search NL,570.99,52993,2031
2024-08-30,Meta,fb_prospect_01,FB – Prospecting Lookalike NL,597.57,197694,2541
2024-08-30,Meta,fb_prospect_02,FB – Prospecting Interest EU,664.56,220513,2510
2024-08-30,Referral,referral_mgm_01,Referral – Member Get Member,1912.15,0,0
2024-08-30,TikTok,tiktok_upper_01,TikTok – Brand Awareness NL,509.92,210188,1768
2024-08-30,TikTok,tiktok_upper_02,TikTok – Brand Awareness EU,487.03,233666,1812
2024-08-31,Google App Campaigns,goog_ac_01,Google – App Campaign NL,411.86,111417,1673
2024-08-31,Google App Campaigns,goog_ac_02,Google – App Campaign EU,391.72,103568,1566
2024-08-31,Google Brand Search,goog_brand_01,Google – Brand Search,138.35,9672,1380
2024-08-31,Google Non-Brand Search,goog_search_01,Google – Non-Brand Search NL,535.91,48493,1551
2024-08-31,Meta,fb_prospect_01,FB – Prospecting Lookalike NL,674.39,215657,2644
2024-08-31,Meta,fb_prospect_02,FB – Prospecting Interest EU,690.66,232685,2621
2024-08-31,Referral,referral_mgm_01,Referral – Member Get Member,1924.07,0,0
2024-08-31,TikTok,tiktok_upper_01,TikTok – Brand Awareness NL,420.31,180734,1325
2024-08-31,TikTok,tiktok_upper_02,TikTok – Brand Awareness EU,452.83,190545,1477
2024-09-01,Google App Campaigns,goog_ac_01,Google – App Campaign NL,397.97,101466,1605
2024-09-01,Google App Campaigns,goog_ac_02,Google – App Campaign EU,405.82,100800,1371
2024-09-01,Google Brand Search,goog_brand_01,Google – Brand Search,130.55,8280,1249
2024-09-01,Google Non-Brand Search,goog_search_01,Google – Non-Brand Search NL,559.86,50697,1904
2024-09-01,Meta,fb_prospect_01,FB – Prospecting Lookalike NL,691.89,239705,2980
2024-09-01,Meta,fb_prospect_02,FB – Prospecting Interest EU,561.89,176244,2172
2024-09-01,Referral,referral_mgm_01,Referral – Member Get Member,1822.26,0,0
2024-09-01,TikTok,tiktok_upper_01,TikTok – Brand Awareness NL,472.43,206945,1594
2024-09-01,TikTok,tiktok_upper_02,TikTok – Brand Awareness EU,506.82,219604,1663
2024-09-02,Google App Campaigns,goog_ac_01,Google – App Campaign NL,351.23,90251,1395
2024-09-02,Google App Campaigns,goog_ac_02,Google – App Campaign EU,362.46,92237,1440
2024-09-02,Google Brand Search,goog_brand_01,Google – Brand Search,118.46,7272,997
2024-09-02,Google Non-Brand Search,goog_search_01,Google – Non-Brand Search NL,489.36,42783,1348
2024-09-02,Meta,fb_prospect_01,FB – Prospecting Lookalike NL,470.22,167576,2010
2024-09-02,Meta,fb_prospect_02,FB – Prospecting Interest EU,525.47,186981,2246
2024-09-02,Referral,referral_mgm_01,Referral – Member Get Member,2432.61,0,0
2024-09-02,TikTok,tiktok_upper_01,TikTok – Brand Awareness NL,371.48,164640,1428
2024-09-02,TikTok,tiktok_upper_02,TikTok – Brand Awareness EU,388.14,170163,1494
2024-09-03,Google App Campaigns,goog_ac_01,Google – App Campaign NL,325.43,89343,1337
2024-09-03,Google App Campaigns,goog_ac_02,Google – App Campaign EU,315.16,81006,1325
2024-09-03,Google Brand Search,goog_brand_01,Google – Brand Search,119.4,8396,1323
2024-09-03,Google Non-Brand Search,goog_search_01,Google – Non-Brand Search NL,452.09,38136,1250
2024-09-03,Meta,fb_prospect_01,FB – Prospecting Lookalike NL,577.45,195110,2559
2024-09-03,Meta,fb_prospect_02,FB – Prospecting Interest EU,571.37,184937,2329
2024-09-03,Referral,referral_mgm_01,Referral – Member Get Member,1459.22,0,0
2024-09-03,TikTok,tiktok_upper_01,TikTok – Brand Awareness NL,377.61,156599,1195
2024-09-03,TikTok,tiktok_upper_02,TikTok – Brand Awareness EU,398.33,171613,1508
2024-09-04,Google App Campaigns,goog_ac_01,Google – App Campaign NL,357.16,101956,1506
2024-09-04,Google App Campaigns,goog_ac_02,Google – App Campaign EU,315.08,80476,1207
2024-09-04,Google Brand Search,goog_brand_01,Google – Brand Search,113.51,7766,1211
2024-09-04,Google Non-Brand Search,goog_search_01,Google – Non-Brand Search NL,477.61,42809,1562
2024-09-04,Meta,fb_prospect_01,FB – Prospecting Lookalike NL,513.48,173753,2058
2024-09-04,Meta,fb_prospect_02,FB – Prospecting Interest EU,534.96,178819,2222
2024-09-04,Referral,referral_mgm_01,Referral – Member Get Member,1751.77,0,0
2024-09-04,TikTok,tiktok_upper_01,TikTok – Brand Awareness NL,378.18,160246,1164
2024-09-04,TikTok,tiktok_upper_02,TikTok – Brand Awareness EU,380.56,177655,1486
2024-09-05,Google App Campaigns,goog_ac_01,Google – App Campaign NL,320.03,78660,1090
2024-09-05,Google App Campaigns,goog_ac_02,Google – App Campaign EU,327.07,92505,1366
2024-09-05,Google Brand Search,goog_brand_01,Google – Brand Search,114.28,7176,1109
2024-09-05,Google Non-Brand Search,goog_search_01,Google – Non-Brand Search NL,447.45,39321,1347
2024-09-05,Meta,fb_prospect_01,FB – Prospecting Lookalike NL,536.8,173189,2153
2024-09-05,Meta,fb_prospect_02,FB – Prospecting Interest EU,555.26,180117,2302
2024-09-05,Referral,referral_mgm_01,Referral – Member Get Member,2128.25,0,0
2024-09-05,TikTok,tiktok_upper_01,TikTok – Brand Awareness NL,375.82,164416,1230
2024-09-05,TikTok,tiktok_upper_02,TikTok – Brand Awareness EU,376.07,174812,1512
2024-09-06,Google App Campaigns,goog_ac_01,Google – App Campaign NL,428.35,121284,1735
2024-09-06,Google App Campaigns,goog_ac_02,Google – App Campaign EU,456.05,124769,1727
2024-09-06,Google Brand Search,goog_brand_01,Google – Brand Search,148.68,9806,1394
2024-09-06,Google Non-Brand Search,goog_search_01,Google – Non-Brand Search NL,539.45,45939,1588
2024-09-06,Meta,fb_prospect_01,FB – Prospecting Lookalike NL,567.52,202780,2415
2024-09-06,Meta,fb_prospect_02,FB – Prospecting Interest EU,649.69,200043,2293
2024-09-06,Referral,referral_mgm_01,Referral – Member Get Member,1356.68,0,0
2024-09-06,TikTok,tiktok_upper_01,TikTok – Brand Awareness NL,420.61,195174,1467
2024-09-06,TikTok,tiktok_upper_02,TikTok – Brand Awareness EU,486.39,226742,1677
2024-09-07,Google App Campaigns,goog_ac_01,Google – App Campaign NL,464.75,130783,1807
2024-09-07,Google App Campaigns,goog_ac_02,Google – App Campaign EU,447.82,117389,1935
2024-09-07,Google Brand Search,goog_brand_01,Google – Brand Search,136.01,9345,1395
2024-09-07,Google Non-Brand Search,goog_search_01,Google – Non-Brand Search NL,530.14,45468,1572
2024-09-07,Meta,fb_prospect_01,FB – Prospecting Lookalike NL,612.99,199866,2230
2024-09-07,Meta,fb_prospect_02,FB – Prospecting Interest EU,644.64,218409,2536
2024-09-07,Referral,referral_mgm_01,Referral – Member Get Member,1946.76,0,0
2024-09-07,TikTok,tiktok_upper_01,TikTok – Brand Awareness NL,482.46,217324,1744
2024-09-07,TikTok,tiktok_upper_02,TikTok – Brand Awareness EU,466.82,198243,1642
2024-09-08,Google App Campaigns,goog_ac_01,Google – App Campaign NL,446.54,113679,1575
2024-09-08,Google App Campaigns,goog_ac_02,Google – App Campaign EU,424.27,111099,1812
2024-09-08,Google Brand Search,goog_brand_01,Google – Brand Search,149.8,10657,1568
2024-09-08,Google Non-Brand Search,goog_search_01,Google – Non-Brand Search NL,543.62,50755,1864
2024-09-08,Meta,fb_prospect_01,FB – Prospecting Lookalike NL,581.6,205602,2570
2024-09-08,Meta,fb_prospect_02,FB – Prospecting Interest EU,640.91,226605,2513
2024-09-08,Referral,referral_mgm_01,Referral – Member Get Member,1710.6,0,0
2024-09-08,TikTok,tiktok_upper_01,TikTok – Brand Awareness NL,429.93,191274,1648
2024-09-08,TikTok,tiktok_upper_02,TikTok – Brand Awareness EU,493.14,219131,1678
2024-09-09,Google App Campaigns,goog_ac_01,Google – App Campaign NL,381.1,97575,1501
2024-09-09,Google App Campaigns,goog_ac_02,Google – App Campaign EU,326.87,85265,1335
2024-09-09,Google Brand Search,goog_brand_01,Google – Brand Search,107.14,7250,1192
2024-09-09,Google Non-Brand Search,goog_search_01,Google – Non-Brand Search NL,487.95,41206,1545
2024-09-09,Meta,fb_prospect_01,FB – Prospecting Lookalike NL,489.23,162683,2036
2024-09-09,Meta,fb_prospect_02,FB – Prospecting Interest EU,498.12,172886,2127
2024-09-09,Referral,referral_mgm_01,Referral – Member Get Member,2327.92,0,0
2024-09-09,TikTok,tiktok_upper_01,TikTok – Brand Awareness NL,373.83,157132,1200
2024-09-09,TikTok,tiktok_upper_02,TikTok – Brand Awareness EU,419.0,185458,1435
2024-09-10,Google App Campaigns,goog_ac_01,Google – App Campaign NL,387.19,99004,1443
2024-09-10,Google App Campaigns,goog_ac_02,Google – App Campaign EU,374.86,94504,1320
2024-09-10,Google Brand Search,goog_brand_01,Google – Brand Search,105.87,6911,998
2024-09-10,Google Non-Brand Search,goog_search_01,Google – Non-Brand Search NL,471.45,40187,1331
2024-09-10,Meta,fb_prospect_01,FB – Prospecting Lookalike NL,490.7,169894,1931
2024-09-10,Meta,fb_prospect_02,FB – Prospecting Interest EU,585.56,186684,2122
2024-09-10,Referral,referral_mgm_01,Referral – Member Get Member,1649.68,0,0
2024-09-10,TikTok,tiktok_upper_01,TikTok – Brand Awareness NL,386.9,180227,1468
2024-09-10,TikTok,tiktok_upper_02,TikTok – Brand Awareness EU,410.09,186799,1551
2024-09-11,Google App Campaigns,goog_ac_01,Google – App Campaign NL,391.64,99823,1440
2024-09-11,Google App Campaigns,goog_ac_02,Google – App Campaign EU,327.46,84628,1226
2024-09-11,Google Brand Search,goog_brand_01,Google – Brand Search,108.57,6666,1069
2024-09-11,Google Non-Brand Search,goog_search_01,Google – Non-Brand Search NL,488.11,41232,1564
2024-09-11,Meta,fb_prospect_01,FB – Prospecting Lookalike NL,535.35,175936,2096
2024-09-11,Meta,fb_prospect_02,FB – Prospecting Interest EU,488.24,170867,2219
2024-09-11,Referral,referral_mgm_01,Referral – Member Get Member,2096.02,0,0
2024-09-11,TikTok,tiktok_upper_01,TikTok – Brand Awareness NL,340.79,154399,1266
2024-09-11,TikTok,tiktok_upper_02,TikTok – Brand Awareness EU,344.44,148602,1276
2024-09-12,Google App Campaigns,goog_ac_01,Google – App Campaign NL,317.47,83839,1325
2024-09-12,Google App Campaigns,goog_ac_02,Google – App Campaign EU,369.4,101687,1495
2024-09-12,Google Brand Search,goog_brand_01,Google – Brand Search,126.52,8025,1152
2024-09-12,Google Non-Brand Search,goog_search_01,Google – Non-Brand Search NL,442.91,39569,1302
2024-09-12,Meta,fb_prospect_01,FB – Prospecting Lookalike NL,506.5,171945,1946
2024-09-12,Meta,fb_prospect_02,FB – Prospecting Interest EU,545.53,189607,2123
2024-09-12,Referral,referral_mgm_01,Referral – Member Get Member,1897.11,0,0
2024-09-12,TikTok,tiktok_upper_01,TikTok – Brand Awareness NL,402.78,174870,1424
2024-09-12,TikTok,tiktok_upper_02,TikTok – Brand Awareness EU,358.52,150887,1200
2024-09-13,Google App Campaigns,goog_ac_01,Google – App Campaign NL,437.25,107748,1456
2024-09-13,Google App Campaigns,goog_ac_02,Google – App Campaign EU,463.9,114728,1728
2024-09-13,Google Brand Search,goog_brand_01,Google – Brand Search,133.29,9432,1488
2024-09-13,Google Non-Brand Search,goog_search_01,Google – Non-Brand Search NL,583.26,49341,1862
2024-09-13,Meta,fb_prospect_01,FB – Prospecting Lookalike NL,687.32,233853,2881
2024-09-13,Meta,fb_prospect_02,FB – Prospecting Interest EU,646.51,213257,2467
2024-09-13,Referral,referral_mgm_01,Referral – Member Get Member,1543.44,0,0
2024-09-13,TikTok,tiktok_upper_01,TikTok – Brand Awareness NL,461.52,204683,1670
2024-09-13,TikTok,tiktok_upper_02,TikTok – Brand Awareness EU,453.88,215262,1839
2024-09-14,Google App Campaigns,goog_ac_01,Google – App Campaign NL,433.81,108653,1732
2024-09-14,Google App Campaigns,goog_ac_02,Google – App Campaign EU,404.67,108762,1647
2024-09-14,Google Brand Search,goog_brand_01,Google – Brand Search,132.29,8539,1189
2024-09-14,Google Non-Brand Search,goog_search_01,Google – Non-Brand Search NL,581.58,48019,1568
2024-09-14,Meta,fb_prospect_01,FB – Prospecting Lookalike NL,589.12,206761,2311
2024-09-14,Meta,fb_prospect_02,FB – Prospecting Interest EU,702.61,223917,2644
2024-09-14,Referral,referral_mgm_01,Referral – Member Get Member,2122.45,0,0
2024-09-14,TikTok,tiktok_upper_01,TikTok – Brand Awareness NL,432.13,181324,1396
2024-09-14,TikTok,tiktok_upper_02,TikTok – Brand Awareness EU,449.51,191655,1685
2024-09-15,Google App Campaigns,goog_ac_01,Google – App Campaign NL,426.57,107373,1561
2024-09-15,Google App Campaigns,goog_ac_02,Google – App Campaign EU,450.11,113777,1733
2024-09-15,Google Brand Search,goog_brand_01,Google – Brand Search,141.01,9827,1449
2024-09-15,Google Non-Brand Search,goog_search_01,Google – Non-Brand Search NL,556.25,45896,1745
2024-09-15,Meta,fb_prospect_01,FB – Prospecting Lookalike NL,598.9,194638,2312
2024-09-15,Meta,fb_prospect_02,FB – Prospecting Interest EU,630.87,226585,2568
2024-09-15,Referral,referral_mgm_01,Referral – Member Get Member,1842.65,0,0
2024-09-15,TikTok,tiktok_upper_01,TikTok – Brand Awareness NL,507.46,226004,1852
2024-09-15,TikTok,tiktok_upper_02,TikTok – Brand Awareness EU,445.04,190713,1525
2024-09-16,Google App Campaigns,goog_ac_01,Google – App Campaign NL,361.91,93336,1266
2024-09-16,Google App Campaigns,goog_ac_02,Google – App Campaign EU,366.29,102763,1525
2024-09-16,Google Brand Search,goog_brand_01,Google – Brand Search,129.7,8191,1255
2024-09-16,Google Non-Brand Search,goog_search_01,Google – Non-Brand Search NL,434.94,37350,1309
2024-09-16,Meta,fb_prospect_01,FB – Prospecting Lookalike NL,587.35,197525,2459
2024-09-16,Meta,fb_prospect_02,FB – Prospecting Interest EU,543.08,190524,2451
2024-09-16,Referral,referral_mgm_01,Referral – Member Get Member,1606.08,0,0
2024-09-16,TikTok,tiktok_upper_01,TikTok – Brand Awareness NL,424.31,182259,1432
2024-09-16,TikTok,tiktok_upper_02,TikTok – Brand Awareness EU,407.86,176736,1374
2024-09-17,Google App Campaigns,goog_ac_01,Google – App Campaign NL,361.0,89209,1321
2024-09-17,Google App Campaigns,goog_ac_02,Google – App Campaign EU,332.01,94438,1550
2024-09-17,Google Brand Search,goog_brand_01,Google – Brand Search,119.36,8433,1264
2024-09-17,Google Non-Brand Search,goog_search_01,Google – Non-Brand Search NL,450.26,37942,1252
2024-09-17,Meta,fb_prospect_01,FB – Prospecting Lookalike NL,468.78,156413,1922
2024-09-17,Meta,fb_prospect_02,FB – Prospecting Interest EU,500.66,165060,2001
2024-09-17,Referral,referral_mgm_01,Referral – Member Get Member,1571.85,0,0
2024-09-17,TikTok,tiktok_upper_01,TikTok – Brand Awareness NL,407.35,193675,1430
2024-09-17,TikTok,tiktok_upper_02,TikTok – Brand Awareness EU,423.3,191187,1610
2024-09-18,Google App Campaigns,goog_ac_01,Google – App Campaign NL,390.24,100347,1552
2024-09-18,Google App Campaigns,goog_ac_02,Google – App Campaign EU,321.25,85308,1206
2024-09-18,Google Brand Search,goog_brand_01,Google – Brand Search,122.58,8113,1167
2024-09-18,Google Non-Brand Search,goog_search_01,Google – Non-Brand Search NL,423.36,34643,1169
2024-09-18,Meta,fb_prospect_01,FB – Prospecting Lookalike NL,502.19,178897,2073
2024-09-18,Meta,fb_prospect_02,FB – Prospecting Interest EU,567.2,201042,2403
2024-09-18,Referral,referral_mgm_01,Referral – Member Get Member,1691.71,0,0
2024-09-18,TikTok,tiktok_upper_01,TikTok – Brand Awareness NL,343.02,141229,1067
2024-09-18,TikTok,tiktok_upper_02,TikTok – Brand Awareness EU,415.59,188296,1524
2024-09-19,Google App Campaigns,goog_ac_01,Google – App Campaign NL,385.35,95309,1335
2024-09-19,Google App Campaigns,goog_ac_02,Google – App Campaign EU,317.87,80589,1088
2024-09-19,Google Brand Search,goog_brand_01,Google – Brand Search,116.69,7160,1111
2024-09-19,Google Non-Brand Search,goog_search_01,Google – Non-Brand Search NL,473.48,42277,1525
2024-09-19,Meta,fb_prospect_01,FB – Prospecting Lookalike NL,508.16,176060,1953
2024-09-19,Meta,fb_prospect_02,FB – Prospecting Interest EU,503.81,173751,2137
2024-09-19,Referral,referral_mgm_01,Referral – Member Get Member,2034.78,0,0
2024-09-19,TikTok,tiktok_upper_01,TikTok – Brand Awareness NL,429.27,204202,1510
2024-09-19,TikTok,tiktok_upper_02,TikTok – Brand Awareness EU,376.18,171172,1432
2024-09-20,Google App Campaigns,goog_ac_01,Google – App Campaign NL,421.95,109720,1728
2024-09-20,Google App Campaigns,goog_ac_02,Google – App Campaign EU,432.2,110777,1552
2024-09-20,Google Brand Search,goog_brand_01,Google – Brand Search,127.4,7884,1283
2024-09-20,Google Non-Brand Search,goog_search_01,Google – Non-Brand Search NL,522.68,46156,1508
2024-09-20,Meta,fb_prospect_01,FB – Prospecting Lookalike NL,646.39,221723,2459
2024-09-20,Meta,fb_prospect_02,FB – Prospecting Interest EU,656.45,232132,3049
2024-09-20,Referral,referral_mgm_01,Referral – Member Get Member,1761.12,0,0
2024-09-20,TikTok,tiktok_upper_01,TikTok – Brand Awareness NL,411.51,193608,1400
2024-09-20,TikTok,tiktok_upper_02,TikTok – Brand Awareness EU,464.17,219332,1779
2024-09-21,Google App Campaigns,goog_ac_01,Google – App Campaign NL,386.97,104196,1436
2024-09-21,Google App Campaigns,goog_ac_02,Google – App Campaign EU,387.03,102886,1525
2024-09-21,Google Brand Search,goog_brand_01,Google – Brand Search,134.87,9422,1530
2024-09-21,Google Non-Brand Search,goog_search_01,Google – Non-Brand Search NL,518.24,42412,1392
2024-09-21,Meta,fb_prospect_01,FB – Prospecting Lookalike NL,615.6,203516,2381
2024-09-21,Meta,fb_prospect_02,FB – Prospecting Interest EU,560.13,180521,2002
2024-09-21,Referral,referral_mgm_01,Referral – Member Get Member,1487.47,0,0
2024-09-21,TikTok,tiktok_upper_01,TikTok – Brand Awareness NL,413.57,171255,1356
2024-09-21,TikTok,tiktok_upper_02,TikTok – Brand Awareness EU,432.61,206505,1787
2024-09-22,Google App Campaigns,goog_ac_01,Google – App Campaign NL,423.77,115772,1739
2024-09-22,Google App Campaigns,goog_ac_02,Google – App Campaign EU,397.15,99177,1582
2024-09-22,Google Brand Search,goog_brand_01,Google – Brand Search,154.51,10714,1727
2024-09-22,Google Non-Brand Search,goog_search_01,Google – Non-Brand Search NL,564.78,46684,1554
2024-09-22,Meta,fb_prospect_01,FB – Prospecting Lookalike NL,620.57,209001,2326
2024-09-22,Meta,fb_prospect_02,FB – Prospecting Interest EU,598.74,193383,2209
2024-09-22,Referral,referral_mgm_01,Referral – Member Get Member,1924.24,0,0
2024-09-22,TikTok,tiktok_upper_01,TikTok – Brand Awareness NL,450.4,197135,1644
2024-09-22,TikTok,tiktok_upper_02,TikTok – Brand Awareness EU,474.84,200374,1476
2024-09-23,Google App Campaigns,goog_ac_01,Google – App Campaign NL,392.17,104417,1708
2024-09-23,Google App Campaigns,goog_ac_02,Google – App Campaign EU,388.61,109021,1752
2024-09-23,Google Brand Search,goog_brand_01,Google – Brand Search,126.33,7987,1253
2024-09-23,Google Non-Brand Search,goog_search_01,Google – Non-Brand Search NL,459.59,42528,1511
2024-09-23,Meta,fb_prospect_01,FB – Prospecting Lookalike NL,481.51,170407,1990
2024-09-23,Meta,fb_prospect_02,FB – Prospecting Interest EU,468.27,151791,1955
2024-09-23,Referral,referral_mgm_01,Referral – Member Get Member,1564.88,0,0
2024-09-23,TikTok,tiktok_upper_01,TikTok – Brand Awareness NL,393.41,172691,1360
2024-09-23,TikTok,tiktok_upper_02,TikTok – Brand Awareness EU,355.8,161948,1317
2024-09-24,Google App Campaigns,goog_ac_01,Google – App Campaign NL,387.53,106121,1674
2024-09-24,Google App Campaigns,goog_ac_02,Google – App Campaign EU,363.64,104594,1486
2024-09-24,Google Brand Search,goog_brand_01,Google – Brand Search,123.26,8514,1234
2024-09-24,Google Non-Brand Search,goog_search_01,Google – Non-Brand Search NL,446.02,37061,1311
2024-09-24,Meta,fb_prospect_01,FB – Prospecting Lookalike NL,560.91,188610,2175
2024-09-24,Meta,fb_prospect_02,FB – Prospecting Interest EU,538.66,174729,2074
2024-09-24,Referral,referral_mgm_01,Referral – Member Get Member,1776.54,0,0
2024-09-24,TikTok,tiktok_upper_01,TikTok – Brand Awareness NL,426.17,183427,1609
2024-09-24,TikTok,tiktok_upper_02,TikTok – Brand Awareness EU,372.79,157723,1163
2024-09-25,Google App Campaigns,goog_ac_01,Google – App Campaign NL,317.15,90228,1327
2024-09-25,Google App Campaigns,goog_ac_02,Google – App Campaign EU,341.8,85115,1310
2024-09-25,Google Brand Search,goog_brand_01,Google – Brand Search,109.82,7440,1210
2024-09-25,Google Non-Brand Search,goog_search_01,Google – Non-Brand Search NL,514.3,42358,1376
2024-09-25,Meta,fb_prospect_01,FB – Prospecting Lookalike NL,515.6,165016,1919
2024-09-25,Meta,fb_prospect_02,FB – Prospecting Interest EU,542.41,176319,2071
2024-09-25,Referral,referral_mgm_01,Referral – Member Get Member,2128.89,0,0
2024-09-25,TikTok,tiktok_upper_01,TikTok – Brand Awareness NL,339.05,153876,1353
2024-09-25,TikTok,tiktok_upper_02,TikTok – Brand Awareness EU,365.07,154047,1178
2024-09-26,Google App Campaigns,goog_ac_01,Google – App Campaign NL,342.78,84713,1363
2024-09-26,Google App Campaigns,goog_ac_02,Google – App Campaign EU,363.55,93814,1285
2024-09-26,Google Brand Search,goog_brand_01,Google – Brand Search,111.47,7922,1248
2024-09-26,Google Non-Brand Search,goog_search_01,Google – Non-Brand Search NL,498.36,46060,1665
2024-09-26,Meta,fb_prospect_01,FB – Prospecting Lookalike NL,507.08,176479,2199
2024-09-26,Meta,fb_prospect_02,FB – Prospecting Interest EU,545.9,191557,2195
2024-09-26,Referral,referral_mgm_01,Referral – Member Get Member,1959.19,0,0
2024-09-26,TikTok,tiktok_upper_01,TikTok – Brand Awareness NL,378.26,163913,1380
2024-09-26,TikTok,tiktok_upper_02,TikTok – Brand Awareness EU,406.36,173286,1291
2024-09-27,Google App Campaigns,goog_ac_01,Google – App Campaign NL,467.28,133615,1975
2024-09-27,Google App Campaigns,goog_ac_02,Google – App Campaign EU,456.97,128257,1852
2024-09-27,Google Brand Search,goog_brand_01,Google – Brand Search,147.36,10060,1563
2024-09-27,Google Non-Brand Search,goog_search_01,Google – Non-Brand Search NL,519.29,49829,1580
2024-09-27,Meta,fb_prospect_01,FB – Prospecting Lookalike NL,609.4,213503,2636
2024-09-27,Meta,fb_prospect_02,FB – Prospecting Interest EU,566.08,177890,2304
2024-09-27,Referral,referral_mgm_01,Referral – Member Get Member,1684.47,0,0
2024-09-27,TikTok,tiktok_upper_01,TikTok – Brand Awareness NL,478.25,217688,1881
2024-09-27,TikTok,tiktok_upper_02,TikTok – Brand Awareness EU,508.17,229308,1803
2024-09-28,Google App Campaigns,goog_ac_01,Google – App Campaign NL,423.23,120629,1831
2024-09-28,Google App Campaigns,goog_ac_02,Google – App Campaign EU,416.27,119501,1778
2024-09-28,Google Brand Search,goog_brand_01,Google – Brand Search,137.98,9474,1290
2024-09-28,Google Non-Brand Search,goog_search_01,Google – Non-Brand Search NL,558.57,48948,1648
2024-09-28,Meta,fb_prospect_01,FB – Prospecting Lookalike NL,672.85,213120,2423
2024-09-28,Meta,fb_prospect_02,FB – Prospecting Interest EU,672.2,209223,2354
2024-09-28,Referral,referral_mgm_01,Referral – Member Get Member,1767.34,0,0
2024-09-28,TikTok,tiktok_upper_01,TikTok – Brand Awareness NL,433.77,199620,1505
2024-09-28,TikTok,tiktok_upper_02,TikTok – Brand Awareness EU,497.19,211042,1754
2024-09-29,Google App Campaigns,goog_ac_01,Google – App Campaign NL,410.47,104006,1630
2024-09-29,Google App Campaigns,goog_ac_02,Google – App Campaign EU,424.57,104727,1714
2024-09-29,Google Brand Search,goog_brand_01,Google – Brand Search,143.63,10012,1352
2024-09-29,Google Non-Brand Search,goog_search_01,Google – Non-Brand Search NL,519.62,45104,1541
2024-09-29,Meta,fb_prospect_01,FB – Prospecting Lookalike NL,608.02,191758,2175
2024-09-29,Meta,fb_prospect_02,FB – Prospecting Interest EU,678.1,217629,2754
2024-09-29,Referral,referral_mgm_01,Referral – Member Get Member,1989.93,0,0
2024-09-29,TikTok,tiktok_upper_01,TikTok – Brand Awareness NL,480.91,203518,1590
2024-09-29,TikTok,tiktok_upper_02,TikTok – Brand Awareness EU,421.71,189007,1581
2024-09-30,Google App Campaigns,goog_ac_01,Google – App Campaign NL,384.73,97738,1596
2024-09-30,Google App Campaigns,goog_ac_02,Google – App Campaign EU,327.03,82033,1306
2024-09-30,Google Brand Search,goog_brand_01,Google – Brand Search,113.39,7954,1157
2024-09-30,Google Non-Brand Search,goog_search_01,Google – Non-Brand Search NL,509.18,46989,1795
2024-09-30,Meta,fb_prospect_01,FB – Prospecting Lookalike NL,507.02,167462,2072
2024-09-30,Meta,fb_prospect_02,FB – Prospecting Interest EU,515.79,178302,1964
2024-09-30,Referral,referral_mgm_01,Referral – Member Get Member,1463.59,0,0
2024-09-30,TikTok,tiktok_upper_01,TikTok – Brand Awareness NL,423.86,192782,1680
2024-09-30,TikTok,tiktok_upper_02,TikTok – Brand Awareness EU,413.25,196238,1600
2024-10-01,Google App Campaigns,goog_ac_01,Google – App Campaign NL,372.36,93110,1286
2024-10-01,Google App Campaigns,goog_ac_02,Google – App Campaign EU,377.03,93385,1486
2024-10-01,Google Brand Search,goog_brand_01,Google – Brand Search,108.38,7378,1009
2024-10-01,Google Non-Brand Search,goog_search_01,Google – Non-Brand Search NL,506.62,42448,1490
2024-10-01,Meta,fb_prospect_01,FB – Prospecting Lookalike NL,579.39,194069,2178
2024-10-01,Meta,fb_prospect_02,FB – Prospecting Interest EU,543.39,172201,1885
2024-10-01,Referral,referral_mgm_01,Referral – Member Get Member,2150.04,0,0
2024-10-01,TikTok,tiktok_upper_01,TikTok – Brand Awareness NL,387.45,170701,1230
2024-10-01,TikTok,tiktok_upper_02,TikTok – Brand Awareness EU,390.86,180594,1350
2024-10-02,Google App Campaigns,goog_ac_01,Google – App Campaign NL,389.34,110677,1786
2024-10-02,Google App Campaigns,goog_ac_02,Google – App Campaign EU,325.97,85702,1348
2024-10-02,Google Brand Search,goog_brand_01,Google – Brand Search,114.91,8101,1154
2024-10-02,Google Non-Brand Search,goog_search_01,Google – Non-Brand Search NL,451.73,41201,1366
2024-10-02,Meta,fb_prospect_01,FB – Prospecting Lookalike NL,534.21,192283,2088
2024-10-02,Meta,fb_prospect_02,FB – Prospecting Interest EU,462.04,150325,1754
2024-10-02,Referral,referral_mgm_01,Referral – Member Get Member,2046.06,0,0
2024-10-02,TikTok,tiktok_upper_01,TikTok – Brand Awareness NL,424.96,180038,1492
2024-10-02,TikTok,tiktok_upper_02,TikTok – Brand Awareness EU,349.74,148217,1173
2024-10-03,Google App Campaigns,goog_ac_01,Google – App Campaign NL,380.97,103079,1422
2024-10-03,Google App Campaigns,goog_ac_02,Google – App Campaign EU,359.68,95424,1381
2024-10-03,Google Brand Search,goog_brand_01,Google – Brand Search,111.15,6989,1062
2024-10-03,Google Non-Brand Search,goog_search_01,Google – Non-Brand Search NL,428.75,41044,1342
2024-10-03,Meta,fb_prospect_01,FB – Prospecting Lookalike NL,476.2,161934,2088
2024-10-03,Meta,fb_prospect_02,FB – Prospecting Interest EU,507.68,160250,1884
2024-10-03,Referral,referral_mgm_01,Referral – Member Get Member,1612.61,0,0
2024-10-03,TikTok,tiktok_upper_01,TikTok – Brand Awareness NL,426.79,183804,1329
2024-10-03,TikTok,tiktok_upper_02,TikTok – Brand Awareness EU,361.41,152175,1218
2024-10-04,Google App Campaigns,goog_ac_01,Google – App Campaign NL,429.73,111784,1789
2024-10-04,Google App Campaigns,goog_ac_02,Google – App Campaign EU,453.69,117071,1793
2024-10-04,Google Brand Search,goog_brand_01,Google – Brand Search,145.72,9866,1508
2024-10-04,Google Non-Brand Search,goog_search_01,Google – Non-Brand Search NL,549.81,44969,1718
2024-10-04,Meta,fb_prospect_01,FB – Prospecting Lookalike NL,600.72,190570,2493
2024-10-04,Meta,fb_prospect_02,FB – Prospecting Interest EU,676.96,219989,2819
2024-10-04,Referral,referral_mgm_01,Referral – Member Get Member,1667.52,0,0
2024-10-04,TikTok,tiktok_upper_01,TikTok – Brand Awareness NL,454.57,193935,1529
2024-10-04,TikTok,tiktok_upper_02,TikTok – Brand Awareness EU,479.99,205876,1783
2024-10-05,Google App Campaigns,goog_ac_01,Google – App Campaign NL,407.55,105774,1640
2024-10-05,Google App Campaigns,goog_ac_02,Google – App Campaign EU,391.79,111655,1628
2024-10-05,Google Brand Search,goog_brand_01,Google – Brand Search,135.26,9251,1291
2024-10-05,Google Non-Brand Search,goog_search_01,Google – Non-Brand Search NL,513.27,43248,1643
2024-10-05,Meta,fb_prospect_01,FB – Prospecting Lookalike NL,597.92,185413,2157
2024-10-05,Meta,fb_prospect_02,FB – Prospecting Interest EU,581.03,198698,2564
2024-10-05,Referral,referral_mgm_01,Referral – Member Get Member,1819.99,0,0
2024-10-05,TikTok,tiktok_upper_01,TikTok – Brand Awareness NL,466.4,200324,1753
2024-10-05,TikTok,tiktok_upper_02,TikTok – Brand Awareness EU,474.26,216546,1716
2024-10-06,Google App Campaigns,goog_ac_01,Google – App Campaign NL,448.15,117298,1697
2024-10-06,Google App Campaigns,goog_ac_02,Google – App Campaign EU,450.08,124182,2029
2024-10-06,Google Brand Search,goog_brand_01,Google – Brand Search,147.93,9746,1546
2024-10-06,Google Non-Brand Search,goog_search_01,Google – Non-Brand Search NL,576.95,49598,1731
2024-10-06,Meta,fb_prospect_01,FB – Prospecting Lookalike NL,603.69,189258,2490
2024-10-06,Meta,fb_prospect_02,FB – Prospecting Interest EU,656.72,231188,2913
2024-10-06,Referral,referral_mgm_01,Referral – Member Get Member,2134.49,0,0
2024-10-06,TikTok,tiktok_upper_01,TikTok – Brand Awareness NL,426.97,201278,1496
2024-10-06,TikTok,tiktok_upper_02,TikTok – Brand Awareness EU,407.58,181181,1554
2024-10-07,Google App Campaigns,goog_ac_01,Google – App Campaign NL,360.61,97032,1326
2024-10-07,Google App Campaigns,goog_ac_02,Google – App Campaign EU,364.88,96198,1502
2024-10-07,Google Brand Search,goog_brand_01,Google – Brand Search,124.37,8459,1198
2024-10-07,Google Non-Brand Search,goog_search_01,Google – Non-Brand Search NL,421.59,38738,1297
2024-10-07,Meta,fb_prospect_01,FB – Prospecting Lookalike NL,534.38,177413,2141
2024-10-07,Meta,fb_prospect_02,FB – Prospecting Interest EU,470.48,166794,2165
2024-10-07,Referral,referral_mgm_01,Referral – Member Get Member,1509.71,0,0
2024-10-07,TikTok,tiktok_upper_01,TikTok – Brand Awareness NL,391.8,160465,1300
2024-10-07,TikTok,tiktok_upper_02,TikTok – Brand Awareness EU,396.31,187839,1476
2024-10-08,Google App Campaigns,goog_ac_01,Google – App Campaign NL,318.77,82334,1215
2024-10-08,Google App Campaigns,goog_ac_02,Google – App Campaign EU,329.1,86646,1187
2024-10-08,Google Brand Search,goog_brand_01,Google – Brand Search,126.09,7798,1183
2024-10-08,Google Non-Brand Search,goog_search_01,Google – Non-Brand Search NL,429.09,39170,1304
2024-10-08,Meta,fb_prospect_01,FB – Prospecting Lookalike NL,542.85,184266,1994
2024-10-08,Meta,fb_prospect_02,FB – Prospecting Interest EU,538.57,186268,2355
2024-10-08,Referral,referral_mgm_01,Referral – Member Get Member,1639.56,0,0
2024-10-08,TikTok,tiktok_upper_01,TikTok – Brand Awareness NL,378.51,177259,1447
2024-10-08,TikTok,tiktok_upper_02,TikTok – Brand Awareness EU,344.25,151602,1166
2024-10-09,Google App Campaigns,goog_ac_01,Google – App Campaign NL,364.27,94968,1363
2024-10-09,Google App Campaigns,goog_ac_02,Google – App Campaign EU,331.08,94106,1495
2024-10-09,Google Brand Search,goog_brand_01,Google – Brand Search,106.04,7101,986
2024-10-09,Google Non-Brand Search,goog_search_01,Google – Non-Brand Search NL,431.37,39857,1371
2024-10-09,Meta,fb_prospect_01,FB – Prospecting Lookalike NL,535.13,166425,1970
2024-10-09,Meta,fb_prospect_02,FB – Prospecting Interest EU,485.02,171590,2036
2024-10-09,Referral,referral_mgm_01,Referral – Member Get Member,2385.59,0,0
2024-10-09,TikTok,tiktok_upper_01,TikTok – Brand Awareness NL,374.0,174120,1471
2024-10-09,TikTok,tiktok_upper_02,TikTok – Brand Awareness EU,372.53,168818,1276
2024-10-10,Google App Campaigns,goog_ac_01,Google – App Campaign NL,327.83,88512,1394
2024-10-10,Google App Campaigns,goog_ac_02,Google – App Campaign EU,345.38,97517,1424
2024-10-10,Google Brand Search,goog_brand_01,Google – Brand Search,106.04,6582,926
2024-10-10,Google Non-Brand Search,goog_search_01,Google – Non-Brand Search NL,435.91,39268,1352
2024-10-10,Meta,fb_prospect_01,FB – Prospecting Lookalike NL,539.51,190449,2221
2024-10-10,Meta,fb_prospect_02,FB – Prospecting Interest EU,531.19,177513,2302
2024-10-10,Referral,referral_mgm_01,Referral – Member Get Member,1858.73,0,0
2024-10-10,TikTok,tiktok_upper_01,TikTok – Brand Awareness NL,357.27,163766,1246
2024-10-10,TikTok,tiktok_upper_02,TikTok – Brand Awareness EU,420.12,191415,1632
2024-10-11,Google App Campaigns,goog_ac_01,Google – App Campaign NL,461.03,115017,1574
2024-10-11,Google App Campaigns,goog_ac_02,Google – App Campaign EU,454.35,121863,1795
2024-10-11,Google Brand Search,goog_brand_01,Google – Brand Search,148.01,10296,1559
2024-10-11,Google Non-Brand Search,goog_search_01,Google – Non-Brand Search NL,622.62,58348,1861
2024-10-11,Meta,fb_prospect_01,FB – Prospecting Lookalike NL,667.72,215133,2386
2024-10-11,Meta,fb_prospect_02,FB – Prospecting Interest EU,690.58,243234,2657
2024-10-11,Referral,referral_mgm_01,Referral – Member Get Member,1939.83,0,0
2024-10-11,TikTok,tiktok_upper_01,TikTok – Brand Awareness NL,490.59,231716,1869
2024-10-11,TikTok,tiktok_upper_02,TikTok – Brand Awareness EU,417.18,186434,1597
2024-10-12,Google App Campaigns,goog_ac_01,Google – App Campaign NL,458.65,129772,2004
2024-10-12,Google App Campaigns,goog_ac_02,Google – App Campaign EU,409.58,116321,1673
2024-10-12,Google Brand Search,goog_brand_01,Google – Brand Search,157.67,9932,1623
2024-10-12,Google Non-Brand Search,goog_search_01,Google – Non-Brand Search NL,537.02,50686,1838
2024-10-12,Meta,fb_prospect_01,FB – Prospecting Lookalike NL,569.27,177621,2243
2024-10-12,Meta,fb_prospect_02,FB – Prospecting Interest EU,564.13,175062,2263
2024-10-12,Referral,referral_mgm_01,Referral – Member Get Member,2065.54,0,0
2024-10-12,TikTok,tiktok_upper_01,TikTok – Brand Awareness NL,514.22,235345,1732
2024-10-12,TikTok,tiktok_upper_02,TikTok – Brand Awareness EU,427.43,199884,1757
2024-10-13,Google App Campaigns,goog_ac_01,Google – App Campaign NL,475.92,136403,1856
2024-10-13,Google App Campaigns,goog_ac_02,Google – App Campaign EU,415.73,115467,1819
2024-10-13,Google Brand Search,goog_brand_01,Google – Brand Search,143.77,9184,1253
2024-10-13,Google Non-Brand Search,goog_search_01,Google – Non-Brand Search NL,511.19,46235,1502
2024-10-13,Meta,fb_prospect_01,FB – Prospecting Lookalike NL,673.51,238761,2968
2024-10-13,Meta,fb_prospect_02,FB – Prospecting Interest EU,564.63,178668,2338
2024-10-13,Referral,referral_mgm_01,Referral – Member Get Member,1989.36,0,0
2024-10-13,TikTok,tiktok_upper_01,TikTok – Brand Awareness NL,473.27,215997,1870
2024-10-13,TikTok,tiktok_upper_02,TikTok – Brand Awareness EU,447.61,205926,1693
2024-10-14,Google App Campaigns,goog_ac_01,Google – App Campaign NL,334.49,89582,1268
2024-10-14,Google App Campaigns,goog_ac_02,Google – App Campaign EU,316.93,87324,1321
2024-10-14,Google Brand Search,goog_brand_01,Google – Brand Search,134.24,8898,1431
2024-10-14,Google Non-Brand Search,goog_search_01,Google – Non-Brand Search NL,498.42,41380,1591
2024-10-14,Meta,fb_prospect_01,FB – Prospecting Lookalike NL,507.16,172198,2004
2024-10-14,Meta,fb_prospect_02,FB – Prospecting Interest EU,556.03,194278,2506
2024-10-14,Referral,referral_mgm_01,Referral – Member Get Member,1948.45,0,0
2024-10-14,TikTok,tiktok_upper_01,TikTok – Brand Awareness NL,345.29,163551,1371
2024-10-14,TikTok,tiktok_upper_02,TikTok – Brand Awareness EU,423.8,187450,1473
2024-10-15,Google App Campaigns,goog_ac_01,Google – App Campaign NL,358.16,101732,1573
2024-10-15,Google App Campaigns,goog_ac_02,Google – App Campaign EU,347.61,91419,1399
2024-10-15,Google Brand Search,goog_brand_01,Google – Brand Search,126.53,8712,1392
2024-10-15,Google Non-Brand Search,goog_search_01,Google – Non-Brand Search NL,502.55,45130,1581
2024-10-15,Meta,fb_prospect_01,FB – Prospecting Lookalike NL,565.32,194189,2158
2024-10-15,Meta,fb_prospect_02,FB – Prospecting Interest EU,476.39,165704,2037
2024-10-15,Referral,referral_mgm_01,Referral – Member Get Member,1885.44,0,0
2024-10-15,TikTok,tiktok_upper_01,TikTok – Brand Awareness NL,360.37,166251,1430
2024-10-15,TikTok,tiktok_upper_02,TikTok – Brand Awareness EU,413.0,192711,1529
2024-10-16,Google App Campaigns,goog_ac_01,Google – App Campaign NL,373.26,105038,1644
2024-10-16,Google App Campaigns,goog_ac_02,Google – App Campaign EU,328.61,85753,1198
2024-10-16,Google Brand Search,goog_brand_01,Google – Brand Search,128.4,8794,1265
2024-10-16,Google Non-Brand Search,goog_search_01,Google – Non-Brand Search NL,494.2,42158,1482
2024-10-16,Meta,fb_prospect_01,FB – Prospecting Lookalike NL,527.98,184266,2122
2024-10-16,Meta,fb_prospect_02,FB – Prospecting Interest EU,487.44,158599,1868
2024-10-16,Referral,referral_mgm_01,Referral – Member Get Member,1809.61,0,0
2024-10-16,TikTok,tiktok_upper_01,TikTok – Brand Awareness NL,343.68,158976,1274
2024-10-16,TikTok,tiktok_upper_02,TikTok – Brand Awareness EU,344.8,157633,1315
2024-10-17,Google App Campaigns,goog_ac_01,Google – App Campaign NL,353.27,100071,1633
2024-10-17,Google App Campaigns,goog_ac_02,Google – App Campaign EU,332.5,82992,1314
2024-10-17,Google Brand Search,goog_brand_01,Google – Brand Search,112.84,6972,1112
2024-10-17,Google Non-Brand Search,goog_search_01,Google – Non-Brand Search NL,529.18,49774,1576
2024-10-17,Meta,fb_prospect_01,FB – Prospecting Lookalike NL,521.64,165490,1936
2024-10-17,Meta,fb_prospect_02,FB – Prospecting Interest EU,503.94,161818,1967
2024-10-17,Referral,referral_mgm_01,Referral – Member Get Member,2366.66,0,0
2024-10-17,TikTok,tiktok_upper_01,TikTok – Brand Awareness NL,368.6,167841,1355
2024-10-17,TikTok,tiktok_upper_02,TikTok – Brand Awareness EU,346.8,163356,1309
2024-10-18,Google App Campaigns,goog_ac_01,Google – App Campaign NL,389.64,98835,1522
2024-10-18,Google App Campaigns,goog_ac_02,Google – App Campaign EU,406.18,101718,1419
2024-10-18,Google Brand Search,goog_brand_01,Google – Brand Search,132.82,9155,1312
2024-10-18,Google Non-Brand Search,goog_search_01,Google – Non-Brand Search NL,522.05,46239,1652
2024-10-18,Meta,fb_prospect_01,FB – Prospecting Lookalike NL,652.08,225513,2799
2024-10-18,Meta,fb_prospect_02,FB – Prospecting Interest EU,604.62,212060,2653
2024-10-18,Referral,referral_mgm_01,Referral – Member Get Member,1810.99,0,0
2024-10-18,TikTok,tiktok_upper_01,TikTok – Brand Awareness NL,469.8,209258,1692
2024-10-18,TikTok,tiktok_upper_02,TikTok – Brand Awareness EU,433.42,195763,1419
2024-10-19,Google App Campaigns,goog_ac_01,Google – App Campaign NL,429.62,120932,1641
2024-10-19,Google App Campaigns,goog_ac_02,Google – App Campaign EU,456.26,114205,1829
2024-10-19,Google Brand Search,goog_brand_01,Google – Brand Search,127.66,8017,1273
2024-10-19,Google Non-Brand Search,goog_search_01,Google – Non-Brand Search NL,571.57,47238,1763
2024-10-19,Meta,fb_prospect_01,FB – Prospecting Lookalike NL,593.8,187103,2398
2024-10-19,Meta,fb_prospect_02,FB – Prospecting Interest EU,567.23,203187,2481
2024-10-19,Referral,referral_mgm_01,Referral – Member Get Member,1673.36,0,0
2024-10-19,TikTok,tiktok_upper_01,TikTok – Brand Awareness NL,439.96,186886,1580
2024-10-19,TikTok,tiktok_upper_02,TikTok – Brand Awareness EU,511.65,227126,1650
2024-10-20,Google App Campaigns,goog_ac_01,Google – App Campaign NL,458.39,127658,2055
2024-10-20,Google App Campaigns,goog_ac_02,Google – App Campaign EU,406.54,107815,1458
2024-10-20,Google Brand Search,goog_brand_01,Google – Brand Search,132.57,9289,1481
2024-10-20,Google Non-Brand Search,goog_search_01,Google – Non-Brand Search NL,601.23,51751,1833
2024-10-20,Meta,fb_prospect_01,FB – Prospecting Lookalike NL,699.73,218494,2636
2024-10-20,Meta,fb_prospect_02,FB – Prospecting Interest EU,595.61,191043,2335
2024-10-20,Referral,referral_mgm_01,Referral – Member Get Member,2008.79,0,0
2024-10-20,TikTok,tiktok_upper_01,TikTok – Brand Awareness NL,456.92,215467,1769
2024-10-20,TikTok,tiktok_upper_02,TikTok – Brand Awareness EU,474.46,203861,1510
2024-10-21,Google App Campaigns,goog_ac_01,Google – App Campaign NL,372.99,100965,1407
2024-10-21,Google App Campaigns,goog_ac_02,Google – App Campaign EU,383.55,94707,1353
2024-10-21,Google Brand Search,goog_brand_01,Google – Brand Search,124.38,8089,1202
2024-10-21,Google Non-Brand Search,goog_search_01,Google – Non-Brand Search NL,422.72,38581,1314
2024-10-21,Meta,fb_prospect_01,FB – Prospecting Lookalike NL,495.71,166628,1894
2024-10-21,Meta,fb_prospect_02,FB – Prospecting Interest EU,511.62,174785,2237
2024-10-21,Referral,referral_mgm_01,Referral – Member Get Member,1862.06,0,0
2024-10-21,TikTok,tiktok_upper_01,TikTok – Brand Awareness NL,418.79,172605,1515
2024-10-21,TikTok,tiktok_upper_02,TikTok – Brand Awareness EU,360.76,155448,1180
2024-10-22,Google App Campaigns,goog_ac_01,Google – App Campaign NL,373.13,95372,1508
2024-10-22,Google App Campaigns,goog_ac_02,Google – App Campaign EU,338.23,91938,1461
2024-10-22,Google Brand Search,goog_brand_01,Google – Brand Search,134.27,9622,1362
2024-10-22,Google Non-Brand Search,goog_search_01,Google – Non-Brand Search NL,460.01,37924,1336
2024-10-22,Meta,fb_prospect_01,FB – Prospecting Lookalike NL,546.18,176491,1911
2024-10-22,Meta,fb_prospect_02,FB – Prospecting Interest EU,481.61,160473,1852
2024-10-22,Referral,referral_mgm_01,Referral – Member Get Member,2073.62,0,0
2024-10-22,TikTok,tiktok_upper_01,TikTok – Brand Awareness NL,380.13,156662,1235
2024-10-22,TikTok,tiktok_upper_02,TikTok – Brand Awareness EU,397.0,177744,1300
2024-10-23,Google App Campaigns,goog_ac_01,Google – App Campaign NL,395.0,105050,1451
2024-10-23,Google App Campaigns,goog_ac_02,Google – App Campaign EU,372.57,106718,1730
2024-10-23,Google Brand Search,goog_brand_01,Google – Brand Search,129.1,9103,1452
2024-10-23,Google Non-Brand Search,goog_search_01,Google – Non-Brand Search NL,481.17,41923,1490
2024-10-23,Meta,fb_prospect_01,FB – Prospecting Lookalike NL,566.25,183813,2278
2024-10-23,Meta,fb_prospect_02,FB – Prospecting Interest EU,508.14,156987,1837
2024-10-23,Referral,referral_mgm_01,Referral – Member Get Member,2400.56,0,0
2024-10-23,TikTok,tiktok_upper_01,TikTok – Brand Awareness NL,407.56,176643,1316
2024-10-23,TikTok,tiktok_upper_02,TikTok – Brand Awareness EU,399.29,177486,1430
2024-10-24,Google App Campaigns,goog_ac_01,Google – App Campaign NL,314.59,85582,1185
2024-10-24,Google App Campaigns,goog_ac_02,Google – App Campaign EU,318.74,80324,1281
2024-10-24,Google Brand Search,goog_brand_01,Google – Brand Search,131.33,8240,1329
2024-10-24,Google Non-Brand Search,goog_search_01,Google – Non-Brand Search NL,500.68,47699,1828
2024-10-24,Meta,fb_prospect_01,FB – Prospecting Lookalike NL,544.58,191811,2431
2024-10-24,Meta,fb_prospect_02,FB – Prospecting Interest EU,570.01,197909,2470
2024-10-24,Referral,referral_mgm_01,Referral – Member Get Member,1714.28,0,0
2024-10-24,TikTok,tiktok_upper_01,TikTok – Brand Awareness NL,379.9,158547,1285
2024-10-24,TikTok,tiktok_upper_02,TikTok – Brand Awareness EU,352.34,145594,1163
2024-10-25,Google App Campaigns,goog_ac_01,Google – App Campaign NL,470.14,121048,1713
2024-10-25,Google App Campaigns,goog_ac_02,Google – App Campaign EU,420.19,111213,1503
2024-10-25,Google Brand Search,goog_brand_01,Google – Brand Search,140.14,9181,1265
2024-10-25,Google Non-Brand Search,goog_search_01,Google – Non-Brand Search NL,605.64,58112,2044
2024-10-25,Meta,fb_prospect_01,FB – Prospecting Lookalike NL,610.14,201947,2241
2024-10-25,Meta,fb_prospect_02,FB – Prospecting Interest EU,557.52,200531,2587
2024-10-25,Referral,referral_mgm_01,Referral – Member Get Member,2114.49,0,0
2024-10-25,TikTok,tiktok_upper_01,TikTok – Brand Awareness NL,498.25,234591,1745
2024-10-25,TikTok,tiktok_upper_02,TikTok – Brand Awareness EU,418.42,198574,1484
2024-10-26,Google App Campaigns,goog_ac_01,Google – App Campaign NL,441.67,115952,1618
2024-10-26,Google App Campaigns,goog_ac_02,Google – App Campaign EU,417.68,108394,1745
2024-10-26,Google Brand Search,goog_brand_01,Google – Brand Search,131.44,9348,1275
2024-10-26,Google Non-Brand Search,goog_search_01,Google – Non-Brand Search NL,565.79,48088,1611
2024-10-26,Meta,fb_prospect_01,FB – Prospecting Lookalike NL,558.58,172436,1917
2024-10-26,Meta,fb_prospect_02,FB – Prospecting Interest EU,640.66,224083,2895
2024-10-26,Referral,referral_mgm_01,Referral – Member Get Member,1535.02,0,0
2024-10-26,TikTok,tiktok_upper_01,TikTok – Brand Awareness NL,434.94,193371,1524
2024-10-26,TikTok,tiktok_upper_02,TikTok – Brand Awareness EU,465.78,218574,1651
2024-10-27,Google App Campaigns,goog_ac_01,Google – App Campaign NL,386.3,107963,1616
2024-10-27,Google App Campaigns,goog_ac_02,Google – App Campaign EU,401.26,104410,1637
2024-10-27,Google Brand Search,goog_brand_01,Google – Brand Search,147.7,10590,1548
2024-10-27,Google Non-Brand Search,goog_search_01,Google – Non-Brand Search NL,508.53,42428,1518
2024-10-27,Meta,fb_prospect_01,FB – Prospecting Lookalike NL,564.78,198988,2239
2024-10-27,Meta,fb_prospect_02,FB – Prospecting Interest EU,559.4,188635,2074
2024-10-27,Referral,referral_mgm_01,Referral – Member Get Member,1911.71,0,0
2024-10-27,TikTok,tiktok_upper_01,TikTok – Brand Awareness NL,406.92,171679,1458
2024-10-27,TikTok,tiktok_upper_02,TikTok – Brand Awareness EU,463.4,210101,1632
2024-10-28,Google App Campaigns,goog_ac_01,Google – App Campaign NL,345.18,93525,1285
2024-10-28,Google App Campaigns,goog_ac_02,Google – App Campaign EU,346.46,88858,1452
2024-10-28,Google Brand Search,goog_brand_01,Google – Brand Search,109.4,7716,1041
2024-10-28,Google Non-Brand Search,goog_search_01,Google – Non-Brand Search NL,462.96,42881,1466
2024-10-28,Meta,fb_prospect_01,FB – Prospecting Lookalike NL,568.44,199641,2361
2024-10-28,Meta,fb_prospect_02,FB – Prospecting Interest EU,583.81,209541,2327
2024-10-28,Referral,referral_mgm_01,Referral – Member Get Member,2114.6,0,0
2024-10-28,TikTok,tiktok_upper_01,TikTok – Brand Awareness NL,343.92,153771,1264
2024-10-28,TikTok,tiktok_upper_02,TikTok – Brand Awareness EU,350.79,157224,1181
2024-10-29,Google App Campaigns,goog_ac_01,Google – App Campaign NL,375.76,96409,1396
2024-10-29,Google App Campaigns,goog_ac_02,Google – App Campaign EU,334.85,95820,1348
2024-10-29,Google Brand Search,goog_brand_01,Google – Brand Search,110.11,6865,1057
2024-10-29,Google Non-Brand Search,goog_search_01,Google – Non-Brand Search NL,437.03,38505,1263
2024-10-29,Meta,fb_prospect_01,FB – Prospecting Lookalike NL,492.87,151289,1827
2024-10-29,Meta,fb_prospect_02,FB – Prospecting Interest EU,476.7,153497,1892
2024-10-29,Referral,referral_mgm_01,Referral – Member Get Member,1740.75,0,0
2024-10-29,TikTok,tiktok_upper_01,TikTok – Brand Awareness NL,343.08,149171,1237
2024-10-29,TikTok,tiktok_upper_02,TikTok – Brand Awareness EU,369.41,152789,1177
2024-10-30,Google App Campaigns,goog_ac_01,Google – App Campaign NL,352.33,87086,1176
2024-10-30,Google App Campaigns,goog_ac_02,Google – App Campaign EU,393.42,108090,1641
2024-10-30,Google Brand Search,goog_brand_01,Google – Brand Search,124.39,8427,1253
2024-10-30,Google Non-Brand Search,goog_search_01,Google – Non-Brand Search NL,454.96,40896,1543
2024-10-30,Meta,fb_prospect_01,FB – Prospecting Lookalike NL,563.39,194435,2266
2024-10-30,Meta,fb_prospect_02,FB – Prospecting Interest EU,497.66,163829,1806
2024-10-30,Referral,referral_mgm_01,Referral – Member Get Member,1610.82,0,0
2024-10-30,TikTok,tiktok_upper_01,TikTok – Brand Awareness NL,394.33,179467,1513
2024-10-30,TikTok,tiktok_upper_02,TikTok – Brand Awareness EU,368.0,174504,1461
2024-10-31,Google App Campaigns,goog_ac_01,Google – App Campaign NL,316.86,84872,1352
2024-10-31,Google App Campaigns,goog_ac_02,Google – App Campaign EU,370.24,93966,1473
2024-10-31,Google Brand Search,goog_brand_01,Google – Brand Search,123.2,8659,1203
2024-10-31,Google Non-Brand Search,goog_search_01,Google – Non-Brand Search NL,497.91,42576,1526
2024-10-31,Meta,fb_prospect_01,FB – Prospecting Lookalike NL,515.62,185365,2315
2024-10-31,Meta,fb_prospect_02,FB – Prospecting Interest EU,507.26,165609,1959
2024-10-31,Referral,referral_mgm_01,Referral – Member Get Member,1690.39,0,0
2024-10-31,TikTok,tiktok_upper_01,TikTok – Brand Awareness NL,369.78,169566,1486
2024-10-31,TikTok,tiktok_upper_02,TikTok – Brand Awareness EU,377.07,164695,1298
2024-11-01,Google App Campaigns,goog_ac_01,Google – App Campaign NL,391.57,107381,1576
2024-11-01,Google App Campaigns,goog_ac_02,Google – App Campaign EU,406.23,100205,1607
2024-11-01,Google Brand Search,goog_brand_01,Google – Brand Search,147.41,9430,1316
2024-11-01,Google Non-Brand Search,goog_search_01,Google – Non-Brand Search NL,503.89,46581,1591
2024-11-01,Meta,fb_prospect_01,FB – Prospecting Lookalike NL,623.94,224277,2694
2024-11-01,Meta,fb_prospect_02,FB – Prospecting Interest EU,629.75,211890,2382
2024-11-01,Referral,referral_mgm_01,Referral – Member Get Member,2557.35,0,0
2024-11-01,TikTok,tiktok_upper_01,TikTok – Brand Awareness NL,427.05,189373,1375
2024-11-01,TikTok,tiktok_upper_02,TikTok – Brand Awareness EU,451.47,209906,1561
2024-11-02,Google App Campaigns,goog_ac_01,Google – App Campaign NL,422.9,111577,1809
2024-11-02,Google App Campaigns,goog_ac_02,Google – App Campaign EU,426.77,119604,1695
2024-11-02,Google Brand Search,goog_brand_01,Google – Brand Search,149.83,10528,1599
2024-11-02,Google Non-Brand Search,goog_search_01,Google – Non-Brand Search NL,547.45,45353,1561
2024-11-02,Meta,fb_prospect_01,FB – Prospecting Lookalike NL,639.84,201197,2418
2024-11-02,Meta,fb_prospect_02,FB – Prospecting Interest EU,571.55,190075,2194
2024-11-02,Referral,referral_mgm_01,Referral – Member Get Member,2126.05,0,0
2024-11-02,TikTok,tiktok_upper_01,TikTok – Brand Awareness NL,464.49,212901,1599
2024-11-02,TikTok,tiktok_upper_02,TikTok – Brand Awareness EU,453.76,199885,1508
2024-11-03,Google App Campaigns,goog_ac_01,Google – App Campaign NL,420.55,109580,1778
2024-11-03,Google App Campaigns,goog_ac_02,Google – App Campaign EU,470.9,128604,1778
2024-11-03,Google Brand Search,goog_brand_01,Google – Brand Search,131.5,8140,1270
2024-11-03,Google Non-Brand Search,goog_search_01,Google – Non-Brand Search NL,565.17,48189,1815
2024-11-03,Meta,fb_prospect_01,FB – Prospecting Lookalike NL,696.16,249262,3060
2024-11-03,Meta,fb_prospect_02,FB – Prospecting Interest EU,611.65,214753,2424
2024-11-03,Referral,referral_mgm_01,Referral – Member Get Member,2038.79,0,0
2024-11-03,TikTok,tiktok_upper_01,TikTok – Brand Awareness NL,476.29,200753,1457
2024-11-03,TikTok,tiktok_upper_02,TikTok – Brand Awareness EU,493.06,207462,1523
2024-11-04,Google App Campaigns,goog_ac_01,Google – App Campaign NL,331.7,90666,1426
2024-11-04,Google App Campaigns,goog_ac_02,Google – App Campaign EU,318.8,88682,1268
2024-11-04,Google Brand Search,goog_brand_01,Google – Brand Search,121.75,8122,1332
2024-11-04,Google Non-Brand Search,goog_search_01,Google – Non-Brand Search NL,460.46,38222,1427
2024-11-04,Meta,fb_prospect_01,FB – Prospecting Lookalike NL,520.13,165644,2024
2024-11-04,Meta,fb_prospect_02,FB – Prospecting Interest EU,465.25,143554,1800
2024-11-04,Referral,referral_mgm_01,Referral – Member Get Member,1613.58,0,0
2024-11-04,TikTok,tiktok_upper_01,TikTok – Brand Awareness NL,379.69,177886,1301
2024-11-04,TikTok,tiktok_upper_02,TikTok – Brand Awareness EU,411.75,169453,1227
2024-11-05,Google App Campaigns,goog_ac_01,Google – App Campaign NL,331.21,88315,1329
2024-11-05,Google App Campaigns,goog_ac_02,Google – App Campaign EU,327.57,90462,1244
2024-11-05,Google Brand Search,goog_brand_01,Google – Brand Search,126.03,7940,1273
2024-11-05,Google Non-Brand Search,goog_search_01,Google – Non-Brand Search NL,494.92,46445,1576
2024-11-05,Meta,fb_prospect_01,FB – Prospecting Lookalike NL,478.59,167085,2127
2024-11-05,Meta,fb_prospect_02,FB – Prospecting Interest EU,543.19,174656,2289
2024-11-05,Referral,referral_mgm_01,Referral – Member Get Member,1421.06,0,0
2024-11-05,TikTok,tiktok_upper_01,TikTok – Brand Awareness NL,368.75,174135,1454
2024-11-05,TikTok,tiktok_upper_02,TikTok – Brand Awareness EU,423.49,200497,1760
2024-11-06,Google App Campaigns,goog_ac_01,Google – App Campaign NL,364.85,92378,1480
2024-11-06,Google App Campaigns,goog_ac_02,Google – App Campaign EU,363.26,95366,1358
2024-11-06,Google Brand Search,goog_brand_01,Google – Brand Search,119.12,8253,1207
2024-11-06,Google Non-Brand Search,goog_search_01,Google – Non-Brand Search NL,465.83,44438,1557
2024-11-06,Meta,fb_prospect_01,FB – Prospecting Lookalike NL,523.58,177327,2012
2024-11-06,Meta,fb_prospect_02,FB – Prospecting Interest EU,509.69,179824,1988
2024-11-06,Referral,referral_mgm_01,Referral – Member Get Member,1606.98,0,0
2024-11-06,TikTok,tiktok_upper_01,TikTok – Brand Awareness NL,425.66,178669,1483
2024-11-06,TikTok,tiktok_upper_02,TikTok – Brand Awareness EU,384.54,171767,1430
2024-11-07,Google App Campaigns,goog_ac_01,Google – App Campaign NL,356.06,97817,1546
2024-11-07,Google App Campaigns,goog_ac_02,Google – App Campaign EU,392.37,109038,1613
2024-11-07,Google Brand Search,goog_brand_01,Google – Brand Search,132.75,8861,1321
2024-11-07,Google Non-Brand Search,goog_search_01,Google – Non-Brand Search NL,447.3,39759,1343
2024-11-07,Meta,fb_prospect_01,FB – Prospecting Lookalike NL,572.98,189519,2175
2024-11-07,Meta,fb_prospect_02,FB – Prospecting Interest EU,542.38,193946,2432
2024-11-07,Referral,referral_mgm_01,Referral – Member Get Member,1900.6,0,0
2024-11-07,TikTok,tiktok_upper_01,TikTok – Brand Awareness NL,377.31,163318,1214
2024-11-07,TikTok,tiktok_upper_02,TikTok – Brand Awareness EU,403.7,190130,1644
2024-11-08,Google App Campaigns,goog_ac_01,Google – App Campaign NL,476.4,131181,1882
2024-11-08,Google App Campaigns,goog_ac_02,Google – App Campaign EU,397.46,102531,1652
2024-11-08,Google Brand Search,goog_brand_01,Google – Brand Search,156.86,10722,1689
2024-11-08,Google Non-Brand Search,goog_search_01,Google – Non-Brand Search NL,539.18,47641,1735
2024-11-08,Meta,fb_prospect_01,FB – Prospecting Lookalike NL,619.81,196873,2387
2024-11-08,Meta,fb_prospect_02,FB – Prospecting Interest EU,660.55,233611,2551
2024-11-08,Referral,referral_mgm_01,Referral – Member Get Member,1873.8,0,0
2024-11-08,TikTok,tiktok_upper_01,TikTok – Brand Awareness NL,444.01,201738,1619
2024-11-08,TikTok,tiktok_upper_02,TikTok – Brand Awareness EU,419.78,197589,1535
2024-11-09,Google App Campaigns,goog_ac_01,Google – App Campaign NL,457.9,115375,1749
2024-11-09,Google App Campaigns,goog_ac_02,Google – App Campaign EU,460.01,116017,1638
2024-11-09,Google Brand Search,goog_brand_01,Google – Brand Search,151.75,10864,1534
2024-11-09,Google Non-Brand Search,goog_search_01,Google – Non-Brand Search NL,499.82,44603,1465
2024-11-09,Meta,fb_prospect_01,FB – Prospecting Lookalike NL,575.06,195551,2261
2024-11-09,Meta,fb_prospect_02,FB – Prospecting Interest EU,574.56,194617,2455
2024-11-09,Referral,referral_mgm_01,Referral – Member Get Member,2117.96,0,0
2024-11-09,TikTok,tiktok_upper_01,TikTok – Brand Awareness NL,424.67,200139,1529
2024-11-09,TikTok,tiktok_upper_02,TikTok – Brand Awareness EU,419.7,200746,1509
2024-11-10,Google App Campaigns,goog_ac_01,Google – App Campaign NL,411.5,110221,1709
2024-11-10,Google App Campaigns,goog_ac_02,Google – App Campaign EU,456.84,113640,1541
2024-11-10,Google Brand Search,goog_brand_01,Google – Brand Search,131.44,8637,1279
2024-11-10,Google Non-Brand Search,goog_search_01,Google – Non-Brand Search NL,515.08,45014,1564
2024-11-10,Meta,fb_prospect_01,FB – Prospecting Lookalike NL,635.18,200122,2376
2024-11-10,Meta,fb_prospect_02,FB – Prospecting Interest EU,585.08,206822,2575
2024-11-10,Referral,referral_mgm_01,Referral – Member Get Member,2190.34,0,0
2024-11-10,TikTok,tiktok_upper_01,TikTok – Brand Awareness NL,477.29,202347,1462
2024-11-10,TikTok,tiktok_upper_02,TikTok – Brand Awareness EU,489.39,215209,1874
2024-11-11,Google App Campaigns,goog_ac_01,Google – App Campaign NL,333.02,83876,1305
2024-11-11,Google App Campaigns,goog_ac_02,Google – App Campaign EU,353.82,97125,1531
2024-11-11,Google Brand Search,goog_brand_01,Google – Brand Search,113.48,7767,1222
2024-11-11,Google Non-Brand Search,goog_search_01,Google – Non-Brand Search NL,449.76,38600,1348
2024-11-11,Meta,fb_prospect_01,FB – Prospecting Lookalike NL,569.65,192162,2302
2024-11-11,Meta,fb_prospect_02,FB – Prospecting Interest EU,576.77,202652,2583
2024-11-11,Referral,referral_mgm_01,Referral – Member Get Member,1398.3,0,0
2024-11-11,TikTok,tiktok_upper_01,TikTok – Brand Awareness NL,347.97,164963,1345
2024-11-11,TikTok,tiktok_upper_02,TikTok – Brand Awareness EU,373.73,166285,1280
2024-11-12,Google App Campaigns,goog_ac_01,Google – App Campaign NL,395.34,111600,1641
2024-11-12,Google App Campaigns,goog_ac_02,Google – App Campaign EU,365.67,105184,1598
2024-11-12,Google Brand Search,goog_brand_01,Google – Brand Search,117.8,7534,1095
2024-11-12,Google Non-Brand Search,goog_search_01,Google – Non-Brand Search NL,429.3,35384,1309
2024-11-12,Meta,fb_prospect_01,FB – Prospecting Lookalike NL,552.11,177163,2148
2024-11-12,Meta,fb_prospect_02,FB – Prospecting Interest EU,569.77,182311,2290
2024-11-12,Referral,referral_mgm_01,Referral – Member Get Member,2316.46,0,0
2024-11-12,TikTok,tiktok_upper_01,TikTok – Brand Awareness NL,381.42,175590,1406
2024-11-12,TikTok,tiktok_upper_02,TikTok – Brand Awareness EU,403.62,171492,1436
2024-11-13,Google App Campaigns,goog_ac_01,Google – App Campaign NL,386.37,97434,1562
2024-11-13,Google App Campaigns,goog_ac_02,Google – App Campaign EU,314.77,83158,1240
2024-11-13,Google Brand Search,goog_brand_01,Google – Brand Search,115.02,7765,1251
2024-11-13,Google Non-Brand Search,goog_search_01,Google – Non-Brand Search NL,458.71,41337,1565
2024-11-13,Meta,fb_prospect_01,FB – Prospecting Lookalike NL,494.07,168881,1831
2024-11-13,Meta,fb_prospect_02,FB – Prospecting Interest EU,586.88,188145,2331
2024-11-13,Referral,referral_mgm_01,Referral – Member Get Member,2162.45,0,0
2024-11-13,TikTok,tiktok_upper_01,TikTok – Brand Awareness NL,407.72,180200,1547
2024-11-13,TikTok,tiktok_upper_02,TikTok – Brand Awareness EU,405.65,193961,1671
2024-11-14,Google App Campaigns,goog_ac_01,Google – App Campaign NL,376.32,102780,1451
2024-11-14,Google App Campaigns,goog_ac_02,Google – App Campaign EU,339.73,97391,1445
2024-11-14,Google Brand Search,goog_brand_01,Google – Brand Search,134.39,8676,1177
2024-11-14,Google Non-Brand Search,goog_search_01,Google – Non-Brand Search NL,421.29,35767,1211
2024-11-14,Meta,fb_prospect_01,FB – Prospecting Lookalike NL,561.09,176509,1982
2024-11-14,Meta,fb_prospect_02,FB – Prospecting Interest EU,556.77,175182,2089
2024-11-14,Referral,referral_mgm_01,Referral – Member Get Member,2032.13,0,0
2024-11-14,TikTok,tiktok_upper_01,TikTok – Brand Awareness NL,409.16,168485,1466
2024-11-14,TikTok,tiktok_upper_02,TikTok – Brand Awareness EU,342.22,154256,1252
2024-11-15,Google App Campaigns,goog_ac_01,Google – App Campaign NL,468.08,119761,1947
2024-11-15,Google App Campaigns,goog_ac_02,Google – App Campaign EU,429.65,110152,1766
2024-11-15,Google Brand Search,goog_brand_01,Google – Brand Search,136.4,9621,1368
2024-11-15,Google Non-Brand Search,goog_search_01,Google – Non-Brand Search NL,504.33,45255,1653
2024-11-15,Meta,fb_prospect_01,FB – Prospecting Lookalike NL,622.24,196515,2180
2024-11-15,Meta,fb_prospect_02,FB – Prospecting Interest EU,643.16,214580,2699
2024-11-15,Referral,referral_mgm_01,Referral – Member Get Member,1749.57,0,0
2024-11-15,TikTok,tiktok_upper_01,TikTok – Brand Awareness NL,462.23,191748,1463
2024-11-15,TikTok,tiktok_upper_02,TikTok – Brand Awareness EU,515.25,236497,1721
2024-11-16,Google App Campaigns,goog_ac_01,Google – App Campaign NL,421.45,115808,1763
2024-11-16,Google App Campaigns,goog_ac_02,Google – App Campaign EU,427.98,116256,1881
2024-11-16,Google Brand Search,goog_brand_01,Google – Brand Search,147.68,9739,1496
2024-11-16,Google Non-Brand Search,goog_search_01,Google – Non-Brand Search NL,594.75,53140,1912
2024-11-16,Meta,fb_prospect_01,FB – Prospecting Lookalike NL,686.77,219023,2603
2024-11-16,Meta,fb_prospect_02,FB – Prospecting Interest EU,607.73,190198,2484
2024-11-16,Referral,referral_mgm_01,Referral – Member Get Member,1724.24,0,0
2024-11-16,TikTok,tiktok_upper_01,TikTok – Brand Awareness NL,498.39,206569,1539
2024-11-16,TikTok,tiktok_upper_02,TikTok – Brand Awareness EU,447.64,210221,1561
2024-11-17,Google App Campaigns,goog_ac_01,Google – App Campaign NL,465.16,124313,1772
2024-11-17,Google App Campaigns,goog_ac_02,Google – App Campaign EU,447.61,118116,1878
2024-11-17,Google Brand Search,goog_brand_01,Google – Brand Search,135.96,8474,1244
2024-11-17,Google Non-Brand Search,goog_search_01,Google – Non-Brand Search NL,635.65,55137,1830
2024-11-17,Meta,fb_prospect_01,FB – Prospecting Lookalike NL,667.7,211101,2522
2024-11-17,Meta,fb_prospect_02,FB – Prospecting Interest EU,593.3,182055,2387
2024-11-17,Referral,referral_mgm_01,Referral – Member Get Member,2086.29,0,0
2024-11-17,TikTok,tiktok_upper_01,TikTok – Brand Awareness NL,454.56,210353,1839
2024-11-17,TikTok,tiktok_upper_02,TikTok – Brand Awareness EU,511.66,239073,1950
2024-11-18,Google App Campaigns,goog_ac_01,Google – App Campaign NL,357.31,89361,1470
2024-11-18,Google App Campaigns,goog_ac_02,Google – App Campaign EU,324.45,85300,1368
2024-11-18,Google Brand Search,goog_brand_01,Google – Brand Search,113.47,6962,1028
2024-11-18,Google Non-Brand Search,goog_search_01,Google – Non-Brand Search NL,444.04,37998,1410
2024-11-18,Meta,fb_prospect_01,FB – Prospecting Lookalike NL,571.12,181878,2011
2024-11-18,Meta,fb_prospect_02,FB – Prospecting Interest EU,463.27,159740,1822
2024-11-18,Referral,referral_mgm_01,Referral – Member Get Member,1753.51,0,0
2024-11-18,TikTok,tiktok_upper_01,TikTok – Brand Awareness NL,339.53,141591,1080
2024-11-18,TikTok,tiktok_upper_02,TikTok – Brand Awareness EU,352.65,162554,1197
2024-11-19,Google App Campaigns,goog_ac_01,Google – App Campaign NL,324.16,89242,1416
2024-11-19,Google App Campaigns,goog_ac_02,Google – App Campaign EU,346.75,85419,1362
2024-11-19,Google Brand Search,goog_brand_01,Google – Brand Search,108.48,6736,914
2024-11-19,Google Non-Brand Search,goog_search_01,Google – Non-Brand Search NL,439.64,38072,1366
2024-11-19,Meta,fb_prospect_01,FB – Prospecting Lookalike NL,547.33,169612,2190
2024-11-19,Meta,fb_prospect_02,FB – Prospecting Interest EU,535.01,186681,2133
2024-11-19,Referral,referral_mgm_01,Referral – Member Get Member,2085.45,0,0
2024-11-19,TikTok,tiktok_upper_01,TikTok – Brand Awareness NL,339.08,160583,1320
2024-11-19,TikTok,tiktok_upper_02,TikTok – Brand Awareness EU,391.65,165755,1379
2024-11-20,Google App Campaigns,goog_ac_01,Google – App Campaign NL,342.16,96841,1346
2024-11-20,Google App Campaigns,goog_ac_02,Google – App Campaign EU,386.41,99004,1549
2024-11-20,Google Brand Search,goog_brand_01,Google – Brand Search,129.93,8478,1225
2024-11-20,Google Non-Brand Search,goog_search_01,Google – Non-Brand Search NL,507.76,44967,1476
2024-11-20,Meta,fb_prospect_01,FB – Prospecting Lookalike NL,527.64,172416,2109
2024-11-20,Meta,fb_prospect_02,FB – Prospecting Interest EU,582.81,203222,2401
2024-11-20,Referral,referral_mgm_01,Referral – Member Get Member,1646.9,0,0
2024-11-20,TikTok,tiktok_upper_01,TikTok – Brand Awareness NL,422.4,182067,1502
2024-11-20,TikTok,tiktok_upper_02,TikTok – Brand Awareness EU,429.09,195876,1574
2024-11-21,Google App Campaigns,goog_ac_01,Google – App Campaign NL,332.77,86648,1413
2024-11-21,Google App Campaigns,goog_ac_02,Google – App Campaign EU,389.52,104835,1564
2024-11-21,Google Brand Search,goog_brand_01,Google – Brand Search,129.16,8549,1225
2024-11-21,Google Non-Brand Search,goog_search_01,Google – Non-Brand Search NL,467.45,38617,1457
2024-11-21,Meta,fb_prospect_01,FB – Prospecting Lookalike NL,466.54,154451,1912
2024-11-21,Meta,fb_prospect_02,FB – Prospecting Interest EU,573.85,194153,2480
2024-11-21,Referral,referral_mgm_01,Referral – Member Get Member,1946.15,0,0
2024-11-21,TikTok,tiktok_upper_01,TikTok – Brand Awareness NL,384.92,169298,1403
2024-11-21,TikTok,tiktok_upper_02,TikTok – Brand Awareness EU,350.56,154200,1329
2024-11-22,Google App Campaigns,goog_ac_01,Google – App Campaign NL,438.68,110567,1543
2024-11-22,Google App Campaigns,goog_ac_02,Google – App Campaign EU,464.39,120099,1847
2024-11-22,Google Brand Search,goog_brand_01,Google – Brand Search,155.77,10592,1571
2024-11-22,Google Non-Brand Search,goog_search_01,Google – Non-Brand Search NL,584.87,54809,2010
2024-11-22,Meta,fb_prospect_01,FB – Prospecting Lookalike NL,702.46,220006,2618
2024-11-22,Meta,fb_prospect_02,FB – Prospecting Interest EU,629.12,198526,2397
2024-11-22,Referral,referral_mgm_01,Referral – Member Get Member,1913.18,0,0
2024-11-22,TikTok,tiktok_upper_01,TikTok – Brand Awareness NL,443.43,185197,1546
2024-11-22,TikTok,tiktok_upper_02,TikTok – Brand Awareness EU,467.07,198754,1629
2024-11-23,Google App Campaigns,goog_ac_01,Google – App Campaign NL,464.15,129636,1787
2024-11-23,Google App Campaigns,goog_ac_02,Google – App Campaign EU,476.78,117269,1793
2024-11-23,Google Brand Search,goog_brand_01,Google – Brand Search,139.23,8629,1166
2024-11-23,Google Non-Brand Search,goog_search_01,Google – Non-Brand Search NL,607.45,52542,1874
2024-11-23,Meta,fb_prospect_01,FB – Prospecting Lookalike NL,559.63,179831,2265
2024-11-23,Meta,fb_prospect_02,FB – Prospecting Interest EU,641.79,224408,2714
2024-11-23,Referral,referral_mgm_01,Referral – Member Get Member,1765.2,0,0
2024-11-23,TikTok,tiktok_upper_01,TikTok – Brand Awareness NL,449.03,195705,1539
2024-11-23,TikTok,tiktok_upper_02,TikTok – Brand Awareness EU,419.8,184306,1441
2024-11-24,Google App Campaigns,goog_ac_01,Google – App Campaign NL,458.47,129792,1912
2024-11-24,Google App Campaigns,goog_ac_02,Google – App Campaign EU,401.45,99241,1515
2024-11-24,Google Brand Search,goog_brand_01,Google – Brand Search,148.94,10456,1560
2024-11-24,Google Non-Brand Search,goog_search_01,Google – Non-Brand Search NL,623.43,56993,1921
2024-11-24,Meta,fb_prospect_01,FB – Prospecting Lookalike NL,556.94,178843,2265
2024-11-24,Meta,fb_prospect_02,FB – Prospecting Interest EU,691.99,228387,2510
2024-11-24,Referral,referral_mgm_01,Referral – Member Get Member,1983.05,0,0
2024-11-24,TikTok,tiktok_upper_01,TikTok – Brand Awareness NL,415.99,173004,1414
2024-11-24,TikTok,tiktok_upper_02,TikTok – Brand Awareness EU,463.66,204602,1698
2024-11-25,Google App Campaigns,goog_ac_01,Google – App Campaign NL,346.29,90632,1390
2024-11-25,Google App Campaigns,goog_ac_02,Google – App Campaign EU,318.93,87162,1308
2024-11-25,Google Brand Search,goog_brand_01,Google – Brand Search,129.97,8490,1228
2024-11-25,Google Non-Brand Search,goog_search_01,Google – Non-Brand Search NL,467.67,43028,1582
2024-11-25,Meta,fb_prospect_01,FB – Prospecting Lookalike NL,527.07,172462,2025
2024-11-25,Meta,fb_prospect_02,FB – Prospecting Interest EU,531.04,172903,2166
2024-11-25,Referral,referral_mgm_01,Referral – Member Get Member,1259.03,0,0
2024-11-25,TikTok,tiktok_upper_01,TikTok – Brand Awareness NL,413.47,180585,1400
2024-11-25,TikTok,tiktok_upper_02,TikTok – Brand Awareness EU,391.65,173082,1516
2024-11-26,Google App Campaigns,goog_ac_01,Google – App Campaign NL,389.44,108383,1633
2024-11-26,Google App Campaigns,goog_ac_02,Google – App Campaign EU,395.01,104061,1649
2024-11-26,Google Brand Search,goog_brand_01,Google – Brand Search,108.65,7245,1019
2024-11-26,Google Non-Brand Search,goog_search_01,Google – Non-Brand Search NL,435.3,37366,1264
2024-11-26,Meta,fb_prospect_01,FB – Prospecting Lookalike NL,532.02,167638,1973
2024-11-26,Meta,fb_prospect_02,FB – Prospecting Interest EU,545.66,181684,2127
2024-11-26,Referral,referral_mgm_01,Referral – Member Get Member,1628.05,0,0
2024-11-26,TikTok,tiktok_upper_01,TikTok – Brand Awareness NL,403.75,181792,1492
2024-11-26,TikTok,tiktok_upper_02,TikTok – Brand Awareness EU,389.12,180487,1353
2024-11-27,Google App Campaigns,goog_ac_01,Google – App Campaign NL,366.76,101631,1522
2024-11-27,Google App Campaigns,goog_ac_02,Google – App Campaign EU,366.63,93974,1542
2024-11-27,Google Brand Search,goog_brand_01,Google – Brand Search,123.92,8899,1439
2024-11-27,Google Non-Brand Search,goog_search_01,Google – Non-Brand Search NL,461.73,38824,1237
2024-11-27,Meta,fb_prospect_01,FB – Prospecting Lookalike NL,523.73,161542,1966
2024-11-27,Meta,fb_prospect_02,FB – Prospecting Interest EU,532.35,163679,2105
2024-11-27,Referral,referral_mgm_01,Referral – Member Get Member,1573.27,0,0
2024-11-27,TikTok,tiktok_upper_01,TikTok – Brand Awareness NL,396.37,167428,1238
2024-11-27,TikTok,tiktok_upper_02,TikTok – Brand Awareness EU,427.23,194687,1692
2024-11-28,Google App Campaigns,goog_ac_01,Google – App Campaign NL,374.4,98365,1368
2024-11-28,Google App Campaigns,goog_ac_02,Google – App Campaign EU,342.55,87449,1265
2024-11-28,Google Brand Search,goog_brand_01,Google – Brand Search,131.69,8196,1185
2024-11-28,Google Non-Brand Search,goog_search_01,Google – Non-Brand Search NL,440.65,36738,1212
2024-11-28,Meta,fb_prospect_01,FB – Prospecting Lookalike NL,489.93,161155,1817
2024-11-28,Meta,fb_prospect_02,FB – Prospecting Interest EU,582.14,209432,2448
2024-11-28,Referral,referral_mgm_01,Referral – Member Get Member,2410.47,0,0
2024-11-28,TikTok,tiktok_upper_01,TikTok – Brand Awareness NL,402.63,192992,1611
2024-11-28,TikTok,tiktok_upper_02,TikTok – Brand Awareness EU,369.19,166741,1220
2024-11-29,Google App Campaigns,goog_ac_01,Google – App Campaign NL,379.14,98325,1526
2024-11-29,Google App Campaigns,goog_ac_02,Google – App Campaign EU,387.63,96138,1485
2024-11-29,Google Brand Search,goog_brand_01,Google – Brand Search,159.8,10526,1503
2024-11-29,Google Non-Brand Search,goog_search_01,Google – Non-Brand Search NL,553.67,51591,1962
2024-11-29,Meta,fb_prospect_01,FB – Prospecting Lookalike NL,657.36,221478,2624
2024-11-29,Meta,fb_prospect_02,FB – Prospecting Interest EU,607.34,193584,2323
2024-11-29,Referral,referral_mgm_01,Referral – Member Get Member,1862.58,0,0
2024-11-29,TikTok,tiktok_upper_01,TikTok – Brand Awareness NL,463.95,201400,1616
2024-11-29,TikTok,tiktok_upper_02,TikTok – Brand Awareness EU,410.31,186694,1511
2024-11-30,Google App Campaigns,goog_ac_01,Google – App Campaign NL,413.43,110726,1725
2024-11-30,Google App Campaigns,goog_ac_02,Google – App Campaign EU,409.03,108683,1733
2024-11-30,Google Brand Search,goog_brand_01,Google – Brand Search,139.52,9668,1479
2024-11-30,Google Non-Brand Search,goog_search_01,Google – Non-Brand Search NL,601.02,56060,2153
2024-11-30,Meta,fb_prospect_01,FB – Prospecting Lookalike NL,577.75,180994,2356
2024-11-30,Meta,fb_prospect_02,FB – Prospecting Interest EU,556.49,188519,2464
2024-11-30,Referral,referral_mgm_01,Referral – Member Get Member,2008.17,0,0
2024-11-30,TikTok,tiktok_upper_01,TikTok – Brand Awareness NL,472.81,214447,1756
2024-11-30,TikTok,tiktok_upper_02,TikTok – Brand Awareness EU,441.09,182356,1373
2024-12-01,Google App Campaigns,goog_ac_01,Google – App Campaign NL,410.74,103729,1480
2024-12-01,Google App Campaigns,goog_ac_02,Google – App Campaign EU,470.11,121530,1995
2024-12-01,Google Brand Search,goog_brand_01,Google – Brand Search,150.8,10284,1605
2024-12-01,Google Non-Brand Search,goog_search_01,Google – Non-Brand Search NL,532.38,49010,1740
2024-12-01,Meta,fb_prospect_01,FB – Prospecting Lookalike NL,596.78,201935,2544
2024-12-01,Meta,fb_prospect_02,FB – Prospecting Interest EU,674.0,221794,2665
2024-12-01,Referral,referral_mgm_01,Referral – Member Get Member,1798.62,0,0
2024-12-01,TikTok,tiktok_upper_01,TikTok – Brand Awareness NL,479.23,221165,1857
2024-12-01,TikTok,tiktok_upper_02,TikTok – Brand Awareness EU,503.46,218365,1799
2024-12-02,Google App Campaigns,goog_ac_01,Google – App Campaign NL,374.92,106222,1623
2024-12-02,Google App Campaigns,goog_ac_02,Google – App Campaign EU,396.46,99280,1528
2024-12-02,Google Brand Search,goog_brand_01,Google – Brand Search,121.44,7920,1285
2024-12-02,Google Non-Brand Search,goog_search_01,Google – Non-Brand Search NL,497.63,44071,1476
2024-12-02,Meta,fb_prospect_01,FB – Prospecting Lookalike NL,531.12,179775,2106
2024-12-02,Meta,fb_prospect_02,FB – Prospecting Interest EU,559.51,193173,2417
2024-12-02,Referral,referral_mgm_01,Referral – Member Get Member,2221.11,0,0
2024-12-02,TikTok,tiktok_upper_01,TikTok – Brand Awareness NL,421.38,189181,1382
2024-12-02,TikTok,tiktok_upper_02,TikTok – Brand Awareness EU,362.88,166653,1331
2024-12-03,Google App Campaigns,goog_ac_01,Google – App Campaign NL,335.0,95782,1453
2024-12-03,Google App Campaigns,goog_ac_02,Google – App Campaign EU,316.04,88601,1248
2024-12-03,Google Brand Search,goog_brand_01,Google – Brand Search,133.41,8572,1353
2024-12-03,Google Non-Brand Search,goog_search_01,Google – Non-Brand Search NL,505.47,46404,1776
2024-12-03,Meta,fb_prospect_01,FB – Prospecting Lookalike NL,529.77,167356,2047
2024-12-03,Meta,fb_prospect_02,FB – Prospecting Interest EU,533.49,185615,2165
2024-12-03,Referral,referral_mgm_01,Referral – Member Get Member,1584.9,0,0
2024-12-03,TikTok,tiktok_upper_01,TikTok – Brand Awareness NL,370.8,156249,1268
2024-12-03,TikTok,tiktok_upper_02,TikTok – Brand Awareness EU,374.41,155644,1261
2024-12-04,Google App Campaigns,goog_ac_01,Google – App Campaign NL,376.6,98680,1587
2024-12-04,Google App Campaigns,goog_ac_02,Google – App Campaign EU,377.21,104502,1692
2024-12-04,Google Brand Search,goog_brand_01,Google – Brand Search,118.69,8306,1133
2024-12-04,Google Non-Brand Search,goog_search_01,Google – Non-Brand Search NL,484.2,43236,1631
2024-12-04,Meta,fb_prospect_01,FB – Prospecting Lookalike NL,478.12,153193,1987
2024-12-04,Meta,fb_prospect_02,FB – Prospecting Interest EU,527.35,184133,2358
2024-12-04,Referral,referral_mgm_01,Referral – Member Get Member,2494.86,0,0
2024-12-04,TikTok,tiktok_upper_01,TikTok – Brand Awareness NL,367.12,166536,1358
2024-12-04,TikTok,tiktok_upper_02,TikTok – Brand Awareness EU,342.95,140354,1022
2024-12-05,Google App Campaigns,goog_ac_01,Google – App Campaign NL,398.14,114320,1658
2024-12-05,Google App Campaigns,goog_ac_02,Google – App Campaign EU,355.02,88619,1334
2024-12-05,Google Brand Search,goog_brand_01,Google – Brand Search,131.51,8066,1143
2024-12-05,Google Non-Brand Search,goog_search_01,Google – Non-Brand Search NL,484.32,41335,1478
2024-12-05,Meta,fb_prospect_01,FB – Prospecting Lookalike NL,492.67,176508,2067
2024-12-05,Meta,fb_prospect_02,FB – Prospecting Interest EU,465.44,143402,1738
2024-12-05,Referral,referral_mgm_01,Referral – Member Get Member,2083.25,0,0
2024-12-05,TikTok,tiktok_upper_01,TikTok – Brand Awareness NL,338.04,150920,1104
2024-12-05,TikTok,tiktok_upper_02,TikTok – Brand Awareness EU,427.92,175138,1462
2024-12-06,Google App Campaigns,goog_ac_01,Google – App Campaign NL,475.23,136102,1992
2024-12-06,Google App Campaigns,goog_ac_02,Google – App Campaign EU,409.91,109484,1573
2024-12-06,Google Brand Search,goog_brand_01,Google – Brand Search,141.56,8870,1298
2024-12-06,Google Non-Brand Search,goog_search_01,Google – Non-Brand Search NL,632.94,53751,1831
2024-12-06,Meta,fb_prospect_01,FB – Prospecting Lookalike NL,688.52,245170,3036
2024-12-06,Meta,fb_prospect_02,FB – Prospecting Interest EU,584.25,181827,2064
2024-12-06,Referral,referral_mgm_01,Referral – Member Get Member,1454.31,0,0
2024-12-06,TikTok,tiktok_upper_01,TikTok – Brand Awareness NL,428.72,179075,1336
2024-12-06,TikTok,tiktok_upper_02,TikTok – Brand Awareness EU,474.72,197573,1655
2024-12-07,Google App Campaigns,goog_ac_01,Google – App Campaign NL,420.31,115808,1794
2024-12-07,Google App Campaigns,goog_ac_02,Google – App Campaign EU,398.75,102991,1553
2024-12-07,Google Brand Search,goog_brand_01,Google – Brand Search,161.05,10075,1648
2024-12-07,Google Non-Brand Search,goog_search_01,Google – Non-Brand Search NL,608.01,53714,1776
2024-12-07,Meta,fb_prospect_01,FB – Prospecting Lookalike NL,595.73,184654,2160
2024-12-07,Meta,fb_prospect_02,FB – Prospecting Interest EU,676.9,233563,3052
2024-12-07,Referral,referral_mgm_01,Referral – Member Get Member,1769.8,0,0
2024-12-07,TikTok,tiktok_upper_01,TikTok – Brand Awareness NL,500.25,209539,1704
2024-12-07,TikTok,tiktok_upper_02,TikTok – Brand Awareness EU,450.47,189654,1369
2024-12-08,Google App Campaigns,goog_ac_01,Google – App Campaign NL,462.4,128613,1996
2024-12-08,Google App Campaigns,goog_ac_02,Google – App Campaign EU,403.52,107241,1555
2024-12-08,Google Brand Search,goog_brand_01,Google – Brand Search,135.57,9141,1250
2024-12-08,Google Non-Brand Search,goog_search_01,Google – Non-Brand Search NL,531.49,43541,1474
2024-12-08,Meta,fb_prospect_01,FB – Prospecting Lookalike NL,667.15,214255,2407
2024-12-08,Meta,fb_prospect_02,FB – Prospecting Interest EU,604.01,200686,2443
2024-12-08,Referral,referral_mgm_01,Referral – Member Get Member,2246.66,0,0
2024-12-08,TikTok,tiktok_upper_01,TikTok – Brand Awareness NL,494.98,231919,1964
2024-12-08,TikTok,tiktok_upper_02,TikTok – Brand Awareness EU,428.53,194497,1634
2024-12-09,Google App Campaigns,goog_ac_01,Google – App Campaign NL,346.46,95197,1349
2024-12-09,Google App Campaigns,goog_ac_02,Google – App Campaign EU,369.49,96940,1310
2024-12-09,Google Brand Search,goog_brand_01,Google – Brand Search,134.34,8693,1292
2024-12-09,Google Non-Brand Search,goog_search_01,Google – Non-Brand Search NL,524.71,49389,1655
2024-12-09,Meta,fb_prospect_01,FB – Prospecting Lookalike NL,582.7,196855,2446
2024-12-09,Meta,fb_prospect_02,FB – Prospecting Interest EU,528.95,184963,2394
2024-12-09,Referral,referral_mgm_01,Referral – Member Get Member,1596.85,0,0
2024-12-09,TikTok,tiktok_upper_01,TikTok – Brand Awareness NL,362.85,149519,1229
2024-12-09,TikTok,tiktok_upper_02,TikTok – Brand Awareness EU,390.28,168946,1255
2024-12-10,Google App Campaigns,goog_ac_01,Google – App Campaign NL,349.83,96465,1522
2024-12-10,Google App Campaigns,goog_ac_02,Google – App Campaign EU,321.84,90657,1419
2024-12-10,Google Brand Search,goog_brand_01,Google – Brand Search,122.91,8269,1298
2024-12-10,Google Non-Brand Search,goog_search_01,Google – Non-Brand Search NL,454.76,42129,1541
2024-12-10,Meta,fb_prospect_01,FB – Prospecting Lookalike NL,500.99,171719,1910
2024-12-10,Meta,fb_prospect_02,FB – Prospecting Interest EU,491.32,169311,1891
2024-12-10,Referral,referral_mgm_01,Referral – Member Get Member,2114.66,0,0
2024-12-10,TikTok,tiktok_upper_01,TikTok – Brand Awareness NL,416.37,179267,1419
2024-12-10,TikTok,tiktok_upper_02,TikTok – Brand Awareness EU,399.26,166956,1314
2024-12-11,Google App Campaigns,goog_ac_01,Google – App Campaign NL,393.44,103530,1619
2024-12-11,Google App Campaigns,goog_ac_02,Google – App Campaign EU,330.56,88636,1201
2024-12-11,Google Brand Search,goog_brand_01,Google – Brand Search,124.31,8099,1093
2024-12-11,Google Non-Brand Search,goog_search_01,Google – Non-Brand Search NL,473.43,42387,1552
2024-12-11,Meta,fb_prospect_01,FB – Prospecting Lookalike NL,486.33,153431,1872
2024-12-11,Meta,fb_prospect_02,FB – Prospecting Interest EU,518.61,174826,2221
2024-12-11,Referral,referral_mgm_01,Referral – Member Get Member,1967.9,0,0
2024-12-11,TikTok,tiktok_upper_01,TikTok – Brand Awareness NL,430.01,193517,1643
2024-12-11,TikTok,tiktok_upper_02,TikTok – Brand Awareness EU,406.51,190956,1665
2024-12-12,Google App Campaigns,goog_ac_01,Google – App Campaign NL,327.66,89596,1350
2024-12-12,Google App Campaigns,goog_ac_02,Google – App Campaign EU,336.9,90613,1357
2024-12-12,Google Brand Search,goog_brand_01,Google – Brand Search,131.06,9023,1405
2024-12-12,Google Non-Brand Search,goog_search_01,Google – Non-Brand Search NL,506.6,48316,1566
2024-12-12,Meta,fb_prospect_01,FB – Prospecting Lookalike NL,548.93,178784,1959
2024-12-12,Meta,fb_prospect_02,FB – Prospecting Interest EU,512.75,164368,1902
2024-12-12,Referral,referral_mgm_01,Referral – Member Get Member,2291.82,0,0
2024-12-12,TikTok,tiktok_upper_01,TikTok – Brand Awareness NL,348.56,166640,1445
2024-12-12,TikTok,tiktok_upper_02,TikTok – Brand Awareness EU,367.88,157193,1241
2024-12-13,Google App Campaigns,goog_ac_01,Google – App Campaign NL,444.1,120348,1918
2024-12-13,Google App Campaigns,goog_ac_02,Google – App Campaign EU,383.47,105381,1648
2024-12-13,Google Brand Search,goog_brand_01,Google – Brand Search,133.57,8937,1242
2024-12-13,Google Non-Brand Search,goog_search_01,Google – Non-Brand Search NL,536.97,45405,1498
2024-12-13,Meta,fb_prospect_01,FB – Prospecting Lookalike NL,636.62,196605,2205
2024-12-13,Meta,fb_prospect_02,FB – Prospecting Interest EU,648.65,216709,2749
2024-12-13,Referral,referral_mgm_01,Referral – Member Get Member,1508.79,0,0
2024-12-13,TikTok,tiktok_upper_01,TikTok – Brand Awareness NL,446.9,193661,1395
2024-12-13,TikTok,tiktok_upper_02,TikTok – Brand Awareness EU,514.13,232395,1822
2024-12-14,Google App Campaigns,goog_ac_01,Google – App Campaign NL,413.9,112597,1681
2024-12-14,Google App Campaigns,goog_ac_02,Google – App Campaign EU,463.38,124933,1794
2024-12-14,Google Brand Search,goog_brand_01,Google – Brand Search,160.84,11372,1601
2024-12-14,Google Non-Brand Search,goog_search_01,Google – Non-Brand Search NL,595.33,55627,1932
2024-12-14,Meta,fb_prospect_01,FB – Prospecting Lookalike NL,600.21,191172,2154
2024-12-14,Meta,fb_prospect_02,FB – Prospecting Interest EU,610.93,207091,2625
2024-12-14,Referral,referral_mgm_01,Referral – Member Get Member,1993.02,0,0
2024-12-14,TikTok,tiktok_upper_01,TikTok – Brand Awareness NL,478.42,199195,1442
2024-12-14,TikTok,tiktok_upper_02,TikTok – Brand Awareness EU,440.81,186255,1635
2024-12-15,Google App Campaigns,goog_ac_01,Google – App Campaign NL,467.23,131106,1984
2024-12-15,Google App Campaigns,goog_ac_02,Google – App Campaign EU,378.76,102010,1393
2024-12-15,Google Brand Search,goog_brand_01,Google – Brand Search,139.09,9806,1592
2024-12-15,Google Non-Brand Search,goog_search_01,Google – Non-Brand Search NL,543.13,49273,1866
2024-12-15,Meta,fb_prospect_01,FB – Prospecting Lookalike NL,635.7,196604,2334
2024-12-15,Meta,fb_prospect_02,FB – Prospecting Interest EU,691.7,238377,2603
2024-12-15,Referral,referral_mgm_01,Referral – Member Get Member,2044.61,0,0
2024-12-15,TikTok,tiktok_upper_01,TikTok – Brand Awareness NL,492.51,222428,1791
2024-12-15,TikTok,tiktok_upper_02,TikTok – Brand Awareness EU,462.34,217103,1774
2024-12-16,Google App Campaigns,goog_ac_01,Google – App Campaign NL,393.5,111876,1777
2024-12-16,Google App Campaigns,goog_ac_02,Google – App Campaign EU,323.71,87347,1228
2024-12-16,Google Brand Search,goog_brand_01,Google – Brand Search,109.76,7488,1231
2024-12-16,Google Non-Brand Search,goog_search_01,Google – Non-Brand Search NL,458.06,39198,1461
2024-12-16,Meta,fb_prospect_01,FB – Prospecting Lookalike NL,539.13,186604,2336
2024-12-16,Meta,fb_prospect_02,FB – Prospecting Interest EU,472.82,148988,1655
2024-12-16,Referral,referral_mgm_01,Referral – Member Get Member,2079.74,0,0
2024-12-16,TikTok,tiktok_upper_01,TikTok – Brand Awareness NL,339.86,144750,1206
2024-12-16,TikTok,tiktok_upper_02,TikTok – Brand Awareness EU,407.67,178067,1468
2024-12-17,Google App Campaigns,goog_ac_01,Google – App Campaign NL,324.54,85084,1247
2024-12-17,Google App Campaigns,goog_ac_02,Google – App Campaign EU,337.68,88643,1360
2024-12-17,Google Brand Search,goog_brand_01,Google – Brand Search,133.56,8844,1280
2024-12-17,Google Non-Brand Search,goog_search_01,Google – Non-Brand Search NL,451.59,38037,1429
2024-12-17,Meta,fb_prospect_01,FB – Prospecting Lookalike NL,572.76,190221,2296
2024-12-17,Meta,fb_prospect_02,FB – Prospecting Interest EU,519.01,161172,2045
2024-12-17,Referral,referral_mgm_01,Referral – Member Get Member,1706.26,0,0
2024-12-17,TikTok,tiktok_upper_01,TikTok – Brand Awareness NL,401.24,166322,1438
2024-12-17,TikTok,tiktok_upper_02,TikTok – Brand Awareness EU,397.19,175294,1446
2024-12-18,Google App Campaigns,goog_ac_01,Google – App Campaign NL,344.62,94220,1381
2024-12-18,Google App Campaigns,goog_ac_02,Google – App Campaign EU,390.87,106606,1595
2024-12-18,Google Brand Search,goog_brand_01,Google – Brand Search,113.81,8045,1098
2024-12-18,Google Non-Brand Search,goog_search_01,Google – Non-Brand Search NL,431.24,40797,1440
2024-12-18,Meta,fb_prospect_01,FB – Prospecting Lookalike NL,583.97,192437,2205
2024-12-18,Meta,fb_prospect_02,FB – Prospecting Interest EU,515.72,163972,2118
2024-12-18,Referral,referral_mgm_01,Referral – Member Get Member,1650.24,0,0
2024-12-18,TikTok,tiktok_upper_01,TikTok – Brand Awareness NL,342.3,140859,1101
2024-12-18,TikTok,tiktok_upper_02,TikTok – Brand Awareness EU,423.65,195238,1513
2024-12-19,Google App Campaigns,goog_ac_01,Google – App Campaign NL,374.33,94091,1347
2024-12-19,Google App Campaigns,goog_ac_02,Google – App Campaign EU,369.84,98293,1553
2024-12-19,Google Brand Search,goog_brand_01,Google – Brand Search,108.23,6833,1082
2024-12-19,Google Non-Brand Search,goog_search_01,Google – Non-Brand Search NL,518.08,48433,1587
2024-12-19,Meta,fb_prospect_01,FB – Prospecting Lookalike NL,466.64,147025,1923
2024-12-19,Meta,fb_prospect_02,FB – Prospecting Interest EU,534.5,177851,2084
2024-12-19,Referral,referral_mgm_01,Referral – Member Get Member,1631.24,0,0
2024-12-19,TikTok,tiktok_upper_01,TikTok – Brand Awareness NL,366.87,164013,1269
2024-12-19,TikTok,tiktok_upper_02,TikTok – Brand Awareness EU,381.86,163315,1209
2024-12-20,Google App Campaigns,goog_ac_01,Google – App Campaign NL,413.05,108012,1764
2024-12-20,Google App Campaigns,goog_ac_02,Google – App Campaign EU,382.9,95882,1521
2024-12-20,Google Brand Search,goog_brand_01,Google – Brand Search,134.47,8620,1167
2024-12-20,Google Non-Brand Search,goog_search_01,Google – Non-Brand Search NL,574.33,48016,1523
2024-12-20,Meta,fb_prospect_01,FB – Prospecting Lookalike NL,637.31,200399,2201
2024-12-20,Meta,fb_prospect_02,FB – Prospecting Interest EU,699.13,230276,2680
2024-12-20,Referral,referral_mgm_01,Referral – Member Get Member,1870.33,0,0
2024-12-20,TikTok,tiktok_upper_01,TikTok – Brand Awareness NL,506.57,240467,1845
2024-12-20,TikTok,tiktok_upper_02,TikTok – Brand Awareness EU,498.44,222812,1897
2024-12-21,Google App Campaigns,goog_ac_01,Google – App Campaign NL,432.12,106265,1739
2024-12-21,Google App Campaigns,goog_ac_02,Google – App Campaign EU,435.56,117805,1665
2024-12-21,Google Brand Search,goog_brand_01,Google – Brand Search,147.28,10066,1610
2024-12-21,Google Non-Brand Search,goog_search_01,Google – Non-Brand Search NL,603.7,55699,1791
2024-12-21,Meta,fb_prospect_01,FB – Prospecting Lookalike NL,705.58,245328,2964
2024-12-21,Meta,fb_prospect_02,FB – Prospecting Interest EU,592.92,191989,2310
2024-12-21,Referral,referral_mgm_01,Referral – Member Get Member,1931.35,0,0
2024-12-21,TikTok,tiktok_upper_01,TikTok – Brand Awareness NL,429.4,198121,1696
2024-12-21,TikTok,tiktok_upper_02,TikTok – Brand Awareness EU,504.84,220420,1699
2024-12-22,Google App Campaigns,goog_ac_01,Google – App Campaign NL,438.0,124816,1996
2024-12-22,Google App Campaigns,goog_ac_02,Google – App Campaign EU,442.98,122200,1698
2024-12-22,Google Brand Search,goog_brand_01,Google – Brand Search,139.08,8862,1439
2024-12-22,Google Non-Brand Search,goog_search_01,Google – Non-Brand Search NL,500.8,44045,1414
2024-12-22,Meta,fb_prospect_01,FB – Prospecting Lookalike NL,597.15,198934,2505
2024-12-22,Meta,fb_prospect_02,FB – Prospecting Interest EU,582.63,209518,2343
2024-12-22,Referral,referral_mgm_01,Referral – Member Get Member,2082.88,0,0
2024-12-22,TikTok,tiktok_upper_01,TikTok – Brand Awareness NL,428.3,201856,1601
2024-12-22,TikTok,tiktok_upper_02,TikTok – Brand Awareness EU,416.18,173296,1302
2024-12-23,Google App Campaigns,goog_ac_01,Google – App Campaign NL,349.52,94743,1550
2024-12-23,Google App Campaigns,goog_ac_02,Google – App Campaign EU,359.79,99492,1583
2024-12-23,Google Brand Search,goog_brand_01,Google – Brand Search,122.09,7537,1221
2024-12-23,Google Non-Brand Search,goog_search_01,Google – Non-Brand Search NL,429.13,39078,1362
2024-12-23,Meta,fb_prospect_01,FB – Prospecting Lookalike NL,542.92,177192,2114
2024-12-23,Meta,fb_prospect_02,FB – Prospecting Interest EU,523.63,167280,1932
2024-12-23,Referral,referral_mgm_01,Referral – Member Get Member,2090.9,0,0
2024-12-23,TikTok,tiktok_upper_01,TikTok – Brand Awareness NL,419.03,195738,1631
2024-12-23,TikTok,tiktok_upper_02,TikTok – Brand Awareness EU,352.12,145188,1196
2024-12-24,Google App Campaigns,goog_ac_01,Google – App Campaign NL,354.8,91200,1347
2024-12-24,Google App Campaigns,goog_ac_02,Google – App Campaign EU,391.44,104432,1696
2024-12-24,Google Brand Search,goog_brand_01,Google – Brand Search,128.36,8234,1116
2024-12-24,Google Non-Brand Search,goog_search_01,Google – Non-Brand Search NL,478.69,44380,1488
2024-12-24,Meta,fb_prospect_01,FB – Prospecting Lookalike NL,484.34,169556,1974
2024-12-24,Meta,fb_prospect_02,FB – Prospecting Interest EU,520.07,170230,2050
2024-12-24,Referral,referral_mgm_01,Referral – Member Get Member,2181.99,0,0
2024-12-24,TikTok,tiktok_upper_01,TikTok – Brand Awareness NL,425.73,174181,1312
2024-12-24,TikTok,tiktok_upper_02,TikTok – Brand Awareness EU,354.53,164659,1342
2024-12-25,Google App Campaigns,goog_ac_01,Google – App Campaign NL,356.63,98637,1386
2024-12-25,Google App Campaigns,goog_ac_02,Google – App Campaign EU,351.69,94272,1480
2024-12-25,Google Brand Search,goog_brand_01,Google – Brand Search,122.41,8294,1255
2024-12-25,Google Non-Brand Search,goog_search_01,Google – Non-Brand Search NL,525.72,49333,1767
2024-12-25,Meta,fb_prospect_01,FB – Prospecting Lookalike NL,575.27,199235,2309
2024-12-25,Meta,fb_prospect_02,FB – Prospecting Interest EU,525.29,179627,1949
2024-12-25,Referral,referral_mgm_01,Referral – Member Get Member,1558.8,0,0
2024-12-25,TikTok,tiktok_upper_01,TikTok – Brand Awareness NL,352.73,144769,1261
2024-12-25,TikTok,tiktok_upper_02,TikTok – Brand Awareness EU,430.08,199165,1468
2024-12-26,Google App Campaigns,goog_ac_01,Google – App Campaign NL,329.92,84180,1332
2024-12-26,Google App Campaigns,goog_ac_02,Google – App Campaign EU,379.71,99359,1392
2024-12-26,Google Brand Search,goog_brand_01,Google – Brand Search,106.91,6937,1135
2024-12-26,Google Non-Brand Search,goog_search_01,Google – Non-Brand Search NL,428.83,35599,1217
2024-12-26,Meta,fb_prospect_01,FB – Prospecting Lookalike NL,507.7,156227,1708
2024-12-26,Meta,fb_prospect_02,FB – Prospecting Interest EU,506.33,167752,1878
2024-12-26,Referral,referral_mgm_01,Referral – Member Get Member,1519.99,0,0
2024-12-26,TikTok,tiktok_upper_01,TikTok – Brand Awareness NL,343.39,157459,1313
2024-12-26,TikTok,tiktok_upper_02,TikTok – Brand Awareness EU,385.15,181321,1500
2024-12-27,Google App Campaigns,goog_ac_01,Google – App Campaign NL,388.0,95307,1538
2024-12-27,Google App Campaigns,goog_ac_02,Google – App Campaign EU,445.39,114937,1627
2024-12-27,Google Brand Search,goog_brand_01,Google – Brand Search,137.83,9708,1570
2024-12-27,Google Non-Brand Search,goog_search_01,Google – Non-Brand Search NL,592.54,56205,1887
2024-12-27,Meta,fb_prospect_01,FB – Prospecting Lookalike NL,652.44,234047,2836
2024-12-27,Meta,fb_prospect_02,FB – Prospecting Interest EU,600.57,201213,2198
2024-12-27,Referral,referral_mgm_01,Referral – Member Get Member,2131.88,0,0
2024-12-27,TikTok,tiktok_upper_01,TikTok – Brand Awareness NL,461.63,215759,1598
2024-12-27,TikTok,tiktok_upper_02,TikTok – Brand Awareness EU,435.15,207216,1618
2024-12-28,Google App Campaigns,goog_ac_01,Google – App Campaign NL,384.23,100154,1354
2024-12-28,Google App Campaigns,goog_ac_02,Google – App Campaign EU,477.2,135452,1839
2024-12-28,Google Brand Search,goog_brand_01,Google – Brand Search,155.99,9834,1560
2024-12-28,Google Non-Brand Search,goog_search_01,Google – Non-Brand Search NL,501.96,43668,1454
2024-12-28,Meta,fb_prospect_01,FB – Prospecting Lookalike NL,559.94,190644,2472
2024-12-28,Meta,fb_prospect_02,FB – Prospecting Interest EU,702.07,239644,3133
2024-12-28,Referral,referral_mgm_01,Referral – Member Get Member,1984.31,0,0
2024-12-28,TikTok,tiktok_upper_01,TikTok – Brand Awareness NL,506.59,217699,1608
2024-12-28,TikTok,tiktok_upper_02,TikTok – Brand Awareness EU,454.16,195252,1681
2024-12-29,Google App Campaigns,goog_ac_01,Google – App Campaign NL,407.19,112123,1648
2024-12-29,Google App Campaigns,goog_ac_02,Google – App Campaign EU,438.07,126128,2074
2024-12-29,Google Brand Search,goog_brand_01,Google – Brand Search,160.78,11195,1532
2024-12-29,Google Non-Brand Search,goog_search_01,Google – Non-Brand Search NL,569.32,51204,1934
2024-12-29,Meta,fb_prospect_01,FB – Prospecting Lookalike NL,610.51,216713,2767
2024-12-29,Meta,fb_prospect_02,FB – Prospecting Interest EU,677.05,229878,2971
2024-12-29,Referral,referral_mgm_01,Referral – Member Get Member,1320.36,0,0
2024-12-29,TikTok,tiktok_upper_01,TikTok – Brand Awareness NL,466.82,203404,1511
2024-12-29,TikTok,tiktok_upper_02,TikTok – Brand Awareness EU,515.84,233589,1845
2024-12-30,Google App Campaigns,goog_ac_01,Google – App Campaign NL,341.09,94477,1305
2024-12-30,Google App Campaigns,goog_ac_02,Google – App Campaign EU,325.53,85659,1169
2024-12-30,Google Brand Search,goog_brand_01,Google – Brand Search,129.74,8661,1351
2024-12-30,Google Non-Brand Search,goog_search_01,Google – Non-Brand Search NL,523.82,49555,1577
2024-12-30,Meta,fb_prospect_01,FB – Prospecting Lookalike NL,512.81,179385,2063
2024-12-30,Meta,fb_prospect_02,FB – Prospecting Interest EU,548.29,189377,2428
2024-12-30,Referral,referral_mgm_01,Referral – Member Get Member,1835.3,0,0
2024-12-30,TikTok,tiktok_upper_01,TikTok – Brand Awareness NL,367.65,173766,1464
2024-12-30,TikTok,tiktok_upper_02,TikTok – Brand Awareness EU,406.32,185437,1457
2024-12-31,Google App Campaigns,goog_ac_01,Google – App Campaign NL,373.12,95579,1307
2024-12-31,Google App Campaigns,goog_ac_02,Google – App Campaign EU,346.66,89737,1399
2024-12-31,Google Brand Search,goog_brand_01,Google – Brand Search,106.77,6791,1071
2024-12-31,Google Non-Brand Search,goog_search_01,Google – Non-Brand Search NL,509.3,43260,1522
2024-12-31,Meta,fb_prospect_01,FB – Prospecting Lookalike NL,534.15,174429,1896
2024-12-31,Meta,fb_prospect_02,FB – Prospecting Interest EU,577.29,187107,2336
2024-12-31,Referral,referral_mgm_01,Referral – Member Get Member,1986.83,0,0
2024-12-31,TikTok,tiktok_upper_01,TikTok – Brand Awareness NL,419.66,188812,1394
2024-12-31,TikTok,tiktok_upper_02,TikTok – Brand Awareness EU,338.16,150218,1308
2025-01-01,Google App Campaigns,goog_ac_01,Google – App Campaign NL,514.97,137582,2265
2025-01-01,Google App Campaigns,goog_ac_02,Google – App Campaign EU,460.04,131222,1929
2025-01-01,Google Brand Search,goog_brand_01,Google – Brand Search,186.69,13265,2177
2025-01-01,Google Non-Brand Search,goog_search_01,Google – Non-Brand Search NL,657.11,58676,1956
2025-01-01,Meta,fb_prospect_01,FB – Prospecting Lookalike NL,762.18,271749,3028
2025-01-01,Meta,fb_prospect_02,FB – Prospecting Interest EU,726.33,252631,2950
2025-01-01,Referral,referral_mgm_01,Referral – Member Get Member,1869.63,0,0
2025-01-01,TikTok,tiktok_upper_01,TikTok – Brand Awareness NL,575.46,267070,1983
2025-01-01,TikTok,tiktok_upper_02,TikTok – Brand Awareness EU,544.18,238866,2097
2025-01-02,Google App Campaigns,goog_ac_01,Google – App Campaign NL,488.12,124433,1771
2025-01-02,Google App Campaigns,goog_ac_02,Google – App Campaign EU,509.18,131822,2107
2025-01-02,Google Brand Search,goog_brand_01,Google – Brand Search,169.14,11370,1753
2025-01-02,Google Non-Brand Search,goog_search_01,Google – Non-Brand Search NL,600.44,54035,1762
2025-01-02,Meta,fb_prospect_01,FB – Prospecting Lookalike NL,734.52,251625,2942
2025-01-02,Meta,fb_prospect_02,FB – Prospecting Interest EU,711.83,219498,2592
2025-01-02,Referral,referral_mgm_01,Referral – Member Get Member,2375.67,0,0
2025-01-02,TikTok,tiktok_upper_01,TikTok – Brand Awareness NL,601.71,274691,2175
2025-01-02,TikTok,tiktok_upper_02,TikTok – Brand Awareness EU,582.85,239307,2042
2025-01-03,Google App Campaigns,goog_ac_01,Google – App Campaign NL,604.66,169778,2683
2025-01-03,Google App Campaigns,goog_ac_02,Google – App Campaign EU,589.98,149678,2408
2025-01-03,Google Brand Search,goog_brand_01,Google – Brand Search,196.43,12294,1757
2025-01-03,Google Non-Brand Search,goog_search_01,Google – Non-Brand Search NL,710.11,62102,2327
2025-01-03,Meta,fb_prospect_01,FB – Prospecting Lookalike NL,868.2,302334,3574
2025-01-03,Meta,fb_prospect_02,FB – Prospecting Interest EU,826.07,265385,2894
2025-01-03,Referral,referral_mgm_01,Referral – Member Get Member,2181.81,0,0
2025-01-03,TikTok,tiktok_upper_01,TikTok – Brand Awareness NL,633.88,282151,2112
2025-01-03,TikTok,tiktok_upper_02,TikTok – Brand Awareness EU,639.39,278399,2300
2025-01-04,Google App Campaigns,goog_ac_01,Google – App Campaign NL,600.03,158927,2533
2025-01-04,Google App Campaigns,goog_ac_02,Google – App Campaign EU,657.98,183511,2797
2025-01-04,Google Brand Search,goog_brand_01,Google – Brand Search,216.69,15270,2183
2025-01-04,Google Non-Brand Search,goog_search_01,Google – Non-Brand Search NL,802.55,72987,2445
2025-01-04,Meta,fb_prospect_01,FB – Prospecting Lookalike NL,950.44,311575,3916
2025-01-04,Meta,fb_prospect_02,FB – Prospecting Interest EU,869.37,270866,3211
2025-01-04,Referral,referral_mgm_01,Referral – Member Get Member,1980.85,0,0
2025-01-04,TikTok,tiktok_upper_01,TikTok – Brand Awareness NL,660.61,277257,2286
2025-01-04,TikTok,tiktok_upper_02,TikTok – Brand Awareness EU,635.55,274981,2085
2025-01-05,Google App Campaigns,goog_ac_01,Google – App Campaign NL,618.3,151791,2379
2025-01-05,Google App Campaigns,goog_ac_02,Google – App Campaign EU,581.31,166865,2597
2025-01-05,Google Brand Search,goog_brand_01,Google – Brand Search,223.5,15338,2266
2025-01-05,Google Non-Brand Search,goog_search_01,Google – Non-Brand Search NL,709.24,58933,1892
2025-01-05,Meta,fb_prospect_01,FB – Prospecting Lookalike NL,849.8,286231,3331
2025-01-05,Meta,fb_prospect_02,FB – Prospecting Interest EU,975.58,312430,3584
2025-01-05,Referral,referral_mgm_01,Referral – Member Get Member,2479.76,0,0
2025-01-05,TikTok,tiktok_upper_01,TikTok – Brand Awareness NL,707.49,331984,2614
2025-01-05,TikTok,tiktok_upper_02,TikTok – Brand Awareness EU,708.45,295744,2141
2025-01-06,Google App Campaigns,goog_ac_01,Google – App Campaign NL,503.96,128777,2013
2025-01-06,Google App Campaigns,goog_ac_02,Google – App Campaign EU,499.17,126229,1859
2025-01-06,Google Brand Search,goog_brand_01,Google – Brand Search,183.16,11974,1713
2025-01-06,Google Non-Brand Search,goog_search_01,Google – Non-Brand Search NL,683.63,63055,2092
2025-01-06,Meta,fb_prospect_01,FB – Prospecting Lookalike NL,735.87,234418,2744
2025-01-06,Meta,fb_prospect_02,FB – Prospecting Interest EU,817.05,280765,3602
2025-01-06,Referral,referral_mgm_01,Referral – Member Get Member,2940.97,0,0
2025-01-06,TikTok,tiktok_upper_01,TikTok – Brand Awareness NL,498.96,235017,1767
2025-01-06,TikTok,tiktok_upper_02,TikTok – Brand Awareness EU,564.27,261352,2004
2025-01-07,Google App Campaigns,goog_ac_01,Google – App Campaign NL,523.23,133962,2030
2025-01-07,Google App Campaigns,goog_ac_02,Google – App Campaign EU,477.35,128394,1986
2025-01-07,Google Brand Search,goog_brand_01,Google – Brand Search,171.15,11076,1578
2025-01-07,Google Non-Brand Search,goog_search_01,Google – Non-Brand Search NL,737.34,65076,2344
2025-01-07,Meta,fb_prospect_01,FB – Prospecting Lookalike NL,784.57,254803,3329
2025-01-07,Meta,fb_prospect_02,FB – Prospecting Interest EU,652.2,204632,2498
2025-01-07,Referral,referral_mgm_01,Referral – Member Get Member,1953.52,0,0
2025-01-07,TikTok,tiktok_upper_01,TikTok – Brand Awareness NL,498.26,232225,1802
2025-01-07,TikTok,tiktok_upper_02,TikTok – Brand Awareness EU,535.46,227427,1886
2025-01-08,Google App Campaigns,goog_ac_01,Google – App Campaign NL,470.44,129840,2040
2025-01-08,Google App Campaigns,goog_ac_02,Google – App Campaign EU,478.4,135252,1934
2025-01-08,Google Brand Search,goog_brand_01,Google – Brand Search,159.0,10612,1523
2025-01-08,Google Non-Brand Search,goog_search_01,Google – Non-Brand Search NL,593.84,53628,1728
2025-01-08,Meta,fb_prospect_01,FB – Prospecting Lookalike NL,817.41,280577,3090
2025-01-08,Meta,fb_prospect_02,FB – Prospecting Interest EU,769.08,260610,3025
2025-01-08,Referral,referral_mgm_01,Referral – Member Get Member,2483.95,0,0
2025-01-08,TikTok,tiktok_upper_01,TikTok – Brand Awareness NL,600.55,254391,2153
2025-01-08,TikTok,tiktok_upper_02,TikTok – Brand Awareness EU,492.0,229314,1718
2025-01-09,Google App Campaigns,goog_ac_01,Google – App Campaign NL,512.62,126613,1757
2025-01-09,Google App Campaigns,goog_ac_02,Google – App Campaign EU,499.09,138335,2060
2025-01-09,Google Brand Search,goog_brand_01,Google – Brand Search,175.83,10846,1477
2025-01-09,Google Non-Brand Search,goog_search_01,Google – Non-Brand Search NL,585.48,49413,1759
2025-01-09,Meta,fb_prospect_01,FB – Prospecting Lookalike NL,692.89,241756,2725
2025-01-09,Meta,fb_prospect_02,FB – Prospecting Interest EU,689.53,242404,3048
2025-01-09,Referral,referral_mgm_01,Referral – Member Get Member,2507.21,0,0
2025-01-09,TikTok,tiktok_upper_01,TikTok – Brand Awareness NL,500.83,229827,1855
2025-01-09,TikTok,tiktok_upper_02,TikTok – Brand Awareness EU,581.44,261775,2087
2025-01-10,Google App Campaigns,goog_ac_01,Google – App Campaign NL,535.65,139633,2009
2025-01-10,Google App Campaigns,goog_ac_02,Google – App Campaign EU,558.58,153866,2380
2025-01-10,Google Brand Search,goog_brand_01,Google – Brand Search,184.65,12080,1868
2025-01-10,Google Non-Brand Search,goog_search_01,Google – Non-Brand Search NL,801.41,75917,2446
2025-01-10,Meta,fb_prospect_01,FB – Prospecting Lookalike NL,981.6,350675,4017
2025-01-10,Meta,fb_prospect_02,FB – Prospecting Interest EU,782.39,253677,3170
2025-01-10,Referral,referral_mgm_01,Referral – Member Get Member,2285.06,0,0
2025-01-10,TikTok,tiktok_upper_01,TikTok – Brand Awareness NL,608.16,252280,2034
2025-01-10,TikTok,tiktok_upper_02,TikTok – Brand Awareness EU,586.86,267011,2254
2025-01-11,Google App Campaigns,goog_ac_01,Google – App Campaign NL,600.22,156528,2574
2025-01-11,Google App Campaigns,goog_ac_02,Google – App Campaign EU,547.32,143871,2319
2025-01-11,Google Brand Search,goog_brand_01,Google – Brand Search,179.87,12815,1894
2025-01-11,Google Non-Brand Search,goog_search_01,Google – Non-Brand Search NL,871.02,83373,3142
2025-01-11,Meta,fb_prospect_01,FB – Prospecting Lookalike NL,976.23,333880,4370
2025-01-11,Meta,fb_prospect_02,FB – Prospecting Interest EU,815.87,277125,3543
2025-01-11,Referral,referral_mgm_01,Referral – Member Get Member,2405.09,0,0
2025-01-11,TikTok,tiktok_upper_01,TikTok – Brand Awareness NL,658.14,272570,2379
2025-01-11,TikTok,tiktok_upper_02,TikTok – Brand Awareness EU,614.94,267139,2189
2025-01-12,Google App Campaigns,goog_ac_01,Google – App Campaign NL,537.11,135681,2085
2025-01-12,Google App Campaigns,goog_ac_02,Google – App Campaign EU,570.99,145313,2060
2025-01-12,Google Brand Search,goog_brand_01,Google – Brand Search,194.96,13387,2013
2025-01-12,Google Non-Brand Search,goog_search_01,Google – Non-Brand Search NL,740.25,67093,2191
2025-01-12,Meta,fb_prospect_01,FB – Prospecting Lookalike NL,815.32,269180,2910
2025-01-12,Meta,fb_prospect_02,FB – Prospecting Interest EU,922.82,297568,3610
2025-01-12,Referral,referral_mgm_01,Referral – Member Get Member,1955.06,0,0
2025-01-12,TikTok,tiktok_upper_01,TikTok – Brand Awareness NL,668.6,292128,2483
2025-01-12,TikTok,tiktok_upper_02,TikTok – Brand Awareness EU,656.87,308082,2313
2025-01-13,Google App Campaigns,goog_ac_01,Google – App Campaign NL,482.33,123606,1707
2025-01-13,Google App Campaigns,goog_ac_02,Google – App Campaign EU,551.93,138748,1980
2025-01-13,Google Brand Search,goog_brand_01,Google – Brand Search,180.67,12063,1935
2025-01-13,Google Non-Brand Search,goog_search_01,Google – Non-Brand Search NL,692.57,63630,2075
2025-01-13,Meta,fb_prospect_01,FB – Prospecting Lookalike NL,762.39,258763,3345
2025-01-13,Meta,fb_prospect_02,FB – Prospecting Interest EU,657.13,230877,2868
2025-01-13,Referral,referral_mgm_01,Referral – Member Get Member,2655.2,0,0
2025-01-13,TikTok,tiktok_upper_01,TikTok – Brand Awareness NL,550.15,234766,2040
2025-01-13,TikTok,tiktok_upper_02,TikTok – Brand Awareness EU,526.49,226019,1954
2025-01-14,Google App Campaigns,goog_ac_01,Google – App Campaign NL,486.92,138075,2247
2025-01-14,Google App Campaigns,goog_ac_02,Google – App Campaign EU,555.74,154559,2179
2025-01-14,Google Brand Search,goog_brand_01,Google – Brand Search,182.41,12279,2004
2025-01-14,Google Non-Brand Search,goog_search_01,Google – Non-Brand Search NL,732.92,69808,2524
2025-01-14,Meta,fb_prospect_01,FB – Prospecting Lookalike NL,784.38,278172,3564
2025-01-14,Meta,fb_prospect_02,FB – Prospecting Interest EU,815.85,289489,3434
2025-01-14,Referral,referral_mgm_01,Referral – Member Get Member,2982.25,0,0
2025-01-14,TikTok,tiktok_upper_01,TikTok – Brand Awareness NL,484.35,199519,1639
2025-01-14,TikTok,tiktok_upper_02,TikTok – Brand Awareness EU,492.44,219735,1586
2025-01-15,Google App Campaigns,goog_ac_01,Google – App Campaign NL,532.12,146492,2216
2025-01-15,Google App Campaigns,goog_ac_02,Google – App Campaign EU,536.87,150955,2303
2025-01-15,Google Brand Search,goog_brand_01,Google – Brand Search,162.41,9964,1416
2025-01-15,Google Non-Brand Search,goog_search_01,Google – Non-Brand Search NL,736.25,67744,2454
2025-01-15,Meta,fb_prospect_01,FB – Prospecting Lookalike NL,687.77,245838,2984
2025-01-15,Meta,fb_prospect_02,FB – Prospecting Interest EU,805.16,258855,2811
2025-01-15,Referral,referral_mgm_01,Referral – Member Get Member,3155.17,0,0
2025-01-15,TikTok,tiktok_upper_01,TikTok – Brand Awareness NL,485.21,228206,1662
2025-01-15,TikTok,tiktok_upper_02,TikTok – Brand Awareness EU,516.84,216303,1722
2025-01-16,Google App Campaigns,goog_ac_01,Google – App Campaign NL,554.45,150023,2291
2025-01-16,Google App Campaigns,goog_ac_02,Google – App Campaign EU,482.91,130107,1880
2025-01-16,Google Brand Search,goog_brand_01,Google – Brand Search,167.68,10433,1669
2025-01-16,Google Non-Brand Search,goog_search_01,Google – Non-Brand Search NL,582.91,54849,1891
2025-01-16,Meta,fb_prospect_01,FB – Prospecting Lookalike NL,813.92,267537,3046
2025-01-16,Meta,fb_prospect_02,FB – Prospecting Interest EU,732.73,239827,3009
2025-01-16,Referral,referral_mgm_01,Referral – Member Get Member,2999.1,0,0
2025-01-16,TikTok,tiktok_upper_01,TikTok – Brand Awareness NL,571.65,262597,2029
2025-01-16,TikTok,tiktok_upper_02,TikTok – Brand Awareness EU,553.8,234133,1784
2025-01-17,Google App Campaigns,goog_ac_01,Google – App Campaign NL,657.69,181082,2952
2025-01-17,Google App Campaigns,goog_ac_02,Google – App Campaign EU,611.66,165122,2379
2025-01-17,Google Brand Search,goog_brand_01,Google – Brand Search,188.68,12666,1996
2025-01-17,Google Non-Brand Search,goog_search_01,Google – Non-Brand Search NL,834.62,78721,2835
2025-01-17,Meta,fb_prospect_01,FB – Prospecting Lookalike NL,927.56,332832,4032
2025-01-17,Meta,fb_prospect_02,FB – Prospecting Interest EU,922.68,302305,3809
2025-01-17,Referral,referral_mgm_01,Referral – Member Get Member,2606.59,0,0
2025-01-17,TikTok,tiktok_upper_01,TikTok – Brand Awareness NL,594.08,260259,2223
2025-01-17,TikTok,tiktok_upper_02,TikTok – Brand Awareness EU,638.58,303391,2285
2025-01-18,Google App Campaigns,goog_ac_01,Google – App Campaign NL,528.32,135081,2219
2025-01-18,Google App Campaigns,goog_ac_02,Google – App Campaign EU,669.22,170191,2610
2025-01-18,Google Brand Search,goog_brand_01,Google – Brand Search,217.02,15485,2170
2025-01-18,Google Non-Brand Search,goog_search_01,Google – Non-Brand Search NL,713.95,64248,2079
2025-01-18,Meta,fb_prospect_01,FB – Prospecting Lookalike NL,865.98,290212,3291
2025-01-18,Meta,fb_prospect_02,FB – Prospecting Interest EU,871.23,312931,3746
2025-01-18,Referral,referral_mgm_01,Referral – Member Get Member,3118.44,0,0
2025-01-18,TikTok,tiktok_upper_01,TikTok – Brand Awareness NL,713.15,299540,2217
2025-01-18,TikTok,tiktok_upper_02,TikTok – Brand Awareness EU,631.64,263911,2313
2025-01-19,Google App Campaigns,goog_ac_01,Google – App Campaign NL,555.66,140581,2212
2025-01-19,Google App Campaigns,goog_ac_02,Google – App Campaign EU,631.37,173730,2358
2025-01-19,Google Brand Search,goog_brand_01,Google – Brand Search,206.54,13319,1901
2025-01-19,Google Non-Brand Search,goog_search_01,Google – Non-Brand Search NL,748.86,70185,2505
2025-01-19,Meta,fb_prospect_01,FB – Prospecting Lookalike NL,785.6,276906,3041
2025-01-19,Meta,fb_prospect_02,FB – Prospecting Interest EU,888.14,293778,3829
2025-01-19,Referral,referral_mgm_01,Referral – Member Get Member,2573.49,0,0
2025-01-19,TikTok,tiktok_upper_01,TikTok – Brand Awareness NL,639.35,266061,2059
2025-01-19,TikTok,tiktok_upper_02,TikTok – Brand Awareness EU,577.78,247117,2169
2025-01-20,Google App Campaigns,goog_ac_01,Google – App Campaign NL,552.31,143892,2123
2025-01-20,Google App Campaigns,goog_ac_02,Google – App Campaign EU,522.88,141860,2101
2025-01-20,Google Brand Search,goog_brand_01,Google – Brand Search,181.07,11604,1711
2025-01-20,Google Non-Brand Search,goog_search_01,Google – Non-Brand Search NL,686.0,64907,2407
2025-01-20,Meta,fb_prospect_01,FB – Prospecting Lookalike NL,716.86,247570,2896
2025-01-20,Meta,fb_prospect_02,FB – Prospecting Interest EU,748.89,258037,2907
2025-01-20,Referral,referral_mgm_01,Referral – Member Get Member,2636.86,0,0
2025-01-20,TikTok,tiktok_upper_01,TikTok – Brand Awareness NL,595.22,274182,2029
2025-01-20,TikTok,tiktok_upper_02,TikTok – Brand Awareness EU,594.07,267510,2068
2025-01-21,Google App Campaigns,goog_ac_01,Google – App Campaign NL,538.19,134164,2017
2025-01-21,Google App Campaigns,goog_ac_02,Google – App Campaign EU,501.56,135335,2186
2025-01-21,Google Brand Search,goog_brand_01,Google – Brand Search,156.5,10000,1453
2025-01-21,Google Non-Brand Search,goog_search_01,Google – Non-Brand Search NL,681.89,65205,2451
2025-01-21,Meta,fb_prospect_01,FB – Prospecting Lookalike NL,696.79,226243,2770
2025-01-21,Meta,fb_prospect_02,FB – Prospecting Interest EU,749.74,240144,2711
2025-01-21,Referral,referral_mgm_01,Referral – Member Get Member,2633.43,0,0
2025-01-21,TikTok,tiktok_upper_01,TikTok – Brand Awareness NL,544.54,224366,1890
2025-01-21,TikTok,tiktok_upper_02,TikTok – Brand Awareness EU,514.82,220848,1680
2025-01-22,Google App Campaigns,goog_ac_01,Google – App Campaign NL,510.15,136902,1878
2025-01-22,Google App Campaigns,goog_ac_02,Google – App Campaign EU,546.22,148582,2259
2025-01-22,Google Brand Search,goog_brand_01,Google – Brand Search,178.29,11904,1618
2025-01-22,Google Non-Brand Search,goog_search_01,Google – Non-Brand Search NL,668.48,58392,1942
2025-01-22,Meta,fb_prospect_01,FB – Prospecting Lookalike NL,768.19,275569,3109
2025-01-22,Meta,fb_prospect_02,FB – Prospecting Interest EU,716.1,256446,3193
2025-01-22,Referral,referral_mgm_01,Referral – Member Get Member,2968.72,0,0
2025-01-22,TikTok,tiktok_upper_01,TikTok – Brand Awareness NL,523.6,234684,1776
2025-01-22,TikTok,tiktok_upper_02,TikTok – Brand Awareness EU,501.78,218780,1810
2025-01-23,Google App Campaigns,goog_ac_01,Google – App Campaign NL,514.04,130778,1940
2025-01-23,Google App Campaigns,goog_ac_02,Google – App Campaign EU,463.49,114143,1876
2025-01-23,Google Brand Search,goog_brand_01,Google – Brand Search,162.78,10674,1548
2025-01-23,Google Non-Brand Search,goog_search_01,Google – Non-Brand Search NL,623.92,56285,1890
2025-01-23,Meta,fb_prospect_01,FB – Prospecting Lookalike NL,764.72,269182,2980
2025-01-23,Meta,fb_prospect_02,FB – Prospecting Interest EU,809.9,287413,3461
2025-01-23,Referral,referral_mgm_01,Referral – Member Get Member,2849.14,0,0
2025-01-23,TikTok,tiktok_upper_01,TikTok – Brand Awareness NL,524.58,249134,1942
2025-01-23,TikTok,tiktok_upper_02,TikTok – Brand Awareness EU,526.4,238595,2023
2025-01-24,Google App Campaigns,goog_ac_01,Google – App Campaign NL,571.69,159367,2307
2025-01-24,Google App Campaigns,goog_ac_02,Google – App Campaign EU,659.42,169316,2354
2025-01-24,Google Brand Search,goog_brand_01,Google – Brand Search,209.13,13341,1884
2025-01-24,Google Non-Brand Search,goog_search_01,Google – Non-Brand Search NL,832.42,70000,2670
2025-01-24,Meta,fb_prospect_01,FB – Prospecting Lookalike NL,826.35,256187,3290
2025-01-24,Meta,fb_prospect_02,FB – Prospecting Interest EU,897.66,295121,3761
2025-01-24,Referral,referral_mgm_01,Referral – Member Get Member,2945.55,0,0
2025-01-24,TikTok,tiktok_upper_01,TikTok – Brand Awareness NL,666.39,318015,2507
2025-01-24,TikTok,tiktok_upper_02,TikTok – Brand Awareness EU,718.4,327860,2678
2025-01-25,Google App Campaigns,goog_ac_01,Google – App Campaign NL,662.72,167329,2335
2025-01-25,Google App Campaigns,goog_ac_02,Google – App Campaign EU,537.56,140855,1922
2025-01-25,Google Brand Search,goog_brand_01,Google – Brand Search,217.73,14951,2107
2025-01-25,Google Non-Brand Search,goog_search_01,Google – Non-Brand Search NL,774.55,64864,2374
2025-01-25,Meta,fb_prospect_01,FB – Prospecting Lookalike NL,917.65,299661,3278
2025-01-25,Meta,fb_prospect_02,FB – Prospecting Interest EU,978.94,352136,4110
2025-01-25,Referral,referral_mgm_01,Referral – Member Get Member,2495.66,0,0
2025-01-25,TikTok,tiktok_upper_01,TikTok – Brand Awareness NL,710.75,321339,2772
2025-01-25,TikTok,tiktok_upper_02,TikTok – Brand Awareness EU,584.77,277586,2228
2025-01-26,Google App Campaigns,goog_ac_01,Google – App Campaign NL,632.15,164508,2460
2025-01-26,Google App Campaigns,goog_ac_02,Google – App Campaign EU,549.61,157695,2471
2025-01-26,Google Brand Search,goog_brand_01,Google – Brand Search,213.58,15207,2199
2025-01-26,Google Non-Brand Search,goog_search_01,Google – Non-Brand Search NL,750.19,65311,2249
2025-01-26,Meta,fb_prospect_01,FB – Prospecting Lookalike NL,951.33,339416,4207
2025-01-26,Meta,fb_prospect_02,FB – Prospecting Interest EU,980.33,349473,3936
2025-01-26,Referral,referral_mgm_01,Referral – Member Get Member,2039.66,0,0
2025-01-26,TikTok,tiktok_upper_01,TikTok – Brand Awareness NL,686.44,292856,2463
2025-01-26,TikTok,tiktok_upper_02,TikTok – Brand Awareness EU,655.56,285145,2090
2025-01-27,Google App Campaigns,goog_ac_01,Google – App Campaign NL,494.2,121424,1889
2025-01-27,Google App Campaigns,goog_ac_02,Google – App Campaign EU,488.93,134003,1920
2025-01-27,Google Brand Search,goog_brand_01,Google – Brand Search,163.69,10421,1551
2025-01-27,Google Non-Brand Search,goog_search_01,Google – Non-Brand Search NL,583.12,50542,1840
2025-01-27,Meta,fb_prospect_01,FB – Prospecting Lookalike NL,717.55,255062,2967
2025-01-27,Meta,fb_prospect_02,FB – Prospecting Interest EU,690.86,239234,3127
2025-01-27,Referral,referral_mgm_01,Referral – Member Get Member,2854.11,0,0
2025-01-27,TikTok,tiktok_upper_01,TikTok – Brand Awareness NL,534.05,240894,1885
2025-01-27,TikTok,tiktok_upper_02,TikTok – Brand Awareness EU,538.14,224084,1672
2025-01-28,Google App Campaigns,goog_ac_01,Google – App Campaign NL,549.26,155147,2236
2025-01-28,Google App Campaigns,goog_ac_02,Google – App Campaign EU,490.55,121112,1832
2025-01-28,Google Brand Search,goog_brand_01,Google – Brand Search,156.48,10763,1635
2025-01-28,Google Non-Brand Search,goog_search_01,Google – Non-Brand Search NL,592.81,56391,2117
2025-01-28,Meta,fb_prospect_01,FB – Prospecting Lookalike NL,804.63,260320,2830
2025-01-28,Meta,fb_prospect_02,FB – Prospecting Interest EU,701.18,222683,2697
2025-01-28,Referral,referral_mgm_01,Referral – Member Get Member,3078.49,0,0
2025-01-28,TikTok,tiktok_upper_01,TikTok – Brand Awareness NL,570.16,237974,1975
2025-01-28,TikTok,tiktok_upper_02,TikTok – Brand Awareness EU,559.19,243387,2130
2025-01-29,Google App Campaigns,goog_ac_01,Google – App Campaign NL,458.82,123654,1917
2025-01-29,Google App Campaigns,goog_ac_02,Google – App Campaign EU,481.71,135278,2033
2025-01-29,Google Brand Search,goog_brand_01,Google – Brand Search,149.89,10637,1717
2025-01-29,Google Non-Brand Search,goog_search_01,Google – Non-Brand Search NL,682.38,57170,1809
2025-01-29,Meta,fb_prospect_01,FB – Prospecting Lookalike NL,684.32,234855,3002
2025-01-29,Meta,fb_prospect_02,FB – Prospecting Interest EU,666.12,218496,2743
2025-01-29,Referral,referral_mgm_01,Referral – Member Get Member,2302.04,0,0
2025-01-29,TikTok,tiktok_upper_01,TikTok – Brand Awareness NL,576.48,255214,1915
2025-01-29,TikTok,tiktok_upper_02,TikTok – Brand Awareness EU,555.64,230366,1873
2025-01-30,Google App Campaigns,goog_ac_01,Google – App Campaign NL,505.53,145191,2011
2025-01-30,Google App Campaigns,goog_ac_02,Google – App Campaign EU,529.88,137555,1904
2025-01-30,Google Brand Search,goog_brand_01,Google – Brand Search,164.18,11182,1702
2025-01-30,Google Non-Brand Search,goog_search_01,Google – Non-Brand Search NL,649.79,58209,1917
2025-01-30,Meta,fb_prospect_01,FB – Prospecting Lookalike NL,804.77,253692,2844
2025-01-30,Meta,fb_prospect_02,FB – Prospecting Interest EU,805.74,267918,3133
2025-01-30,Referral,referral_mgm_01,Referral – Member Get Member,2874.45,0,0
2025-01-30,TikTok,tiktok_upper_01,TikTok – Brand Awareness NL,577.29,244241,1962
2025-01-30,TikTok,tiktok_upper_02,TikTok – Brand Awareness EU,575.81,263067,1942
2025-01-31,Google App Campaigns,goog_ac_01,Google – App Campaign NL,588.77,158661,2459
2025-01-31,Google App Campaigns,goog_ac_02,Google – App Campaign EU,589.57,155902,2432
2025-01-31,Google Brand Search,goog_brand_01,Google – Brand Search,214.02,15369,2441
2025-01-31,Google Non-Brand Search,goog_search_01,Google – Non-Brand Search NL,710.89,63595,2246
2025-01-31,Meta,fb_prospect_01,FB – Prospecting Lookalike NL,799.09,258377,2896
2025-01-31,Meta,fb_prospect_02,FB – Prospecting Interest EU,857.84,307602,3752
2025-01-31,Referral,referral_mgm_01,Referral – Member Get Member,3007.78,0,0
2025-01-31,TikTok,tiktok_upper_01,TikTok – Brand Awareness NL,679.67,318334,2499
2025-01-31,TikTok,tiktok_upper_02,TikTok – Brand Awareness EU,633.19,281268,2279
2025-02-01,Google App Campaigns,goog_ac_01,Google – App Campaign NL,441.86,113952,1568
2025-02-01,Google App Campaigns,goog_ac_02,Google – App Campaign EU,461.45,131777,2117
2025-02-01,Google Brand Search,goog_brand_01,Google – Brand Search,155.85,10648,1746
2025-02-01,Google Non-Brand Search,goog_search_01,Google – Non-Brand Search NL,544.98,45291,1515
2025-02-01,Meta,fb_prospect_01,FB – Prospecting Lookalike NL,582.97,200932,2594
2025-02-01,Meta,fb_prospect_02,FB – Prospecting Interest EU,657.37,225635,2707
2025-02-01,Referral,referral_mgm_01,Referral – Member Get Member,3003.45,0,0
2025-02-01,TikTok,tiktok_upper_01,TikTok – Brand Awareness NL,461.22,194144,1580
2025-02-01,TikTok,tiktok_upper_02,TikTok – Brand Awareness EU,497.77,236537,2015
2025-02-02,Google App Campaigns,goog_ac_01,Google – App Campaign NL,419.63,117247,1911
2025-02-02,Google App Campaigns,goog_ac_02,Google – App Campaign EU,394.14,109545,1579
2025-02-02,Google Brand Search,goog_brand_01,Google – Brand Search,127.48,8408,1306
2025-02-02,Google Non-Brand Search,goog_search_01,Google – Non-Brand Search NL,543.28,47616,1787
2025-02-02,Meta,fb_prospect_01,FB – Prospecting Lookalike NL,555.59,171125,2209
2025-02-02,Meta,fb_prospect_02,FB – Prospecting Interest EU,651.97,226470,2871
2025-02-02,Referral,referral_mgm_01,Referral – Member Get Member,2330.23,0,0
2025-02-02,TikTok,tiktok_upper_01,TikTok – Brand Awareness NL,443.4,198688,1681
2025-02-02,TikTok,tiktok_upper_02,TikTok – Brand Awareness EU,431.38,205960,1677
2025-02-03,Google App Campaigns,goog_ac_01,Google – App Campaign NL,392.37,107235,1658
2025-02-03,Google App Campaigns,goog_ac_02,Google – App Campaign EU,385.91,105432,1582
2025-02-03,Google Brand Search,goog_brand_01,Google – Brand Search,115.99,7667,1219
2025-02-03,Google Non-Brand Search,goog_search_01,Google – Non-Brand Search NL,460.48,40951,1439
2025-02-03,Meta,fb_prospect_01,FB – Prospecting Lookalike NL,486.93,151375,1980
2025-02-03,Meta,fb_prospect_02,FB – Prospecting Interest EU,574.47,196261,2379
2025-02-03,Referral,referral_mgm_01,Referral – Member Get Member,1883.33,0,0
2025-02-03,TikTok,tiktok_upper_01,TikTok – Brand Awareness NL,348.1,161945,1409
2025-02-03,TikTok,tiktok_upper_02,TikTok – Brand Awareness EU,346.3,145364,1272
2025-02-04,Google App Campaigns,goog_ac_01,Google – App Campaign NL,379.91,106790,1742
2025-02-04,Google App Campaigns,goog_ac_02,Google – App Campaign EU,319.15,89180,1392
2025-02-04,Google Brand Search,goog_brand_01,Google – Brand Search,131.16,8891,1340
2025-02-04,Google Non-Brand Search,goog_search_01,Google – Non-Brand Search NL,439.74,41787,1433
2025-02-04,Meta,fb_prospect_01,FB – Prospecting Lookalike NL,497.32,174014,1887
2025-02-04,Meta,fb_prospect_02,FB – Prospecting Interest EU,483.96,169759,2057
2025-02-04,Referral,referral_mgm_01,Referral – Member Get Member,2417.04,0,0
2025-02-04,TikTok,tiktok_upper_01,TikTok – Brand Awareness NL,376.31,154552,1182
2025-02-04,TikTok,tiktok_upper_02,TikTok – Brand Awareness EU,359.28,167179,1323
2025-02-05,Google App Campaigns,goog_ac_01,Google – App Campaign NL,394.69,111315,1598
2025-02-05,Google App Campaigns,goog_ac_02,Google – App Campaign EU,358.97,95734,1568
2025-02-05,Google Brand Search,goog_brand_01,Google – Brand Search,110.29,7411,1023
2025-02-05,Google Non-Brand Search,goog_search_01,Google – Non-Brand Search NL,460.97,41382,1572
2025-02-05,Meta,fb_prospect_01,FB – Prospecting Lookalike NL,482.4,163339,2030
2025-02-05,Meta,fb_prospect_02,FB – Prospecting Interest EU,497.2,167571,1905
2025-02-05,Referral,referral_mgm_01,Referral – Member Get Member,2190.79,0,0
2025-02-05,TikTok,tiktok_upper_01,TikTok – Brand Awareness NL,352.62,167109,1351
2025-02-05,TikTok,tiktok_upper_02,TikTok – Brand Awareness EU,338.48,138840,1171
2025-02-06,Google App Campaigns,goog_ac_01,Google – App Campaign NL,330.57,94249,1480
2025-02-06,Google App Campaigns,goog_ac_02,Google – App Campaign EU,333.46,83392,1362
2025-02-06,Google Brand Search,goog_brand_01,Google – Brand Search,105.81,6844,1123
2025-02-06,Google Non-Brand Search,goog_search_01,Google – Non-Brand Search NL,428.98,36648,1200
2025-02-06,Meta,fb_prospect_01,FB – Prospecting Lookalike NL,565.43,194352,2448
2025-02-06,Meta,fb_prospect_02,FB – Prospecting Interest EU,495.35,168868,1838
2025-02-06,Referral,referral_mgm_01,Referral – Member Get Member,2516.92,0,0
2025-02-06,TikTok,tiktok_upper_01,TikTok – Brand Awareness NL,394.83,171708,1501
2025-02-06,TikTok,tiktok_upper_02,TikTok – Brand Awareness EU,376.2,157467,1343
2025-02-07,Google App Campaigns,goog_ac_01,Google – App Campaign NL,446.04,123454,1776
2025-02-07,Google App Campaigns,goog_ac_02,Google – App Campaign EU,466.26,120450,1713
2025-02-07,Google Brand Search,goog_brand_01,Google – Brand Search,139.44,9888,1469
2025-02-07,Google Non-Brand Search,goog_search_01,Google – Non-Brand Search NL,617.61,52675,1811
2025-02-07,Meta,fb_prospect_01,FB – Prospecting Lookalike NL,646.41,220629,2805
2025-02-07,Meta,fb_prospect_02,FB – Prospecting Interest EU,661.78,230891,2573
2025-02-07,Referral,referral_mgm_01,Referral – Member Get Member,2120.49,0,0
2025-02-07,TikTok,tiktok_upper_01,TikTok – Brand Awareness NL,443.32,197166,1654
2025-02-07,TikTok,tiktok_upper_02,TikTok – Brand Awareness EU,466.45,215390,1778
2025-02-08,Google App Campaigns,goog_ac_01,Google – App Campaign NL,436.43,113803,1718
2025-02-08,Google App Campaigns,goog_ac_02,Google – App Campaign EU,376.66,106041,1546
2025-02-08,Google Brand Search,goog_brand_01,Google – Brand Search,148.75,9954,1356
2025-02-08,Google Non-Brand Search,goog_search_01,Google – Non-Brand Search NL,518.58,45638,1592
2025-02-08,Meta,fb_prospect_01,FB – Prospecting Lookalike NL,698.16,233635,2535
2025-02-08,Meta,fb_prospect_02,FB – Prospecting Interest EU,593.71,201757,2254
2025-02-08,Referral,referral_mgm_01,Referral – Member Get Member,1697.27,0,0
2025-02-08,TikTok,tiktok_upper_01,TikTok – Brand Awareness NL,482.29,224435,1840
2025-02-08,TikTok,tiktok_upper_02,TikTok – Brand Awareness EU,509.87,237576,1862
2025-02-09,Google App Campaigns,goog_ac_01,Google – App Campaign NL,444.45,116982,1656
2025-02-09,Google App Campaigns,goog_ac_02,Google – App Campaign EU,452.98,116161,1624
2025-02-09,Google Brand Search,goog_brand_01,Google – Brand Search,129.13,8077,1243
2025-02-09,Google Non-Brand Search,goog_search_01,Google – Non-Brand Search NL,520.54,47967,1725
2025-02-09,Meta,fb_prospect_01,FB – Prospecting Lookalike NL,618.95,203361,2457
2025-02-09,Meta,fb_prospect_02,FB – Prospecting Interest EU,562.05,181323,2387
2025-02-09,Referral,referral_mgm_01,Referral – Member Get Member,1503.95,0,0
2025-02-09,TikTok,tiktok_upper_01,TikTok – Brand Awareness NL,501.89,221509,1622
2025-02-09,TikTok,tiktok_upper_02,TikTok – Brand Awareness EU,490.97,223799,1843
2025-02-10,Google App Campaigns,goog_ac_01,Google – App Campaign NL,348.9,98467,1479
2025-02-10,Google App Campaigns,goog_ac_02,Google – App Campaign EU,357.95,87896,1354
2025-02-10,Google Brand Search,goog_brand_01,Google – Brand Search,116.9,7839,1060
2025-02-10,Google Non-Brand Search,goog_search_01,Google – Non-Brand Search NL,428.48,37957,1264
2025-02-10,Meta,fb_prospect_01,FB – Prospecting Lookalike NL,486.71,166896,1939
2025-02-10,Meta,fb_prospect_02,FB – Prospecting Interest EU,468.21,151134,1960
2025-02-10,Referral,referral_mgm_01,Referral – Member Get Member,1793.36,0,0
2025-02-10,TikTok,tiktok_upper_01,TikTok – Brand Awareness NL,390.55,178742,1336
2025-02-10,TikTok,tiktok_upper_02,TikTok – Brand Awareness EU,404.88,192501,1571
2025-02-11,Google App Campaigns,goog_ac_01,Google – App Campaign NL,397.54,99559,1446
2025-02-11,Google App Campaigns,goog_ac_02,Google – App Campaign EU,331.51,83971,1256
2025-02-11,Google Brand Search,goog_brand_01,Google – Brand Search,113.62,8170,1328
2025-02-11,Google Non-Brand Search,goog_search_01,Google – Non-Brand Search NL,480.25,42180,1408
2025-02-11,Meta,fb_prospect_01,FB – Prospecting Lookalike NL,548.28,175383,2087
2025-02-11,Meta,fb_prospect_02,FB – Prospecting Interest EU,543.25,175935,2300
2025-02-11,Referral,referral_mgm_01,Referral – Member Get Member,2263.79,0,0
2025-02-11,TikTok,tiktok_upper_01,TikTok – Brand Awareness NL,364.15,174522,1272
2025-02-11,TikTok,tiktok_upper_02,TikTok – Brand Awareness EU,367.36,158605,1237
2025-02-12,Google App Campaigns,goog_ac_01,Google – App Campaign NL,380.24,104191,1648
2025-02-12,Google App Campaigns,goog_ac_02,Google – App Campaign EU,373.07,93687,1435
2025-02-12,Google Brand Search,goog_brand_01,Google – Brand Search,109.27,7611,1085
2025-02-12,Google Non-Brand Search,goog_search_01,Google – Non-Brand Search NL,504.43,47460,1576
2025-02-12,Meta,fb_prospect_01,FB – Prospecting Lookalike NL,470.44,153039,2014
2025-02-12,Meta,fb_prospect_02,FB – Prospecting Interest EU,484.97,152016,1907
2025-02-12,Referral,referral_mgm_01,Referral – Member Get Member,2085.79,0,0
2025-02-12,TikTok,tiktok_upper_01,TikTok – Brand Awareness NL,344.91,157132,1246
2025-02-12,TikTok,tiktok_upper_02,TikTok – Brand Awareness EU,401.4,181166,1561
2025-02-13,Google App Campaigns,goog_ac_01,Google – App Campaign NL,337.36,90674,1281
2025-02-13,Google App Campaigns,goog_ac_02,Google – App Campaign EU,343.12,91174,1345
2025-02-13,Google Brand Search,goog_brand_01,Google – Brand Search,115.69,7981,1108
2025-02-13,Google Non-Brand Search,goog_search_01,Google – Non-Brand Search NL,430.84,35470,1125
2025-02-13,Meta,fb_prospect_01,FB – Prospecting Lookalike NL,561.87,186981,2085
2025-02-13,Meta,fb_prospect_02,FB – Prospecting Interest EU,507.17,160002,1771
2025-02-13,Referral,referral_mgm_01,Referral – Member Get Member,1605.66,0,0
2025-02-13,TikTok,tiktok_upper_01,TikTok – Brand Awareness NL,340.86,159375,1276
2025-02-13,TikTok,tiktok_upper_02,TikTok – Brand Awareness EU,368.02,150777,1093
2025-02-14,Google App Campaigns,goog_ac_01,Google – App Campaign NL,428.49,122040,2009
2025-02-14,Google App Campaigns,goog_ac_02,Google – App Campaign EU,413.35,103627,1511
2025-02-14,Google Brand Search,goog_brand_01,Google – Brand Search,143.32,9956,1425
2025-02-14,Google Non-Brand Search,goog_search_01,Google – Non-Brand Search NL,529.91,47336,1615
2025-02-14,Meta,fb_prospect_01,FB – Prospecting Lookalike NL,634.74,195995,2493
2025-02-14,Meta,fb_prospect_02,FB – Prospecting Interest EU,628.94,217292,2737
2025-02-14,Referral,referral_mgm_01,Referral – Member Get Member,1875.63,0,0
2025-02-14,TikTok,tiktok_upper_01,TikTok – Brand Awareness NL,492.54,226459,1631
2025-02-14,TikTok,tiktok_upper_02,TikTok – Brand Awareness EU,408.46,172678,1258
2025-02-15,Google App Campaigns,goog_ac_01,Google – App Campaign NL,456.42,122595,1919
2025-02-15,Google App Campaigns,goog_ac_02,Google – App Campaign EU,418.96,116888,1868
2025-02-15,Google Brand Search,goog_brand_01,Google – Brand Search,132.46,8678,1221
2025-02-15,Google Non-Brand Search,goog_search_01,Google – Non-Brand Search NL,518.19,44130,1472
2025-02-15,Meta,fb_prospect_01,FB – Prospecting Lookalike NL,580.13,200321,2435
2025-02-15,Meta,fb_prospect_02,FB – Prospecting Interest EU,615.1,211399,2716
2025-02-15,Referral,referral_mgm_01,Referral – Member Get Member,1808.12,0,0
2025-02-15,TikTok,tiktok_upper_01,TikTok – Brand Awareness NL,464.94,201190,1700
2025-02-15,TikTok,tiktok_upper_02,TikTok – Brand Awareness EU,476.23,195012,1609
2025-02-16,Google App Campaigns,goog_ac_01,Google – App Campaign NL,446.2,123792,1921
2025-02-16,Google App Campaigns,goog_ac_02,Google – App Campaign EU,394.91,104438,1659
2025-02-16,Google Brand Search,goog_brand_01,Google – Brand Search,132.15,9455,1347
2025-02-16,Google Non-Brand Search,goog_search_01,Google – Non-Brand Search NL,617.51,52582,1875
2025-02-16,Meta,fb_prospect_01,FB – Prospecting Lookalike NL,675.05,242459,2946
2025-02-16,Meta,fb_prospect_02,FB – Prospecting Interest EU,566.35,176788,2319
2025-02-16,Referral,referral_mgm_01,Referral – Member Get Member,2115.77,0,0
2025-02-16,TikTok,tiktok_upper_01,TikTok – Brand Awareness NL,471.37,196143,1496
2025-02-16,TikTok,tiktok_upper_02,TikTok – Brand Awareness EU,479.11,209480,1648
2025-02-17,Google App Campaigns,goog_ac_01,Google – App Campaign NL,354.57,96067,1335
2025-02-17,Google App Campaigns,goog_ac_02,Google – App Campaign EU,348.7,88190,1263
2025-02-17,Google Brand Search,goog_brand_01,Google – Brand Search,121.44,7478,1185
2025-02-17,Google Non-Brand Search,goog_search_01,Google – Non-Brand Search NL,430.75,36526,1350
2025-02-17,Meta,fb_prospect_01,FB – Prospecting Lookalike NL,573.56,202047,2341
2025-02-17,Meta,fb_prospect_02,FB – Prospecting Interest EU,555.79,187026,2285
2025-02-17,Referral,referral_mgm_01,Referral – Member Get Member,1597.97,0,0
2025-02-17,TikTok,tiktok_upper_01,TikTok – Brand Awareness NL,404.89,172209,1408
2025-02-17,TikTok,tiktok_upper_02,TikTok – Brand Awareness EU,398.68,172326,1465
2025-02-18,Google App Campaigns,goog_ac_01,Google – App Campaign NL,346.59,90945,1402
2025-02-18,Google App Campaigns,goog_ac_02,Google – App Campaign EU,376.85,106598,1718
2025-02-18,Google Brand Search,goog_brand_01,Google – Brand Search,132.97,8245,1249
2025-02-18,Google Non-Brand Search,goog_search_01,Google – Non-Brand Search NL,498.13,47514,1555
2025-02-18,Meta,fb_prospect_01,FB – Prospecting Lookalike NL,581.55,188057,2419
2025-02-18,Meta,fb_prospect_02,FB – Prospecting Interest EU,561.85,195547,2531
2025-02-18,Referral,referral_mgm_01,Referral – Member Get Member,1769.7,0,0
2025-02-18,TikTok,tiktok_upper_01,TikTok – Brand Awareness NL,421.74,198849,1692
2025-02-18,TikTok,tiktok_upper_02,TikTok – Brand Awareness EU,429.36,193464,1690
2025-02-19,Google App Campaigns,goog_ac_01,Google – App Campaign NL,380.35,102998,1639
2025-02-19,Google App Campaigns,goog_ac_02,Google – App Campaign EU,364.33,101775,1671
2025-02-19,Google Brand Search,goog_brand_01,Google – Brand Search,122.81,8248,1158
2025-02-19,Google Non-Brand Search,goog_search_01,Google – Non-Brand Search NL,460.62,38650,1253
2025-02-19,Meta,fb_prospect_01,FB – Prospecting Lookalike NL,483.95,166334,1867
2025-02-19,Meta,fb_prospect_02,FB – Prospecting Interest EU,479.31,150755,1844
2025-02-19,Referral,referral_mgm_01,Referral – Member Get Member,2308.49,0,0
2025-02-19,TikTok,tiktok_upper_01,TikTok – Brand Awareness NL,346.23,155554,1216
2025-02-19,TikTok,tiktok_upper_02,TikTok – Brand Awareness EU,345.44,157166,1315
2025-02-20,Google App Campaigns,goog_ac_01,Google – App Campaign NL,348.25,95070,1440
2025-02-20,Google App Campaigns,goog_ac_02,Google – App Campaign EU,388.56,95596,1511
2025-02-20,Google Brand Search,goog_brand_01,Google – Brand Search,125.48,7926,1185
2025-02-20,Google Non-Brand Search,goog_search_01,Google – Non-Brand Search NL,418.81,36061,1357
2025-02-20,Meta,fb_prospect_01,FB – Prospecting Lookalike NL,569.51,192750,2112
2025-02-20,Meta,fb_prospect_02,FB – Prospecting Interest EU,521.6,162469,1912
2025-02-20,Referral,referral_mgm_01,Referral – Member Get Member,1875.23,0,0
2025-02-20,TikTok,tiktok_upper_01,TikTok – Brand Awareness NL,419.21,199930,1520
2025-02-20,TikTok,tiktok_upper_02,TikTok – Brand Awareness EU,356.99,151399,1183
2025-02-21,Google App Campaigns,goog_ac_01,Google – App Campaign NL,453.67,116036,1702
2025-02-21,Google App Campaigns,goog_ac_02,Google – App Campaign EU,388.76,99337,1431
2025-02-21,Google Brand Search,goog_brand_01,Google – Brand Search,157.87,11002,1598
2025-02-21,Google Non-Brand Search,goog_search_01,Google – Non-Brand Search NL,543.0,45756,1501
2025-02-21,Meta,fb_prospect_01,FB – Prospecting Lookalike NL,561.62,190156,2407
2025-02-21,Meta,fb_prospect_02,FB – Prospecting Interest EU,559.85,195083,2436
2025-02-21,Referral,referral_mgm_01,Referral – Member Get Member,2185.81,0,0
2025-02-21,TikTok,tiktok_upper_01,TikTok – Brand Awareness NL,485.34,230800,1895
2025-02-21,TikTok,tiktok_upper_02,TikTok – Brand Awareness EU,408.23,181426,1350
2025-02-22,Google App Campaigns,goog_ac_01,Google – App Campaign NL,431.43,109883,1769
2025-02-22,Google App Campaigns,goog_ac_02,Google – App Campaign EU,453.2,119118,1874
2025-02-22,Google Brand Search,goog_brand_01,Google – Brand Search,142.96,9909,1623
2025-02-22,Google Non-Brand Search,goog_search_01,Google – Non-Brand Search NL,500.44,43376,1499
2025-02-22,Meta,fb_prospect_01,FB – Prospecting Lookalike NL,610.12,203396,2498
2025-02-22,Meta,fb_prospect_02,FB – Prospecting Interest EU,615.73,202987,2320
2025-02-22,Referral,referral_mgm_01,Referral – Member Get Member,1972.79,0,0
2025-02-22,TikTok,tiktok_upper_01,TikTok – Brand Awareness NL,510.31,217329,1705
2025-02-22,TikTok,tiktok_upper_02,TikTok – Brand Awareness EU,495.47,218195,1652
2025-02-23,Google App Campaigns,goog_ac_01,Google – App Campaign NL,390.67,97797,1339
2025-02-23,Google App Campaigns,goog_ac_02,Google – App Campaign EU,455.01,126886,1977
2025-02-23,Google Brand Search,goog_brand_01,Google – Brand Search,132.18,8523,1278
2025-02-23,Google Non-Brand Search,goog_search_01,Google – Non-Brand Search NL,506.75,46653,1615
2025-02-23,Meta,fb_prospect_01,FB – Prospecting Lookalike NL,676.8,242149,2741
2025-02-23,Meta,fb_prospect_02,FB – Prospecting Interest EU,557.09,183831,2396
2025-02-23,Referral,referral_mgm_01,Referral – Member Get Member,2024.21,0,0
2025-02-23,TikTok,tiktok_upper_01,TikTok – Brand Awareness NL,447.53,194147,1587
2025-02-23,TikTok,tiktok_upper_02,TikTok – Brand Awareness EU,436.61,182912,1598
2025-02-24,Google App Campaigns,goog_ac_01,Google – App Campaign NL,345.26,87169,1308
2025-02-24,Google App Campaigns,goog_ac_02,Google – App Campaign EU,341.04,96952,1463
2025-02-24,Google Brand Search,goog_brand_01,Google – Brand Search,107.23,6917,949
2025-02-24,Google Non-Brand Search,goog_search_01,Google – Non-Brand Search NL,514.54,44932,1674
2025-02-24,Meta,fb_prospect_01,FB – Prospecting Lookalike NL,462.31,157024,1787
2025-02-24,Meta,fb_prospect_02,FB – Prospecting Interest EU,509.28,175364,2128
2025-02-24,Referral,referral_mgm_01,Referral – Member Get Member,2205.16,0,0
2025-02-24,TikTok,tiktok_upper_01,TikTok – Brand Awareness NL,368.3,175990,1399
2025-02-24,TikTok,tiktok_upper_02,TikTok – Brand Awareness EU,372.22,170014,1400
2025-02-25,Google App Campaigns,goog_ac_01,Google – App Campaign NL,316.45,82854,1336
2025-02-25,Google App Campaigns,goog_ac_02,Google – App Campaign EU,329.17,82740,1207
2025-02-25,Google Brand Search,goog_brand_01,Google – Brand Search,118.97,8531,1315
2025-02-25,Google Non-Brand Search,goog_search_01,Google – Non-Brand Search NL,464.85,44185,1649
2025-02-25,Meta,fb_prospect_01,FB – Prospecting Lookalike NL,542.47,190271,2327
2025-02-25,Meta,fb_prospect_02,FB – Prospecting Interest EU,556.32,178941,2351
2025-02-25,Referral,referral_mgm_01,Referral – Member Get Member,2065.36,0,0
2025-02-25,TikTok,tiktok_upper_01,TikTok – Brand Awareness NL,340.84,161636,1349
2025-02-25,TikTok,tiktok_upper_02,TikTok – Brand Awareness EU,395.53,176704,1432
2025-02-26,Google App Campaigns,goog_ac_01,Google – App Campaign NL,389.85,100620,1652
2025-02-26,Google App Campaigns,goog_ac_02,Google – App Campaign EU,385.98,105408,1546
2025-02-26,Google Brand Search,goog_brand_01,Google – Brand Search,134.19,9530,1424
2025-02-26,Google Non-Brand Search,goog_search_01,Google – Non-Brand Search NL,496.97,46409,1560
2025-02-26,Meta,fb_prospect_01,FB – Prospecting Lookalike NL,476.9,160181,1997
2025-02-26,Meta,fb_prospect_02,FB – Prospecting Interest EU,466.06,154078,1916
2025-02-26,Referral,referral_mgm_01,Referral – Member Get Member,2400.8,0,0
2025-02-26,TikTok,tiktok_upper_01,TikTok – Brand Awareness NL,418.44,178416,1423
2025-02-26,TikTok,tiktok_upper_02,TikTok – Brand Awareness EU,340.66,139506,1161
2025-02-27,Google App Campaigns,goog_ac_01,Google – App Campaign NL,390.78,105219,1533
2025-02-27,Google App Campaigns,goog_ac_02,Google – App Campaign EU,317.52,79401,1105
2025-02-27,Google Brand Search,goog_brand_01,Google – Brand Search,107.49,6895,1015
2025-02-27,Google Non-Brand Search,goog_search_01,Google – Non-Brand Search NL,457.66,41378,1392
2025-02-27,Meta,fb_prospect_01,FB – Prospecting Lookalike NL,504.39,179364,2108
2025-02-27,Meta,fb_prospect_02,FB – Prospecting Interest EU,573.83,190126,2184
2025-02-27,Referral,referral_mgm_01,Referral – Member Get Member,1773.43,0,0
2025-02-27,TikTok,tiktok_upper_01,TikTok – Brand Awareness NL,404.54,180485,1518
2025-02-27,TikTok,tiktok_upper_02,TikTok – Brand Awareness EU,414.13,170016,1245
2025-02-28,Google App Campaigns,goog_ac_01,Google – App Campaign NL,464.45,132110,1972
2025-02-28,Google App Campaigns,goog_ac_02,Google – App Campaign EU,457.34,116007,1775
2025-02-28,Google Brand Search,goog_brand_01,Google – Brand Search,138.71,8827,1276
2025-02-28,Google Non-Brand Search,goog_search_01,Google – Non-Brand Search NL,548.34,49491,1792
2025-02-28,Meta,fb_prospect_01,FB – Prospecting Lookalike NL,680.84,242495,2988
2025-02-28,Meta,fb_prospect_02,FB – Prospecting Interest EU,704.83,217398,2782
2025-02-28,Referral,referral_mgm_01,Referral – Member Get Member,2108.93,0,0
2025-02-28,TikTok,tiktok_upper_01,TikTok – Brand Awareness NL,515.24,225074,1652
2025-02-28,TikTok,tiktok_upper_02,TikTok – Brand Awareness EU,469.77,222804,1884
2025-03-01,Google App Campaigns,goog_ac_01,Google – App Campaign NL,378.99,94483,1350
2025-03-01,Google App Campaigns,goog_ac_02,Google – App Campaign EU,460.65,123362,1822
2025-03-01,Google Brand Search,goog_brand_01,Google – Brand Search,134.41,8562,1309
2025-03-01,Google Non-Brand Search,goog_search_01,Google – Non-Brand Search NL,589.69,52764,1709
2025-03-01,Meta,fb_prospect_01,FB – Prospecting Lookalike NL,559.01,181434,2162
2025-03-01,Meta,fb_prospect_02,FB – Prospecting Interest EU,608.93,190551,2152
2025-03-01,Referral,referral_mgm_01,Referral – Member Get Member,2218.99,0,0
2025-03-01,TikTok,tiktok_upper_01,TikTok – Brand Awareness NL,478.93,218880,1835
2025-03-01,TikTok,tiktok_upper_02,TikTok – Brand Awareness EU,419.5,195945,1625
2025-03-02,Google App Campaigns,goog_ac_01,Google – App Campaign NL,459.75,120276,1978
2025-03-02,Google App Campaigns,goog_ac_02,Google – App Campaign EU,413.92,110336,1646
2025-03-02,Google Brand Search,goog_brand_01,Google – Brand Search,146.34,9941,1595
2025-03-02,Google Non-Brand Search,goog_search_01,Google – Non-Brand Search NL,558.56,52394,1706
2025-03-02,Meta,fb_prospect_01,FB – Prospecting Lookalike NL,627.03,216254,2714
2025-03-02,Meta,fb_prospect_02,FB – Prospecting Interest EU,664.64,210965,2505
2025-03-02,Referral,referral_mgm_01,Referral – Member Get Member,1707.17,0,0
2025-03-02,TikTok,tiktok_upper_01,TikTok – Brand Awareness NL,456.56,199265,1612
2025-03-02,TikTok,tiktok_upper_02,TikTok – Brand Awareness EU,512.79,221130,1776
2025-03-03,Google App Campaigns,goog_ac_01,Google – App Campaign NL,349.64,94539,1283
2025-03-03,Google App Campaigns,goog_ac_02,Google – App Campaign EU,373.22,99461,1528
2025-03-03,Google Brand Search,goog_brand_01,Google – Brand Search,132.79,8466,1313
2025-03-03,Google Non-Brand Search,goog_search_01,Google – Non-Brand Search NL,452.07,37906,1308
2025-03-03,Meta,fb_prospect_01,FB – Prospecting Lookalike NL,494.41,167709,1924
2025-03-03,Meta,fb_prospect_02,FB – Prospecting Interest EU,543.85,169496,2128
2025-03-03,Referral,referral_mgm_01,Referral – Member Get Member,2277.06,0,0
2025-03-03,TikTok,tiktok_upper_01,TikTok – Brand Awareness NL,394.06,188027,1615
2025-03-03,TikTok,tiktok_upper_02,TikTok – Brand Awareness EU,370.06,173942,1518
2025-03-04,Google App Campaigns,goog_ac_01,Google – App Campaign NL,353.21,88274,1252
2025-03-04,Google App Campaigns,goog_ac_02,Google – App Campaign EU,348.59,90359,1454
2025-03-04,Google Brand Search,goog_brand_01,Google – Brand Search,117.04,7942,1101
2025-03-04,Google Non-Brand Search,goog_search_01,Google – Non-Brand Search NL,493.28,44396,1550
2025-03-04,Meta,fb_prospect_01,FB – Prospecting Lookalike NL,505.54,164472,1981
2025-03-04,Meta,fb_prospect_02,FB – Prospecting Interest EU,584.52,193905,2518
2025-03-04,Referral,referral_mgm_01,Referral – Member Get Member,1998.49,0,0
2025-03-04,TikTok,tiktok_upper_01,TikTok – Brand Awareness NL,342.51,157538,1194
2025-03-04,TikTok,tiktok_upper_02,TikTok – Brand Awareness EU,379.53,165109,1217
2025-03-05,Google App Campaigns,goog_ac_01,Google – App Campaign NL,350.26,87421,1285
2025-03-05,Google App Campaigns,goog_ac_02,Google – App Campaign EU,397.9,110411,1816
2025-03-05,Google Brand Search,goog_brand_01,Google – Brand Search,124.58,8257,1186
2025-03-05,Google Non-Brand Search,goog_search_01,Google – Non-Brand Search NL,500.93,45297,1665
2025-03-05,Meta,fb_prospect_01,FB – Prospecting Lookalike NL,575.73,207187,2479
2025-03-05,Meta,fb_prospect_02,FB – Prospecting Interest EU,524.42,182452,1985
2025-03-05,Referral,referral_mgm_01,Referral – Member Get Member,2236.34,0,0
2025-03-05,TikTok,tiktok_upper_01,TikTok – Brand Awareness NL,352.9,151903,1135
2025-03-05,TikTok,tiktok_upper_02,TikTok – Brand Awareness EU,400.32,164391,1225
2025-03-06,Google App Campaigns,goog_ac_01,Google – App Campaign NL,316.22,88956,1367
2025-03-06,Google App Campaigns,goog_ac_02,Google – App Campaign EU,349.35,89367,1405
2025-03-06,Google Brand Search,goog_brand_01,Google – Brand Search,108.74,6676,1049
2025-03-06,Google Non-Brand Search,goog_search_01,Google – Non-Brand Search NL,523.57,45651,1480
2025-03-06,Meta,fb_prospect_01,FB – Prospecting Lookalike NL,498.99,166304,1860
2025-03-06,Meta,fb_prospect_02,FB – Prospecting Interest EU,583.26,192769,2244
2025-03-06,Referral,referral_mgm_01,Referral – Member Get Member,1879.79,0,0
2025-03-06,TikTok,tiktok_upper_01,TikTok – Brand Awareness NL,385.86,164866,1314
2025-03-06,TikTok,tiktok_upper_02,TikTok – Brand Awareness EU,351.39,157807,1197
2025-03-07,Google App Campaigns,goog_ac_01,Google – App Campaign NL,456.72,119654,1638
2025-03-07,Google App Campaigns,goog_ac_02,Google – App Campaign EU,457.85,123990,2011
2025-03-07,Google Brand Search,goog_brand_01,Google – Brand Search,150.33,10483,1716
2025-03-07,Google Non-Brand Search,goog_search_01,Google – Non-Brand Search NL,515.28,44373,1509
2025-03-07,Meta,fb_prospect_01,FB – Prospecting Lookalike NL,604.84,207656,2266
2025-03-07,Meta,fb_prospect_02,FB – Prospecting Interest EU,679.26,244435,3094
2025-03-07,Referral,referral_mgm_01,Referral – Member Get Member,1915.3,0,0
2025-03-07,TikTok,tiktok_upper_01,TikTok – Brand Awareness NL,514.04,246476,2083
2025-03-07,TikTok,tiktok_upper_02,TikTok – Brand Awareness EU,423.44,202579,1564
2025-03-08,Google App Campaigns,goog_ac_01,Google – App Campaign NL,448.84,125012,1997
2025-03-08,Google App Campaigns,goog_ac_02,Google – App Campaign EU,397.96,106788,1729
2025-03-08,Google Brand Search,goog_brand_01,Google – Brand Search,130.63,8994,1443
2025-03-08,Google Non-Brand Search,goog_search_01,Google – Non-Brand Search NL,552.88,48592,1864
2025-03-08,Meta,fb_prospect_01,FB – Prospecting Lookalike NL,625.59,204008,2508
2025-03-08,Meta,fb_prospect_02,FB – Prospecting Interest EU,679.69,217198,2524
2025-03-08,Referral,referral_mgm_01,Referral – Member Get Member,2678.04,0,0
2025-03-08,TikTok,tiktok_upper_01,TikTok – Brand Awareness NL,438.17,194543,1409
2025-03-08,TikTok,tiktok_upper_02,TikTok – Brand Awareness EU,433.48,188773,1538
2025-03-09,Google App Campaigns,goog_ac_01,Google – App Campaign NL,464.35,114839,1657
2025-03-09,Google App Campaigns,goog_ac_02,Google – App Campaign EU,471.52,134786,2219
2025-03-09,Google Brand Search,goog_brand_01,Google – Brand Search,130.26,9201,1396
2025-03-09,Google Non-Brand Search,goog_search_01,Google – Non-Brand Search NL,564.39,47578,1660
2025-03-09,Meta,fb_prospect_01,FB – Prospecting Lookalike NL,564.14,195774,2547
2025-03-09,Meta,fb_prospect_02,FB – Prospecting Interest EU,648.35,219604,2395
2025-03-09,Referral,referral_mgm_01,Referral – Member Get Member,1694.31,0,0
2025-03-09,TikTok,tiktok_upper_01,TikTok – Brand Awareness NL,422.18,194073,1542
2025-03-09,TikTok,tiktok_upper_02,TikTok – Brand Awareness EU,499.83,236628,2034
2025-03-10,Google App Campaigns,goog_ac_01,Google – App Campaign NL,381.15,99499,1415
2025-03-10,Google App Campaigns,goog_ac_02,Google – App Campaign EU,362.49,89137,1327
2025-03-10,Google Brand Search,goog_brand_01,Google – Brand Search,124.1,7911,1200
2025-03-10,Google Non-Brand Search,goog_search_01,Google – Non-Brand Search NL,512.03,48630,1648
2025-03-10,Meta,fb_prospect_01,FB – Prospecting Lookalike NL,482.15,157946,1743
2025-03-10,Meta,fb_prospect_02,FB – Prospecting Interest EU,579.69,197938,2182
2025-03-10,Referral,referral_mgm_01,Referral – Member Get Member,1268.79,0,0
2025-03-10,TikTok,tiktok_upper_01,TikTok – Brand Awareness NL,375.2,155536,1220
2025-03-10,TikTok,tiktok_upper_02,TikTok – Brand Awareness EU,417.75,191708,1404
2025-03-11,Google App Campaigns,goog_ac_01,Google – App Campaign NL,353.92,94833,1427
2025-03-11,Google App Campaigns,goog_ac_02,Google – App Campaign EU,318.81,78913,1206
2025-03-11,Google Brand Search,goog_brand_01,Google – Brand Search,123.25,8421,1345
2025-03-11,Google Non-Brand Search,goog_search_01,Google – Non-Brand Search NL,487.06,40157,1370
2025-03-11,Meta,fb_prospect_01,FB – Prospecting Lookalike NL,559.86,174542,2194
2025-03-11,Meta,fb_prospect_02,FB – Prospecting Interest EU,497.59,156193,1940
2025-03-11,Referral,referral_mgm_01,Referral – Member Get Member,2102.56,0,0
2025-03-11,TikTok,tiktok_upper_01,TikTok – Brand Awareness NL,361.33,162424,1213
2025-03-11,TikTok,tiktok_upper_02,TikTok – Brand Awareness EU,424.66,200421,1550
2025-03-12,Google App Campaigns,goog_ac_01,Google – App Campaign NL,373.48,91988,1455
2025-03-12,Google App Campaigns,goog_ac_02,Google – App Campaign EU,357.1,92895,1456
2025-03-12,Google Brand Search,goog_brand_01,Google – Brand Search,124.28,8425,1154
2025-03-12,Google Non-Brand Search,goog_search_01,Google – Non-Brand Search NL,494.12,42589,1633
2025-03-12,Meta,fb_prospect_01,FB – Prospecting Lookalike NL,567.35,180045,2216
2025-03-12,Meta,fb_prospect_02,FB – Prospecting Interest EU,534.71,175373,2244
2025-03-12,Referral,referral_mgm_01,Referral – Member Get Member,1544.1,0,0
2025-03-12,TikTok,tiktok_upper_01,TikTok – Brand Awareness NL,376.69,168709,1370
2025-03-12,TikTok,tiktok_upper_02,TikTok – Brand Awareness EU,366.68,151334,1090
2025-03-13,Google App Campaigns,goog_ac_01,Google – App Campaign NL,373.37,107031,1628
2025-03-13,Google App Campaigns,goog_ac_02,Google – App Campaign EU,332.31,95687,1341
2025-03-13,Google Brand Search,goog_brand_01,Google – Brand Search,117.66,7832,1274
2025-03-13,Google Non-Brand Search,goog_search_01,Google – Non-Brand Search NL,454.33,38265,1329
2025-03-13,Meta,fb_prospect_01,FB – Prospecting Lookalike NL,550.47,192784,2435
2025-03-13,Meta,fb_prospect_02,FB – Prospecting Interest EU,559.13,197961,2177
2025-03-13,Referral,referral_mgm_01,Referral – Member Get Member,1888.76,0,0
2025-03-13,TikTok,tiktok_upper_01,TikTok – Brand Awareness NL,363.66,160254,1315
2025-03-13,TikTok,tiktok_upper_02,TikTok – Brand Awareness EU,385.18,178395,1359
2025-03-14,Google App Campaigns,goog_ac_01,Google – App Campaign NL,434.48,122596,1942
2025-03-14,Google App Campaigns,goog_ac_02,Google – App Campaign EU,445.04,121805,1886
2025-03-14,Google Brand Search,goog_brand_01,Google – Brand Search,147.82,9838,1364
2025-03-14,Google Non-Brand Search,goog_search_01,Google – Non-Brand Search NL,571.03,50464,1840
2025-03-14,Meta,fb_prospect_01,FB – Prospecting Lookalike NL,649.58,228473,2769
2025-03-14,Meta,fb_prospect_02,FB – Prospecting Interest EU,586.33,202990,2517
2025-03-14,Referral,referral_mgm_01,Referral – Member Get Member,1898.71,0,0
2025-03-14,TikTok,tiktok_upper_01,TikTok – Brand Awareness NL,458.4,204209,1759
2025-03-14,TikTok,tiktok_upper_02,TikTok – Brand Awareness EU,495.94,211237,1524
2025-03-15,Google App Campaigns,goog_ac_01,Google – App Campaign NL,382.12,94305,1433
2025-03-15,Google App Campaigns,goog_ac_02,Google – App Campaign EU,397.34,107725,1705
2025-03-15,Google Brand Search,goog_brand_01,Google – Brand Search,155.54,10362,1462
2025-03-15,Google Non-Brand Search,goog_search_01,Google – Non-Brand Search NL,518.3,45633,1657
2025-03-15,Meta,fb_prospect_01,FB – Prospecting Lookalike NL,684.46,230381,2709
2025-03-15,Meta,fb_prospect_02,FB – Prospecting Interest EU,665.81,222920,2929
2025-03-15,Referral,referral_mgm_01,Referral – Member Get Member,1785.19,0,0
2025-03-15,TikTok,tiktok_upper_01,TikTok – Brand Awareness NL,483.13,219739,1701
2025-03-15,TikTok,tiktok_upper_02,TikTok – Brand Awareness EU,444.91,189723,1657
2025-03-16,Google App Campaigns,goog_ac_01,Google – App Campaign NL,449.45,115684,1749
2025-03-16,Google App Campaigns,goog_ac_02,Google – App Campaign EU,430.53,110167,1601
2025-03-16,Google Brand Search,goog_brand_01,Google – Brand Search,149.78,10037,1395
2025-03-16,Google Non-Brand Search,goog_search_01,Google – Non-Brand Search NL,627.84,53581,1987
2025-03-16,Meta,fb_prospect_01,FB – Prospecting Lookalike NL,632.68,200012,2430
2025-03-16,Meta,fb_prospect_02,FB – Prospecting Interest EU,697.79,240244,2766
2025-03-16,Referral,referral_mgm_01,Referral – Member Get Member,2313.39,0,0
2025-03-16,TikTok,tiktok_upper_01,TikTok – Brand Awareness NL,470.29,207495,1749
2025-03-16,TikTok,tiktok_upper_02,TikTok – Brand Awareness EU,466.95,200208,1682
2025-03-17,Google App Campaigns,goog_ac_01,Google – App Campaign NL,361.31,92122,1428
2025-03-17,Google App Campaigns,goog_ac_02,Google – App Campaign EU,322.02,79268,1089
2025-03-17,Google Brand Search,goog_brand_01,Google – Brand Search,127.34,8246,1290
2025-03-17,Google Non-Brand Search,goog_search_01,Google – Non-Brand Search NL,457.66,43771,1545
2025-03-17,Meta,fb_prospect_01,FB – Prospecting Lookalike NL,496.49,156420,2055
2025-03-17,Meta,fb_prospect_02,FB – Prospecting Interest EU,491.69,156063,1917
2025-03-17,Referral,referral_mgm_01,Referral – Member Get Member,1865.58,0,0
2025-03-17,TikTok,tiktok_upper_01,TikTok – Brand Awareness NL,356.77,150419,1223
2025-03-17,TikTok,tiktok_upper_02,TikTok – Brand Awareness EU,427.63,201528,1458
2025-03-18,Google App Campaigns,goog_ac_01,Google – App Campaign NL,389.42,105346,1447
2025-03-18,Google App Campaigns,goog_ac_02,Google – App Campaign EU,327.48,81415,1125
2025-03-18,Google Brand Search,goog_brand_01,Google – Brand Search,123.93,8435,1190
2025-03-18,Google Non-Brand Search,goog_search_01,Google – Non-Brand Search NL,527.14,44698,1623
2025-03-18,Meta,fb_prospect_01,FB – Prospecting Lookalike NL,543.03,181328,2373
2025-03-18,Meta,fb_prospect_02,FB – Prospecting Interest EU,575.99,188821,2467
2025-03-18,Referral,referral_mgm_01,Referral – Member Get Member,2247.45,0,0
2025-03-18,TikTok,tiktok_upper_01,TikTok – Brand Awareness NL,426.96,185441,1631
2025-03-18,TikTok,tiktok_upper_02,TikTok – Brand Awareness EU,396.76,183350,1393
2025-03-19,Google App Campaigns,goog_ac_01,Google – App Campaign NL,389.4,101522,1462
2025-03-19,Google App Campaigns,goog_ac_02,Google – App Campaign EU,325.48,92575,1423
2025-03-19,Google Brand Search,goog_brand_01,Google – Brand Search,122.12,8152,1120
2025-03-19,Google Non-Brand Search,goog_search_01,Google – Non-Brand Search NL,419.85,37385,1199
2025-03-19,Meta,fb_prospect_01,FB – Prospecting Lookalike NL,536.49,177006,2017
2025-03-19,Meta,fb_prospect_02,FB – Prospecting Interest EU,563.73,178165,2322
2025-03-19,Referral,referral_mgm_01,Referral – Member Get Member,1727.16,0,0
2025-03-19,TikTok,tiktok_upper_01,TikTok – Brand Awareness NL,391.31,177408,1438
2025-03-19,TikTok,tiktok_upper_02,TikTok – Brand Awareness EU,355.08,163445,1195
2025-03-20,Google App Campaigns,goog_ac_01,Google – App Campaign NL,398.09,113867,1688
2025-03-20,Google App Campaigns,goog_ac_02,Google – App Campaign EU,358.55,97108,1390
2025-03-20,Google Brand Search,goog_brand_01,Google – Brand Search,109.85,7814,1081
2025-03-20,Google Non-Brand Search,goog_search_01,Google – Non-Brand Search NL,492.81,45196,1588
2025-03-20,Meta,fb_prospect_01,FB – Prospecting Lookalike NL,577.58,188055,2417
2025-03-20,Meta,fb_prospect_02,FB – Prospecting Interest EU,491.71,169344,1864
2025-03-20,Referral,referral_mgm_01,Referral – Member Get Member,2102.46,0,0
2025-03-20,TikTok,tiktok_upper_01,TikTok – Brand Awareness NL,413.11,176621,1423
2025-03-20,TikTok,tiktok_upper_02,TikTok – Brand Awareness EU,396.81,189405,1513
2025-03-21,Google App Campaigns,goog_ac_01,Google – App Campaign NL,443.53,119347,1698
2025-03-21,Google App Campaigns,goog_ac_02,Google – App Campaign EU,459.71,114266,1758
2025-03-21,Google Brand Search,goog_brand_01,Google – Brand Search,151.54,9378,1421
2025-03-21,Google Non-Brand Search,goog_search_01,Google – Non-Brand Search NL,515.89,46989,1616
2025-03-21,Meta,fb_prospect_01,FB – Prospecting Lookalike NL,633.26,216980,2694
2025-03-21,Meta,fb_prospect_02,FB – Prospecting Interest EU,575.59,178274,2192
2025-03-21,Referral,referral_mgm_01,Referral – Member Get Member,2170.56,0,0
2025-03-21,TikTok,tiktok_upper_01,TikTok – Brand Awareness NL,475.09,197741,1469
2025-03-21,TikTok,tiktok_upper_02,TikTok – Brand Awareness EU,407.78,177272,1457
2025-03-22,Google App Campaigns,goog_ac_01,Google – App Campaign NL,455.87,114504,1794
2025-03-22,Google App Campaigns,goog_ac_02,Google – App Campaign EU,386.47,109872,1693
2025-03-22,Google Brand Search,goog_brand_01,Google – Brand Search,138.67,9579,1447
2025-03-22,Google Non-Brand Search,goog_search_01,Google – Non-Brand Search NL,566.69,50248,1645
2025-03-22,Meta,fb_prospect_01,FB – Prospecting Lookalike NL,588.35,206305,2628
2025-03-22,Meta,fb_prospect_02,FB – Prospecting Interest EU,683.54,221506,2672
2025-03-22,Referral,referral_mgm_01,Referral – Member Get Member,1775.44,0,0
2025-03-22,TikTok,tiktok_upper_01,TikTok – Brand Awareness NL,421.53,192812,1424
2025-03-22,TikTok,tiktok_upper_02,TikTok – Brand Awareness EU,413.64,190108,1387
2025-03-23,Google App Campaigns,goog_ac_01,Google – App Campaign NL,441.47,112722,1538
2025-03-23,Google App Campaigns,goog_ac_02,Google – App Campaign EU,421.41,103568,1419
2025-03-23,Google Brand Search,goog_brand_01,Google – Brand Search,152.04,10865,1708
2025-03-23,Google Non-Brand Search,goog_search_01,Google – Non-Brand Search NL,580.59,53461,1746
2025-03-23,Meta,fb_prospect_01,FB – Prospecting Lookalike NL,631.03,211286,2779
2025-03-23,Meta,fb_prospect_02,FB – Prospecting Interest EU,609.8,217674,2713
2025-03-23,Referral,referral_mgm_01,Referral – Member Get Member,1454.03,0,0
2025-03-23,TikTok,tiktok_upper_01,TikTok – Brand Awareness NL,464.04,196183,1628
2025-03-23,TikTok,tiktok_upper_02,TikTok – Brand Awareness EU,448.86,189366,1648
2025-03-24,Google App Campaigns,goog_ac_01,Google – App Campaign NL,362.59,101465,1554
2025-03-24,Google App Campaigns,goog_ac_02,Google – App Campaign EU,338.99,93638,1304
2025-03-24,Google Brand Search,goog_brand_01,Google – Brand Search,119.94,7904,1185
2025-03-24,Google Non-Brand Search,goog_search_01,Google – Non-Brand Search NL,517.81,43088,1617
2025-03-24,Meta,fb_prospect_01,FB – Prospecting Lookalike NL,561.42,201173,2284
2025-03-24,Meta,fb_prospect_02,FB – Prospecting Interest EU,502.53,171390,1860
2025-03-24,Referral,referral_mgm_01,Referral – Member Get Member,1894.37,0,0
2025-03-24,TikTok,tiktok_upper_01,TikTok – Brand Awareness NL,410.24,188183,1422
2025-03-24,TikTok,tiktok_upper_02,TikTok – Brand Awareness EU,371.18,176826,1459
2025-03-25,Google App Campaigns,goog_ac_01,Google – App Campaign NL,344.61,95711,1367
2025-03-25,Google App Campaigns,goog_ac_02,Google – App Campaign EU,385.14,95737,1505
2025-03-25,Google Brand Search,goog_brand_01,Google – Brand Search,130.68,8403,1377
2025-03-25,Google Non-Brand Search,goog_search_01,Google – Non-Brand Search NL,525.88,50451,1914
2025-03-25,Meta,fb_prospect_01,FB – Prospecting Lookalike NL,569.96,199706,2360
2025-03-25,Meta,fb_prospect_02,FB – Prospecting Interest EU,468.06,166783,1959
2025-03-25,Referral,referral_mgm_01,Referral – Member Get Member,2207.63,0,0
2025-03-25,TikTok,tiktok_upper_01,TikTok – Brand Awareness NL,356.37,157313,1345
2025-03-25,TikTok,tiktok_upper_02,TikTok – Brand Awareness EU,411.74,173129,1433
2025-03-26,Google App Campaigns,goog_ac_01,Google – App Campaign NL,325.77,79998,1284
2025-03-26,Google App Campaigns,goog_ac_02,Google – App Campaign EU,387.58,96661,1348
2025-03-26,Google Brand Search,goog_brand_01,Google – Brand Search,107.27,7207,1055
2025-03-26,Google Non-Brand Search,goog_search_01,Google – Non-Brand Search NL,467.09,39431,1445
2025-03-26,Meta,fb_prospect_01,FB – Prospecting Lookalike NL,512.9,168395,2049
2025-03-26,Meta,fb_prospect_02,FB – Prospecting Interest EU,465.5,166533,1914
2025-03-26,Referral,referral_mgm_01,Referral – Member Get Member,1971.3,0,0
2025-03-26,TikTok,tiktok_upper_01,TikTok – Brand Awareness NL,423.43,189225,1483
2025-03-26,TikTok,tiktok_upper_02,TikTok – Brand Awareness EU,347.99,156904,1305
2025-03-27,Google App Campaigns,goog_ac_01,Google – App Campaign NL,381.29,103509,1649
2025-03-27,Google App Campaigns,goog_ac_02,Google – App Campaign EU,348.31,98224,1560
2025-03-27,Google Brand Search,goog_brand_01,Google – Brand Search,108.08,7604,1027
2025-03-27,Google Non-Brand Search,goog_search_01,Google – Non-Brand Search NL,416.44,36943,1232
2025-03-27,Meta,fb_prospect_01,FB – Prospecting Lookalike NL,585.21,188196,2170
2025-03-27,Meta,fb_prospect_02,FB – Prospecting Interest EU,478.02,165845,2158
2025-03-27,Referral,referral_mgm_01,Referral – Member Get Member,1939.1,0,0
2025-03-27,TikTok,tiktok_upper_01,TikTok – Brand Awareness NL,380.77,167193,1244
2025-03-27,TikTok,tiktok_upper_02,TikTok – Brand Awareness EU,358.22,148122,1092
2025-03-28,Google App Campaigns,goog_ac_01,Google – App Campaign NL,478.45,120976,1660
2025-03-28,Google App Campaigns,goog_ac_02,Google – App Campaign EU,437.02,107667,1511
2025-03-28,Google Brand Search,goog_brand_01,Google – Brand Search,139.98,9444,1456
2025-03-28,Google Non-Brand Search,goog_search_01,Google – Non-Brand Search NL,584.25,53258,1867
2025-03-28,Meta,fb_prospect_01,FB – Prospecting Lookalike NL,590.73,189055,2316
2025-03-28,Meta,fb_prospect_02,FB – Prospecting Interest EU,696.51,224682,2629
2025-03-28,Referral,referral_mgm_01,Referral – Member Get Member,2048.94,0,0
2025-03-28,TikTok,tiktok_upper_01,TikTok – Brand Awareness NL,486.25,232991,1856
2025-03-28,TikTok,tiktok_upper_02,TikTok – Brand Awareness EU,446.56,201831,1712
2025-03-29,Google App Campaigns,goog_ac_01,Google – App Campaign NL,453.42,121387,1665
2025-03-29,Google App Campaigns,goog_ac_02,Google – App Campaign EU,401.59,113644,1546
2025-03-29,Google Brand Search,goog_brand_01,Google – Brand Search,145.07,9284,1434
2025-03-29,Google Non-Brand Search,goog_search_01,Google – Non-Brand Search NL,599.84,51544,1786
2025-03-29,Meta,fb_prospect_01,FB – Prospecting Lookalike NL,699.05,247621,2864
2025-03-29,Meta,fb_prospect_02,FB – Prospecting Interest EU,557.45,188907,2238
2025-03-29,Referral,referral_mgm_01,Referral – Member Get Member,1883.91,0,0
2025-03-29,TikTok,tiktok_upper_01,TikTok – Brand Awareness NL,494.36,230006,1900
2025-03-29,TikTok,tiktok_upper_02,TikTok – Brand Awareness EU,504.4,236301,1751
2025-03-30,Google App Campaigns,goog_ac_01,Google – App Campaign NL,395.05,105628,1634
2025-03-30,Google App Campaigns,goog_ac_02,Google – App Campaign EU,399.43,106802,1646
2025-03-30,Google Brand Search,goog_brand_01,Google – Brand Search,157.93,10084,1397
2025-03-30,Google Non-Brand Search,goog_search_01,Google – Non-Brand Search NL,528.7,46059,1520
2025-03-30,Meta,fb_prospect_01,FB – Prospecting Lookalike NL,671.98,209931,2326
2025-03-30,Meta,fb_prospect_02,FB – Prospecting Interest EU,653.81,224677,2865
2025-03-30,Referral,referral_mgm_01,Referral – Member Get Member,2110.56,0,0
2025-03-30,TikTok,tiktok_upper_01,TikTok – Brand Awareness NL,482.19,200078,1559
2025-03-30,TikTok,tiktok_upper_02,TikTok – Brand Awareness EU,487.83,224501,1812
2025-03-31,Google App Campaigns,goog_ac_01,Google – App Campaign NL,332.91,94010,1463
2025-03-31,Google App Campaigns,goog_ac_02,Google – App Campaign EU,318.57,84146,1329
2025-03-31,Google Brand Search,goog_brand_01,Google – Brand Search,107.2,7679,1076
2025-03-31,Google Non-Brand Search,goog_search_01,Google – Non-Brand Search NL,451.53,39374,1413
2025-03-31,Meta,fb_prospect_01,FB – Prospecting Lookalike NL,469.33,154031,1681
2025-03-31,Meta,fb_prospect_02,FB – Prospecting Interest EU,538.55,184928,2321
2025-03-31,Referral,referral_mgm_01,Referral – Member Get Member,2024.92,0,0
2025-03-31,TikTok,tiktok_upper_01,TikTok – Brand Awareness NL,341.16,140586,1054
2025-03-31,TikTok,tiktok_upper_02,TikTok – Brand Awareness EU,393.97,161583,1236
2025-04-01,Google App Campaigns,goog_ac_01,Google – App Campaign NL,352.66,94270,1497
2025-04-01,Google App Campaigns,goog_ac_02,Google – App Campaign EU,332.93,91762,1434
2025-04-01,Google Brand Search,goog_brand_01,Google – Brand Search,119.17,8389,1375
2025-04-01,Google Non-Brand Search,goog_search_01,Google – Non-Brand Search NL,512.68,41988,1372
2025-04-01,Meta,fb_prospect_01,FB – Prospecting Lookalike NL,529.26,174973,2051
2025-04-01,Meta,fb_prospect_02,FB – Prospecting Interest EU,467.85,166168,1992
2025-04-01,Referral,referral_mgm_01,Referral – Member Get Member,1516.97,0,0
2025-04-01,TikTok,tiktok_upper_01,TikTok – Brand Awareness NL,340.38,139306,1091
2025-04-01,TikTok,tiktok_upper_02,TikTok – Brand Awareness EU,419.41,195940,1696
2025-04-02,Google App Campaigns,goog_ac_01,Google – App Campaign NL,344.56,86858,1199
2025-04-02,Google App Campaigns,goog_ac_02,Google – App Campaign EU,321.85,88011,1349
2025-04-02,Google Brand Search,goog_brand_01,Google – Brand Search,120.02,7437,1209
2025-04-02,Google Non-Brand Search,goog_search_01,Google – Non-Brand Search NL,475.1,42233,1375
2025-04-02,Meta,fb_prospect_01,FB – Prospecting Lookalike NL,567.19,185730,2173
2025-04-02,Meta,fb_prospect_02,FB – Prospecting Interest EU,466.55,149396,1863
2025-04-02,Referral,referral_mgm_01,Referral – Member Get Member,1423.13,0,0
2025-04-02,TikTok,tiktok_upper_01,TikTok – Brand Awareness NL,392.74,166511,1247
2025-04-02,TikTok,tiktok_upper_02,TikTok – Brand Awareness EU,396.85,168195,1359
2025-04-03,Google App Campaigns,goog_ac_01,Google – App Campaign NL,384.6,108499,1521
2025-04-03,Google App Campaigns,goog_ac_02,Google – App Campaign EU,343.96,87869,1218
2025-04-03,Google Brand Search,goog_brand_01,Google – Brand Search,130.54,9047,1431
2025-04-03,Google Non-Brand Search,goog_search_01,Google – Non-Brand Search NL,489.62,42447,1403
2025-04-03,Meta,fb_prospect_01,FB – Prospecting Lookalike NL,467.54,163844,2027
2025-04-03,Meta,fb_prospect_02,FB – Prospecting Interest EU,493.47,156658,1825
2025-04-03,Referral,referral_mgm_01,Referral – Member Get Member,1977.34,0,0
2025-04-03,TikTok,tiktok_upper_01,TikTok – Brand Awareness NL,343.27,150697,1084
2025-04-03,TikTok,tiktok_upper_02,TikTok – Brand Awareness EU,410.37,172644,1498
2025-04-04,Google App Campaigns,goog_ac_01,Google – App Campaign NL,399.61,101482,1586
2025-04-04,Google App Campaigns,goog_ac_02,Google – App Campaign EU,427.94,115927,1810
2025-04-04,Google Brand Search,goog_brand_01,Google – Brand Search,156.41,9772,1504
2025-04-04,Google Non-Brand Search,goog_search_01,Google – Non-Brand Search NL,574.06,53375,1800
2025-04-04,Meta,fb_prospect_01,FB – Prospecting Lookalike NL,636.64,223253,2762
2025-04-04,Meta,fb_prospect_02,FB – Prospecting Interest EU,674.86,231897,3016
2025-04-04,Referral,referral_mgm_01,Referral – Member Get Member,1635.44,0,0
2025-04-04,TikTok,tiktok_upper_01,TikTok – Brand Awareness NL,409.84,194249,1576
2025-04-04,TikTok,tiktok_upper_02,TikTok – Brand Awareness EU,461.22,188934,1631
2025-04-05,Google App Campaigns,goog_ac_01,Google – App Campaign NL,386.29,110784,1715
2025-04-05,Google App Campaigns,goog_ac_02,Google – App Campaign EU,379.91,106077,1593
2025-04-05,Google Brand Search,goog_brand_01,Google – Brand Search,133.8,9459,1358
2025-04-05,Google Non-Brand Search,goog_search_01,Google – Non-Brand Search NL,509.73,46619,1630
2025-04-05,Meta,fb_prospect_01,FB – Prospecting Lookalike NL,570.72,202150,2281
2025-04-05,Meta,fb_prospect_02,FB – Prospecting Interest EU,635.15,214927,2342
2025-04-05,Referral,referral_mgm_01,Referral – Member Get Member,1591.52,0,0
2025-04-05,TikTok,tiktok_upper_01,TikTok – Brand Awareness NL,503.95,215114,1660
2025-04-05,TikTok,tiktok_upper_02,TikTok – Brand Awareness EU,439.28,197242,1549
2025-04-06,Google App Campaigns,goog_ac_01,Google – App Campaign NL,441.33,118608,1602
2025-04-06,Google App Campaigns,goog_ac_02,Google – App Campaign EU,478.56,134034,2004
2025-04-06,Google Brand Search,goog_brand_01,Google – Brand Search,131.36,8681,1259
2025-04-06,Google Non-Brand Search,goog_search_01,Google – Non-Brand Search NL,592.17,52439,1924
2025-04-06,Meta,fb_prospect_01,FB – Prospecting Lookalike NL,673.3,227056,2619
2025-04-06,Meta,fb_prospect_02,FB – Prospecting Interest EU,559.76,196107,2231
2025-04-06,Referral,referral_mgm_01,Referral – Member Get Member,1689.62,0,0
2025-04-06,TikTok,tiktok_upper_01,TikTok – Brand Awareness NL,436.97,187147,1577
2025-04-06,TikTok,tiktok_upper_02,TikTok – Brand Awareness EU,483.6,228796,1730
2025-04-07,Google App Campaigns,goog_ac_01,Google – App Campaign NL,397.95,103346,1594
2025-04-07,Google App Campaigns,goog_ac_02,Google – App Campaign EU,323.19,89072,1426
2025-04-07,Google Brand Search,goog_brand_01,Google – Brand Search,105.94,7611,1163
2025-04-07,Google Non-Brand Search,goog_search_01,Google – Non-Brand Search NL,428.19,35782,1197
2025-04-07,Meta,fb_prospect_01,FB – Prospecting Lookalike NL,509.05,172951,1942
2025-04-07,Meta,fb_prospect_02,FB – Prospecting Interest EU,529.18,182680,2014
2025-04-07,Referral,referral_mgm_01,Referral – Member Get Member,2327.81,0,0
2025-04-07,TikTok,tiktok_upper_01,TikTok – Brand Awareness NL,380.28,167673,1245
2025-04-07,TikTok,tiktok_upper_02,TikTok – Brand Awareness EU,427.91,175438,1265
2025-04-08,Google App Campaigns,goog_ac_01,Google – App Campaign NL,340.19,85859,1254
2025-04-08,Google App Campaigns,goog_ac_02,Google – App Campaign EU,354.87,97974,1531
2025-04-08,Google Brand Search,goog_brand_01,Google – Brand Search,110.13,7219,1185
2025-04-08,Google Non-Brand Search,goog_search_01,Google – Non-Brand Search NL,439.25,36149,1215
2025-04-08,Meta,fb_prospect_01,FB – Prospecting Lookalike NL,498.76,162175,1895
2025-04-08,Meta,fb_prospect_02,FB – Prospecting Interest EU,479.64,156195,1854
2025-04-08,Referral,referral_mgm_01,Referral – Member Get Member,1727.61,0,0
2025-04-08,TikTok,tiktok_upper_01,TikTok – Brand Awareness NL,393.92,187931,1602
2025-04-08,TikTok,tiktok_upper_02,TikTok – Brand Awareness EU,412.96,178823,1382
2025-04-09,Google App Campaigns,goog_ac_01,Google – App Campaign NL,328.26,84521,1219
2025-04-09,Google App Campaigns,goog_ac_02,Google – App Campaign EU,398.97,101533,1409
2025-04-09,Google Brand Search,goog_brand_01,Google – Brand Search,124.33,8389,1321
2025-04-09,Google Non-Brand Search,goog_search_01,Google – Non-Brand Search NL,521.32,43832,1650
2025-04-09,Meta,fb_prospect_01,FB – Prospecting Lookalike NL,579.84,181007,2230
2025-04-09,Meta,fb_prospect_02,FB – Prospecting Interest EU,561.83,180247,2259
2025-04-09,Referral,referral_mgm_01,Referral – Member Get Member,1820.82,0,0
2025-04-09,TikTok,tiktok_upper_01,TikTok – Brand Awareness NL,354.61,153036,1279
2025-04-09,TikTok,tiktok_upper_02,TikTok – Brand Awareness EU,384.85,158562,1182
2025-04-10,Google App Campaigns,goog_ac_01,Google – App Campaign NL,342.14,90817,1399
2025-04-10,Google App Campaigns,goog_ac_02,Google – App Campaign EU,350.37,100340,1566
2025-04-10,Google Brand Search,goog_brand_01,Google – Brand Search,117.48,8257,1157
2025-04-10,Google Non-Brand Search,goog_search_01,Google – Non-Brand Search NL,416.38,34187,1241
2025-04-10,Meta,fb_prospect_01,FB – Prospecting Lookalike NL,527.87,176977,1917
2025-04-10,Meta,fb_prospect_02,FB – Prospecting Interest EU,524.93,178441,2208
2025-04-10,Referral,referral_mgm_01,Referral – Member Get Member,1291.1,0,0
2025-04-10,TikTok,tiktok_upper_01,TikTok – Brand Awareness NL,404.83,168711,1483
2025-04-10,TikTok,tiktok_upper_02,TikTok – Brand Awareness EU,424.72,200741,1644
2025-04-11,Google App Campaigns,goog_ac_01,Google – App Campaign NL,399.12,99716,1502
2025-04-11,Google App Campaigns,goog_ac_02,Google – App Campaign EU,469.61,121447,1930
2025-04-11,Google Brand Search,goog_brand_01,Google – Brand Search,132.77,9159,1431
2025-04-11,Google Non-Brand Search,goog_search_01,Google – Non-Brand Search NL,522.54,48271,1708
2025-04-11,Meta,fb_prospect_01,FB – Prospecting Lookalike NL,677.3,210245,2558
2025-04-11,Meta,fb_prospect_02,FB – Prospecting Interest EU,694.15,227547,2981
2025-04-11,Referral,referral_mgm_01,Referral – Member Get Member,1641.51,0,0
2025-04-11,TikTok,tiktok_upper_01,TikTok – Brand Awareness NL,407.03,177662,1488
2025-04-11,TikTok,tiktok_upper_02,TikTok – Brand Awareness EU,512.97,241980,1928
2025-04-12,Google App Campaigns,goog_ac_01,Google – App Campaign NL,391.86,106736,1719
2025-04-12,Google App Campaigns,goog_ac_02,Google – App Campaign EU,444.27,109680,1799
2025-04-12,Google Brand Search,goog_brand_01,Google – Brand Search,153.37,10938,1740
2025-04-12,Google Non-Brand Search,goog_search_01,Google – Non-Brand Search NL,518.49,44115,1690
2025-04-12,Meta,fb_prospect_01,FB – Prospecting Lookalike NL,659.78,231519,2590
2025-04-12,Meta,fb_prospect_02,FB – Prospecting Interest EU,629.54,215457,2379
2025-04-12,Referral,referral_mgm_01,Referral – Member Get Member,2143.35,0,0
2025-04-12,TikTok,tiktok_upper_01,TikTok – Brand Awareness NL,462.51,196530,1456
2025-04-12,TikTok,tiktok_upper_02,TikTok – Brand Awareness EU,511.37,232940,1978
2025-04-13,Google App Campaigns,goog_ac_01,Google – App Campaign NL,473.27,127065,1886
2025-04-13,Google App Campaigns,goog_ac_02,Google – App Campaign EU,408.54,101516,1438
2025-04-13,Google Brand Search,goog_brand_01,Google – Brand Search,137.16,8428,1377
2025-04-13,Google Non-Brand Search,goog_search_01,Google – Non-Brand Search NL,511.81,42776,1396
2025-04-13,Meta,fb_prospect_01,FB – Prospecting Lookalike NL,610.84,197022,2281
2025-04-13,Meta,fb_prospect_02,FB – Prospecting Interest EU,684.53,210305,2490
2025-04-13,Referral,referral_mgm_01,Referral – Member Get Member,1827.96,0,0
2025-04-13,TikTok,tiktok_upper_01,TikTok – Brand Awareness NL,477.58,204940,1582
2025-04-13,TikTok,tiktok_upper_02,TikTok – Brand Awareness EU,510.26,239867,1864
2025-04-14,Google App Campaigns,goog_ac_01,Google – App Campaign NL,314.39,88201,1275
2025-04-14,Google App Campaigns,goog_ac_02,Google – App Campaign EU,325.51,87059,1414
2025-04-14,Google Brand Search,goog_brand_01,Google – Brand Search,125.07,8306,1343
2025-04-14,Google Non-Brand Search,goog_search_01,Google – Non-Brand Search NL,417.2,34450,1185
2025-04-14,Meta,fb_prospect_01,FB – Prospecting Lookalike NL,532.18,169171,2125
2025-04-14,Meta,fb_prospect_02,FB – Prospecting Interest EU,547.85,178589,1948
2025-04-14,Referral,referral_mgm_01,Referral – Member Get Member,1688.85,0,0
2025-04-14,TikTok,tiktok_upper_01,TikTok – Brand Awareness NL,349.33,152354,1310
2025-04-14,TikTok,tiktok_upper_02,TikTok – Brand Awareness EU,347.74,154145,1318
2025-04-15,Google App Campaigns,goog_ac_01,Google – App Campaign NL,322.94,92365,1497
2025-04-15,Google App Campaigns,goog_ac_02,Google – App Campaign EU,384.43,108956,1518
2025-04-15,Google Brand Search,goog_brand_01,Google – Brand Search,111.06,7072,1099
2025-04-15,Google Non-Brand Search,goog_search_01,Google – Non-Brand Search NL,473.42,40854,1539
2025-04-15,Meta,fb_prospect_01,FB – Prospecting Lookalike NL,502.05,173896,1938
2025-04-15,Meta,fb_prospect_02,FB – Prospecting Interest EU,532.65,174000,2104
2025-04-15,Referral,referral_mgm_01,Referral – Member Get Member,1604.7,0,0
2025-04-15,TikTok,tiktok_upper_01,TikTok – Brand Awareness NL,341.98,148103,1148
2025-04-15,TikTok,tiktok_upper_02,TikTok – Brand Awareness EU,369.27,163796,1386
2025-04-16,Google App Campaigns,goog_ac_01,Google – App Campaign NL,334.52,85198,1391
2025-04-16,Google App Campaigns,goog_ac_02,Google – App Campaign EU,323.89,83672,1247
2025-04-16,Google Brand Search,goog_brand_01,Google – Brand Search,125.26,8522,1356
2025-04-16,Google Non-Brand Search,goog_search_01,Google – Non-Brand Search NL,416.29,39495,1271
2025-04-16,Meta,fb_prospect_01,FB – Prospecting Lookalike NL,488.8,151180,1648
2025-04-16,Meta,fb_prospect_02,FB – Prospecting Interest EU,473.19,159744,1857
2025-04-16,Referral,referral_mgm_01,Referral – Member Get Member,1592.11,0,0
2025-04-16,TikTok,tiktok_upper_01,TikTok – Brand Awareness NL,346.11,159545,1216
2025-04-16,TikTok,tiktok_upper_02,TikTok – Brand Awareness EU,398.83,187836,1534
2025-04-17,Google App Campaigns,goog_ac_01,Google – App Campaign NL,313.96,84592,1319
2025-04-17,Google App Campaigns,goog_ac_02,Google – App Campaign EU,361.82,99472,1342
2025-04-17,Google Brand Search,goog_brand_01,Google – Brand Search,126.27,8637,1348
2025-04-17,Google Non-Brand Search,goog_search_01,Google – Non-Brand Search NL,422.99,38792,1439
2025-04-17,Meta,fb_prospect_01,FB – Prospecting Lookalike NL,526.45,167215,1908
2025-04-17,Meta,fb_prospect_02,FB – Prospecting Interest EU,507.17,155782,1838
2025-04-17,Referral,referral_mgm_01,Referral – Member Get Member,2061.54,0,0
2025-04-17,TikTok,tiktok_upper_01,TikTok – Brand Awareness NL,397.95,184489,1451
2025-04-17,TikTok,tiktok_upper_02,TikTok – Brand Awareness EU,382.96,175695,1424
2025-04-18,Google App Campaigns,goog_ac_01,Google – App Campaign NL,460.74,116517,1697
2025-04-18,Google App Campaigns,goog_ac_02,Google – App Campaign EU,417.64,107797,1455
2025-04-18,Google Brand Search,goog_brand_01,Google – Brand Search,153.87,9515,1395
2025-04-18,Google Non-Brand Search,goog_search_01,Google – Non-Brand Search NL,531.57,46022,1549
2025-04-18,Meta,fb_prospect_01,FB – Prospecting Lookalike NL,634.17,220272,2555
2025-04-18,Meta,fb_prospect_02,FB – Prospecting Interest EU,596.0,207612,2366
2025-04-18,Referral,referral_mgm_01,Referral – Member Get Member,1943.14,0,0
2025-04-18,TikTok,tiktok_upper_01,TikTok – Brand Awareness NL,487.3,224352,1879
2025-04-18,TikTok,tiktok_upper_02,TikTok – Brand Awareness EU,413.69,171014,1330
2025-04-19,Google App Campaigns,goog_ac_01,Google – App Campaign NL,462.37,132499,1814
2025-04-19,Google App Campaigns,goog_ac_02,Google – App Campaign EU,401.45,103641,1530
2025-04-19,Google Brand Search,goog_brand_01,Google – Brand Search,134.44,9243,1483
2025-04-19,Google Non-Brand Search,goog_search_01,Google – Non-Brand Search NL,563.94,48455,1793
2025-04-19,Meta,fb_prospect_01,FB – Prospecting Lookalike NL,658.97,212857,2752
2025-04-19,Meta,fb_prospect_02,FB – Prospecting Interest EU,616.51,201422,2617
2025-04-19,Referral,referral_mgm_01,Referral – Member Get Member,1749.65,0,0
2025-04-19,TikTok,tiktok_upper_01,TikTok – Brand Awareness NL,409.65,194611,1646
2025-04-19,TikTok,tiktok_upper_02,TikTok – Brand Awareness EU,514.12,243492,1875
2025-04-20,Google App Campaigns,goog_ac_01,Google – App Campaign NL,396.95,100520,1624
2025-04-20,Google App Campaigns,goog_ac_02,Google – App Campaign EU,468.02,124785,1730
2025-04-20,Google Brand Search,goog_brand_01,Google – Brand Search,138.73,8598,1331
2025-04-20,Google Non-Brand Search,goog_search_01,Google – Non-Brand Search NL,541.07,50050,1872
2025-04-20,Meta,fb_prospect_01,FB – Prospecting Lookalike NL,561.4,201619,2501
2025-04-20,Meta,fb_prospect_02,FB – Prospecting Interest EU,682.04,225097,2947
2025-04-20,Referral,referral_mgm_01,Referral – Member Get Member,2136.81,0,0
2025-04-20,TikTok,tiktok_upper_01,TikTok – Brand Awareness NL,472.27,204999,1536
2025-04-20,TikTok,tiktok_upper_02,TikTok – Brand Awareness EU,420.36,194124,1542
2025-04-21,Google App Campaigns,goog_ac_01,Google – App Campaign NL,373.89,93835,1273
2025-04-21,Google App Campaigns,goog_ac_02,Google – App Campaign EU,355.52,95903,1581
2025-04-21,Google Brand Search,goog_brand_01,Google – Brand Search,120.26,8625,1271
2025-04-21,Google Non-Brand Search,goog_search_01,Google – Non-Brand Search NL,497.1,46650,1581
2025-04-21,Meta,fb_prospect_01,FB – Prospecting Lookalike NL,538.98,181071,2332
2025-04-21,Meta,fb_prospect_02,FB – Prospecting Interest EU,538.23,179636,1992
2025-04-21,Referral,referral_mgm_01,Referral – Member Get Member,1819.06,0,0
2025-04-21,TikTok,tiktok_upper_01,TikTok – Brand Awareness NL,406.07,178280,1449
2025-04-21,TikTok,tiktok_upper_02,TikTok – Brand Awareness EU,428.92,182853,1483
2025-04-22,Google App Campaigns,goog_ac_01,Google – App Campaign NL,361.26,88746,1248
2025-04-22,Google App Campaigns,goog_ac_02,Google – App Campaign EU,393.4,106654,1736
2025-04-22,Google Brand Search,goog_brand_01,Google – Brand Search,133.7,8225,1344
2025-04-22,Google Non-Brand Search,goog_search_01,Google – Non-Brand Search NL,451.44,41518,1532
2025-04-22,Meta,fb_prospect_01,FB – Prospecting Lookalike NL,491.72,155858,1821
2025-04-22,Meta,fb_prospect_02,FB – Prospecting Interest EU,573.96,187887,2409
2025-04-22,Referral,referral_mgm_01,Referral – Member Get Member,1777.42,0,0
2025-04-22,TikTok,tiktok_upper_01,TikTok – Brand Awareness NL,412.32,184015,1390
2025-04-22,TikTok,tiktok_upper_02,TikTok – Brand Awareness EU,391.41,166112,1196
2025-04-23,Google App Campaigns,goog_ac_01,Google – App Campaign NL,355.24,97144,1507
2025-04-23,Google App Campaigns,goog_ac_02,Google – App Campaign EU,374.42,105009,1587
2025-04-23,Google Brand Search,goog_brand_01,Google – Brand Search,111.91,7808,1155
2025-04-23,Google Non-Brand Search,goog_search_01,Google – Non-Brand Search NL,438.18,40068,1283
2025-04-23,Meta,fb_prospect_01,FB – Prospecting Lookalike NL,495.27,164885,2001
2025-04-23,Meta,fb_prospect_02,FB – Prospecting Interest EU,555.56,184345,2291
2025-04-23,Referral,referral_mgm_01,Referral – Member Get Member,2114.98,0,0
2025-04-23,TikTok,tiktok_upper_01,TikTok – Brand Awareness NL,374.01,175215,1413
2025-04-23,TikTok,tiktok_upper_02,TikTok – Brand Awareness EU,389.96,169415,1444
2025-04-24,Google App Campaigns,goog_ac_01,Google – App Campaign NL,372.05,101027,1370
2025-04-24,Google App Campaigns,goog_ac_02,Google – App Campaign EU,383.62,106609,1537
2025-04-24,Google Brand Search,goog_brand_01,Google – Brand Search,111.17,7628,1243
2025-04-24,Google Non-Brand Search,goog_search_01,Google – Non-Brand Search NL,488.37,44114,1432
2025-04-24,Meta,fb_prospect_01,FB – Prospecting Lookalike NL,553.47,192631,2341
2025-04-24,Meta,fb_prospect_02,FB – Prospecting Interest EU,494.14,165285,1790
2025-04-24,Referral,referral_mgm_01,Referral – Member Get Member,1988.7,0,0
2025-04-24,TikTok,tiktok_upper_01,TikTok – Brand Awareness NL,383.82,183888,1393
2025-04-24,TikTok,tiktok_upper_02,TikTok – Brand Awareness EU,339.72,141597,1074
2025-04-25,Google App Campaigns,goog_ac_01,Google – App Campaign NL,398.02,101059,1600
2025-04-25,Google App Campaigns,goog_ac_02,Google – App Campaign EU,445.44,121581,1738
2025-04-25,Google Brand Search,goog_brand_01,Google – Brand Search,144.63,9348,1532
2025-04-25,Google Non-Brand Search,goog_search_01,Google – Non-Brand Search NL,568.52,46678,1512
2025-04-25,Meta,fb_prospect_01,FB – Prospecting Lookalike NL,690.52,241403,3143
2025-04-25,Meta,fb_prospect_02,FB – Prospecting Interest EU,577.51,192686,2351
2025-04-25,Referral,referral_mgm_01,Referral – Member Get Member,1756.32,0,0
2025-04-25,TikTok,tiktok_upper_01,TikTok – Brand Awareness NL,469.24,210813,1735
2025-04-25,TikTok,tiktok_upper_02,TikTok – Brand Awareness EU,454.23,187479,1467
2025-04-26,Google App Campaigns,goog_ac_01,Google – App Campaign NL,420.19,114037,1540
2025-04-26,Google App Campaigns,goog_ac_02,Google – App Campaign EU,440.78,113457,1699
2025-04-26,Google Brand Search,goog_brand_01,Google – Brand Search,158.27,11256,1661
2025-04-26,Google Non-Brand Search,goog_search_01,Google – Non-Brand Search NL,540.04,51814,1715
2025-04-26,Meta,fb_prospect_01,FB – Prospecting Lookalike NL,618.48,198377,2435
2025-04-26,Meta,fb_prospect_02,FB – Prospecting Interest EU,627.84,196269,2489
2025-04-26,Referral,referral_mgm_01,Referral – Member Get Member,1737.56,0,0
2025-04-26,TikTok,tiktok_upper_01,TikTok – Brand Awareness NL,457.65,189846,1371
2025-04-26,TikTok,tiktok_upper_02,TikTok – Brand Awareness EU,485.71,204525,1533
2025-04-27,Google App Campaigns,goog_ac_01,Google – App Campaign NL,457.58,116117,1696
2025-04-27,Google App Campaigns,goog_ac_02,Google – App Campaign EU,456.57,122279,1714
2025-04-27,Google Brand Search,goog_brand_01,Google – Brand Search,149.59,9200,1436
2025-04-27,Google Non-Brand Search,goog_search_01,Google – Non-Brand Search NL,553.44,50185,1922
2025-04-27,Meta,fb_prospect_01,FB – Prospecting Lookalike NL,682.59,212378,2317
2025-04-27,Meta,fb_prospect_02,FB – Prospecting Interest EU,595.96,197883,2561
2025-04-27,Referral,referral_mgm_01,Referral – Member Get Member,1447.82,0,0
2025-04-27,TikTok,tiktok_upper_01,TikTok – Brand Awareness NL,439.12,191449,1680
2025-04-27,TikTok,tiktok_upper_02,TikTok – Brand Awareness EU,473.94,212149,1539
2025-04-28,Google App Campaigns,goog_ac_01,Google – App Campaign NL,355.13,93697,1319
2025-04-28,Google App Campaigns,goog_ac_02,Google – App Campaign EU,390.39,112001,1529
2025-04-28,Google Brand Search,goog_brand_01,Google – Brand Search,123.89,7768,1064
2025-04-28,Google Non-Brand Search,goog_search_01,Google – Non-Brand Search NL,506.57,46077,1535
2025-04-28,Meta,fb_prospect_01,FB – Prospecting Lookalike NL,491.71,165824,2095
2025-04-28,Meta,fb_prospect_02,FB – Prospecting Interest EU,567.2,185970,2037
2025-04-28,Referral,referral_mgm_01,Referral – Member Get Member,1491.28,0,0
2025-04-28,TikTok,tiktok_upper_01,TikTok – Brand Awareness NL,361.04,169760,1326
2025-04-28,TikTok,tiktok_upper_02,TikTok – Brand Awareness EU,356.32,157551,1198
2025-04-29,Google App Campaigns,goog_ac_01,Google – App Campaign NL,345.03,85416,1196
2025-04-29,Google App Campaigns,goog_ac_02,Google – App Campaign EU,366.47,102026,1608
2025-04-29,Google Brand Search,goog_brand_01,Google – Brand Search,128.13,8609,1363
2025-04-29,Google Non-Brand Search,goog_search_01,Google – Non-Brand Search NL,482.5,40038,1265
2025-04-29,Meta,fb_prospect_01,FB – Prospecting Lookalike NL,575.46,203139,2361
2025-04-29,Meta,fb_prospect_02,FB – Prospecting Interest EU,549.7,187938,2377
2025-04-29,Referral,referral_mgm_01,Referral – Member Get Member,2225.91,0,0
2025-04-29,TikTok,tiktok_upper_01,TikTok – Brand Awareness NL,429.48,195044,1483
2025-04-29,TikTok,tiktok_upper_02,TikTok – Brand Awareness EU,379.4,180765,1428
2025-04-30,Google App Campaigns,goog_ac_01,Google – App Campaign NL,390.39,102998,1686
2025-04-30,Google App Campaigns,goog_ac_02,Google – App Campaign EU,369.55,92388,1387
2025-04-30,Google Brand Search,goog_brand_01,Google – Brand Search,126.25,7954,1156
2025-04-30,Google Non-Brand Search,goog_search_01,Google – Non-Brand Search NL,495.21,40956,1388
2025-04-30,Meta,fb_prospect_01,FB – Prospecting Lookalike NL,536.91,191913,2489
2025-04-30,Meta,fb_prospect_02,FB – Prospecting Interest EU,556.43,171206,2045
2025-04-30,Referral,referral_mgm_01,Referral – Member Get Member,2155.84,0,0
2025-04-30,TikTok,tiktok_upper_01,TikTok – Brand Awareness NL,352.92,154529,1339
2025-04-30,TikTok,tiktok_upper_02,TikTok – Brand Awareness EU,353.73,146183,1204
2025-05-01,Google App Campaigns,goog_ac_01,Google – App Campaign NL,361.32,96857,1575
2025-05-01,Google App Campaigns,goog_ac_02,Google – App Campaign EU,332.06,94615,1285
2025-05-01,Google Brand Search,goog_brand_01,Google – Brand Search,107.7,7530,1206
2025-05-01,Google Non-Brand Search,goog_search_01,Google – Non-Brand Search NL,503.56,47765,1635
2025-05-01,Meta,fb_prospect_01,FB – Prospecting Lookalike NL,482.19,167748,1908
2025-05-01,Meta,fb_prospect_02,FB – Prospecting Interest EU,568.2,192040,2255
2025-05-01,Referral,referral_mgm_01,Referral – Member Get Member,1597.74,0,0
2025-05-01,TikTok,tiktok_upper_01,TikTok – Brand Awareness NL,401.5,186310,1495
2025-05-01,TikTok,tiktok_upper_02,TikTok – Brand Awareness EU,426.1,202264,1609
2025-05-02,Google App Campaigns,goog_ac_01,Google – App Campaign NL,419.93,110201,1758
2025-05-02,Google App Campaigns,goog_ac_02,Google – App Campaign EU,446.02,124146,1832
2025-05-02,Google Brand Search,goog_brand_01,Google – Brand Search,141.07,9417,1403
2025-05-02,Google Non-Brand Search,goog_search_01,Google – Non-Brand Search NL,535.1,44419,1639
2025-05-02,Meta,fb_prospect_01,FB – Prospecting Lookalike NL,580.77,203856,2360
2025-05-02,Meta,fb_prospect_02,FB – Prospecting Interest EU,695.69,234453,2821
2025-05-02,Referral,referral_mgm_01,Referral – Member Get Member,2216.38,0,0
2025-05-02,TikTok,tiktok_upper_01,TikTok – Brand Awareness NL,442.69,197336,1675
2025-05-02,TikTok,tiktok_upper_02,TikTok – Brand Awareness EU,426.74,193575,1526
2025-05-03,Google App Campaigns,goog_ac_01,Google – App Campaign NL,399.85,106156,1455
2025-05-03,Google App Campaigns,goog_ac_02,Google – App Campaign EU,468.65,129591,2044
2025-05-03,Google Brand Search,goog_brand_01,Google – Brand Search,130.82,8544,1392
2025-05-03,Google Non-Brand Search,goog_search_01,Google – Non-Brand Search NL,618.61,57552,1986
2025-05-03,Meta,fb_prospect_01,FB – Prospecting Lookalike NL,563.96,197247,2421
2025-05-03,Meta,fb_prospect_02,FB – Prospecting Interest EU,619.17,216370,2572
2025-05-03,Referral,referral_mgm_01,Referral – Member Get Member,2218.54,0,0
2025-05-03,TikTok,tiktok_upper_01,TikTok – Brand Awareness NL,453.18,207339,1694
2025-05-03,TikTok,tiktok_upper_02,TikTok – Brand Awareness EU,513.01,214830,1743
2025-05-04,Google App Campaigns,goog_ac_01,Google – App Campaign NL,426.38,112622,1826
2025-05-04,Google App Campaigns,goog_ac_02,Google – App Campaign EU,435.82,116155,1805
2025-05-04,Google Brand Search,goog_brand_01,Google – Brand Search,147.71,9319,1340
2025-05-04,Google Non-Brand Search,goog_search_01,Google – Non-Brand Search NL,531.79,43970,1647
2025-05-04,Meta,fb_prospect_01,FB – Prospecting Lookalike NL,642.72,210066,2420
2025-05-04,Meta,fb_prospect_02,FB – Prospecting Interest EU,656.82,235038,2976
2025-05-04,Referral,referral_mgm_01,Referral – Member Get Member,1478.62,0,0
2025-05-04,TikTok,tiktok_upper_01,TikTok – Brand Awareness NL,510.47,236598,1780
2025-05-04,TikTok,tiktok_upper_02,TikTok – Brand Awareness EU,427.01,201313,1494
2025-05-05,Google App Campaigns,goog_ac_01,Google – App Campaign NL,368.21,95380,1429
2025-05-05,Google App Campaigns,goog_ac_02,Google – App Campaign EU,383.56,98441,1396
2025-05-05,Google Brand Search,goog_brand_01,Google – Brand Search,109.74,7123,1018
2025-05-05,Google Non-Brand Search,goog_search_01,Google – Non-Brand Search NL,498.52,43917,1634
2025-05-05,Meta,fb_prospect_01,FB – Prospecting Lookalike NL,531.02,171607,2140
2025-05-05,Meta,fb_prospect_02,FB – Prospecting Interest EU,567.01,197655,2597
2025-05-05,Referral,referral_mgm_01,Referral – Member Get Member,2067.79,0,0
2025-05-05,TikTok,tiktok_upper_01,TikTok – Brand Awareness NL,429.15,194835,1600
2025-05-05,TikTok,tiktok_upper_02,TikTok – Brand Awareness EU,344.57,164633,1420
2025-05-06,Google App Campaigns,goog_ac_01,Google – App Campaign NL,329.11,82181,1157
2025-05-06,Google App Campaigns,goog_ac_02,Google – App Campaign EU,381.79,98435,1551
2025-05-06,Google Brand Search,goog_brand_01,Google – Brand Search,127.2,7933,1171
2025-05-06,Google Non-Brand Search,goog_search_01,Google – Non-Brand Search NL,523.95,47126,1644
2025-05-06,Meta,fb_prospect_01,FB – Prospecting Lookalike NL,587.03,204377,2316
2025-05-06,Meta,fb_prospect_02,FB – Prospecting Interest EU,540.51,174259,1894
2025-05-06,Referral,referral_mgm_01,Referral – Member Get Member,1666.74,0,0
2025-05-06,TikTok,tiktok_upper_01,TikTok – Brand Awareness NL,402.24,186190,1475
2025-05-06,TikTok,tiktok_upper_02,TikTok – Brand Awareness EU,381.98,159772,1329
2025-05-07,Google App Campaigns,goog_ac_01,Google – App Campaign NL,319.65,81482,1289
2025-05-07,Google App Campaigns,goog_ac_02,Google – App Campaign EU,323.23,85777,1312
2025-05-07,Google Brand Search,goog_brand_01,Google – Brand Search,117.34,7374,1143
2025-05-07,Google Non-Brand Search,goog_search_01,Google – Non-Brand Search NL,515.95,48409,1783
2025-05-07,Meta,fb_prospect_01,FB – Prospecting Lookalike NL,566.31,200043,2390
2025-05-07,Meta,fb_prospect_02,FB – Prospecting Interest EU,586.19,207114,2490
2025-05-07,Referral,referral_mgm_01,Referral – Member Get Member,1735.19,0,0
2025-05-07,TikTok,tiktok_upper_01,TikTok – Brand Awareness NL,383.89,179654,1527
2025-05-07,TikTok,tiktok_upper_02,TikTok – Brand Awareness EU,416.1,190787,1535
2025-05-08,Google App Campaigns,goog_ac_01,Google – App Campaign NL,357.15,99301,1345
2025-05-08,Google App Campaigns,goog_ac_02,Google – App Campaign EU,361.97,91481,1311
2025-05-08,Google Brand Search,goog_brand_01,Google – Brand Search,134.36,9272,1421
2025-05-08,Google Non-Brand Search,goog_search_01,Google – Non-Brand Search NL,420.18,35373,1358
2025-05-08,Meta,fb_prospect_01,FB – Prospecting Lookalike NL,566.63,186911,2240
2025-05-08,Meta,fb_prospect_02,FB – Prospecting Interest EU,484.17,164351,1891
2025-05-08,Referral,referral_mgm_01,Referral – Member Get Member,1858.38,0,0
2025-05-08,TikTok,tiktok_upper_01,TikTok – Brand Awareness NL,354.63,159159,1395
2025-05-08,TikTok,tiktok_upper_02,TikTok – Brand Awareness EU,388.64,176750,1464
2025-05-09,Google App Campaigns,goog_ac_01,Google – App Campaign NL,473.09,132003,1792
2025-05-09,Google App Campaigns,goog_ac_02,Google – App Campaign EU,460.51,128163,1928
2025-05-09,Google Brand Search,goog_brand_01,Google – Brand Search,132.23,8551,1221
2025-05-09,Google Non-Brand Search,goog_search_01,Google – Non-Brand Search NL,567.17,53121,1831
2025-05-09,Meta,fb_prospect_01,FB – Prospecting Lookalike NL,593.42,196649,2293
2025-05-09,Meta,fb_prospect_02,FB – Prospecting Interest EU,613.44,211723,2478
2025-05-09,Referral,referral_mgm_01,Referral – Member Get Member,1932.63,0,0
2025-05-09,TikTok,tiktok_upper_01,TikTok – Brand Awareness NL,491.43,232271,1865
2025-05-09,TikTok,tiktok_upper_02,TikTok – Brand Awareness EU,409.41,188056,1649
2025-05-10,Google App Campaigns,goog_ac_01,Google – App Campaign NL,441.73,113913,1622
2025-05-10,Google App Campaigns,goog_ac_02,Google – App Campaign EU,420.57,117548,1867
2025-05-10,Google Brand Search,goog_brand_01,Google – Brand Search,146.96,9247,1341
2025-05-10,Google Non-Brand Search,goog_search_01,Google – Non-Brand Search NL,504.03,43384,1494
2025-05-10,Meta,fb_prospect_01,FB – Prospecting Lookalike NL,694.99,246506,2771
2025-05-10,Meta,fb_prospect_02,FB – Prospecting Interest EU,658.15,209365,2674
2025-05-10,Referral,referral_mgm_01,Referral – Member Get Member,2217.36,0,0
2025-05-10,TikTok,tiktok_upper_01,TikTok – Brand Awareness NL,480.82,202717,1667
2025-05-10,TikTok,tiktok_upper_02,TikTok – Brand Awareness EU,457.04,214167,1707
2025-05-11,Google App Campaigns,goog_ac_01,Google – App Campaign NL,379.57,95961,1564
2025-05-11,Google App Campaigns,goog_ac_02,Google – App Campaign EU,460.27,123191,2020
2025-05-11,Google Brand Search,goog_brand_01,Google – Brand Search,137.31,9798,1577
2025-05-11,Google Non-Brand Search,goog_search_01,Google – Non-Brand Search NL,519.46,46610,1527
2025-05-11,Meta,fb_prospect_01,FB – Prospecting Lookalike NL,593.62,189951,2502
2025-05-11,Meta,fb_prospect_02,FB – Prospecting Interest EU,685.79,237291,2640
2025-05-11,Referral,referral_mgm_01,Referral – Member Get Member,1638.97,0,0
2025-05-11,TikTok,tiktok_upper_01,TikTok – Brand Awareness NL,503.44,222911,1870
2025-05-11,TikTok,tiktok_upper_02,TikTok – Brand Awareness EU,459.12,202909,1662
2025-05-12,Google App Campaigns,goog_ac_01,Google – App Campaign NL,339.52,93473,1290
2025-05-12,Google App Campaigns,goog_ac_02,Google – App Campaign EU,319.85,88626,1389
2025-05-12,Google Brand Search,goog_brand_01,Google – Brand Search,108.6,6872,1015
2025-05-12,Google Non-Brand Search,goog_search_01,Google – Non-Brand Search NL,446.32,38751,1480
2025-05-12,Meta,fb_prospect_01,FB – Prospecting Lookalike NL,498.66,160718,1823
2025-05-12,Meta,fb_prospect_02,FB – Prospecting Interest EU,579.9,189862,2316
2025-05-12,Referral,referral_mgm_01,Referral – Member Get Member,2380.94,0,0
2025-05-12,TikTok,tiktok_upper_01,TikTok – Brand Awareness NL,347.3,148169,1207
2025-05-12,TikTok,tiktok_upper_02,TikTok – Brand Awareness EU,343.57,153920,1251
2025-05-13,Google App Campaigns,goog_ac_01,Google – App Campaign NL,343.24,94627,1311
2025-05-13,Google App Campaigns,goog_ac_02,Google – App Campaign EU,375.72,104607,1611
2025-05-13,Google Brand Search,goog_brand_01,Google – Brand Search,131.69,9069,1238
2025-05-13,Google Non-Brand Search,goog_search_01,Google – Non-Brand Search NL,443.97,41391,1365
2025-05-13,Meta,fb_prospect_01,FB – Prospecting Lookalike NL,557.81,172313,1989
2025-05-13,Meta,fb_prospect_02,FB – Prospecting Interest EU,548.24,177764,1953
2025-05-13,Referral,referral_mgm_01,Referral – Member Get Member,1839.51,0,0
2025-05-13,TikTok,tiktok_upper_01,TikTok – Brand Awareness NL,363.92,165598,1374
2025-05-13,TikTok,tiktok_upper_02,TikTok – Brand Awareness EU,386.43,174801,1379
2025-05-14,Google App Campaigns,goog_ac_01,Google – App Campaign NL,347.18,96467,1389
2025-05-14,Google App Campaigns,goog_ac_02,Google – App Campaign EU,331.52,89053,1272
2025-05-14,Google Brand Search,goog_brand_01,Google – Brand Search,133.63,8843,1232
2025-05-14,Google Non-Brand Search,goog_search_01,Google – Non-Brand Search NL,420.01,34655,1259
2025-05-14,Meta,fb_prospect_01,FB – Prospecting Lookalike NL,574.89,184668,2273
2025-05-14,Meta,fb_prospect_02,FB – Prospecting Interest EU,548.48,187939,2251
2025-05-14,Referral,referral_mgm_01,Referral – Member Get Member,1920.94,0,0
2025-05-14,TikTok,tiktok_upper_01,TikTok – Brand Awareness NL,411.58,183112,1450
2025-05-14,TikTok,tiktok_upper_02,TikTok – Brand Awareness EU,376.67,170264,1423
2025-05-15,Google App Campaigns,goog_ac_01,Google – App Campaign NL,390.3,99580,1499
2025-05-15,Google App Campaigns,goog_ac_02,Google – App Campaign EU,386.44,101028,1381
2025-05-15,Google Brand Search,goog_brand_01,Google – Brand Search,118.96,8162,1337
2025-05-15,Google Non-Brand Search,goog_search_01,Google – Non-Brand Search NL,449.35,38292,1439
2025-05-15,Meta,fb_prospect_01,FB – Prospecting Lookalike NL,504.26,175602,1940
2025-05-15,Meta,fb_prospect_02,FB – Prospecting Interest EU,569.98,198119,2548
2025-05-15,Referral,referral_mgm_01,Referral – Member Get Member,1756.31,0,0
2025-05-15,TikTok,tiktok_upper_01,TikTok – Brand Awareness NL,413.31,176681,1553
2025-05-15,TikTok,tiktok_upper_02,TikTok – Brand Awareness EU,389.83,165845,1324
2025-05-16,Google App Campaigns,goog_ac_01,Google – App Campaign NL,459.57,130965,2046
2025-05-16,Google App Campaigns,goog_ac_02,Google – App Campaign EU,437.65,119638,1848
2025-05-16,Google Brand Search,goog_brand_01,Google – Brand Search,148.05,10348,1397
2025-05-16,Google Non-Brand Search,goog_search_01,Google – Non-Brand Search NL,626.41,59816,2062
2025-05-16,Meta,fb_prospect_01,FB – Prospecting Lookalike NL,615.33,204355,2327
2025-05-16,Meta,fb_prospect_02,FB – Prospecting Interest EU,564.41,193479,2099
2025-05-16,Referral,referral_mgm_01,Referral – Member Get Member,1431.24,0,0
2025-05-16,TikTok,tiktok_upper_01,TikTok – Brand Awareness NL,438.59,203074,1468
2025-05-16,TikTok,tiktok_upper_02,TikTok – Brand Awareness EU,417.02,175314,1349
2025-05-17,Google App Campaigns,goog_ac_01,Google – App Campaign NL,450.9,120342,1764
2025-05-17,Google App Campaigns,goog_ac_02,Google – App Campaign EU,389.17,108512,1665
2025-05-17,Google Brand Search,goog_brand_01,Google – Brand Search,158.83,10544,1566
2025-05-17,Google Non-Brand Search,goog_search_01,Google – Non-Brand Search NL,550.83,52242,1886
2025-05-17,Meta,fb_prospect_01,FB – Prospecting Lookalike NL,638.74,227197,2941
2025-05-17,Meta,fb_prospect_02,FB – Prospecting Interest EU,608.83,195080,2475
2025-05-17,Referral,referral_mgm_01,Referral – Member Get Member,1550.95,0,0
2025-05-17,TikTok,tiktok_upper_01,TikTok – Brand Awareness NL,463.79,211169,1762
2025-05-17,TikTok,tiktok_upper_02,TikTok – Brand Awareness EU,446.29,191865,1436
2025-05-18,Google App Campaigns,goog_ac_01,Google – App Campaign NL,473.76,127448,1907
2025-05-18,Google App Campaigns,goog_ac_02,Google – App Campaign EU,477.87,121685,1710
2025-05-18,Google Brand Search,goog_brand_01,Google – Brand Search,131.28,8770,1431
2025-05-18,Google Non-Brand Search,goog_search_01,Google – Non-Brand Search NL,630.7,57759,2035
2025-05-18,Meta,fb_prospect_01,FB – Prospecting Lookalike NL,612.38,218440,2549
2025-05-18,Meta,fb_prospect_02,FB – Prospecting Interest EU,668.82,238028,3124
2025-05-18,Referral,referral_mgm_01,Referral – Member Get Member,1808.15,0,0
2025-05-18,TikTok,tiktok_upper_01,TikTok – Brand Awareness NL,509.16,242940,2122
2025-05-18,TikTok,tiktok_upper_02,TikTok – Brand Awareness EU,496.07,219148,1651
2025-05-19,Google App Campaigns,goog_ac_01,Google – App Campaign NL,342.63,88036,1227
2025-05-19,Google App Campaigns,goog_ac_02,Google – App Campaign EU,325.66,89780,1271
2025-05-19,Google Brand Search,goog_brand_01,Google – Brand Search,131.41,8913,1393
2025-05-19,Google Non-Brand Search,goog_search_01,Google – Non-Brand Search NL,429.63,41237,1373
2025-05-19,Meta,fb_prospect_01,FB – Prospecting Lookalike NL,538.62,173197,2057
2025-05-19,Meta,fb_prospect_02,FB – Prospecting Interest EU,489.71,164057,1998
2025-05-19,Referral,referral_mgm_01,Referral – Member Get Member,2119.67,0,0
2025-05-19,TikTok,tiktok_upper_01,TikTok – Brand Awareness NL,393.48,172211,1391
2025-05-19,TikTok,tiktok_upper_02,TikTok – Brand Awareness EU,419.59,198802,1558
2025-05-20,Google App Campaigns,goog_ac_01,Google – App Campaign NL,377.22,94474,1504
2025-05-20,Google App Campaigns,goog_ac_02,Google – App Campaign EU,369.12,95893,1548
2025-05-20,Google Brand Search,goog_brand_01,Google – Brand Search,113.91,8170,1242
2025-05-20,Google Non-Brand Search,goog_search_01,Google – Non-Brand Search NL,480.44,45116,1632
2025-05-20,Meta,fb_prospect_01,FB – Prospecting Lookalike NL,530.42,188377,2396
2025-05-20,Meta,fb_prospect_02,FB – Prospecting Interest EU,467.17,165172,2167
2025-05-20,Referral,referral_mgm_01,Referral – Member Get Member,1618.88,0,0
2025-05-20,TikTok,tiktok_upper_01,TikTok – Brand Awareness NL,389.61,164316,1405
2025-05-20,TikTok,tiktok_upper_02,TikTok – Brand Awareness EU,414.23,179674,1512
2025-05-21,Google App Campaigns,goog_ac_01,Google – App Campaign NL,355.95,101552,1485
2025-05-21,Google App Campaigns,goog_ac_02,Google – App Campaign EU,336.24,96766,1459
2025-05-21,Google Brand Search,goog_brand_01,Google – Brand Search,118.72,7980,1280
2025-05-21,Google Non-Brand Search,goog_search_01,Google – Non-Brand Search NL,514.23,48715,1711
2025-05-21,Meta,fb_prospect_01,FB – Prospecting Lookalike NL,583.6,202863,2308
2025-05-21,Meta,fb_prospect_02,FB – Prospecting Interest EU,552.21,169945,2172
2025-05-21,Referral,referral_mgm_01,Referral – Member Get Member,1814.85,0,0
2025-05-21,TikTok,tiktok_upper_01,TikTok – Brand Awareness NL,385.54,168705,1250
2025-05-21,TikTok,tiktok_upper_02,TikTok – Brand Awareness EU,401.16,176318,1532
2025-05-22,Google App Campaigns,goog_ac_01,Google – App Campaign NL,388.33,102208,1476
2025-05-22,Google App Campaigns,goog_ac_02,Google – App Campaign EU,376.96,95947,1368
2025-05-22,Google Brand Search,goog_brand_01,Google – Brand Search,122.21,7795,1117
2025-05-22,Google Non-Brand Search,goog_search_01,Google – Non-Brand Search NL,522.48,43332,1490
2025-05-22,Meta,fb_prospect_01,FB – Prospecting Lookalike NL,573.7,189663,2215
2025-05-22,Meta,fb_prospect_02,FB – Prospecting Interest EU,493.93,154986,1808
2025-05-22,Referral,referral_mgm_01,Referral – Member Get Member,2462.89,0,0
2025-05-22,TikTok,tiktok_upper_01,TikTok – Brand Awareness NL,426.82,184486,1545
2025-05-22,TikTok,tiktok_upper_02,TikTok – Brand Awareness EU,364.22,164748,1397
2025-05-23,Google App Campaigns,goog_ac_01,Google – App Campaign NL,384.97,102987,1459
2025-05-23,Google App Campaigns,goog_ac_02,Google – App Campaign EU,453.77,124050,1929
2025-05-23,Google Brand Search,goog_brand_01,Google – Brand Search,161.23,11146,1701
2025-05-23,Google Non-Brand Search,goog_search_01,Google – Non-Brand Search NL,525.85,48302,1626
2025-05-23,Meta,fb_prospect_01,FB – Prospecting Lookalike NL,700.17,219099,2824
2025-05-23,Meta,fb_prospect_02,FB – Prospecting Interest EU,603.87,215992,2495
2025-05-23,Referral,referral_mgm_01,Referral – Member Get Member,1715.22,0,0
2025-05-23,TikTok,tiktok_upper_01,TikTok – Brand Awareness NL,430.04,186393,1609
2025-05-23,TikTok,tiktok_upper_02,TikTok – Brand Awareness EU,453.23,198786,1553
2025-05-24,Google App Campaigns,goog_ac_01,Google – App Campaign NL,464.67,115870,1796
2025-05-24,Google App Campaigns,goog_ac_02,Google – App Campaign EU,439.36,124051,1738
2025-05-24,Google Brand Search,goog_brand_01,Google – Brand Search,139.22,9111,1371
2025-05-24,Google Non-Brand Search,goog_search_01,Google – Non-Brand Search NL,608.44,53651,1850
2025-05-24,Meta,fb_prospect_01,FB – Prospecting Lookalike NL,560.91,196425,2145
2025-05-24,Meta,fb_prospect_02,FB – Prospecting Interest EU,656.05,206671,2446
2025-05-24,Referral,referral_mgm_01,Referral – Member Get Member,1955.53,0,0
2025-05-24,TikTok,tiktok_upper_01,TikTok – Brand Awareness NL,501.4,226028,1827
2025-05-24,TikTok,tiktok_upper_02,TikTok – Brand Awareness EU,431.75,197356,1538
2025-05-25,Google App Campaigns,goog_ac_01,Google – App Campaign NL,474.46,122781,1787
2025-05-25,Google App Campaigns,goog_ac_02,Google – App Campaign EU,399.34,99413,1577
2025-05-25,Google Brand Search,goog_brand_01,Google – Brand Search,160.41,11173,1819
2025-05-25,Google Non-Brand Search,goog_search_01,Google – Non-Brand Search NL,532.25,45665,1496
2025-05-25,Meta,fb_prospect_01,FB – Prospecting Lookalike NL,621.38,212722,2756
2025-05-25,Meta,fb_prospect_02,FB – Prospecting Interest EU,637.62,218537,2400
2025-05-25,Referral,referral_mgm_01,Referral – Member Get Member,2255.64,0,0
2025-05-25,TikTok,tiktok_upper_01,TikTok – Brand Awareness NL,417.32,183251,1510
2025-05-25,TikTok,tiktok_upper_02,TikTok – Brand Awareness EU,460.6,193765,1507
2025-05-26,Google App Campaigns,goog_ac_01,Google – App Campaign NL,323.06,88777,1234
2025-05-26,Google App Campaigns,goog_ac_02,Google – App Campaign EU,326.24,83242,1310
2025-05-26,Google Brand Search,goog_brand_01,Google – Brand Search,130.84,8282,1183
2025-05-26,Google Non-Brand Search,goog_search_01,Google – Non-Brand Search NL,438.98,36119,1366
2025-05-26,Meta,fb_prospect_01,FB – Prospecting Lookalike NL,552.36,170146,1894
2025-05-26,Meta,fb_prospect_02,FB – Prospecting Interest EU,548.04,171672,1873
2025-05-26,Referral,referral_mgm_01,Referral – Member Get Member,2210.2,0,0
2025-05-26,TikTok,tiktok_upper_01,TikTok – Brand Awareness NL,417.34,197541,1573
2025-05-26,TikTok,tiktok_upper_02,TikTok – Brand Awareness EU,353.64,152819,1171
2025-05-27,Google App Campaigns,goog_ac_01,Google – App Campaign NL,382.56,109469,1668
2025-05-27,Google App Campaigns,goog_ac_02,Google – App Campaign EU,357.19,94113,1467
2025-05-27,Google Brand Search,goog_brand_01,Google – Brand Search,106.11,7208,1159
2025-05-27,Google Non-Brand Search,goog_search_01,Google – Non-Brand Search NL,520.77,47028,1555
2025-05-27,Meta,fb_prospect_01,FB – Prospecting Lookalike NL,463.13,163852,2055
2025-05-27,Meta,fb_prospect_02,FB – Prospecting Interest EU,561.28,174275,2178
2025-05-27,Referral,referral_mgm_01,Referral – Member Get Member,1997.75,0,0
2025-05-27,TikTok,tiktok_upper_01,TikTok – Brand Awareness NL,355.3,163457,1241
2025-05-27,TikTok,tiktok_upper_02,TikTok – Brand Awareness EU,423.76,198210,1613
2025-05-28,Google App Campaigns,goog_ac_01,Google – App Campaign NL,315.15,79661,1114
2025-05-28,Google App Campaigns,goog_ac_02,Google – App Campaign EU,322.1,89129,1234
2025-05-28,Google Brand Search,goog_brand_01,Google – Brand Search,110.28,7361,1136
2025-05-28,Google Non-Brand Search,goog_search_01,Google – Non-Brand Search NL,492.09,41490,1341
2025-05-28,Meta,fb_prospect_01,FB – Prospecting Lookalike NL,513.43,160663,1988
2025-05-28,Meta,fb_prospect_02,FB – Prospecting Interest EU,536.61,183097,2245
2025-05-28,Referral,referral_mgm_01,Referral – Member Get Member,1430.56,0,0
2025-05-28,TikTok,tiktok_upper_01,TikTok – Brand Awareness NL,344.0,150382,1308
2025-05-28,TikTok,tiktok_upper_02,TikTok – Brand Awareness EU,384.15,163102,1265
2025-05-29,Google App Campaigns,goog_ac_01,Google – App Campaign NL,345.51,94334,1295
2025-05-29,Google App Campaigns,goog_ac_02,Google – App Campaign EU,354.87,88522,1260
2025-05-29,Google Brand Search,goog_brand_01,Google – Brand Search,127.12,7879,1297
2025-05-29,Google Non-Brand Search,goog_search_01,Google – Non-Brand Search NL,449.54,41350,1497
2025-05-29,Meta,fb_prospect_01,FB – Prospecting Lookalike NL,481.65,150057,1939
2025-05-29,Meta,fb_prospect_02,FB – Prospecting Interest EU,509.46,170454,2154
2025-05-29,Referral,referral_mgm_01,Referral – Member Get Member,2255.5,0,0
2025-05-29,TikTok,tiktok_upper_01,TikTok – Brand Awareness NL,412.75,172541,1412
2025-05-29,TikTok,tiktok_upper_02,TikTok – Brand Awareness EU,409.24,176424,1292
2025-05-30,Google App Campaigns,goog_ac_01,Google – App Campaign NL,460.83,122161,1735
2025-05-30,Google App Campaigns,goog_ac_02,Google – App Campaign EU,426.84,109274,1648
2025-05-30,Google Brand Search,goog_brand_01,Google – Brand Search,133.63,8871,1210
2025-05-30,Google Non-Brand Search,goog_search_01,Google – Non-Brand Search NL,562.49,52242,1732
2025-05-30,Meta,fb_prospect_01,FB – Prospecting Lookalike NL,666.27,209197,2656
2025-05-30,Meta,fb_prospect_02,FB – Prospecting Interest EU,566.28,188776,2330
2025-05-30,Referral,referral_mgm_01,Referral – Member Get Member,1683.47,0,0
2025-05-30,TikTok,tiktok_upper_01,TikTok – Brand Awareness NL,411.52,192429,1612
2025-05-30,TikTok,tiktok_upper_02,TikTok – Brand Awareness EU,470.95,207263,1743
2025-05-31,Google App Campaigns,goog_ac_01,Google – App Campaign NL,381.56,96629,1396
2025-05-31,Google App Campaigns,goog_ac_02,Google – App Campaign EU,409.3,117151,1652
2025-05-31,Google Brand Search,goog_brand_01,Google – Brand Search,131.09,8609,1241
2025-05-31,Google Non-Brand Search,goog_search_01,Google – Non-Brand Search NL,508.0,44093,1430
2025-05-31,Meta,fb_prospect_01,FB – Prospecting Lookalike NL,636.61,204965,2243
2025-05-31,Meta,fb_prospect_02,FB – Prospecting Interest EU,575.06,193563,2407
2025-05-31,Referral,referral_mgm_01,Referral – Member Get Member,1575.28,0,0
2025-05-31,TikTok,tiktok_upper_01,TikTok – Brand Awareness NL,430.87,187014,1492
2025-05-31,TikTok,tiktok_upper_02,TikTok – Brand Awareness EU,435.3,195342,1680
2025-06-01,Google App Campaigns,goog_ac_01,Google – App Campaign NL,393.26,105734,1582
2025-06-01,Google App Campaigns,goog_ac_02,Google – App Campaign EU,463.74,128200,2067
2025-06-01,Google Brand Search,goog_brand_01,Google – Brand Search,160.85,11510,1846
2025-06-01,Google Non-Brand Search,goog_search_01,Google – Non-Brand Search NL,599.57,54507,1907
2025-06-01,Meta,fb_prospect_01,FB – Prospecting Lookalike NL,699.76,249358,2952
2025-06-01,Meta,fb_prospect_02,FB – Prospecting Interest EU,588.96,206838,2413
2025-06-01,Referral,referral_mgm_01,Referral – Member Get Member,1534.45,0,0
2025-06-01,TikTok,tiktok_upper_01,TikTok – Brand Awareness NL,415.65,187815,1502
2025-06-01,TikTok,tiktok_upper_02,TikTok – Brand Awareness EU,414.03,194692,1489
2025-06-02,Google App Campaigns,goog_ac_01,Google – App Campaign NL,343.56,84492,1315
2025-06-02,Google App Campaigns,goog_ac_02,Google – App Campaign EU,334.92,87188,1263
2025-06-02,Google Brand Search,goog_brand_01,Google – Brand Search,115.41,7930,1080
2025-06-02,Google Non-Brand Search,goog_search_01,Google – Non-Brand Search NL,474.34,44590,1450
2025-06-02,Meta,fb_prospect_01,FB – Prospecting Lookalike NL,512.87,173312,2104
2025-06-02,Meta,fb_prospect_02,FB – Prospecting Interest EU,484.15,151178,1713
2025-06-02,Referral,referral_mgm_01,Referral – Member Get Member,1556.03,0,0
2025-06-02,TikTok,tiktok_upper_01,TikTok – Brand Awareness NL,409.37,184199,1402
2025-06-02,TikTok,tiktok_upper_02,TikTok – Brand Awareness EU,418.6,171482,1296
2025-06-03,Google App Campaigns,goog_ac_01,Google – App Campaign NL,366.15,92659,1340
2025-06-03,Google App Campaigns,goog_ac_02,Google – App Campaign EU,330.46,90894,1367
2025-06-03,Google Brand Search,goog_brand_01,Google – Brand Search,133.45,8260,1218
2025-06-03,Google Non-Brand Search,goog_search_01,Google – Non-Brand Search NL,499.8,41278,1422
2025-06-03,Meta,fb_prospect_01,FB – Prospecting Lookalike NL,475.39,146684,1670
2025-06-03,Meta,fb_prospect_02,FB – Prospecting Interest EU,522.24,174293,1972
2025-06-03,Referral,referral_mgm_01,Referral – Member Get Member,1894.56,0,0
2025-06-03,TikTok,tiktok_upper_01,TikTok – Brand Awareness NL,414.41,197791,1616
2025-06-03,TikTok,tiktok_upper_02,TikTok – Brand Awareness EU,426.07,186729,1467
2025-06-04,Google App Campaigns,goog_ac_01,Google – App Campaign NL,367.41,104611,1465
2025-06-04,Google App Campaigns,goog_ac_02,Google – App Campaign EU,382.23,104072,1658
2025-06-04,Google Brand Search,goog_brand_01,Google – Brand Search,133.25,8261,1131
2025-06-04,Google Non-Brand Search,goog_search_01,Google – Non-Brand Search NL,435.62,38312,1240
2025-06-04,Meta,fb_prospect_01,FB – Prospecting Lookalike NL,487.25,152208,1944
2025-06-04,Meta,fb_prospect_02,FB – Prospecting Interest EU,519.99,183940,2121
2025-06-04,Referral,referral_mgm_01,Referral – Member Get Member,2113.24,0,0
2025-06-04,TikTok,tiktok_upper_01,TikTok – Brand Awareness NL,341.64,143255,1137
2025-06-04,TikTok,tiktok_upper_02,TikTok – Brand Awareness EU,352.44,157110,1362
2025-06-05,Google App Campaigns,goog_ac_01,Google – App Campaign NL,328.12,84587,1226
2025-06-05,Google App Campaigns,goog_ac_02,Google – App Campaign EU,352.6,97073,1435
2025-06-05,Google Brand Search,goog_brand_01,Google – Brand Search,126.23,7941,1304
2025-06-05,Google Non-Brand Search,goog_search_01,Google – Non-Brand Search NL,515.13,47106,1759
2025-06-05,Meta,fb_prospect_01,FB – Prospecting Lookalike NL,519.82,174201,2020
2025-06-05,Meta,fb_prospect_02,FB – Prospecting Interest EU,493.71,155096,1937
2025-06-05,Referral,referral_mgm_01,Referral – Member Get Member,1568.83,0,0
2025-06-05,TikTok,tiktok_upper_01,TikTok – Brand Awareness NL,420.69,181012,1476
2025-06-05,TikTok,tiktok_upper_02,TikTok – Brand Awareness EU,364.41,165814,1244
2025-06-06,Google App Campaigns,goog_ac_01,Google – App Campaign NL,460.62,123920,2024
2025-06-06,Google App Campaigns,goog_ac_02,Google – App Campaign EU,453.42,126111,1894
2025-06-06,Google Brand Search,goog_brand_01,Google – Brand Search,130.37,8901,1233
2025-06-06,Google Non-Brand Search,goog_search_01,Google – Non-Brand Search NL,610.57,58110,2123
2025-06-06,Meta,fb_prospect_01,FB – Prospecting Lookalike NL,656.59,214395,2578
2025-06-06,Meta,fb_prospect_02,FB – Prospecting Interest EU,582.82,183555,2015
2025-06-06,Referral,referral_mgm_01,Referral – Member Get Member,1630.47,0,0
2025-06-06,TikTok,tiktok_upper_01,TikTok – Brand Awareness NL,492.49,221430,1652
2025-06-06,TikTok,tiktok_upper_02,TikTok – Brand Awareness EU,424.6,192163,1511
2025-06-07,Google App Campaigns,goog_ac_01,Google – App Campaign NL,411.05,105026,1655
2025-06-07,Google App Campaigns,goog_ac_02,Google – App Campaign EU,463.66,120105,1719
2025-06-07,Google Brand Search,goog_brand_01,Google – Brand Search,127.61,8899,1268
2025-06-07,Google Non-Brand Search,goog_search_01,Google – Non-Brand Search NL,535.97,44215,1479
2025-06-07,Meta,fb_prospect_01,FB – Prospecting Lookalike NL,574.39,177220,2219
2025-06-07,Meta,fb_prospect_02,FB – Prospecting Interest EU,682.57,228049,2757
2025-06-07,Referral,referral_mgm_01,Referral – Member Get Member,1746.7,0,0
2025-06-07,TikTok,tiktok_upper_01,TikTok – Brand Awareness NL,414.04,189696,1618
2025-06-07,TikTok,tiktok_upper_02,TikTok – Brand Awareness EU,423.07,175219,1509
2025-06-08,Google App Campaigns,goog_ac_01,Google – App Campaign NL,427.05,112495,1738
2025-06-08,Google App Campaigns,goog_ac_02,Google – App Campaign EU,406.21,114798,1801
2025-06-08,Google Brand Search,goog_brand_01,Google – Brand Search,152.88,10027,1456
2025-06-08,Google Non-Brand Search,goog_search_01,Google – Non-Brand Search NL,558.38,48505,1804
2025-06-08,Meta,fb_prospect_01,FB – Prospecting Lookalike NL,667.75,205535,2329
2025-06-08,Meta,fb_prospect_02,FB – Prospecting Interest EU,562.45,199426,2156
2025-06-08,Referral,referral_mgm_01,Referral – Member Get Member,1851.69,0,0
2025-06-08,TikTok,tiktok_upper_01,TikTok – Brand Awareness NL,481.83,215625,1841
2025-06-08,TikTok,tiktok_upper_02,TikTok – Brand Awareness EU,511.71,222596,1633
2025-06-09,Google App Campaigns,goog_ac_01,Google – App Campaign NL,337.68,90325,1477
2025-06-09,Google App Campaigns,goog_ac_02,Google – App Campaign EU,388.21,99102,1556
2025-06-09,Google Brand Search,goog_brand_01,Google – Brand Search,110.5,7595,1107
2025-06-09,Google Non-Brand Search,goog_search_01,Google – Non-Brand Search NL,428.06,35167,1113
2025-06-09,Meta,fb_prospect_01,FB – Prospecting Lookalike NL,562.57,197891,2432
2025-06-09,Meta,fb_prospect_02,FB – Prospecting Interest EU,540.63,169366,2112
2025-06-09,Referral,referral_mgm_01,Referral – Member Get Member,1781.04,0,0
2025-06-09,TikTok,tiktok_upper_01,TikTok – Brand Awareness NL,341.5,141619,1031
2025-06-09,TikTok,tiktok_upper_02,TikTok – Brand Awareness EU,340.17,142789,1223
2025-06-10,Google App Campaigns,goog_ac_01,Google – App Campaign NL,387.29,100069,1432
2025-06-10,Google App Campaigns,goog_ac_02,Google – App Campaign EU,399.07,107854,1495
2025-06-10,Google Brand Search,goog_brand_01,Google – Brand Search,118.0,7526,1143
2025-06-10,Google Non-Brand Search,goog_search_01,Google – Non-Brand Search NL,446.38,38746,1487
2025-06-10,Meta,fb_prospect_01,FB – Prospecting Lookalike NL,521.25,176889,2285
2025-06-10,Meta,fb_prospect_02,FB – Prospecting Interest EU,500.02,166325,1796
2025-06-10,Referral,referral_mgm_01,Referral – Member Get Member,2068.75,0,0
2025-06-10,TikTok,tiktok_upper_01,TikTok – Brand Awareness NL,339.39,162618,1308
2025-06-10,TikTok,tiktok_upper_02,TikTok – Brand Awareness EU,374.22,166821,1339
2025-06-11,Google App Campaigns,goog_ac_01,Google – App Campaign NL,318.81,88107,1216
2025-06-11,Google App Campaigns,goog_ac_02,Google – App Campaign EU,334.41,89159,1247
2025-06-11,Google Brand Search,goog_brand_01,Google – Brand Search,107.03,7052,1130
2025-06-11,Google Non-Brand Search,goog_search_01,Google – Non-Brand Search NL,505.9,47179,1763
2025-06-11,Meta,fb_prospect_01,FB – Prospecting Lookalike NL,471.55,162806,2058
2025-06-11,Meta,fb_prospect_02,FB – Prospecting Interest EU,537.89,181524,1981
2025-06-11,Referral,referral_mgm_01,Referral – Member Get Member,1998.85,0,0
2025-06-11,TikTok,tiktok_upper_01,TikTok – Brand Awareness NL,375.22,154889,1328
2025-06-11,TikTok,tiktok_upper_02,TikTok – Brand Awareness EU,339.37,160447,1357
2025-06-12,Google App Campaigns,goog_ac_01,Google – App Campaign NL,331.18,94829,1484
2025-06-12,Google App Campaigns,goog_ac_02,Google – App Campaign EU,364.46,102613,1552
2025-06-12,Google Brand Search,goog_brand_01,Google – Brand Search,118.04,7813,1225
2025-06-12,Google Non-Brand Search,goog_search_01,Google – Non-Brand Search NL,466.36,39394,1282
2025-06-12,Meta,fb_prospect_01,FB – Prospecting Lookalike NL,478.84,168809,2055
2025-06-12,Meta,fb_prospect_02,FB – Prospecting Interest EU,476.05,163850,1938
2025-06-12,Referral,referral_mgm_01,Referral – Member Get Member,1617.15,0,0
2025-06-12,TikTok,tiktok_upper_01,TikTok – Brand Awareness NL,371.39,170233,1385
2025-06-12,TikTok,tiktok_upper_02,TikTok – Brand Awareness EU,369.92,158526,1306
2025-06-13,Google App Campaigns,goog_ac_01,Google – App Campaign NL,427.27,118742,1721
2025-06-13,Google App Campaigns,goog_ac_02,Google – App Campaign EU,415.76,117354,1926
2025-06-13,Google Brand Search,goog_brand_01,Google – Brand Search,133.95,8819,1252
2025-06-13,Google Non-Brand Search,goog_search_01,Google – Non-Brand Search NL,605.25,51364,1657
2025-06-13,Meta,fb_prospect_01,FB – Prospecting Lookalike NL,676.27,209842,2434
2025-06-13,Meta,fb_prospect_02,FB – Prospecting Interest EU,587.52,200990,2437
2025-06-13,Referral,referral_mgm_01,Referral – Member Get Member,1836.48,0,0
2025-06-13,TikTok,tiktok_upper_01,TikTok – Brand Awareness NL,454.4,204965,1747
2025-06-13,TikTok,tiktok_upper_02,TikTok – Brand Awareness EU,515.36,222543,1923
2025-06-14,Google App Campaigns,goog_ac_01,Google – App Campaign NL,395.99,98858,1523
2025-06-14,Google App Campaigns,goog_ac_02,Google – App Campaign EU,416.83,103894,1403
2025-06-14,Google Brand Search,goog_brand_01,Google – Brand Search,153.59,10824,1507
2025-06-14,Google Non-Brand Search,goog_search_01,Google – Non-Brand Search NL,510.27,45521,1507
2025-06-14,Meta,fb_prospect_01,FB – Prospecting Lookalike NL,662.33,206269,2647
2025-06-14,Meta,fb_prospect_02,FB – Prospecting Interest EU,573.69,183961,2424
2025-06-14,Referral,referral_mgm_01,Referral – Member Get Member,1659.58,0,0
2025-06-14,TikTok,tiktok_upper_01,TikTok – Brand Awareness NL,505.15,230643,1814
2025-06-14,TikTok,tiktok_upper_02,TikTok – Brand Awareness EU,435.79,189985,1511
2025-06-15,Google App Campaigns,goog_ac_01,Google – App Campaign NL,409.33,112141,1741
2025-06-15,Google App Campaigns,goog_ac_02,Google – App Campaign EU,429.24,109490,1524
2025-06-15,Google Brand Search,goog_brand_01,Google – Brand Search,151.25,10747,1763
2025-06-15,Google Non-Brand Search,goog_search_01,Google – Non-Brand Search NL,565.83,50383,1859
2025-06-15,Meta,fb_prospect_01,FB – Prospecting Lookalike NL,629.33,215612,2753
2025-06-15,Meta,fb_prospect_02,FB – Prospecting Interest EU,599.94,190675,2506
2025-06-15,Referral,referral_mgm_01,Referral – Member Get Member,2075.43,0,0
2025-06-15,TikTok,tiktok_upper_01,TikTok – Brand Awareness NL,442.78,185662,1421
2025-06-15,TikTok,tiktok_upper_02,TikTok – Brand Awareness EU,431.96,200793,1556
2025-06-16,Google App Campaigns,goog_ac_01,Google – App Campaign NL,361.88,97473,1378
2025-06-16,Google App Campaigns,goog_ac_02,Google – App Campaign EU,365.01,94760,1465
2025-06-16,Google Brand Search,goog_brand_01,Google – Brand Search,117.62,7591,1112
2025-06-16,Google Non-Brand Search,goog_search_01,Google – Non-Brand Search NL,432.78,41510,1531
2025-06-16,Meta,fb_prospect_01,FB – Prospecting Lookalike NL,535.45,174190,2022
2025-06-16,Meta,fb_prospect_02,FB – Prospecting Interest EU,567.08,186664,2251
2025-06-16,Referral,referral_mgm_01,Referral – Member Get Member,2089.98,0,0
2025-06-16,TikTok,tiktok_upper_01,TikTok – Brand Awareness NL,405.0,167803,1316
2025-06-16,TikTok,tiktok_upper_02,TikTok – Brand Awareness EU,394.03,177651,1330
2025-06-17,Google App Campaigns,goog_ac_01,Google – App Campaign NL,339.08,96864,1454
2025-06-17,Google App Campaigns,goog_ac_02,Google – App Campaign EU,344.89,90561,1344
2025-06-17,Google Brand Search,goog_brand_01,Google – Brand Search,129.84,8239,1177
2025-06-17,Google Non-Brand Search,goog_search_01,Google – Non-Brand Search NL,514.76,49140,1837
2025-06-17,Meta,fb_prospect_01,FB – Prospecting Lookalike NL,517.63,176355,2105
2025-06-17,Meta,fb_prospect_02,FB – Prospecting Interest EU,559.86,171847,1944
2025-06-17,Referral,referral_mgm_01,Referral – Member Get Member,1584.35,0,0
2025-06-17,TikTok,tiktok_upper_01,TikTok – Brand Awareness NL,404.39,184196,1532
2025-06-17,TikTok,tiktok_upper_02,TikTok – Brand Awareness EU,419.85,185295,1532
2025-06-18,Google App Campaigns,goog_ac_01,Google – App Campaign NL,347.07,96718,1364
2025-06-18,Google App Campaigns,goog_ac_02,Google – App Campaign EU,356.78,89329,1319
2025-06-18,Google Brand Search,goog_brand_01,Google – Brand Search,124.37,8442,1153
2025-06-18,Google Non-Brand Search,goog_search_01,Google – Non-Brand Search NL,475.31,39409,1368
2025-06-18,Meta,fb_prospect_01,FB – Prospecting Lookalike NL,500.66,176124,2211
2025-06-18,Meta,fb_prospect_02,FB – Prospecting Interest EU,528.87,185308,2362
2025-06-18,Referral,referral_mgm_01,Referral – Member Get Member,1885.27,0,0
2025-06-18,TikTok,tiktok_upper_01,TikTok – Brand Awareness NL,392.85,178961,1345
2025-06-18,TikTok,tiktok_upper_02,TikTok – Brand Awareness EU,406.7,172077,1310
2025-06-19,Google App Campaigns,goog_ac_01,Google – App Campaign NL,317.74,78657,1168
2025-06-19,Google App Campaigns,goog_ac_02,Google – App Campaign EU,372.97,102643,1440
2025-06-19,Google Brand Search,goog_brand_01,Google – Brand Search,109.0,7657,1241
2025-06-19,Google Non-Brand Search,goog_search_01,Google – Non-Brand Search NL,513.64,44758,1711
2025-06-19,Meta,fb_prospect_01,FB – Prospecting Lookalike NL,534.75,192037,2117
2025-06-19,Meta,fb_prospect_02,FB – Prospecting Interest EU,531.03,179630,2072
2025-06-19,Referral,referral_mgm_01,Referral – Member Get Member,2215.22,0,0
2025-06-19,TikTok,tiktok_upper_01,TikTok – Brand Awareness NL,346.71,150428,1285
2025-06-19,TikTok,tiktok_upper_02,TikTok – Brand Awareness EU,418.08,180152,1504
2025-06-20,Google App Campaigns,goog_ac_01,Google – App Campaign NL,408.29,113394,1822
2025-06-20,Google App Campaigns,goog_ac_02,Google – App Campaign EU,388.21,105537,1604
2025-06-20,Google Brand Search,goog_brand_01,Google – Brand Search,138.7,8949,1363
2025-06-20,Google Non-Brand Search,goog_search_01,Google – Non-Brand Search NL,590.59,53932,2060
2025-06-20,Meta,fb_prospect_01,FB – Prospecting Lookalike NL,704.56,226979,2675
2025-06-20,Meta,fb_prospect_02,FB – Prospecting Interest EU,690.91,222528,2484
2025-06-20,Referral,referral_mgm_01,Referral – Member Get Member,2506.8,0,0
2025-06-20,TikTok,tiktok_upper_01,TikTok – Brand Awareness NL,496.49,231565,1800
2025-06-20,TikTok,tiktok_upper_02,TikTok – Brand Awareness EU,484.39,218017,1717
2025-06-21,Google App Campaigns,goog_ac_01,Google – App Campaign NL,411.54,112360,1592
2025-06-21,Google App Campaigns,goog_ac_02,Google – App Campaign EU,379.08,93026,1351
2025-06-21,Google Brand Search,goog_brand_01,Google – Brand Search,145.04,9789,1526
2025-06-21,Google Non-Brand Search,goog_search_01,Google – Non-Brand Search NL,548.76,52279,1662
2025-06-21,Meta,fb_prospect_01,FB – Prospecting Lookalike NL,643.63,223281,2417
2025-06-21,Meta,fb_prospect_02,FB – Prospecting Interest EU,588.08,192170,2309
2025-06-21,Referral,referral_mgm_01,Referral – Member Get Member,2020.63,0,0
2025-06-21,TikTok,tiktok_upper_01,TikTok – Brand Awareness NL,452.99,200482,1464
2025-06-21,TikTok,tiktok_upper_02,TikTok – Brand Awareness EU,421.9,200573,1465
2025-06-22,Google App Campaigns,goog_ac_01,Google – App Campaign NL,426.71,110882,1552
2025-06-22,Google App Campaigns,goog_ac_02,Google – App Campaign EU,406.23,112900,1662
2025-06-22,Google Brand Search,goog_brand_01,Google – Brand Search,150.0,10177,1531
2025-06-22,Google Non-Brand Search,goog_search_01,Google – Non-Brand Search NL,595.21,54939,1988
2025-06-22,Meta,fb_prospect_01,FB – Prospecting Lookalike NL,662.69,225331,2785
2025-06-22,Meta,fb_prospect_02,FB – Prospecting Interest EU,581.0,198908,2499
2025-06-22,Referral,referral_mgm_01,Referral – Member Get Member,1841.27,0,0
2025-06-22,TikTok,tiktok_upper_01,TikTok – Brand Awareness NL,476.14,194963,1600
2025-06-22,TikTok,tiktok_upper_02,TikTok – Brand Awareness EU,441.16,204631,1534
2025-06-23,Google App Campaigns,goog_ac_01,Google – App Campaign NL,381.07,98774,1565
2025-06-23,Google App Campaigns,goog_ac_02,Google – App Campaign EU,369.74,101681,1459
2025-06-23,Google Brand Search,goog_brand_01,Google – Brand Search,108.19,6781,958
2025-06-23,Google Non-Brand Search,goog_search_01,Google – Non-Brand Search NL,469.6,39616,1315
2025-06-23,Meta,fb_prospect_01,FB – Prospecting Lookalike NL,523.26,180681,2230
2025-06-23,Meta,fb_prospect_02,FB – Prospecting Interest EU,491.9,152084,1807
2025-06-23,Referral,referral_mgm_01,Referral – Member Get Member,2269.88,0,0
2025-06-23,TikTok,tiktok_upper_01,TikTok – Brand Awareness NL,356.15,166969,1458
2025-06-23,TikTok,tiktok_upper_02,TikTok – Brand Awareness EU,380.91,181028,1592
2025-06-24,Google App Campaigns,goog_ac_01,Google – App Campaign NL,352.47,93723,1480
2025-06-24,Google App Campaigns,goog_ac_02,Google – App Campaign EU,357.62,90421,1236
2025-06-24,Google Brand Search,goog_brand_01,Google – Brand Search,131.3,8387,1212
2025-06-24,Google Non-Brand Search,goog_search_01,Google – Non-Brand Search NL,430.56,36749,1251
2025-06-24,Meta,fb_prospect_01,FB – Prospecting Lookalike NL,542.01,166672,2165
2025-06-24,Meta,fb_prospect_02,FB – Prospecting Interest EU,570.04,194125,2345
2025-06-24,Referral,referral_mgm_01,Referral – Member Get Member,1911.1,0,0
2025-06-24,TikTok,tiktok_upper_01,TikTok – Brand Awareness NL,391.39,172314,1313
2025-06-24,TikTok,tiktok_upper_02,TikTok – Brand Awareness EU,417.28,186203,1615
2025-06-25,Google App Campaigns,goog_ac_01,Google – App Campaign NL,328.42,83607,1138
2025-06-25,Google App Campaigns,goog_ac_02,Google – App Campaign EU,365.82,100493,1357
2025-06-25,Google Brand Search,goog_brand_01,Google – Brand Search,106.72,6600,1013
2025-06-25,Google Non-Brand Search,goog_search_01,Google – Non-Brand Search NL,474.22,41321,1530
2025-06-25,Meta,fb_prospect_01,FB – Prospecting Lookalike NL,567.51,198410,2316
2025-06-25,Meta,fb_prospect_02,FB – Prospecting Interest EU,535.05,174111,2207
2025-06-25,Referral,referral_mgm_01,Referral – Member Get Member,1755.86,0,0
2025-06-25,TikTok,tiktok_upper_01,TikTok – Brand Awareness NL,358.47,160486,1313
2025-06-25,TikTok,tiktok_upper_02,TikTok – Brand Awareness EU,386.96,184415,1621
2025-06-26,Google App Campaigns,goog_ac_01,Google – App Campaign NL,364.96,101964,1386
2025-06-26,Google App Campaigns,goog_ac_02,Google – App Campaign EU,327.73,85193,1214
2025-06-26,Google Brand Search,goog_brand_01,Google – Brand Search,117.79,7798,1117
2025-06-26,Google Non-Brand Search,goog_search_01,Google – Non-Brand Search NL,459.74,43819,1410
2025-06-26,Meta,fb_prospect_01,FB – Prospecting Lookalike NL,585.19,182813,2322
2025-06-26,Meta,fb_prospect_02,FB – Prospecting Interest EU,463.46,154152,1720
2025-06-26,Referral,referral_mgm_01,Referral – Member Get Member,1491.42,0,0
2025-06-26,TikTok,tiktok_upper_01,TikTok – Brand Awareness NL,392.45,183661,1496
2025-06-26,TikTok,tiktok_upper_02,TikTok – Brand Awareness EU,425.41,183455,1437
2025-06-27,Google App Campaigns,goog_ac_01,Google – App Campaign NL,458.07,125427,2062
2025-06-27,Google App Campaigns,goog_ac_02,Google – App Campaign EU,421.8,116826,1821
2025-06-27,Google Brand Search,goog_brand_01,Google – Brand Search,138.78,9092,1430
2025-06-27,Google Non-Brand Search,goog_search_01,Google – Non-Brand Search NL,599.22,55407,1819
2025-06-27,Meta,fb_prospect_01,FB – Prospecting Lookalike NL,689.51,242755,3157
2025-06-27,Meta,fb_prospect_02,FB – Prospecting Interest EU,595.07,213761,2727
2025-06-27,Referral,referral_mgm_01,Referral – Member Get Member,2092.0,0,0
2025-06-27,TikTok,tiktok_upper_01,TikTok – Brand Awareness NL,436.3,200573,1641
2025-06-27,TikTok,tiktok_upper_02,TikTok – Brand Awareness EU,495.4,216832,1771
2025-06-28,Google App Campaigns,goog_ac_01,Google – App Campaign NL,431.9,114343,1625
2025-06-28,Google App Campaigns,goog_ac_02,Google – App Campaign EU,401.71,101722,1565
2025-06-28,Google Brand Search,goog_brand_01,Google – Brand Search,141.87,9995,1481
2025-06-28,Google Non-Brand Search,goog_search_01,Google – Non-Brand Search NL,518.84,45612,1603
2025-06-28,Meta,fb_prospect_01,FB – Prospecting Lookalike NL,688.52,234763,3039
2025-06-28,Meta,fb_prospect_02,FB – Prospecting Interest EU,705.46,229855,2881
2025-06-28,Referral,referral_mgm_01,Referral – Member Get Member,1476.16,0,0
2025-06-28,TikTok,tiktok_upper_01,TikTok – Brand Awareness NL,484.72,226921,1919
2025-06-28,TikTok,tiktok_upper_02,TikTok – Brand Awareness EU,471.42,197449,1621
2025-06-29,Google App Campaigns,goog_ac_01,Google – App Campaign NL,402.46,100611,1575
2025-06-29,Google App Campaigns,goog_ac_02,Google – App Campaign EU,406.84,108807,1577
2025-06-29,Google Brand Search,goog_brand_01,Google – Brand Search,137.83,8605,1222
2025-06-29,Google Non-Brand Search,goog_search_01,Google – Non-Brand Search NL,605.02,51425,1957
2025-06-29,Meta,fb_prospect_01,FB – Prospecting Lookalike NL,670.21,212956,2549
2025-06-29,Meta,fb_prospect_02,FB – Prospecting Interest EU,581.31,201637,2296
2025-06-29,Referral,referral_mgm_01,Referral – Member Get Member,1854.44,0,0
2025-06-29,TikTok,tiktok_upper_01,TikTok – Brand Awareness NL,414.66,198806,1699
2025-06-29,TikTok,tiktok_upper_02,TikTok – Brand Awareness EU,478.5,221387,1639
2025-06-30,Google App Campaigns,goog_ac_01,Google – App Campaign NL,393.98,107864,1753
2025-06-30,Google App Campaigns,goog_ac_02,Google – App Campaign EU,335.7,94633,1379
2025-06-30,Google Brand Search,goog_brand_01,Google – Brand Search,117.26,8216,1260
2025-06-30,Google Non-Brand Search,goog_search_01,Google – Non-Brand Search NL,432.61,40328,1286
2025-06-30,Meta,fb_prospect_01,FB – Prospecting Lookalike NL,518.86,164540,1847
2025-06-30,Meta,fb_prospect_02,FB – Prospecting Interest EU,499.88,156183,1757
2025-06-30,Referral,referral_mgm_01,Referral – Member Get Member,1509.65,0,0
2025-06-30,TikTok,tiktok_upper_01,TikTok – Brand Awareness NL,344.73,152446,1158
2025-06-30,TikTok,tiktok_upper_02,TikTok – Brand Awareness EU,419.58,186991,1415
2025-07-01,Google App Campaigns,goog_ac_01,Google – App Campaign NL,390.18,96730,1418
2025-07-01,Google App Campaigns,goog_ac_02,Google – App Campaign EU,318.34,91667,1488
2025-07-01,Google Brand Search,goog_brand_01,Google – Brand Search,118.55,7678,1040
2025-07-01,Google Non-Brand Search,goog_search_01,Google – Non-Brand Search NL,482.63,40963,1369
2025-07-01,Meta,fb_prospect_01,FB – Prospecting Lookalike NL,491.73,174608,2205
2025-07-01,Meta,fb_prospect_02,FB – Prospecting Interest EU,519.62,185827,2029
2025-07-01,Referral,referral_mgm_01,Referral – Member Get Member,2096.0,0,0
2025-07-01,TikTok,tiktok_upper_01,TikTok – Brand Awareness NL,385.66,167389,1225
2025-07-01,TikTok,tiktok_upper_02,TikTok – Brand Awareness EU,429.25,180849,1375
2025-07-02,Google App Campaigns,goog_ac_01,Google – App Campaign NL,356.97,95676,1498
2025-07-02,Google App Campaigns,goog_ac_02,Google – App Campaign EU,363.16,90172,1434
2025-07-02,Google Brand Search,goog_brand_01,Google – Brand Search,125.82,8528,1248
2025-07-02,Google Non-Brand Search,goog_search_01,Google – Non-Brand Search NL,521.0,43000,1390
2025-07-02,Meta,fb_prospect_01,FB – Prospecting Lookalike NL,486.53,165433,2092
2025-07-02,Meta,fb_prospect_02,FB – Prospecting Interest EU,481.34,155783,2006
2025-07-02,Referral,referral_mgm_01,Referral – Member Get Member,1884.0,0,0
2025-07-02,TikTok,tiktok_upper_01,TikTok – Brand Awareness NL,398.4,180279,1558
2025-07-02,TikTok,tiktok_upper_02,TikTok – Brand Awareness EU,381.87,165503,1327
2025-07-03,Google App Campaigns,goog_ac_01,Google – App Campaign NL,323.69,89595,1396
2025-07-03,Google App Campaigns,goog_ac_02,Google – App Campaign EU,381.68,98934,1465
2025-07-03,Google Brand Search,goog_brand_01,Google – Brand Search,124.29,8558,1195
2025-07-03,Google Non-Brand Search,goog_search_01,Google – Non-Brand Search NL,435.35,41572,1334
2025-07-03,Meta,fb_prospect_01,FB – Prospecting Lookalike NL,578.28,194542,2267
2025-07-03,Meta,fb_prospect_02,FB – Prospecting Interest EU,576.5,188741,2268
2025-07-03,Referral,referral_mgm_01,Referral – Member Get Member,1745.89,0,0
2025-07-03,TikTok,tiktok_upper_01,TikTok – Brand Awareness NL,387.62,177879,1424
2025-07-03,TikTok,tiktok_upper_02,TikTok – Brand Awareness EU,350.84,145685,1150
2025-07-04,Google App Campaigns,goog_ac_01,Google – App Campaign NL,467.45,129975,1999
2025-07-04,Google App Campaigns,goog_ac_02,Google – App Campaign EU,392.13,97423,1494
2025-07-04,Google Brand Search,goog_brand_01,Google – Brand Search,140.27,9344,1370
2025-07-04,Google Non-Brand Search,goog_search_01,Google – Non-Brand Search NL,567.64,48341,1620
2025-07-04,Meta,fb_prospect_01,FB – Prospecting Lookalike NL,573.49,187873,2435
2025-07-04,Meta,fb_prospect_02,FB – Prospecting Interest EU,686.96,222522,2765
2025-07-04,Referral,referral_mgm_01,Referral – Member Get Member,1966.08,0,0
2025-07-04,TikTok,tiktok_upper_01,TikTok – Brand Awareness NL,445.91,183694,1485
2025-07-04,TikTok,tiktok_upper_02,TikTok – Brand Awareness EU,515.54,226557,1989
2025-07-05,Google App Campaigns,goog_ac_01,Google – App Campaign NL,407.77,100340,1491
2025-07-05,Google App Campaigns,goog_ac_02,Google – App Campaign EU,420.55,116350,1628
2025-07-05,Google Brand Search,goog_brand_01,Google – Brand Search,151.58,9412,1366
2025-07-05,Google Non-Brand Search,goog_search_01,Google – Non-Brand Search NL,585.51,50435,1723
2025-07-05,Meta,fb_prospect_01,FB – Prospecting Lookalike NL,617.41,209116,2563
2025-07-05,Meta,fb_prospect_02,FB – Prospecting Interest EU,651.96,224201,2476
2025-07-05,Referral,referral_mgm_01,Referral – Member Get Member,2417.25,0,0
2025-07-05,TikTok,tiktok_upper_01,TikTok – Brand Awareness NL,448.34,187010,1605
2025-07-05,TikTok,tiktok_upper_02,TikTok – Brand Awareness EU,472.87,198263,1561
2025-07-06,Google App Campaigns,goog_ac_01,Google – App Campaign NL,410.08,114615,1846
2025-07-06,Google App Campaigns,goog_ac_02,Google – App Campaign EU,429.82,114256,1798
2025-07-06,Google Brand Search,goog_brand_01,Google – Brand Search,148.9,10493,1463
2025-07-06,Google Non-Brand Search,goog_search_01,Google – Non-Brand Search NL,612.03,56707,1938
2025-07-06,Meta,fb_prospect_01,FB – Prospecting Lookalike NL,599.72,205147,2255
2025-07-06,Meta,fb_prospect_02,FB – Prospecting Interest EU,686.14,229298,2572
2025-07-06,Referral,referral_mgm_01,Referral – Member Get Member,1668.11,0,0
2025-07-06,TikTok,tiktok_upper_01,TikTok – Brand Awareness NL,448.78,206342,1550
2025-07-06,TikTok,tiktok_upper_02,TikTok – Brand Awareness EU,510.28,244853,2082
2025-07-07,Google App Campaigns,goog_ac_01,Google – App Campaign NL,386.04,106489,1475
2025-07-07,Google App Campaigns,goog_ac_02,Google – App Campaign EU,397.63,97933,1505
2025-07-07,Google Brand Search,goog_brand_01,Google – Brand Search,107.94,7157,1179
2025-07-07,Google Non-Brand Search,goog_search_01,Google – Non-Brand Search NL,435.74,40090,1282
2025-07-07,Meta,fb_prospect_01,FB – Prospecting Lookalike NL,466.61,165431,2112
2025-07-07,Meta,fb_prospect_02,FB – Prospecting Interest EU,528.08,181821,2008
2025-07-07,Referral,referral_mgm_01,Referral – Member Get Member,1897.82,0,0
2025-07-07,TikTok,tiktok_upper_01,TikTok – Brand Awareness NL,373.69,154301,1211
2025-07-07,TikTok,tiktok_upper_02,TikTok – Brand Awareness EU,409.09,173003,1395
2025-07-08,Google App Campaigns,goog_ac_01,Google – App Campaign NL,339.74,95083,1548
2025-07-08,Google App Campaigns,goog_ac_02,Google – App Campaign EU,367.72,99997,1466
2025-07-08,Google Brand Search,goog_brand_01,Google – Brand Search,108.94,7440,1034
2025-07-08,Google Non-Brand Search,goog_search_01,Google – Non-Brand Search NL,417.66,35188,1144
2025-07-08,Meta,fb_prospect_01,FB – Prospecting Lookalike NL,581.78,188731,2236
2025-07-08,Meta,fb_prospect_02,FB – Prospecting Interest EU,573.99,186202,2180
2025-07-08,Referral,referral_mgm_01,Referral – Member Get Member,2199.63,0,0
2025-07-08,TikTok,tiktok_upper_01,TikTok – Brand Awareness NL,363.4,164418,1319
2025-07-08,TikTok,tiktok_upper_02,TikTok – Brand Awareness EU,415.53,178432,1442
2025-07-09,Google App Campaigns,goog_ac_01,Google – App Campaign NL,358.19,97555,1437
2025-07-09,Google App Campaigns,goog_ac_02,Google – App Campaign EU,341.73,88674,1236
2025-07-09,Google Brand Search,goog_brand_01,Google – Brand Search,130.5,8696,1191
2025-07-09,Google Non-Brand Search,goog_search_01,Google – Non-Brand Search NL,506.67,41833,1515
2025-07-09,Meta,fb_prospect_01,FB – Prospecting Lookalike NL,529.64,183836,2361
2025-07-09,Meta,fb_prospect_02,FB – Prospecting Interest EU,556.68,189365,2457
2025-07-09,Referral,referral_mgm_01,Referral – Member Get Member,1737.61,0,0
2025-07-09,TikTok,tiktok_upper_01,TikTok – Brand Awareness NL,345.81,150805,1145
2025-07-09,TikTok,tiktok_upper_02,TikTok – Brand Awareness EU,351.36,147318,1120
2025-07-10,Google App Campaigns,goog_ac_01,Google – App Campaign NL,388.65,105456,1581
2025-07-10,Google App Campaigns,goog_ac_02,Google – App Campaign EU,392.95,99290,1362
2025-07-10,Google Brand Search,goog_brand_01,Google – Brand Search,112.68,8076,1275
2025-07-10,Google Non-Brand Search,goog_search_01,Google – Non-Brand Search NL,520.37,49235,1786
2025-07-10,Meta,fb_prospect_01,FB – Prospecting Lookalike NL,551.39,190341,2085
2025-07-10,Meta,fb_prospect_02,FB – Prospecting Interest EU,490.05,150620,1810
2025-07-10,Referral,referral_mgm_01,Referral – Member Get Member,2052.73,0,0
2025-07-10,TikTok,tiktok_upper_01,TikTok – Brand Awareness NL,377.4,163525,1435
2025-07-10,TikTok,tiktok_upper_02,TikTok – Brand Awareness EU,401.63,184824,1482
2025-07-11,Google App Campaigns,goog_ac_01,Google – App Campaign NL,454.52,111986,1528
2025-07-11,Google App Campaigns,goog_ac_02,Google – App Campaign EU,469.35,129245,1745
2025-07-11,Google Brand Search,goog_brand_01,Google – Brand Search,142.92,9464,1334
2025-07-11,Google Non-Brand Search,goog_search_01,Google – Non-Brand Search NL,542.0,50206,1728
2025-07-11,Meta,fb_prospect_01,FB – Prospecting Lookalike NL,633.45,217828,2627
2025-07-11,Meta,fb_prospect_02,FB – Prospecting Interest EU,617.55,192195,2133
2025-07-11,Referral,referral_mgm_01,Referral – Member Get Member,1840.53,0,0
2025-07-11,TikTok,tiktok_upper_01,TikTok – Brand Awareness NL,480.03,203887,1635
2025-07-11,TikTok,tiktok_upper_02,TikTok – Brand Awareness EU,496.47,233371,1888
2025-07-12,Google App Campaigns,goog_ac_01,Google – App Campaign NL,473.35,129544,1955
2025-07-12,Google App Campaigns,goog_ac_02,Google – App Campaign EU,443.88,109664,1792
2025-07-12,Google Brand Search,goog_brand_01,Google – Brand Search,133.7,8980,1419
2025-07-12,Google Non-Brand Search,goog_search_01,Google – Non-Brand Search NL,629.78,53974,1937
2025-07-12,Meta,fb_prospect_01,FB – Prospecting Lookalike NL,685.84,216767,2485
2025-07-12,Meta,fb_prospect_02,FB – Prospecting Interest EU,575.28,198986,2360
2025-07-12,Referral,referral_mgm_01,Referral – Member Get Member,1776.17,0,0
2025-07-12,TikTok,tiktok_upper_01,TikTok – Brand Awareness NL,485.28,201979,1617
2025-07-12,TikTok,tiktok_upper_02,TikTok – Brand Awareness EU,424.3,174894,1299
2025-07-13,Google App Campaigns,goog_ac_01,Google – App Campaign NL,392.32,103852,1674
2025-07-13,Google App Campaigns,goog_ac_02,Google – App Campaign EU,422.54,115714,1692
2025-07-13,Google Brand Search,goog_brand_01,Google – Brand Search,138.85,9869,1479
2025-07-13,Google Non-Brand Search,goog_search_01,Google – Non-Brand Search NL,543.03,50850,1834
2025-07-13,Meta,fb_prospect_01,FB – Prospecting Lookalike NL,653.5,227036,2996
2025-07-13,Meta,fb_prospect_02,FB – Prospecting Interest EU,560.48,177927,1983
2025-07-13,Referral,referral_mgm_01,Referral – Member Get Member,1672.97,0,0
2025-07-13,TikTok,tiktok_upper_01,TikTok – Brand Awareness NL,509.44,220592,1832
2025-07-13,TikTok,tiktok_upper_02,TikTok – Brand Awareness EU,484.74,205827,1688
2025-07-14,Google App Campaigns,goog_ac_01,Google – App Campaign NL,347.69,87979,1342
2025-07-14,Google App Campaigns,goog_ac_02,Google – App Campaign EU,326.03,83097,1261
2025-07-14,Google Brand Search,goog_brand_01,Google – Brand Search,114.28,7115,1064
2025-07-14,Google Non-Brand Search,goog_search_01,Google – Non-Brand Search NL,446.78,40600,1475
2025-07-14,Meta,fb_prospect_01,FB – Prospecting Lookalike NL,520.94,183612,2186
2025-07-14,Meta,fb_prospect_02,FB – Prospecting Interest EU,514.22,160537,1873
2025-07-14,Referral,referral_mgm_01,Referral – Member Get Member,1523.53,0,0
2025-07-14,TikTok,tiktok_upper_01,TikTok – Brand Awareness NL,355.27,157473,1302
2025-07-14,TikTok,tiktok_upper_02,TikTok – Brand Awareness EU,371.75,174310,1403
2025-07-15,Google App Campaigns,goog_ac_01,Google – App Campaign NL,392.59,100229,1615
2025-07-15,Google App Campaigns,goog_ac_02,Google – App Campaign EU,356.78,94558,1451
2025-07-15,Google Brand Search,goog_brand_01,Google – Brand Search,112.46,8002,1318
2025-07-15,Google Non-Brand Search,goog_search_01,Google – Non-Brand Search NL,440.65,38719,1473
2025-07-15,Meta,fb_prospect_01,FB – Prospecting Lookalike NL,474.82,167896,2134
2025-07-15,Meta,fb_prospect_02,FB – Prospecting Interest EU,514.89,162097,1811
2025-07-15,Referral,referral_mgm_01,Referral – Member Get Member,1630.09,0,0
2025-07-15,TikTok,tiktok_upper_01,TikTok – Brand Awareness NL,346.48,154366,1289
2025-07-15,TikTok,tiktok_upper_02,TikTok – Brand Awareness EU,395.09,174141,1517
2025-07-16,Google App Campaigns,goog_ac_01,Google – App Campaign NL,326.89,80366,1128
2025-07-16,Google App Campaigns,goog_ac_02,Google – App Campaign EU,329.96,82040,1320
2025-07-16,Google Brand Search,goog_brand_01,Google – Brand Search,117.76,8196,1185
2025-07-16,Google Non-Brand Search,goog_search_01,Google – Non-Brand Search NL,504.79,43107,1593
2025-07-16,Meta,fb_prospect_01,FB – Prospecting Lookalike NL,578.53,183998,2225
2025-07-16,Meta,fb_prospect_02,FB – Prospecting Interest EU,491.59,174335,1962
2025-07-16,Referral,referral_mgm_01,Referral – Member Get Member,1441.63,0,0
2025-07-16,TikTok,tiktok_upper_01,TikTok – Brand Awareness NL,342.7,153075,1143
2025-07-16,TikTok,tiktok_upper_02,TikTok – Brand Awareness EU,395.22,189411,1635
2025-07-17,Google App Campaigns,goog_ac_01,Google – App Campaign NL,332.84,86976,1198
2025-07-17,Google App Campaigns,goog_ac_02,Google – App Campaign EU,364.37,99834,1584
2025-07-17,Google Brand Search,goog_brand_01,Google – Brand Search,126.52,8471,1195
2025-07-17,Google Non-Brand Search,goog_search_01,Google – Non-Brand Search NL,490.09,42840,1629
2025-07-17,Meta,fb_prospect_01,FB – Prospecting Lookalike NL,506.89,169468,2140
2025-07-17,Meta,fb_prospect_02,FB – Prospecting Interest EU,468.87,145584,1703
2025-07-17,Referral,referral_mgm_01,Referral – Member Get Member,1936.01,0,0
2025-07-17,TikTok,tiktok_upper_01,TikTok – Brand Awareness NL,389.96,170032,1275
2025-07-17,TikTok,tiktok_upper_02,TikTok – Brand Awareness EU,391.89,181163,1522
2025-07-18,Google App Campaigns,goog_ac_01,Google – App Campaign NL,406.77,104957,1568
2025-07-18,Google App Campaigns,goog_ac_02,Google – App Campaign EU,377.58,96431,1309
2025-07-18,Google Brand Search,goog_brand_01,Google – Brand Search,142.22,9117,1463
2025-07-18,Google Non-Brand Search,goog_search_01,Google – Non-Brand Search NL,588.11,55532,2136
2025-07-18,Meta,fb_prospect_01,FB – Prospecting Lookalike NL,649.68,232704,3021
2025-07-18,Meta,fb_prospect_02,FB – Prospecting Interest EU,554.8,189005,2122
2025-07-18,Referral,referral_mgm_01,Referral – Member Get Member,1614.47,0,0
2025-07-18,TikTok,tiktok_upper_01,TikTok – Brand Awareness NL,477.28,215236,1784
2025-07-18,TikTok,tiktok_upper_02,TikTok – Brand Awareness EU,491.89,233134,2032
2025-07-19,Google App Campaigns,goog_ac_01,Google – App Campaign NL,425.79,107421,1664
2025-07-19,Google App Campaigns,goog_ac_02,Google – App Campaign EU,438.66,122779,1822
2025-07-19,Google Brand Search,goog_brand_01,Google – Brand Search,151.14,10120,1632
2025-07-19,Google Non-Brand Search,goog_search_01,Google – Non-Brand Search NL,537.45,50344,1829
2025-07-19,Meta,fb_prospect_01,FB – Prospecting Lookalike NL,636.73,209317,2683
2025-07-19,Meta,fb_prospect_02,FB – Prospecting Interest EU,651.52,214806,2435
2025-07-19,Referral,referral_mgm_01,Referral – Member Get Member,1657.73,0,0
2025-07-19,TikTok,tiktok_upper_01,TikTok – Brand Awareness NL,418.02,199883,1667
2025-07-19,TikTok,tiktok_upper_02,TikTok – Brand Awareness EU,461.24,191765,1386
2025-07-20,Google App Campaigns,goog_ac_01,Google – App Campaign NL,401.85,102239,1604
2025-07-20,Google App Campaigns,goog_ac_02,Google – App Campaign EU,398.6,101464,1378
2025-07-20,Google Brand Search,goog_brand_01,Google – Brand Search,146.37,10485,1563
2025-07-20,Google Non-Brand Search,goog_search_01,Google – Non-Brand Search NL,580.79,53185,1918
2025-07-20,Meta,fb_prospect_01,FB – Prospecting Lookalike NL,573.38,178256,2285
2025-07-20,Meta,fb_prospect_02,FB – Prospecting Interest EU,672.13,216444,2397
2025-07-20,Referral,referral_mgm_01,Referral – Member Get Member,1857.39,0,0
2025-07-20,TikTok,tiktok_upper_01,TikTok – Brand Awareness NL,430.7,188411,1596
2025-07-20,TikTok,tiktok_upper_02,TikTok – Brand Awareness EU,420.21,195966,1520
2025-07-21,Google App Campaigns,goog_ac_01,Google – App Campaign NL,355.43,99653,1536
2025-07-21,Google App Campaigns,goog_ac_02,Google – App Campaign EU,392.36,103885,1523
2025-07-21,Google Brand Search,goog_brand_01,Google – Brand Search,107.91,6897,1113
2025-07-21,Google Non-Brand Search,goog_search_01,Google – Non-Brand Search NL,442.51,37559,1376
2025-07-21,Meta,fb_prospect_01,FB – Prospecting Lookalike NL,484.71,159954,2065
2025-07-21,Meta,fb_prospect_02,FB – Prospecting Interest EU,489.14,150005,1712
2025-07-21,Referral,referral_mgm_01,Referral – Member Get Member,1233.53,0,0
2025-07-21,TikTok,tiktok_upper_01,TikTok – Brand Awareness NL,417.19,189748,1390
2025-07-21,TikTok,tiktok_upper_02,TikTok – Brand Awareness EU,412.58,185843,1531
2025-07-22,Google App Campaigns,goog_ac_01,Google – App Campaign NL,357.6,92726,1279
2025-07-22,Google App Campaigns,goog_ac_02,Google – App Campaign EU,331.06,86880,1316
2025-07-22,Google Brand Search,goog_brand_01,Google – Brand Search,109.99,7582,1025
2025-07-22,Google Non-Brand Search,goog_search_01,Google – Non-Brand Search NL,522.79,44534,1609
2025-07-22,Meta,fb_prospect_01,FB – Prospecting Lookalike NL,462.56,146926,1677
2025-07-22,Meta,fb_prospect_02,FB – Prospecting Interest EU,550.48,183766,2314
2025-07-22,Referral,referral_mgm_01,Referral – Member Get Member,1748.36,0,0
2025-07-22,TikTok,tiktok_upper_01,TikTok – Brand Awareness NL,391.09,161207,1341
2025-07-22,TikTok,tiktok_upper_02,TikTok – Brand Awareness EU,384.62,180638,1497
2025-07-23,Google App Campaigns,goog_ac_01,Google – App Campaign NL,341.34,91786,1261
2025-07-23,Google App Campaigns,goog_ac_02,Google – App Campaign EU,360.41,95053,1498
2025-07-23,Google Brand Search,goog_brand_01,Google – Brand Search,116.85,7832,1145
2025-07-23,Google Non-Brand Search,goog_search_01,Google – Non-Brand Search NL,512.49,43364,1390
2025-07-23,Meta,fb_prospect_01,FB – Prospecting Lookalike NL,500.92,179087,2059
2025-07-23,Meta,fb_prospect_02,FB – Prospecting Interest EU,530.3,186788,2314
2025-07-23,Referral,referral_mgm_01,Referral – Member Get Member,1834.95,0,0
2025-07-23,TikTok,tiktok_upper_01,TikTok – Brand Awareness NL,398.37,167512,1254
2025-07-23,TikTok,tiktok_upper_02,TikTok – Brand Awareness EU,389.43,169629,1349
2025-07-24,Google App Campaigns,goog_ac_01,Google – App Campaign NL,343.7,87187,1286
2025-07-24,Google App Campaigns,goog_ac_02,Google – App Campaign EU,343.82,98873,1472
2025-07-24,Google Brand Search,goog_brand_01,Google – Brand Search,112.78,7647,1124
2025-07-24,Google Non-Brand Search,goog_search_01,Google – Non-Brand Search NL,493.35,46756,1678
2025-07-24,Meta,fb_prospect_01,FB – Prospecting Lookalike NL,538.34,172441,1973
2025-07-24,Meta,fb_prospect_02,FB – Prospecting Interest EU,504.79,174889,2282
2025-07-24,Referral,referral_mgm_01,Referral – Member Get Member,1891.69,0,0
2025-07-24,TikTok,tiktok_upper_01,TikTok – Brand Awareness NL,395.85,176092,1530
2025-07-24,TikTok,tiktok_upper_02,TikTok – Brand Awareness EU,375.65,155802,1196
2025-07-25,Google App Campaigns,goog_ac_01,Google – App Campaign NL,428.24,119142,1837
2025-07-25,Google App Campaigns,goog_ac_02,Google – App Campaign EU,465.92,129870,1895
2025-07-25,Google Brand Search,goog_brand_01,Google – Brand Search,141.32,9644,1414
2025-07-25,Google Non-Brand Search,goog_search_01,Google – Non-Brand Search NL,585.61,54113,2065
2025-07-25,Meta,fb_prospect_01,FB – Prospecting Lookalike NL,645.65,223859,2759
2025-07-25,Meta,fb_prospect_02,FB – Prospecting Interest EU,604.19,187205,2232
2025-07-25,Referral,referral_mgm_01,Referral – Member Get Member,1902.05,0,0
2025-07-25,TikTok,tiktok_upper_01,TikTok – Brand Awareness NL,452.21,216395,1654
2025-07-25,TikTok,tiktok_upper_02,TikTok – Brand Awareness EU,457.36,192208,1438
2025-07-26,Google App Campaigns,goog_ac_01,Google – App Campaign NL,389.45,107221,1498
2025-07-26,Google App Campaigns,goog_ac_02,Google – App Campaign EU,458.02,123253,1839
2025-07-26,Google Brand Search,goog_brand_01,Google – Brand Search,153.61,10680,1628
2025-07-26,Google Non-Brand Search,goog_search_01,Google – Non-Brand Search NL,537.02,51430,1879
2025-07-26,Meta,fb_prospect_01,FB – Prospecting Lookalike NL,649.81,230642,2663
2025-07-26,Meta,fb_prospect_02,FB – Prospecting Interest EU,682.62,234230,2638
2025-07-26,Referral,referral_mgm_01,Referral – Member Get Member,1889.21,0,0
2025-07-26,TikTok,tiktok_upper_01,TikTok – Brand Awareness NL,487.1,230758,2000
2025-07-26,TikTok,tiktok_upper_02,TikTok – Brand Awareness EU,422.88,179047,1505
2025-07-27,Google App Campaigns,goog_ac_01,Google – App Campaign NL,377.44,105271,1587
2025-07-27,Google App Campaigns,goog_ac_02,Google – App Campaign EU,426.75,115064,1730
2025-07-27,Google Brand Search,goog_brand_01,Google – Brand Search,157.65,9896,1431
2025-07-27,Google Non-Brand Search,goog_search_01,Google – Non-Brand Search NL,543.59,46629,1604
2025-07-27,Meta,fb_prospect_01,FB – Prospecting Lookalike NL,605.02,209052,2735
2025-07-27,Meta,fb_prospect_02,FB – Prospecting Interest EU,620.82,193607,2400
2025-07-27,Referral,referral_mgm_01,Referral – Member Get Member,1542.8,0,0
2025-07-27,TikTok,tiktok_upper_01,TikTok – Brand Awareness NL,509.43,229449,1842
2025-07-27,TikTok,tiktok_upper_02,TikTok – Brand Awareness EU,435.77,186911,1565
2025-07-28,Google App Campaigns,goog_ac_01,Google – App Campaign NL,395.27,102458,1553
2025-07-28,Google App Campaigns,goog_ac_02,Google – App Campaign EU,373.75,94870,1407
2025-07-28,Google Brand Search,goog_brand_01,Google – Brand Search,131.28,8435,1372
2025-07-28,Google Non-Brand Search,goog_search_01,Google – Non-Brand Search NL,423.94,38871,1337
2025-07-28,Meta,fb_prospect_01,FB – Prospecting Lookalike NL,495.73,164507,1855
2025-07-28,Meta,fb_prospect_02,FB – Prospecting Interest EU,554.01,197915,2241
2025-07-28,Referral,referral_mgm_01,Referral – Member Get Member,1725.76,0,0
2025-07-28,TikTok,tiktok_upper_01,TikTok – Brand Awareness NL,355.64,156219,1157
2025-07-28,TikTok,tiktok_upper_02,TikTok – Brand Awareness EU,408.03,169840,1402
2025-07-29,Google App Campaigns,goog_ac_01,Google – App Campaign NL,323.93,85873,1351
2025-07-29,Google App Campaigns,goog_ac_02,Google – App Campaign EU,339.08,85297,1315
2025-07-29,Google Brand Search,goog_brand_01,Google – Brand Search,113.99,7614,1212
2025-07-29,Google Non-Brand Search,goog_search_01,Google – Non-Brand Search NL,450.43,40519,1541
2025-07-29,Meta,fb_prospect_01,FB – Prospecting Lookalike NL,491.38,165701,2178
2025-07-29,Meta,fb_prospect_02,FB – Prospecting Interest EU,501.81,154823,1724
2025-07-29,Referral,referral_mgm_01,Referral – Member Get Member,2140.46,0,0
2025-07-29,TikTok,tiktok_upper_01,TikTok – Brand Awareness NL,350.92,158633,1220
2025-07-29,TikTok,tiktok_upper_02,TikTok – Brand Awareness EU,354.67,147389,1215
2025-07-30,Google App Campaigns,goog_ac_01,Google – App Campaign NL,343.25,87927,1361
2025-07-30,Google App Campaigns,goog_ac_02,Google – App Campaign EU,333.49,91156,1370
2025-07-30,Google Brand Search,goog_brand_01,Google – Brand Search,126.71,8309,1179
2025-07-30,Google Non-Brand Search,goog_search_01,Google – Non-Brand Search NL,433.55,37047,1301
2025-07-30,Meta,fb_prospect_01,FB – Prospecting Lookalike NL,549.9,188286,2205
2025-07-30,Meta,fb_prospect_02,FB – Prospecting Interest EU,566.4,180830,2019
2025-07-30,Referral,referral_mgm_01,Referral – Member Get Member,1974.94,0,0
2025-07-30,TikTok,tiktok_upper_01,TikTok – Brand Awareness NL,401.67,185703,1565
2025-07-30,TikTok,tiktok_upper_02,TikTok – Brand Awareness EU,387.68,173296,1446
2025-07-31,Google App Campaigns,goog_ac_01,Google – App Campaign NL,334.57,94361,1494
2025-07-31,Google App Campaigns,goog_ac_02,Google – App Campaign EU,398.79,103177,1684
2025-07-31,Google Brand Search,goog_brand_01,Google – Brand Search,110.52,7020,1070
2025-07-31,Google Non-Brand Search,goog_search_01,Google – Non-Brand Search NL,455.26,41859,1577
2025-07-31,Meta,fb_prospect_01,FB – Prospecting Lookalike NL,571.74,195565,2316
2025-07-31,Meta,fb_prospect_02,FB – Prospecting Interest EU,543.78,193875,2139
2025-07-31,Referral,referral_mgm_01,Referral – Member Get Member,1732.17,0,0
2025-07-31,TikTok,tiktok_upper_01,TikTok – Brand Awareness NL,365.11,151758,1098
2025-07-31,TikTok,tiktok_upper_02,TikTok – Brand Awareness EU,427.6,177772,1315
2025-08-01,Google App Campaigns,goog_ac_01,Google – App Campaign NL,400.47,103336,1513
2025-08-01,Google App Campaigns,goog_ac_02,Google – App Campaign EU,418.09,117150,1779
2025-08-01,Google Brand Search,goog_brand_01,Google – Brand Search,131.15,8193,1185
2025-08-01,Google Non-Brand Search,goog_search_01,Google – Non-Brand Search NL,557.78,51320,1780
2025-08-01,Meta,fb_prospect_01,FB – Prospecting Lookalike NL,692.22,217109,2643
2025-08-01,Meta,fb_prospect_02,FB – Prospecting Interest EU,576.79,205447,2611
2025-08-01,Referral,referral_mgm_01,Referral – Member Get Member,1676.64,0,0
2025-08-01,TikTok,tiktok_upper_01,TikTok – Brand Awareness NL,498.82,206761,1770
2025-08-01,TikTok,tiktok_upper_02,TikTok – Brand Awareness EU,443.45,194130,1503
2025-08-02,Google App Campaigns,goog_ac_01,Google – App Campaign NL,386.75,107014,1632
2025-08-02,Google App Campaigns,goog_ac_02,Google – App Campaign EU,428.27,116022,1682
2025-08-02,Google Brand Search,goog_brand_01,Google – Brand Search,136.03,9291,1294
2025-08-02,Google Non-Brand Search,goog_search_01,Google – Non-Brand Search NL,596.25,55371,2044
2025-08-02,Meta,fb_prospect_01,FB – Prospecting Lookalike NL,625.32,193507,2243
2025-08-02,Meta,fb_prospect_02,FB – Prospecting Interest EU,556.75,184665,2333
2025-08-02,Referral,referral_mgm_01,Referral – Member Get Member,1805.46,0,0
2025-08-02,TikTok,tiktok_upper_01,TikTok – Brand Awareness NL,472.18,197596,1595
2025-08-02,TikTok,tiktok_upper_02,TikTok – Brand Awareness EU,435.32,199524,1445
2025-08-03,Google App Campaigns,goog_ac_01,Google – App Campaign NL,441.74,112437,1830
2025-08-03,Google App Campaigns,goog_ac_02,Google – App Campaign EU,470.99,134612,1935
2025-08-03,Google Brand Search,goog_brand_01,Google – Brand Search,135.9,8634,1261
2025-08-03,Google Non-Brand Search,goog_search_01,Google – Non-Brand Search NL,597.15,54464,1728
2025-08-03,Meta,fb_prospect_01,FB – Prospecting Lookalike NL,638.85,217610,2836
2025-08-03,Meta,fb_prospect_02,FB – Prospecting Interest EU,653.46,203985,2274
2025-08-03,Referral,referral_mgm_01,Referral – Member Get Member,1843.15,0,0
2025-08-03,TikTok,tiktok_upper_01,TikTok – Brand Awareness NL,460.29,188293,1413
2025-08-03,TikTok,tiktok_upper_02,TikTok – Brand Awareness EU,475.37,223929,1629
2025-08-04,Google App Campaigns,goog_ac_01,Google – App Campaign NL,377.29,94729,1384
2025-08-04,Google App Campaigns,goog_ac_02,Google – App Campaign EU,357.83,88542,1236
2025-08-04,Google Brand Search,goog_brand_01,Google – Brand Search,113.9,7594,1252
2025-08-04,Google Non-Brand Search,goog_search_01,Google – Non-Brand Search NL,447.02,37367,1420
2025-08-04,Meta,fb_prospect_01,FB – Prospecting Lookalike NL,470.19,160306,1983
2025-08-04,Meta,fb_prospect_02,FB – Prospecting Interest EU,567.65,200464,2241
2025-08-04,Referral,referral_mgm_01,Referral – Member Get Member,1784.71,0,0
2025-08-04,TikTok,tiktok_upper_01,TikTok – Brand Awareness NL,425.75,199685,1531
2025-08-04,TikTok,tiktok_upper_02,TikTok – Brand Awareness EU,386.77,163433,1248
2025-08-05,Google App Campaigns,goog_ac_01,Google – App Campaign NL,326.19,83452,1359
2025-08-05,Google App Campaigns,goog_ac_02,Google – App Campaign EU,367.68,90801,1246
2025-08-05,Google Brand Search,goog_brand_01,Google – Brand Search,130.94,8367,1169
2025-08-05,Google Non-Brand Search,goog_search_01,Google – Non-Brand Search NL,505.4,45408,1609
2025-08-05,Meta,fb_prospect_01,FB – Prospecting Lookalike NL,515.84,180116,1963
2025-08-05,Meta,fb_prospect_02,FB – Prospecting Interest EU,539.83,186008,2442
2025-08-05,Referral,referral_mgm_01,Referral – Member Get Member,2149.97,0,0
2025-08-05,TikTok,tiktok_upper_01,TikTok – Brand Awareness NL,390.14,170939,1484
2025-08-05,TikTok,tiktok_upper_02,TikTok – Brand Awareness EU,358.43,151133,1217
2025-08-06,Google App Campaigns,goog_ac_01,Google – App Campaign NL,382.16,96690,1493
2025-08-06,Google App Campaigns,goog_ac_02,Google – App Campaign EU,340.55,85062,1322
2025-08-06,Google Brand Search,goog_brand_01,Google – Brand Search,130.05,8423,1196
2025-08-06,Google Non-Brand Search,goog_search_01,Google – Non-Brand Search NL,452.41,42572,1614
2025-08-06,Meta,fb_prospect_01,FB – Prospecting Lookalike NL,575.59,180135,1955
2025-08-06,Meta,fb_prospect_02,FB – Prospecting Interest EU,559.64,182442,2143
2025-08-06,Referral,referral_mgm_01,Referral – Member Get Member,1835.98,0,0
2025-08-06,TikTok,tiktok_upper_01,TikTok – Brand Awareness NL,394.49,186055,1418
2025-08-06,TikTok,tiktok_upper_02,TikTok – Brand Awareness EU,400.71,168187,1256
2025-08-07,Google App Campaigns,goog_ac_01,Google – App Campaign NL,334.45,92396,1464
2025-08-07,Google App Campaigns,goog_ac_02,Google – App Campaign EU,395.37,99487,1608
2025-08-07,Google Brand Search,goog_brand_01,Google – Brand Search,106.24,7090,1017
2025-08-07,Google Non-Brand Search,goog_search_01,Google – Non-Brand Search NL,503.09,46163,1554
2025-08-07,Meta,fb_prospect_01,FB – Prospecting Lookalike NL,540.73,182844,2093
2025-08-07,Meta,fb_prospect_02,FB – Prospecting Interest EU,535.67,186851,2174
2025-08-07,Referral,referral_mgm_01,Referral – Member Get Member,1681.4,0,0
2025-08-07,TikTok,tiktok_upper_01,TikTok – Brand Awareness NL,420.2,185349,1543
2025-08-07,TikTok,tiktok_upper_02,TikTok – Brand Awareness EU,414.15,177518,1311
2025-08-08,Google App Campaigns,goog_ac_01,Google – App Campaign NL,473.9,118243,1820
2025-08-08,Google App Campaigns,goog_ac_02,Google – App Campaign EU,382.68,95141,1454
2025-08-08,Google Brand Search,goog_brand_01,Google – Brand Search,152.38,10957,1569
2025-08-08,Google Non-Brand Search,goog_search_01,Google – Non-Brand Search NL,574.6,51671,1798
2025-08-08,Meta,fb_prospect_01,FB – Prospecting Lookalike NL,597.28,203359,2467
2025-08-08,Meta,fb_prospect_02,FB – Prospecting Interest EU,694.13,219503,2478
2025-08-08,Referral,referral_mgm_01,Referral – Member Get Member,2083.14,0,0
2025-08-08,TikTok,tiktok_upper_01,TikTok – Brand Awareness NL,437.56,207761,1546
2025-08-08,TikTok,tiktok_upper_02,TikTok – Brand Awareness EU,508.82,226279,1932
2025-08-09,Google App Campaigns,goog_ac_01,Google – App Campaign NL,403.41,113489,1664
2025-08-09,Google App Campaigns,goog_ac_02,Google – App Campaign EU,389.72,99601,1504
2025-08-09,Google Brand Search,goog_brand_01,Google – Brand Search,140.77,10086,1616
2025-08-09,Google Non-Brand Search,goog_search_01,Google – Non-Brand Search NL,624.31,53723,1791
2025-08-09,Meta,fb_prospect_01,FB – Prospecting Lookalike NL,646.3,226773,2728
2025-08-09,Meta,fb_prospect_02,FB – Prospecting Interest EU,626.25,200966,2418
2025-08-09,Referral,referral_mgm_01,Referral – Member Get Member,2281.53,0,0
2025-08-09,TikTok,tiktok_upper_01,TikTok – Brand Awareness NL,441.27,190567,1604
2025-08-09,TikTok,tiktok_upper_02,TikTok – Brand Awareness EU,443.99,202908,1605
2025-08-10,Google App Campaigns,goog_ac_01,Google – App Campaign NL,461.57,129865,1765
2025-08-10,Google App Campaigns,goog_ac_02,Google – App Campaign EU,383.6,105073,1575
2025-08-10,Google Brand Search,goog_brand_01,Google – Brand Search,129.42,8971,1374
2025-08-10,Google Non-Brand Search,goog_search_01,Google – Non-Brand Search NL,519.83,48465,1599
2025-08-10,Meta,fb_prospect_01,FB – Prospecting Lookalike NL,642.64,203980,2229
2025-08-10,Meta,fb_prospect_02,FB – Prospecting Interest EU,610.27,189165,2221
2025-08-10,Referral,referral_mgm_01,Referral – Member Get Member,1521.57,0,0
2025-08-10,TikTok,tiktok_upper_01,TikTok – Brand Awareness NL,422.06,190996,1616
2025-08-10,TikTok,tiktok_upper_02,TikTok – Brand Awareness EU,490.44,217583,1820
2025-08-11,Google App Campaigns,goog_ac_01,Google – App Campaign NL,389.63,101484,1625
2025-08-11,Google App Campaigns,goog_ac_02,Google – App Campaign EU,360.3,94321,1471
2025-08-11,Google Brand Search,goog_brand_01,Google – Brand Search,122.23,8259,1219
2025-08-11,Google Non-Brand Search,goog_search_01,Google – Non-Brand Search NL,505.54,44811,1544
2025-08-11,Meta,fb_prospect_01,FB – Prospecting Lookalike NL,521.74,171797,2015
2025-08-11,Meta,fb_prospect_02,FB – Prospecting Interest EU,485.98,169837,1988
2025-08-11,Referral,referral_mgm_01,Referral – Member Get Member,1751.02,0,0
2025-08-11,TikTok,tiktok_upper_01,TikTok – Brand Awareness NL,374.27,171471,1483
2025-08-11,TikTok,tiktok_upper_02,TikTok – Brand Awareness EU,341.07,154682,1167
2025-08-12,Google App Campaigns,goog_ac_01,Google – App Campaign NL,389.97,103046,1578
2025-08-12,Google App Campaigns,goog_ac_02,Google – App Campaign EU,323.35,80817,1107
2025-08-12,Google Brand Search,goog_brand_01,Google – Brand Search,115.67,7101,1033
2025-08-12,Google Non-Brand Search,goog_search_01,Google – Non-Brand Search NL,457.94,40528,1345
2025-08-12,Meta,fb_prospect_01,FB – Prospecting Lookalike NL,491.23,155277,1933
2025-08-12,Meta,fb_prospect_02,FB – Prospecting Interest EU,518.59,169782,1916
2025-08-12,Referral,referral_mgm_01,Referral – Member Get Member,1745.18,0,0
2025-08-12,TikTok,tiktok_upper_01,TikTok – Brand Awareness NL,407.75,178314,1412
2025-08-12,TikTok,tiktok_upper_02,TikTok – Brand Awareness EU,393.71,188612,1435
2025-08-13,Google App Campaigns,goog_ac_01,Google – App Campaign NL,395.98,110302,1695
2025-08-13,Google App Campaigns,goog_ac_02,Google – App Campaign EU,365.98,105056,1440
2025-08-13,Google Brand Search,goog_brand_01,Google – Brand Search,116.64,7504,1067
2025-08-13,Google Non-Brand Search,goog_search_01,Google – Non-Brand Search NL,433.22,40546,1318
2025-08-13,Meta,fb_prospect_01,FB – Prospecting Lookalike NL,474.12,170421,2239
2025-08-13,Meta,fb_prospect_02,FB – Prospecting Interest EU,521.0,162770,2039
2025-08-13,Referral,referral_mgm_01,Referral – Member Get Member,1726.76,0,0
2025-08-13,TikTok,tiktok_upper_01,TikTok – Brand Awareness NL,348.9,145846,1050
2025-08-13,TikTok,tiktok_upper_02,TikTok – Brand Awareness EU,402.1,191043,1565
2025-08-14,Google App Campaigns,goog_ac_01,Google – App Campaign NL,318.74,86701,1341
2025-08-14,Google App Campaigns,goog_ac_02,Google – App Campaign EU,326.19,87715,1247
2025-08-14,Google Brand Search,goog_brand_01,Google – Brand Search,128.11,8844,1456
2025-08-14,Google Non-Brand Search,goog_search_01,Google – Non-Brand Search NL,418.11,39346,1374
2025-08-14,Meta,fb_prospect_01,FB – Prospecting Lookalike NL,536.51,192032,2234
2025-08-14,Meta,fb_prospect_02,FB – Prospecting Interest EU,462.29,161030,2058
2025-08-14,Referral,referral_mgm_01,Referral – Member Get Member,1861.66,0,0
2025-08-14,TikTok,tiktok_upper_01,TikTok – Brand Awareness NL,340.29,152843,1197
2025-08-14,TikTok,tiktok_upper_02,TikTok – Brand Awareness EU,388.75,167372,1456
2025-08-15,Google App Campaigns,goog_ac_01,Google – App Campaign NL,427.02,118626,1739
2025-08-15,Google App Campaigns,goog_ac_02,Google – App Campaign EU,431.46,106915,1498
2025-08-15,Google Brand Search,goog_brand_01,Google – Brand Search,132.51,8709,1362
2025-08-15,Google Non-Brand Search,goog_search_01,Google – Non-Brand Search NL,605.98,52843,1677
2025-08-15,Meta,fb_prospect_01,FB – Prospecting Lookalike NL,608.3,190789,2454
2025-08-15,Meta,fb_prospect_02,FB – Prospecting Interest EU,679.6,221132,2754
2025-08-15,Referral,referral_mgm_01,Referral – Member Get Member,2017.9,0,0
2025-08-15,TikTok,tiktok_upper_01,TikTok – Brand Awareness NL,453.94,199412,1525
2025-08-15,TikTok,tiktok_upper_02,TikTok – Brand Awareness EU,474.64,210482,1760
2025-08-16,Google App Campaigns,goog_ac_01,Google – App Campaign NL,432.28,123525,1866
2025-08-16,Google App Campaigns,goog_ac_02,Google – App Campaign EU,441.02,111667,1688
2025-08-16,Google Brand Search,goog_brand_01,Google – Brand Search,133.58,9076,1398
2025-08-16,Google Non-Brand Search,goog_search_01,Google – Non-Brand Search NL,551.98,52450,1994
2025-08-16,Meta,fb_prospect_01,FB – Prospecting Lookalike NL,617.19,192483,2102
2025-08-16,Meta,fb_prospect_02,FB – Prospecting Interest EU,564.16,176160,2254
2025-08-16,Referral,referral_mgm_01,Referral – Member Get Member,1504.13,0,0
2025-08-16,TikTok,tiktok_upper_01,TikTok – Brand Awareness NL,445.7,205858,1763
2025-08-16,TikTok,tiktok_upper_02,TikTok – Brand Awareness EU,443.23,206458,1527
2025-08-17,Google App Campaigns,goog_ac_01,Google – App Campaign NL,448.4,110141,1547
2025-08-17,Google App Campaigns,goog_ac_02,Google – App Campaign EU,453.48,119067,1616
2025-08-17,Google Brand Search,goog_brand_01,Google – Brand Search,135.3,9362,1481
2025-08-17,Google Non-Brand Search,goog_search_01,Google – Non-Brand Search NL,630.8,52942,1855
2025-08-17,Meta,fb_prospect_01,FB – Prospecting Lookalike NL,571.99,203801,2254
2025-08-17,Meta,fb_prospect_02,FB – Prospecting Interest EU,585.91,189005,2415
2025-08-17,Referral,referral_mgm_01,Referral – Member Get Member,2117.06,0,0
2025-08-17,TikTok,tiktok_upper_01,TikTok – Brand Awareness NL,467.72,195380,1611
2025-08-17,TikTok,tiktok_upper_02,TikTok – Brand Awareness EU,493.88,214066,1716
2025-08-18,Google App Campaigns,goog_ac_01,Google – App Campaign NL,338.13,92029,1292
2025-08-18,Google App Campaigns,goog_ac_02,Google – App Campaign EU,339.65,90093,1277
2025-08-18,Google Brand Search,goog_brand_01,Google – Brand Search,119.14,7470,1034
2025-08-18,Google Non-Brand Search,goog_search_01,Google – Non-Brand Search NL,528.9,44481,1664
2025-08-18,Meta,fb_prospect_01,FB – Prospecting Lookalike NL,573.75,177001,1921
2025-08-18,Meta,fb_prospect_02,FB – Prospecting Interest EU,487.93,171168,1911
2025-08-18,Referral,referral_mgm_01,Referral – Member Get Member,1597.67,0,0
2025-08-18,TikTok,tiktok_upper_01,TikTok – Brand Awareness NL,374.53,170677,1476
2025-08-18,TikTok,tiktok_upper_02,TikTok – Brand Awareness EU,413.01,181060,1431
2025-08-19,Google App Campaigns,goog_ac_01,Google – App Campaign NL,320.25,88859,1273
2025-08-19,Google App Campaigns,goog_ac_02,Google – App Campaign EU,397.43,100607,1465
2025-08-19,Google Brand Search,goog_brand_01,Google – Brand Search,129.64,7964,1172
2025-08-19,Google Non-Brand Search,goog_search_01,Google – Non-Brand Search NL,458.8,40782,1532
2025-08-19,Meta,fb_prospect_01,FB – Prospecting Lookalike NL,482.66,152737,1867
2025-08-19,Meta,fb_prospect_02,FB – Prospecting Interest EU,496.0,156998,1730
2025-08-19,Referral,referral_mgm_01,Referral – Member Get Member,2194.08,0,0
2025-08-19,TikTok,tiktok_upper_01,TikTok – Brand Awareness NL,384.03,166678,1262
2025-08-19,TikTok,tiktok_upper_02,TikTok – Brand Awareness EU,426.3,188355,1635
2025-08-20,Google App Campaigns,goog_ac_01,Google – App Campaign NL,355.95,93247,1489
2025-08-20,Google App Campaigns,goog_ac_02,Google – App Campaign EU,329.77,94078,1433
2025-08-20,Google Brand Search,goog_brand_01,Google – Brand Search,124.83,8528,1205
2025-08-20,Google Non-Brand Search,goog_search_01,Google – Non-Brand Search NL,485.69,43288,1531
2025-08-20,Meta,fb_prospect_01,FB – Prospecting Lookalike NL,511.36,181142,2188
2025-08-20,Meta,fb_prospect_02,FB – Prospecting Interest EU,575.87,198919,2315
2025-08-20,Referral,referral_mgm_01,Referral – Member Get Member,2062.21,0,0
2025-08-20,TikTok,tiktok_upper_01,TikTok – Brand Awareness NL,414.22,169375,1364
2025-08-20,TikTok,tiktok_upper_02,TikTok – Brand Awareness EU,361.83,158568,1247
2025-08-21,Google App Campaigns,goog_ac_01,Google – App Campaign NL,323.17,88510,1256
2025-08-21,Google App Campaigns,goog_ac_02,Google – App Campaign EU,323.53,81183,1171
2025-08-21,Google Brand Search,goog_brand_01,Google – Brand Search,132.12,9460,1342
2025-08-21,Google Non-Brand Search,goog_search_01,Google – Non-Brand Search NL,528.83,44429,1492
2025-08-21,Meta,fb_prospect_01,FB – Prospecting Lookalike NL,519.58,174618,2167
2025-08-21,Meta,fb_prospect_02,FB – Prospecting Interest EU,544.26,188645,2130
2025-08-21,Referral,referral_mgm_01,Referral – Member Get Member,1866.66,0,0
2025-08-21,TikTok,tiktok_upper_01,TikTok – Brand Awareness NL,391.6,169995,1396
2025-08-21,TikTok,tiktok_upper_02,TikTok – Brand Awareness EU,388.41,163778,1371
2025-08-22,Google App Campaigns,goog_ac_01,Google – App Campaign NL,413.55,104373,1479
2025-08-22,Google App Campaigns,goog_ac_02,Google – App Campaign EU,411.26,104376,1568
2025-08-22,Google Brand Search,goog_brand_01,Google – Brand Search,153.74,9922,1524
2025-08-22,Google Non-Brand Search,goog_search_01,Google – Non-Brand Search NL,585.71,51508,1775
2025-08-22,Meta,fb_prospect_01,FB – Prospecting Lookalike NL,660.85,203226,2420
2025-08-22,Meta,fb_prospect_02,FB – Prospecting Interest EU,659.75,203966,2641
2025-08-22,Referral,referral_mgm_01,Referral – Member Get Member,1377.74,0,0
2025-08-22,TikTok,tiktok_upper_01,TikTok – Brand Awareness NL,502.88,210589,1772
2025-08-22,TikTok,tiktok_upper_02,TikTok – Brand Awareness EU,406.94,178159,1352
2025-08-23,Google App Campaigns,goog_ac_01,Google – App Campaign NL,476.37,130142,2109
2025-08-23,Google App Campaigns,goog_ac_02,Google – App Campaign EU,475.77,128248,2115
2025-08-23,Google Brand Search,goog_brand_01,Google – Brand Search,133.43,8199,1169
2025-08-23,Google Non-Brand Search,goog_search_01,Google – Non-Brand Search NL,604.02,53894,1944
2025-08-23,Meta,fb_prospect_01,FB – Prospecting Lookalike NL,601.28,202487,2337
2025-08-23,Meta,fb_prospect_02,FB – Prospecting Interest EU,554.96,199705,2271
2025-08-23,Referral,referral_mgm_01,Referral – Member Get Member,2308.06,0,0
2025-08-23,TikTok,tiktok_upper_01,TikTok – Brand Awareness NL,504.25,214125,1754
2025-08-23,TikTok,tiktok_upper_02,TikTok – Brand Awareness EU,510.34,227898,1996
2025-08-24,Google App Campaigns,goog_ac_01,Google – App Campaign NL,392.01,101484,1544
2025-08-24,Google App Campaigns,goog_ac_02,Google – App Campaign EU,446.43,109777,1737
2025-08-24,Google Brand Search,goog_brand_01,Google – Brand Search,138.21,9597,1306
2025-08-24,Google Non-Brand Search,goog_search_01,Google – Non-Brand Search NL,523.33,45003,1518
2025-08-24,Meta,fb_prospect_01,FB – Prospecting Lookalike NL,700.51,248099,3048
2025-08-24,Meta,fb_prospect_02,FB – Prospecting Interest EU,585.51,209017,2344
2025-08-24,Referral,referral_mgm_01,Referral – Member Get Member,1857.2,0,0
2025-08-24,TikTok,tiktok_upper_01,TikTok – Brand Awareness NL,453.61,192831,1546
2025-08-24,TikTok,tiktok_upper_02,TikTok – Brand Awareness EU,478.27,217862,1879
2025-08-25,Google App Campaigns,goog_ac_01,Google – App Campaign NL,352.76,91342,1366
2025-08-25,Google App Campaigns,goog_ac_02,Google – App Campaign EU,346.25,86616,1394
2025-08-25,Google Brand Search,goog_brand_01,Google – Brand Search,108.38,6718,918
2025-08-25,Google Non-Brand Search,goog_search_01,Google – Non-Brand Search NL,495.85,40840,1319
2025-08-25,Meta,fb_prospect_01,FB – Prospecting Lookalike NL,576.42,184606,2022
2025-08-25,Meta,fb_prospect_02,FB – Prospecting Interest EU,526.26,168693,2004
2025-08-25,Referral,referral_mgm_01,Referral – Member Get Member,2054.58,0,0
2025-08-25,TikTok,tiktok_upper_01,TikTok – Brand Awareness NL,356.03,146141,1234
2025-08-25,TikTok,tiktok_upper_02,TikTok – Brand Awareness EU,428.58,195342,1590
2025-08-26,Google App Campaigns,goog_ac_01,Google – App Campaign NL,331.95,82635,1218
2025-08-26,Google App Campaigns,goog_ac_02,Google – App Campaign EU,321.56,81211,1102
2025-08-26,Google Brand Search,goog_brand_01,Google – Brand Search,112.54,7386,1063
2025-08-26,Google Non-Brand Search,goog_search_01,Google – Non-Brand Search NL,450.32,43038,1469
2025-08-26,Meta,fb_prospect_01,FB – Prospecting Lookalike NL,555.05,196540,2467
2025-08-26,Meta,fb_prospect_02,FB – Prospecting Interest EU,554.79,193926,2353
2025-08-26,Referral,referral_mgm_01,Referral – Member Get Member,1893.54,0,0
2025-08-26,TikTok,tiktok_upper_01,TikTok – Brand Awareness NL,352.4,165339,1408
2025-08-26,TikTok,tiktok_upper_02,TikTok – Brand Awareness EU,410.09,185607,1550
2025-08-27,Google App Campaigns,goog_ac_01,Google – App Campaign NL,335.93,88876,1258
2025-08-27,Google App Campaigns,goog_ac_02,Google – App Campaign EU,315.8,86355,1277
2025-08-27,Google Brand Search,goog_brand_01,Google – Brand Search,134.25,9370,1508
2025-08-27,Google Non-Brand Search,goog_search_01,Google – Non-Brand Search NL,444.41,41696,1457
2025-08-27,Meta,fb_prospect_01,FB – Prospecting Lookalike NL,579.91,205905,2324
2025-08-27,Meta,fb_prospect_02,FB – Prospecting Interest EU,555.57,193873,2495
2025-08-27,Referral,referral_mgm_01,Referral – Member Get Member,1497.39,0,0
2025-08-27,TikTok,tiktok_upper_01,TikTok – Brand Awareness NL,400.02,181611,1314
2025-08-27,TikTok,tiktok_upper_02,TikTok – Brand Awareness EU,385.04,158428,1311
2025-08-28,Google App Campaigns,goog_ac_01,Google – App Campaign NL,320.14,85216,1194
2025-08-28,Google App Campaigns,goog_ac_02,Google – App Campaign EU,365.63,91513,1289
2025-08-28,Google Brand Search,goog_brand_01,Google – Brand Search,113.46,7242,1042
2025-08-28,Google Non-Brand Search,goog_search_01,Google – Non-Brand Search NL,507.5,43199,1582
2025-08-28,Meta,fb_prospect_01,FB – Prospecting Lookalike NL,538.85,171336,1943
2025-08-28,Meta,fb_prospect_02,FB – Prospecting Interest EU,520.75,169719,2107
2025-08-28,Referral,referral_mgm_01,Referral – Member Get Member,1591.71,0,0
2025-08-28,TikTok,tiktok_upper_01,TikTok – Brand Awareness NL,409.19,170395,1244
2025-08-28,TikTok,tiktok_upper_02,TikTok – Brand Awareness EU,422.25,176802,1383
2025-08-29,Google App Campaigns,goog_ac_01,Google – App Campaign NL,394.74,113166,1853
2025-08-29,Google App Campaigns,goog_ac_02,Google – App Campaign EU,421.2,109591,1702
2025-08-29,Google Brand Search,goog_brand_01,Google – Brand Search,137.14,8888,1231
2025-08-29,Google Non-Brand Search,goog_search_01,Google – Non-Brand Search NL,612.41,54423,1839
2025-08-29,Meta,fb_prospect_01,FB – Prospecting Lookalike NL,704.16,235718,2800
2025-08-29,Meta,fb_prospect_02,FB – Prospecting Interest EU,606.27,217395,2599
2025-08-29,Referral,referral_mgm_01,Referral – Member Get Member,2437.1,0,0
2025-08-29,TikTok,tiktok_upper_01,TikTok – Brand Awareness NL,502.93,219846,1667
2025-08-29,TikTok,tiktok_upper_02,TikTok – Brand Awareness EU,464.85,202819,1716
2025-08-30,Google App Campaigns,goog_ac_01,Google – App Campaign NL,414.46,111133,1567
2025-08-30,Google App Campaigns,goog_ac_02,Google – App Campaign EU,434.89,109189,1733
2025-08-30,Google Brand Search,goog_brand_01,Google – Brand Search,143.99,9696,1385
2025-08-30,Google Non-Brand Search,goog_search_01,Google – Non-Brand Search NL,579.01,51318,1636
2025-08-30,Meta,fb_prospect_01,FB – Prospecting Lookalike NL,697.78,218694,2825
2025-08-30,Meta,fb_prospect_02,FB – Prospecting Interest EU,563.79,185328,2281
2025-08-30,Referral,referral_mgm_01,Referral – Member Get Member,1781.6,0,0
2025-08-30,TikTok,tiktok_upper_01,TikTok – Brand Awareness NL,491.61,204682,1603
2025-08-30,TikTok,tiktok_upper_02,TikTok – Brand Awareness EU,497.84,217867,1670
2025-08-31,Google App Campaigns,goog_ac_01,Google – App Campaign NL,423.05,115467,1820
2025-08-31,Google App Campaigns,goog_ac_02,Google – App Campaign EU,473.96,123353,1725
2025-08-31,Google Brand Search,goog_brand_01,Google – Brand Search,156.88,10202,1422
2025-08-31,Google Non-Brand Search,goog_search_01,Google – Non-Brand Search NL,535.46,44916,1538
2025-08-31,Meta,fb_prospect_01,FB – Prospecting Lookalike NL,652.81,225570,2463
2025-08-31,Meta,fb_prospect_02,FB – Prospecting Interest EU,573.54,189530,2316
2025-08-31,Referral,referral_mgm_01,Referral – Member Get Member,1594.64,0,0
2025-08-31,TikTok,tiktok_upper_01,TikTok – Brand Awareness NL,480.44,199068,1499
2025-08-31,TikTok,tiktok_upper_02,TikTok – Brand Awareness EU,487.07,204256,1550
2025-09-01,Google App Campaigns,goog_ac_01,Google – App Campaign NL,384.67,99416,1510
2025-09-01,Google App Campaigns,goog_ac_02,Google – App Campaign EU,333.58,83651,1295
2025-09-01,Google Brand Search,goog_brand_01,Google – Brand Search,129.17,8429,1230
2025-09-01,Google Non-Brand Search,goog_search_01,Google – Non-Brand Search NL,431.46,40082,1337
2025-09-01,Meta,fb_prospect_01,FB – Prospecting Lookalike NL,540.06,178071,2034
2025-09-01,Meta,fb_prospect_02,FB – Prospecting Interest EU,515.69,160765,2008
2025-09-01,Referral,referral_mgm_01,Referral – Member Get Member,1856.65,0,0
2025-09-01,TikTok,tiktok_upper_01,TikTok – Brand Awareness NL,386.09,185101,1387
2025-09-01,TikTok,tiktok_upper_02,TikTok – Brand Awareness EU,409.61,191466,1500
2025-09-02,Google App Campaigns,goog_ac_01,Google – App Campaign NL,336.11,83904,1317
2025-09-02,Google App Campaigns,goog_ac_02,Google – App Campaign EU,322.78,87531,1337
2025-09-02,Google Brand Search,goog_brand_01,Google – Brand Search,131.8,8887,1321
2025-09-02,Google Non-Brand Search,goog_search_01,Google – Non-Brand Search NL,505.41,41867,1377
2025-09-02,Meta,fb_prospect_01,FB – Prospecting Lookalike NL,514.42,173502,2127
2025-09-02,Meta,fb_prospect_02,FB – Prospecting Interest EU,567.29,190348,2157
2025-09-02,Referral,referral_mgm_01,Referral – Member Get Member,2031.39,0,0
2025-09-02,TikTok,tiktok_upper_01,TikTok – Brand Awareness NL,407.09,181225,1362
2025-09-02,TikTok,tiktok_upper_02,TikTok – Brand Awareness EU,416.29,180285,1327
2025-09-03,Google App Campaigns,goog_ac_01,Google – App Campaign NL,341.58,87866,1226
2025-09-03,Google App Campaigns,goog_ac_02,Google – App Campaign EU,381.09,94481,1549
2025-09-03,Google Brand Search,goog_brand_01,Google – Brand Search,134.19,9450,1477
2025-09-03,Google Non-Brand Search,goog_search_01,Google – Non-Brand Search NL,521.51,43525,1531
2025-09-03,Meta,fb_prospect_01,FB – Prospecting Lookalike NL,482.77,154904,1708
2025-09-03,Meta,fb_prospect_02,FB – Prospecting Interest EU,563.26,202299,2328
2025-09-03,Referral,referral_mgm_01,Referral – Member Get Member,1690.77,0,0
2025-09-03,TikTok,tiktok_upper_01,TikTok – Brand Awareness NL,406.83,192458,1466
2025-09-03,TikTok,tiktok_upper_02,TikTok – Brand Awareness EU,421.0,175396,1537
2025-09-04,Google App Campaigns,goog_ac_01,Google – App Campaign NL,395.78,108592,1641
2025-09-04,Google App Campaigns,goog_ac_02,Google – App Campaign EU,384.66,101117,1663
2025-09-04,Google Brand Search,goog_brand_01,Google – Brand Search,113.54,7761,1196
2025-09-04,Google Non-Brand Search,goog_search_01,Google – Non-Brand Search NL,513.59,44049,1501
2025-09-04,Meta,fb_prospect_01,FB – Prospecting Lookalike NL,515.2,161934,1898
2025-09-04,Meta,fb_prospect_02,FB – Prospecting Interest EU,571.75,185432,2030
2025-09-04,Referral,referral_mgm_01,Referral – Member Get Member,1750.67,0,0
2025-09-04,TikTok,tiktok_upper_01,TikTok – Brand Awareness NL,339.99,140670,1191
2025-09-04,TikTok,tiktok_upper_02,TikTok – Brand Awareness EU,372.61,170066,1425
2025-09-05,Google App Campaigns,goog_ac_01,Google – App Campaign NL,409.74,114927,1669
2025-09-05,Google App Campaigns,goog_ac_02,Google – App Campaign EU,440.31,119631,1633
2025-09-05,Google Brand Search,goog_brand_01,Google – Brand Search,149.36,9178,1505
2025-09-05,Google Non-Brand Search,goog_search_01,Google – Non-Brand Search NL,557.09,47322,1556
2025-09-05,Meta,fb_prospect_01,FB – Prospecting Lookalike NL,560.76,191630,2364
2025-09-05,Meta,fb_prospect_02,FB – Prospecting Interest EU,573.28,200140,2385
2025-09-05,Referral,referral_mgm_01,Referral – Member Get Member,1923.01,0,0
2025-09-05,TikTok,tiktok_upper_01,TikTok – Brand Awareness NL,463.29,221253,1760
2025-09-05,TikTok,tiktok_upper_02,TikTok – Brand Awareness EU,492.18,224279,1800
2025-09-06,Google App Campaigns,goog_ac_01,Google – App Campaign NL,439.2,118103,1872
2025-09-06,Google App Campaigns,goog_ac_02,Google – App Campaign EU,478.36,118313,1814
2025-09-06,Google Brand Search,goog_brand_01,Google – Brand Search,142.51,8990,1443
2025-09-06,Google Non-Brand Search,goog_search_01,Google – Non-Brand Search NL,597.13,51429,1941
2025-09-06,Meta,fb_prospect_01,FB – Prospecting Lookalike NL,686.16,215170,2365
2025-09-06,Meta,fb_prospect_02,FB – Prospecting Interest EU,704.65,216426,2705
2025-09-06,Referral,referral_mgm_01,Referral – Member Get Member,2000.83,0,0
2025-09-06,TikTok,tiktok_upper_01,TikTok – Brand Awareness NL,449.23,193229,1674
2025-09-06,TikTok,tiktok_upper_02,TikTok – Brand Awareness EU,459.33,207880,1728
2025-09-07,Google App Campaigns,goog_ac_01,Google – App Campaign NL,400.08,111716,1716
2025-09-07,Google App Campaigns,goog_ac_02,Google – App Campaign EU,454.59,113421,1686
2025-09-07,Google Brand Search,goog_brand_01,Google – Brand Search,139.91,9078,1275
2025-09-07,Google Non-Brand Search,goog_search_01,Google – Non-Brand Search NL,608.07,52024,1699
2025-09-07,Meta,fb_prospect_01,FB – Prospecting Lookalike NL,683.66,214802,2386
2025-09-07,Meta,fb_prospect_02,FB – Prospecting Interest EU,666.14,218719,2439
2025-09-07,Referral,referral_mgm_01,Referral – Member Get Member,2305.86,0,0
2025-09-07,TikTok,tiktok_upper_01,TikTok – Brand Awareness NL,509.78,212050,1781
2025-09-07,TikTok,tiktok_upper_02,TikTok – Brand Awareness EU,429.28,175732,1337
2025-09-08,Google App Campaigns,goog_ac_01,Google – App Campaign NL,367.2,101228,1632
2025-09-08,Google App Campaigns,goog_ac_02,Google – App Campaign EU,392.9,99882,1406
2025-09-08,Google Brand Search,goog_brand_01,Google – Brand Search,115.13,7720,1057
2025-09-08,Google Non-Brand Search,goog_search_01,Google – Non-Brand Search NL,478.73,45926,1603
2025-09-08,Meta,fb_prospect_01,FB – Prospecting Lookalike NL,579.42,190430,2413
2025-09-08,Meta,fb_prospect_02,FB – Prospecting Interest EU,500.33,168882,2199
2025-09-08,Referral,referral_mgm_01,Referral – Member Get Member,2188.94,0,0
2025-09-08,TikTok,tiktok_upper_01,TikTok – Brand Awareness NL,425.84,188750,1542
2025-09-08,TikTok,tiktok_upper_02,TikTok – Brand Awareness EU,349.08,157877,1276
2025-09-09,Google App Campaigns,goog_ac_01,Google – App Campaign NL,323.19,82311,1157
2025-09-09,Google App Campaigns,goog_ac_02,Google – App Campaign EU,342.07,86258,1253
2025-09-09,Google Brand Search,goog_brand_01,Google – Brand Search,114.4,7132,1073
2025-09-09,Google Non-Brand Search,goog_search_01,Google – Non-Brand Search NL,443.86,36684,1378
2025-09-09,Meta,fb_prospect_01,FB – Prospecting Lookalike NL,526.54,170554,2002
2025-09-09,Meta,fb_prospect_02,FB – Prospecting Interest EU,501.76,153979,1916
2025-09-09,Referral,referral_mgm_01,Referral – Member Get Member,1162.35,0,0
2025-09-09,TikTok,tiktok_upper_01,TikTok – Brand Awareness NL,354.25,148599,1075
2025-09-09,TikTok,tiktok_upper_02,TikTok – Brand Awareness EU,404.48,174748,1304
2025-09-10,Google App Campaigns,goog_ac_01,Google – App Campaign NL,368.6,94403,1448
2025-09-10,Google App Campaigns,goog_ac_02,Google – App Campaign EU,321.31,86024,1222
2025-09-10,Google Brand Search,goog_brand_01,Google – Brand Search,134.18,8886,1377
2025-09-10,Google Non-Brand Search,goog_search_01,Google – Non-Brand Search NL,493.63,45616,1707
2025-09-10,Meta,fb_prospect_01,FB – Prospecting Lookalike NL,487.37,165067,2170
2025-09-10,Meta,fb_prospect_02,FB – Prospecting Interest EU,510.62,174254,1945
2025-09-10,Referral,referral_mgm_01,Referral – Member Get Member,1809.65,0,0
2025-09-10,TikTok,tiktok_upper_01,TikTok – Brand Awareness NL,349.28,162017,1182
2025-09-10,TikTok,tiktok_upper_02,TikTok – Brand Awareness EU,380.74,181233,1350
2025-09-11,Google App Campaigns,goog_ac_01,Google – App Campaign NL,360.23,97572,1500
2025-09-11,Google App Campaigns,goog_ac_02,Google – App Campaign EU,374.73,100778,1624
2025-09-11,Google Brand Search,goog_brand_01,Google – Brand Search,122.21,8304,1250
2025-09-11,Google Non-Brand Search,goog_search_01,Google – Non-Brand Search NL,513.83,45251,1478
2025-09-11,Meta,fb_prospect_01,FB – Prospecting Lookalike NL,567.02,198317,2384
2025-09-11,Meta,fb_prospect_02,FB – Prospecting Interest EU,508.76,181675,2238
2025-09-11,Referral,referral_mgm_01,Referral – Member Get Member,2322.92,0,0
2025-09-11,TikTok,tiktok_upper_01,TikTok – Brand Awareness NL,339.62,160725,1314
2025-09-11,TikTok,tiktok_upper_02,TikTok – Brand Awareness EU,376.75,165684,1393
2025-09-12,Google App Campaigns,goog_ac_01,Google – App Campaign NL,443.77,120644,1867
2025-09-12,Google App Campaigns,goog_ac_02,Google – App Campaign EU,415.2,107822,1568
2025-09-12,Google Brand Search,goog_brand_01,Google – Brand Search,144.79,10233,1493
2025-09-12,Google Non-Brand Search,goog_search_01,Google – Non-Brand Search NL,629.06,54978,1964
2025-09-12,Meta,fb_prospect_01,FB – Prospecting Lookalike NL,583.53,192030,2283
2025-09-12,Meta,fb_prospect_02,FB – Prospecting Interest EU,632.96,203368,2348
2025-09-12,Referral,referral_mgm_01,Referral – Member Get Member,2073.75,0,0
2025-09-12,TikTok,tiktok_upper_01,TikTok – Brand Awareness NL,503.99,209409,1603
2025-09-12,TikTok,tiktok_upper_02,TikTok – Brand Awareness EU,501.25,238439,1878
2025-09-13,Google App Campaigns,goog_ac_01,Google – App Campaign NL,391.79,106623,1579
2025-09-13,Google App Campaigns,goog_ac_02,Google – App Campaign EU,464.93,119267,1838
2025-09-13,Google Brand Search,goog_brand_01,Google – Brand Search,140.26,8860,1357
2025-09-13,Google Non-Brand Search,goog_search_01,Google – Non-Brand Search NL,533.39,48446,1541
2025-09-13,Meta,fb_prospect_01,FB – Prospecting Lookalike NL,663.47,203837,2612
2025-09-13,Meta,fb_prospect_02,FB – Prospecting Interest EU,660.72,222388,2527
2025-09-13,Referral,referral_mgm_01,Referral – Member Get Member,1931.62,0,0
2025-09-13,TikTok,tiktok_upper_01,TikTok – Brand Awareness NL,453.52,212619,1584
2025-09-13,TikTok,tiktok_upper_02,TikTok – Brand Awareness EU,471.23,206080,1808
2025-09-14,Google App Campaigns,goog_ac_01,Google – App Campaign NL,447.59,122593,1843
2025-09-14,Google App Campaigns,goog_ac_02,Google – App Campaign EU,475.73,126897,2031
2025-09-14,Google Brand Search,goog_brand_01,Google – Brand Search,158.17,10213,1636
2025-09-14,Google Non-Brand Search,goog_search_01,Google – Non-Brand Search NL,535.25,49908,1919
2025-09-14,Meta,fb_prospect_01,FB – Prospecting Lookalike NL,559.84,180887,2217
2025-09-14,Meta,fb_prospect_02,FB – Prospecting Interest EU,699.95,218039,2722
2025-09-14,Referral,referral_mgm_01,Referral – Member Get Member,2067.05,0,0
2025-09-14,TikTok,tiktok_upper_01,TikTok – Brand Awareness NL,440.53,204297,1508
2025-09-14,TikTok,tiktok_upper_02,TikTok – Brand Awareness EU,467.02,210675,1523
2025-09-15,Google App Campaigns,goog_ac_01,Google – App Campaign NL,382.78,99982,1500
2025-09-15,Google App Campaigns,goog_ac_02,Google – App Campaign EU,357.22,89362,1366
2025-09-15,Google Brand Search,goog_brand_01,Google – Brand Search,109.02,7571,1068
2025-09-15,Google Non-Brand Search,goog_search_01,Google – Non-Brand Search NL,497.99,45050,1653
2025-09-15,Meta,fb_prospect_01,FB – Prospecting Lookalike NL,491.14,151726,1793
2025-09-15,Meta,fb_prospect_02,FB – Prospecting Interest EU,567.85,196490,2493
2025-09-15,Referral,referral_mgm_01,Referral – Member Get Member,1533.63,0,0
2025-09-15,TikTok,tiktok_upper_01,TikTok – Brand Awareness NL,346.7,158469,1226
2025-09-15,TikTok,tiktok_upper_02,TikTok – Brand Awareness EU,398.62,174676,1259
2025-09-16,Google App Campaigns,goog_ac_01,Google – App Campaign NL,352.44,98965,1468
2025-09-16,Google App Campaigns,goog_ac_02,Google – App Campaign EU,351.39,88565,1228
2025-09-16,Google Brand Search,goog_brand_01,Google – Brand Search,131.81,8588,1268
2025-09-16,Google Non-Brand Search,goog_search_01,Google – Non-Brand Search NL,485.66,45429,1474
2025-09-16,Meta,fb_prospect_01,FB – Prospecting Lookalike NL,485.39,163610,2125
2025-09-16,Meta,fb_prospect_02,FB – Prospecting Interest EU,501.89,167511,2155
2025-09-16,Referral,referral_mgm_01,Referral – Member Get Member,1815.71,0,0
2025-09-16,TikTok,tiktok_upper_01,TikTok – Brand Awareness NL,418.73,178506,1425
2025-09-16,TikTok,tiktok_upper_02,TikTok – Brand Awareness EU,382.83,163853,1273
2025-09-17,Google App Campaigns,goog_ac_01,Google – App Campaign NL,356.81,96213,1584
2025-09-17,Google App Campaigns,goog_ac_02,Google – App Campaign EU,390.72,107457,1499
2025-09-17,Google Brand Search,goog_brand_01,Google – Brand Search,119.4,7540,1188
2025-09-17,Google Non-Brand Search,goog_search_01,Google – Non-Brand Search NL,520.57,49178,1854
2025-09-17,Meta,fb_prospect_01,FB – Prospecting Lookalike NL,560.36,181543,2262
2025-09-17,Meta,fb_prospect_02,FB – Prospecting Interest EU,486.6,161642,1881
2025-09-17,Referral,referral_mgm_01,Referral – Member Get Member,2190.14,0,0
2025-09-17,TikTok,tiktok_upper_01,TikTok – Brand Awareness NL,420.35,198667,1596
2025-09-17,TikTok,tiktok_upper_02,TikTok – Brand Awareness EU,363.43,153045,1168
2025-09-18,Google App Campaigns,goog_ac_01,Google – App Campaign NL,352.74,92032,1428
2025-09-18,Google App Campaigns,goog_ac_02,Google – App Campaign EU,314.91,88994,1227
2025-09-18,Google Brand Search,goog_brand_01,Google – Brand Search,121.8,7899,1291
2025-09-18,Google Non-Brand Search,goog_search_01,Google – Non-Brand Search NL,529.73,48051,1535
2025-09-18,Meta,fb_prospect_01,FB – Prospecting Lookalike NL,543.61,181459,1982
2025-09-18,Meta,fb_prospect_02,FB – Prospecting Interest EU,580.0,190601,2263
2025-09-18,Referral,referral_mgm_01,Referral – Member Get Member,2104.18,0,0
2025-09-18,TikTok,tiktok_upper_01,TikTok – Brand Awareness NL,373.73,161971,1266
2025-09-18,TikTok,tiktok_upper_02,TikTok – Brand Awareness EU,389.44,168473,1398
2025-09-19,Google App Campaigns,goog_ac_01,Google – App Campaign NL,436.25,115911,1829
2025-09-19,Google App Campaigns,goog_ac_02,Google – App Campaign EU,419.07,118044,1708
2025-09-19,Google Brand Search,goog_brand_01,Google – Brand Search,138.56,9541,1347
2025-09-19,Google Non-Brand Search,goog_search_01,Google – Non-Brand Search NL,593.84,56103,2068
2025-09-19,Meta,fb_prospect_01,FB – Prospecting Lookalike NL,614.57,199106,2487
2025-09-19,Meta,fb_prospect_02,FB – Prospecting Interest EU,643.29,226374,2745
2025-09-19,Referral,referral_mgm_01,Referral – Member Get Member,2046.1,0,0
2025-09-19,TikTok,tiktok_upper_01,TikTok – Brand Awareness NL,489.05,217598,1715
2025-09-19,TikTok,tiktok_upper_02,TikTok – Brand Awareness EU,515.64,235310,1887
2025-09-20,Google App Campaigns,goog_ac_01,Google – App Campaign NL,399.8,104729,1649
2025-09-20,Google App Campaigns,goog_ac_02,Google – App Campaign EU,392.58,111887,1579
2025-09-20,Google Brand Search,goog_brand_01,Google – Brand Search,159.84,10523,1640
2025-09-20,Google Non-Brand Search,goog_search_01,Google – Non-Brand Search NL,618.82,54862,2050
2025-09-20,Meta,fb_prospect_01,FB – Prospecting Lookalike NL,691.28,241050,3123
2025-09-20,Meta,fb_prospect_02,FB – Prospecting Interest EU,680.41,244003,3003
2025-09-20,Referral,referral_mgm_01,Referral – Member Get Member,2256.33,0,0
2025-09-20,TikTok,tiktok_upper_01,TikTok – Brand Awareness NL,411.94,191619,1626
2025-09-20,TikTok,tiktok_upper_02,TikTok – Brand Awareness EU,408.04,194344,1537
2025-09-21,Google App Campaigns,goog_ac_01,Google – App Campaign NL,438.03,112461,1789
2025-09-21,Google App Campaigns,goog_ac_02,Google – App Campaign EU,448.5,128731,1882
2025-09-21,Google Brand Search,goog_brand_01,Google – Brand Search,134.37,9281,1252
2025-09-21,Google Non-Brand Search,goog_search_01,Google – Non-Brand Search NL,507.49,48707,1819
2025-09-21,Meta,fb_prospect_01,FB – Prospecting Lookalike NL,580.1,203221,2321
2025-09-21,Meta,fb_prospect_02,FB – Prospecting Interest EU,697.09,249903,3243
2025-09-21,Referral,referral_mgm_01,Referral – Member Get Member,1681.11,0,0
2025-09-21,TikTok,tiktok_upper_01,TikTok – Brand Awareness NL,430.58,200577,1706
2025-09-21,TikTok,tiktok_upper_02,TikTok – Brand Awareness EU,438.16,179910,1419
2025-09-22,Google App Campaigns,goog_ac_01,Google – App Campaign NL,317.07,89051,1434
2025-09-22,Google App Campaigns,goog_ac_02,Google – App Campaign EU,397.47,113788,1751
2025-09-22,Google Brand Search,goog_brand_01,Google – Brand Search,133.11,9294,1370
2025-09-22,Google Non-Brand Search,goog_search_01,Google – Non-Brand Search NL,517.76,45640,1688
2025-09-22,Meta,fb_prospect_01,FB – Prospecting Lookalike NL,493.27,163540,1992
2025-09-22,Meta,fb_prospect_02,FB – Prospecting Interest EU,551.6,189077,2150
2025-09-22,Referral,referral_mgm_01,Referral – Member Get Member,1679.71,0,0
2025-09-22,TikTok,tiktok_upper_01,TikTok – Brand Awareness NL,389.33,169237,1320
2025-09-22,TikTok,tiktok_upper_02,TikTok – Brand Awareness EU,360.45,154428,1223
2025-09-23,Google App Campaigns,goog_ac_01,Google – App Campaign NL,376.28,104405,1531
2025-09-23,Google App Campaigns,goog_ac_02,Google – App Campaign EU,372.8,95256,1421
2025-09-23,Google Brand Search,goog_brand_01,Google – Brand Search,114.38,8046,1160
2025-09-23,Google Non-Brand Search,goog_search_01,Google – Non-Brand Search NL,482.43,44161,1672
2025-09-23,Meta,fb_prospect_01,FB – Prospecting Lookalike NL,551.65,180334,2189
2025-09-23,Meta,fb_prospect_02,FB – Prospecting Interest EU,508.67,170142,2134
2025-09-23,Referral,referral_mgm_01,Referral – Member Get Member,1667.14,0,0
2025-09-23,TikTok,tiktok_upper_01,TikTok – Brand Awareness NL,372.73,160131,1246
2025-09-23,TikTok,tiktok_upper_02,TikTok – Brand Awareness EU,413.54,189720,1441
2025-09-24,Google App Campaigns,goog_ac_01,Google – App Campaign NL,395.08,110944,1629
2025-09-24,Google App Campaigns,goog_ac_02,Google – App Campaign EU,318.56,85187,1245
2025-09-24,Google Brand Search,goog_brand_01,Google – Brand Search,111.53,7736,1132
2025-09-24,Google Non-Brand Search,goog_search_01,Google – Non-Brand Search NL,430.2,35828,1166
2025-09-24,Meta,fb_prospect_01,FB – Prospecting Lookalike NL,587.11,209386,2476
2025-09-24,Meta,fb_prospect_02,FB – Prospecting Interest EU,467.95,151078,1933
2025-09-24,Referral,referral_mgm_01,Referral – Member Get Member,2567.52,0,0
2025-09-24,TikTok,tiktok_upper_01,TikTok – Brand Awareness NL,388.78,181861,1518
2025-09-24,TikTok,tiktok_upper_02,TikTok – Brand Awareness EU,417.44,194875,1489
2025-09-25,Google App Campaigns,goog_ac_01,Google – App Campaign NL,336.89,87755,1297
2025-09-25,Google App Campaigns,goog_ac_02,Google – App Campaign EU,363.29,96875,1339
2025-09-25,Google Brand Search,goog_brand_01,Google – Brand Search,115.19,7074,972
2025-09-25,Google Non-Brand Search,goog_search_01,Google – Non-Brand Search NL,454.83,39628,1443
2025-09-25,Meta,fb_prospect_01,FB – Prospecting Lookalike NL,552.63,189817,2275
2025-09-25,Meta,fb_prospect_02,FB – Prospecting Interest EU,533.42,176710,2075
2025-09-25,Referral,referral_mgm_01,Referral – Member Get Member,1870.07,0,0
2025-09-25,TikTok,tiktok_upper_01,TikTok – Brand Awareness NL,378.19,170729,1490
2025-09-25,TikTok,tiktok_upper_02,TikTok – Brand Awareness EU,407.64,185396,1555
2025-09-26,Google App Campaigns,goog_ac_01,Google – App Campaign NL,385.96,98667,1600
2025-09-26,Google App Campaigns,goog_ac_02,Google – App Campaign EU,478.26,134943,1951
2025-09-26,Google Brand Search,goog_brand_01,Google – Brand Search,150.81,10808,1601
2025-09-26,Google Non-Brand Search,goog_search_01,Google – Non-Brand Search NL,604.22,51321,1754
2025-09-26,Meta,fb_prospect_01,FB – Prospecting Lookalike NL,559.09,182806,2321
2025-09-26,Meta,fb_prospect_02,FB – Prospecting Interest EU,593.8,211391,2550
2025-09-26,Referral,referral_mgm_01,Referral – Member Get Member,1712.69,0,0
2025-09-26,TikTok,tiktok_upper_01,TikTok – Brand Awareness NL,460.47,194452,1553
2025-09-26,TikTok,tiktok_upper_02,TikTok – Brand Awareness EU,469.01,222903,1838
2025-09-27,Google App Campaigns,goog_ac_01,Google – App Campaign NL,442.27,126246,1829
2025-09-27,Google App Campaigns,goog_ac_02,Google – App Campaign EU,436.51,123883,1780
2025-09-27,Google Brand Search,goog_brand_01,Google – Brand Search,146.41,10106,1509
2025-09-27,Google Non-Brand Search,goog_search_01,Google – Non-Brand Search NL,617.33,58890,2204
2025-09-27,Meta,fb_prospect_01,FB – Prospecting Lookalike NL,657.75,211294,2522
2025-09-27,Meta,fb_prospect_02,FB – Prospecting Interest EU,596.97,195808,2370
2025-09-27,Referral,referral_mgm_01,Referral – Member Get Member,1595.79,0,0
2025-09-27,TikTok,tiktok_upper_01,TikTok – Brand Awareness NL,460.34,195434,1532
2025-09-27,TikTok,tiktok_upper_02,TikTok – Brand Awareness EU,412.47,193837,1402
2025-09-28,Google App Campaigns,goog_ac_01,Google – App Campaign NL,443.03,123871,1773
2025-09-28,Google App Campaigns,goog_ac_02,Google – App Campaign EU,422.27,119984,1637
2025-09-28,Google Brand Search,goog_brand_01,Google – Brand Search,156.15,10808,1765
2025-09-28,Google Non-Brand Search,goog_search_01,Google – Non-Brand Search NL,554.52,51500,1889
2025-09-28,Meta,fb_prospect_01,FB – Prospecting Lookalike NL,651.7,227396,2765
2025-09-28,Meta,fb_prospect_02,FB – Prospecting Interest EU,681.02,222134,2885
2025-09-28,Referral,referral_mgm_01,Referral – Member Get Member,2139.99,0,0
2025-09-28,TikTok,tiktok_upper_01,TikTok – Brand Awareness NL,471.56,225492,1713
2025-09-28,TikTok,tiktok_upper_02,TikTok – Brand Awareness EU,493.15,219395,1641
2025-09-29,Google App Campaigns,goog_ac_01,Google – App Campaign NL,366.43,98606,1398
2025-09-29,Google App Campaigns,goog_ac_02,Google – App Campaign EU,355.63,95570,1523
2025-09-29,Google Brand Search,goog_brand_01,Google – Brand Search,129.73,8746,1263
2025-09-29,Google Non-Brand Search,goog_search_01,Google – Non-Brand Search NL,468.57,38857,1355
2025-09-29,Meta,fb_prospect_01,FB – Prospecting Lookalike NL,531.63,184432,2232
2025-09-29,Meta,fb_prospect_02,FB – Prospecting Interest EU,559.97,196738,2249
2025-09-29,Referral,referral_mgm_01,Referral – Member Get Member,1737.84,0,0
2025-09-29,TikTok,tiktok_upper_01,TikTok – Brand Awareness NL,383.84,173987,1487
2025-09-29,TikTok,tiktok_upper_02,TikTok – Brand Awareness EU,402.59,167535,1304
2025-09-30,Google App Campaigns,goog_ac_01,Google – App Campaign NL,329.99,85376,1391
2025-09-30,Google App Campaigns,goog_ac_02,Google – App Campaign EU,364.9,97909,1590
2025-09-30,Google Brand Search,goog_brand_01,Google – Brand Search,108.88,7557,1238
2025-09-30,Google Non-Brand Search,goog_search_01,Google – Non-Brand Search NL,515.48,47487,1789
2025-09-30,Meta,fb_prospect_01,FB – Prospecting Lookalike NL,469.38,163770,2051
2025-09-30,Meta,fb_prospect_02,FB – Prospecting Interest EU,574.73,203850,2581
2025-09-30,Referral,referral_mgm_01,Referral – Member Get Member,2041.83,0,0
2025-09-30,TikTok,tiktok_upper_01,TikTok – Brand Awareness NL,422.8,177557,1370
2025-09-30,TikTok,tiktok_upper_02,TikTok – Brand Awareness EU,378.21,174493,1488
2025-10-01,Google App Campaigns,goog_ac_01,Google – App Campaign NL,350.3,90690,1455
2025-10-01,Google App Campaigns,goog_ac_02,Google – App Campaign EU,395.33,104127,1708
2025-10-01,Google Brand Search,goog_brand_01,Google – Brand Search,115.97,8251,1167
2025-10-01,Google Non-Brand Search,goog_search_01,Google – Non-Brand Search NL,417.87,36108,1332
2025-10-01,Meta,fb_prospect_01,FB – Prospecting Lookalike NL,502.83,162810,2100
2025-10-01,Meta,fb_prospect_02,FB – Prospecting Interest EU,545.42,188639,2042
2025-10-01,Referral,referral_mgm_01,Referral – Member Get Member,1603.7,0,0
2025-10-01,TikTok,tiktok_upper_01,TikTok – Brand Awareness NL,342.43,145447,1231
2025-10-01,TikTok,tiktok_upper_02,TikTok – Brand Awareness EU,385.85,160145,1221
2025-10-02,Google App Campaigns,goog_ac_01,Google – App Campaign NL,341.86,92765,1414
2025-10-02,Google App Campaigns,goog_ac_02,Google – App Campaign EU,348.84,85645,1271
2025-10-02,Google Brand Search,goog_brand_01,Google – Brand Search,106.04,7530,1230
2025-10-02,Google Non-Brand Search,goog_search_01,Google – Non-Brand Search NL,500.12,42571,1551
2025-10-02,Meta,fb_prospect_01,FB – Prospecting Lookalike NL,542.01,166497,1819
2025-10-02,Meta,fb_prospect_02,FB – Prospecting Interest EU,470.43,164829,1872
2025-10-02,Referral,referral_mgm_01,Referral – Member Get Member,2092.33,0,0
2025-10-02,TikTok,tiktok_upper_01,TikTok – Brand Awareness NL,411.25,174053,1307
2025-10-02,TikTok,tiktok_upper_02,TikTok – Brand Awareness EU,379.0,180435,1467
2025-10-03,Google App Campaigns,goog_ac_01,Google – App Campaign NL,441.25,118388,1921
2025-10-03,Google App Campaigns,goog_ac_02,Google – App Campaign EU,458.73,129813,2140
2025-10-03,Google Brand Search,goog_brand_01,Google – Brand Search,132.74,9042,1336
2025-10-03,Google Non-Brand Search,goog_search_01,Google – Non-Brand Search NL,554.46,50995,1851
2025-10-03,Meta,fb_prospect_01,FB – Prospecting Lookalike NL,585.02,181810,2264
2025-10-03,Meta,fb_prospect_02,FB – Prospecting Interest EU,648.25,227572,2918
2025-10-03,Referral,referral_mgm_01,Referral – Member Get Member,1841.02,0,0
2025-10-03,TikTok,tiktok_upper_01,TikTok – Brand Awareness NL,405.78,179128,1408
2025-10-03,TikTok,tiktok_upper_02,TikTok – Brand Awareness EU,498.61,223047,1823
2025-10-04,Google App Campaigns,goog_ac_01,Google – App Campaign NL,437.91,123778,1828
2025-10-04,Google App Campaigns,goog_ac_02,Google – App Campaign EU,467.2,117339,1712
2025-10-04,Google Brand Search,goog_brand_01,Google – Brand Search,149.42,10161,1456
2025-10-04,Google Non-Brand Search,goog_search_01,Google – Non-Brand Search NL,512.39,45989,1756
2025-10-04,Meta,fb_prospect_01,FB – Prospecting Lookalike NL,638.6,199247,2313
2025-10-04,Meta,fb_prospect_02,FB – Prospecting Interest EU,610.7,216054,2548
2025-10-04,Referral,referral_mgm_01,Referral – Member Get Member,1969.51,0,0
2025-10-04,TikTok,tiktok_upper_01,TikTok – Brand Awareness NL,455.34,192015,1611
2025-10-04,TikTok,tiktok_upper_02,TikTok – Brand Awareness EU,482.69,215636,1606
2025-10-05,Google App Campaigns,goog_ac_01,Google – App Campaign NL,439.7,121380,1864
2025-10-05,Google App Campaigns,goog_ac_02,Google – App Campaign EU,430.87,116337,1811
2025-10-05,Google Brand Search,goog_brand_01,Google – Brand Search,148.7,9618,1349
2025-10-05,Google Non-Brand Search,goog_search_01,Google – Non-Brand Search NL,617.09,53415,1853
2025-10-05,Meta,fb_prospect_01,FB – Prospecting Lookalike NL,559.69,176960,2254
2025-10-05,Meta,fb_prospect_02,FB – Prospecting Interest EU,627.38,224346,2467
2025-10-05,Referral,referral_mgm_01,Referral – Member Get Member,1753.61,0,0
2025-10-05,TikTok,tiktok_upper_01,TikTok – Brand Awareness NL,508.48,224961,1715
2025-10-05,TikTok,tiktok_upper_02,TikTok – Brand Awareness EU,514.74,225959,1760
2025-10-06,Google App Campaigns,goog_ac_01,Google – App Campaign NL,365.08,94272,1394
2025-10-06,Google App Campaigns,goog_ac_02,Google – App Campaign EU,346.77,90132,1320
2025-10-06,Google Brand Search,goog_brand_01,Google – Brand Search,130.44,8008,1261
2025-10-06,Google Non-Brand Search,goog_search_01,Google – Non-Brand Search NL,417.5,39404,1510
2025-10-06,Meta,fb_prospect_01,FB – Prospecting Lookalike NL,470.07,147245,1740
2025-10-06,Meta,fb_prospect_02,FB – Prospecting Interest EU,566.49,184055,2175
2025-10-06,Referral,referral_mgm_01,Referral – Member Get Member,2093.25,0,0
2025-10-06,TikTok,tiktok_upper_01,TikTok – Brand Awareness NL,426.96,180491,1365
2025-10-06,TikTok,tiktok_upper_02,TikTok – Brand Awareness EU,394.94,163658,1187
2025-10-07,Google App Campaigns,goog_ac_01,Google – App Campaign NL,335.9,93534,1508
2025-10-07,Google App Campaigns,goog_ac_02,Google – App Campaign EU,392.23,111840,1813
2025-10-07,Google Brand Search,goog_brand_01,Google – Brand Search,109.13,6889,1019
2025-10-07,Google Non-Brand Search,goog_search_01,Google – Non-Brand Search NL,488.77,42350,1608
2025-10-07,Meta,fb_prospect_01,FB – Prospecting Lookalike NL,477.9,158143,1767
2025-10-07,Meta,fb_prospect_02,FB – Prospecting Interest EU,480.92,172304,2096
2025-10-07,Referral,referral_mgm_01,Referral – Member Get Member,2148.72,0,0
2025-10-07,TikTok,tiktok_upper_01,TikTok – Brand Awareness NL,390.74,162385,1411
2025-10-07,TikTok,tiktok_upper_02,TikTok – Brand Awareness EU,409.46,171654,1500
2025-10-08,Google App Campaigns,goog_ac_01,Google – App Campaign NL,342.3,84734,1316
2025-10-08,Google App Campaigns,goog_ac_02,Google – App Campaign EU,349.78,92457,1495
2025-10-08,Google Brand Search,goog_brand_01,Google – Brand Search,109.41,6936,1084
2025-10-08,Google Non-Brand Search,goog_search_01,Google – Non-Brand Search NL,499.97,42446,1531
2025-10-08,Meta,fb_prospect_01,FB – Prospecting Lookalike NL,551.15,171978,1876
2025-10-08,Meta,fb_prospect_02,FB – Prospecting Interest EU,542.81,181945,2142
2025-10-08,Referral,referral_mgm_01,Referral – Member Get Member,1672.92,0,0
2025-10-08,TikTok,tiktok_upper_01,TikTok – Brand Awareness NL,364.06,164800,1424
2025-10-08,TikTok,tiktok_upper_02,TikTok – Brand Awareness EU,383.17,171764,1352
2025-10-09,Google App Campaigns,goog_ac_01,Google – App Campaign NL,321.76,89522,1230
2025-10-09,Google App Campaigns,goog_ac_02,Google – App Campaign EU,365.01,102907,1617
2025-10-09,Google Brand Search,goog_brand_01,Google – Brand Search,121.91,8004,1306
2025-10-09,Google Non-Brand Search,goog_search_01,Google – Non-Brand Search NL,463.17,39250,1489
2025-10-09,Meta,fb_prospect_01,FB – Prospecting Lookalike NL,501.39,170669,1998
2025-10-09,Meta,fb_prospect_02,FB – Prospecting Interest EU,549.84,178836,1931
2025-10-09,Referral,referral_mgm_01,Referral – Member Get Member,1765.0,0,0
2025-10-09,TikTok,tiktok_upper_01,TikTok – Brand Awareness NL,349.52,149878,1294
2025-10-09,TikTok,tiktok_upper_02,TikTok – Brand Awareness EU,405.96,192823,1659
2025-10-10,Google App Campaigns,goog_ac_01,Google – App Campaign NL,391.57,107730,1573
2025-10-10,Google App Campaigns,goog_ac_02,Google – App Campaign EU,449.13,114284,1763
2025-10-10,Google Brand Search,goog_brand_01,Google – Brand Search,138.36,9524,1480
2025-10-10,Google Non-Brand Search,goog_search_01,Google – Non-Brand Search NL,516.59,43492,1556
2025-10-10,Meta,fb_prospect_01,FB – Prospecting Lookalike NL,605.64,208004,2648
2025-10-10,Meta,fb_prospect_02,FB – Prospecting Interest EU,687.09,212346,2687
2025-10-10,Referral,referral_mgm_01,Referral – Member Get Member,1923.31,0,0
2025-10-10,TikTok,tiktok_upper_01,TikTok – Brand Awareness NL,429.28,189029,1393
2025-10-10,TikTok,tiktok_upper_02,TikTok – Brand Awareness EU,419.31,183336,1524
2025-10-11,Google App Campaigns,goog_ac_01,Google – App Campaign NL,444.85,120718,1866
2025-10-11,Google App Campaigns,goog_ac_02,Google – App Campaign EU,402.37,111888,1733
2025-10-11,Google Brand Search,goog_brand_01,Google – Brand Search,159.07,10309,1397
2025-10-11,Google Non-Brand Search,goog_search_01,Google – Non-Brand Search NL,517.29,43775,1471
2025-10-11,Meta,fb_prospect_01,FB – Prospecting Lookalike NL,667.62,212461,2428
2025-10-11,Meta,fb_prospect_02,FB – Prospecting Interest EU,594.77,200550,2341
2025-10-11,Referral,referral_mgm_01,Referral – Member Get Member,1635.16,0,0
2025-10-11,TikTok,tiktok_upper_01,TikTok – Brand Awareness NL,474.25,218551,1850
2025-10-11,TikTok,tiktok_upper_02,TikTok – Brand Awareness EU,506.3,209919,1703
2025-10-12,Google App Campaigns,goog_ac_01,Google – App Campaign NL,427.89,117333,1642
2025-10-12,Google App Campaigns,goog_ac_02,Google – App Campaign EU,460.22,119023,1639
2025-10-12,Google Brand Search,goog_brand_01,Google – Brand Search,157.55,10130,1561
2025-10-12,Google Non-Brand Search,goog_search_01,Google – Non-Brand Search NL,603.79,55430,2088
2025-10-12,Meta,fb_prospect_01,FB – Prospecting Lookalike NL,561.59,186289,2363
2025-10-12,Meta,fb_prospect_02,FB – Prospecting Interest EU,656.42,231158,2647
2025-10-12,Referral,referral_mgm_01,Referral – Member Get Member,2163.64,0,0
2025-10-12,TikTok,tiktok_upper_01,TikTok – Brand Awareness NL,421.17,173174,1358
2025-10-12,TikTok,tiktok_upper_02,TikTok – Brand Awareness EU,493.66,217664,1859
2025-10-13,Google App Campaigns,goog_ac_01,Google – App Campaign NL,367.43,104627,1712
2025-10-13,Google App Campaigns,goog_ac_02,Google – App Campaign EU,396.57,108219,1666
2025-10-13,Google Brand Search,goog_brand_01,Google – Brand Search,106.82,6652,1020
2025-10-13,Google Non-Brand Search,goog_search_01,Google – Non-Brand Search NL,478.96,43306,1548
2025-10-13,Meta,fb_prospect_01,FB – Prospecting Lookalike NL,523.51,185476,2279
2025-10-13,Meta,fb_prospect_02,FB – Prospecting Interest EU,546.6,190158,2083
2025-10-13,Referral,referral_mgm_01,Referral – Member Get Member,1327.38,0,0
2025-10-13,TikTok,tiktok_upper_01,TikTok – Brand Awareness NL,430.0,183277,1458
2025-10-13,TikTok,tiktok_upper_02,TikTok – Brand Awareness EU,421.8,175560,1524
2025-10-14,Google App Campaigns,goog_ac_01,Google – App Campaign NL,363.59,93585,1518
2025-10-14,Google App Campaigns,goog_ac_02,Google – App Campaign EU,366.2,95459,1569
2025-10-14,Google Brand Search,goog_brand_01,Google – Brand Search,133.75,9059,1461
2025-10-14,Google Non-Brand Search,goog_search_01,Google – Non-Brand Search NL,524.45,48695,1803
2025-10-14,Meta,fb_prospect_01,FB – Prospecting Lookalike NL,581.12,205603,2327
2025-10-14,Meta,fb_prospect_02,FB – Prospecting Interest EU,481.34,153042,1687
2025-10-14,Referral,referral_mgm_01,Referral – Member Get Member,1298.84,0,0
2025-10-14,TikTok,tiktok_upper_01,TikTok – Brand Awareness NL,366.88,157876,1185
2025-10-14,TikTok,tiktok_upper_02,TikTok – Brand Awareness EU,411.75,196595,1612
2025-10-15,Google App Campaigns,goog_ac_01,Google – App Campaign NL,316.42,88961,1239
2025-10-15,Google App Campaigns,goog_ac_02,Google – App Campaign EU,339.61,90805,1479
2025-10-15,Google Brand Search,goog_brand_01,Google – Brand Search,120.8,8266,1150
2025-10-15,Google Non-Brand Search,goog_search_01,Google – Non-Brand Search NL,529.55,49199,1799
2025-10-15,Meta,fb_prospect_01,FB – Prospecting Lookalike NL,499.05,154466,1824
2025-10-15,Meta,fb_prospect_02,FB – Prospecting Interest EU,564.41,191562,2377
2025-10-15,Referral,referral_mgm_01,Referral – Member Get Member,2159.2,0,0
2025-10-15,TikTok,tiktok_upper_01,TikTok – Brand Awareness NL,343.89,154162,1233
2025-10-15,TikTok,tiktok_upper_02,TikTok – Brand Awareness EU,341.4,141705,1024
2025-10-16,Google App Campaigns,goog_ac_01,Google – App Campaign NL,380.24,98530,1468
2025-10-16,Google App Campaigns,goog_ac_02,Google – App Campaign EU,369.9,103193,1487
2025-10-16,Google Brand Search,goog_brand_01,Google – Brand Search,118.59,8445,1388
2025-10-16,Google Non-Brand Search,goog_search_01,Google – Non-Brand Search NL,499.22,42856,1542
2025-10-16,Meta,fb_prospect_01,FB – Prospecting Lookalike NL,523.09,166656,2058
2025-10-16,Meta,fb_prospect_02,FB – Prospecting Interest EU,471.43,147178,1687
2025-10-16,Referral,referral_mgm_01,Referral – Member Get Member,1453.62,0,0
2025-10-16,TikTok,tiktok_upper_01,TikTok – Brand Awareness NL,362.73,173713,1522
2025-10-16,TikTok,tiktok_upper_02,TikTok – Brand Awareness EU,367.69,156646,1185
2025-10-17,Google App Campaigns,goog_ac_01,Google – App Campaign NL,467.63,131665,1867
2025-10-17,Google App Campaigns,goog_ac_02,Google – App Campaign EU,431.03,119285,1959
2025-10-17,Google Brand Search,goog_brand_01,Google – Brand Search,136.69,9574,1305
2025-10-17,Google Non-Brand Search,goog_search_01,Google – Non-Brand Search NL,501.07,43306,1467
2025-10-17,Meta,fb_prospect_01,FB – Prospecting Lookalike NL,633.45,219325,2747
2025-10-17,Meta,fb_prospect_02,FB – Prospecting Interest EU,685.86,230788,3005
2025-10-17,Referral,referral_mgm_01,Referral – Member Get Member,2109.47,0,0
2025-10-17,TikTok,tiktok_upper_01,TikTok – Brand Awareness NL,491.12,232784,1726
2025-10-17,TikTok,tiktok_upper_02,TikTok – Brand Awareness EU,477.88,202140,1544
2025-10-18,Google App Campaigns,goog_ac_01,Google – App Campaign NL,449.62,119275,1686
2025-10-18,Google App Campaigns,goog_ac_02,Google – App Campaign EU,381.16,107143,1708
2025-10-18,Google Brand Search,goog_brand_01,Google – Brand Search,145.99,9447,1524
2025-10-18,Google Non-Brand Search,goog_search_01,Google – Non-Brand Search NL,521.63,47444,1738
2025-10-18,Meta,fb_prospect_01,FB – Prospecting Lookalike NL,702.85,243599,3207
2025-10-18,Meta,fb_prospect_02,FB – Prospecting Interest EU,582.58,202320,2452
2025-10-18,Referral,referral_mgm_01,Referral – Member Get Member,1791.18,0,0
2025-10-18,TikTok,tiktok_upper_01,TikTok – Brand Awareness NL,445.25,204590,1605
2025-10-18,TikTok,tiktok_upper_02,TikTok – Brand Awareness EU,421.44,190628,1531
2025-10-19,Google App Campaigns,goog_ac_01,Google – App Campaign NL,421.25,114339,1571
2025-10-19,Google App Campaigns,goog_ac_02,Google – App Campaign EU,387.91,111609,1617
2025-10-19,Google Brand Search,goog_brand_01,Google – Brand Search,143.07,9981,1500
2025-10-19,Google Non-Brand Search,goog_search_01,Google – Non-Brand Search NL,547.13,46699,1681
2025-10-19,Meta,fb_prospect_01,FB – Prospecting Lookalike NL,597.61,209929,2717
2025-10-19,Meta,fb_prospect_02,FB – Prospecting Interest EU,652.87,221045,2444
2025-10-19,Referral,referral_mgm_01,Referral – Member Get Member,1959.05,0,0
2025-10-19,TikTok,tiktok_upper_01,TikTok – Brand Awareness NL,476.55,219262,1807
2025-10-19,TikTok,tiktok_upper_02,TikTok – Brand Awareness EU,485.27,203426,1764
2025-10-20,Google App Campaigns,goog_ac_01,Google – App Campaign NL,363.07,100232,1391
2025-10-20,Google App Campaigns,goog_ac_02,Google – App Campaign EU,368.18,103902,1647
2025-10-20,Google Brand Search,goog_brand_01,Google – Brand Search,132.11,8419,1283
2025-10-20,Google Non-Brand Search,goog_search_01,Google – Non-Brand Search NL,522.4,48073,1646
2025-10-20,Meta,fb_prospect_01,FB – Prospecting Lookalike NL,519.96,164867,1993
2025-10-20,Meta,fb_prospect_02,FB – Prospecting Interest EU,520.05,185901,2046
2025-10-20,Referral,referral_mgm_01,Referral – Member Get Member,1532.52,0,0
2025-10-20,TikTok,tiktok_upper_01,TikTok – Brand Awareness NL,339.34,150399,1095
2025-10-20,TikTok,tiktok_upper_02,TikTok – Brand Awareness EU,414.12,172675,1302
2025-10-21,Google App Campaigns,goog_ac_01,Google – App Campaign NL,396.83,108472,1655
2025-10-21,Google App Campaigns,goog_ac_02,Google – App Campaign EU,315.15,79994,1085
2025-10-21,Google Brand Search,goog_brand_01,Google – Brand Search,125.47,7934,1214
2025-10-21,Google Non-Brand Search,goog_search_01,Google – Non-Brand Search NL,454.08,39357,1385
2025-10-21,Meta,fb_prospect_01,FB – Prospecting Lookalike NL,560.17,192718,2164
2025-10-21,Meta,fb_prospect_02,FB – Prospecting Interest EU,566.94,187824,2272
2025-10-21,Referral,referral_mgm_01,Referral – Member Get Member,1591.89,0,0
2025-10-21,TikTok,tiktok_upper_01,TikTok – Brand Awareness NL,408.48,192359,1666
2025-10-21,TikTok,tiktok_upper_02,TikTok – Brand Awareness EU,345.75,159224,1197
2025-10-22,Google App Campaigns,goog_ac_01,Google – App Campaign NL,327.73,90773,1369
2025-10-22,Google App Campaigns,goog_ac_02,Google – App Campaign EU,323.3,92411,1383
2025-10-22,Google Brand Search,goog_brand_01,Google – Brand Search,126.95,8698,1245
2025-10-22,Google Non-Brand Search,goog_search_01,Google – Non-Brand Search NL,500.82,42506,1379
2025-10-22,Meta,fb_prospect_01,FB – Prospecting Lookalike NL,466.29,151293,1952
2025-10-22,Meta,fb_prospect_02,FB – Prospecting Interest EU,490.41,169299,2076
2025-10-22,Referral,referral_mgm_01,Referral – Member Get Member,1809.45,0,0
2025-10-22,TikTok,tiktok_upper_01,TikTok – Brand Awareness NL,422.43,178283,1471
2025-10-22,TikTok,tiktok_upper_02,TikTok – Brand Awareness EU,342.12,152810,1281
2025-10-23,Google App Campaigns,goog_ac_01,Google – App Campaign NL,395.63,112172,1578
2025-10-23,Google App Campaigns,goog_ac_02,Google – App Campaign EU,337.19,87966,1419
2025-10-23,Google Brand Search,goog_brand_01,Google – Brand Search,131.15,8089,1194
2025-10-23,Google Non-Brand Search,goog_search_01,Google – Non-Brand Search NL,521.52,48599,1623
2025-10-23,Meta,fb_prospect_01,FB – Prospecting Lookalike NL,559.41,187807,2450
2025-10-23,Meta,fb_prospect_02,FB – Prospecting Interest EU,565.08,184086,2193
2025-10-23,Referral,referral_mgm_01,Referral – Member Get Member,1732.03,0,0
2025-10-23,TikTok,tiktok_upper_01,TikTok – Brand Awareness NL,406.7,180899,1403
2025-10-23,TikTok,tiktok_upper_02,TikTok – Brand Awareness EU,410.44,185825,1488
2025-10-24,Google App Campaigns,goog_ac_01,Google – App Campaign NL,423.28,109251,1746
2025-10-24,Google App Campaigns,goog_ac_02,Google – App Campaign EU,385.27,107116,1525
2025-10-24,Google Brand Search,goog_brand_01,Google – Brand Search,148.23,10004,1594
2025-10-24,Google Non-Brand Search,goog_search_01,Google – Non-Brand Search NL,624.54,51122,1809
2025-10-24,Meta,fb_prospect_01,FB – Prospecting Lookalike NL,565.92,188437,2121
2025-10-24,Meta,fb_prospect_02,FB – Prospecting Interest EU,602.72,193747,2420
2025-10-24,Referral,referral_mgm_01,Referral – Member Get Member,1423.2,0,0
2025-10-24,TikTok,tiktok_upper_01,TikTok – Brand Awareness NL,447.27,199906,1618
2025-10-24,TikTok,tiktok_upper_02,TikTok – Brand Awareness EU,430.43,182258,1546
2025-10-25,Google App Campaigns,goog_ac_01,Google – App Campaign NL,426.08,106675,1702
2025-10-25,Google App Campaigns,goog_ac_02,Google – App Campaign EU,438.25,108601,1686
2025-10-25,Google Brand Search,goog_brand_01,Google – Brand Search,152.03,10163,1373
2025-10-25,Google Non-Brand Search,goog_search_01,Google – Non-Brand Search NL,538.05,44529,1591
2025-10-25,Meta,fb_prospect_01,FB – Prospecting Lookalike NL,669.9,233288,3016
2025-10-25,Meta,fb_prospect_02,FB – Prospecting Interest EU,681.99,224217,2770
2025-10-25,Referral,referral_mgm_01,Referral – Member Get Member,1821.42,0,0
2025-10-25,TikTok,tiktok_upper_01,TikTok – Brand Awareness NL,417.91,183227,1571
2025-10-25,TikTok,tiktok_upper_02,TikTok – Brand Awareness EU,503.79,223846,1810
2025-10-26,Google App Campaigns,goog_ac_01,Google – App Campaign NL,381.04,102970,1506
2025-10-26,Google App Campaigns,goog_ac_02,Google – App Campaign EU,469.81,124882,1972
2025-10-26,Google Brand Search,goog_brand_01,Google – Brand Search,157.61,10380,1577
2025-10-26,Google Non-Brand Search,goog_search_01,Google – Non-Brand Search NL,615.03,51155,1768
2025-10-26,Meta,fb_prospect_01,FB – Prospecting Lookalike NL,569.1,188225,2374
2025-10-26,Meta,fb_prospect_02,FB – Prospecting Interest EU,696.92,233090,2716
2025-10-26,Referral,referral_mgm_01,Referral – Member Get Member,2252.37,0,0
2025-10-26,TikTok,tiktok_upper_01,TikTok – Brand Awareness NL,469.3,192111,1666
2025-10-26,TikTok,tiktok_upper_02,TikTok – Brand Awareness EU,435.07,204842,1478
2025-10-27,Google App Campaigns,goog_ac_01,Google – App Campaign NL,316.96,80027,1130
2025-10-27,Google App Campaigns,goog_ac_02,Google – App Campaign EU,351.41,89913,1250
2025-10-27,Google Brand Search,goog_brand_01,Google – Brand Search,113.55,7998,1225
2025-10-27,Google Non-Brand Search,goog_search_01,Google – Non-Brand Search NL,484.08,44707,1621
2025-10-27,Meta,fb_prospect_01,FB – Prospecting Lookalike NL,528.42,163437,1790
2025-10-27,Meta,fb_prospect_02,FB – Prospecting Interest EU,514.26,166893,2048
2025-10-27,Referral,referral_mgm_01,Referral – Member Get Member,1829.85,0,0
2025-10-27,TikTok,tiktok_upper_01,TikTok – Brand Awareness NL,418.39,177995,1535
2025-10-27,TikTok,tiktok_upper_02,TikTok – Brand Awareness EU,374.51,168925,1304
2025-10-28,Google App Campaigns,goog_ac_01,Google – App Campaign NL,360.13,92934,1408
2025-10-28,Google App Campaigns,goog_ac_02,Google – App Campaign EU,393.75,111199,1692
2025-10-28,Google Brand Search,goog_brand_01,Google – Brand Search,119.7,7468,1179
2025-10-28,Google Non-Brand Search,goog_search_01,Google – Non-Brand Search NL,463.7,42525,1613
2025-10-28,Meta,fb_prospect_01,FB – Prospecting Lookalike NL,500.88,157661,1759
2025-10-28,Meta,fb_prospect_02,FB – Prospecting Interest EU,478.03,157806,1704
2025-10-28,Referral,referral_mgm_01,Referral – Member Get Member,2196.12,0,0
2025-10-28,TikTok,tiktok_upper_01,TikTok – Brand Awareness NL,394.57,167307,1269
2025-10-28,TikTok,tiktok_upper_02,TikTok – Brand Awareness EU,381.67,162515,1348
2025-10-29,Google App Campaigns,goog_ac_01,Google – App Campaign NL,328.39,92417,1362
2025-10-29,Google App Campaigns,goog_ac_02,Google – App Campaign EU,388.54,96335,1332
2025-10-29,Google Brand Search,goog_brand_01,Google – Brand Search,117.2,7301,1067
2025-10-29,Google Non-Brand Search,goog_search_01,Google – Non-Brand Search NL,420.81,38015,1418
2025-10-29,Meta,fb_prospect_01,FB – Prospecting Lookalike NL,532.8,186709,2397
2025-10-29,Meta,fb_prospect_02,FB – Prospecting Interest EU,519.65,186970,2179
2025-10-29,Referral,referral_mgm_01,Referral – Member Get Member,2119.15,0,0
2025-10-29,TikTok,tiktok_upper_01,TikTok – Brand Awareness NL,338.89,156994,1150
2025-10-29,TikTok,tiktok_upper_02,TikTok – Brand Awareness EU,347.75,161521,1340
2025-10-30,Google App Campaigns,goog_ac_01,Google – App Campaign NL,380.12,97286,1551
2025-10-30,Google App Campaigns,goog_ac_02,Google – App Campaign EU,353.67,93903,1484
2025-10-30,Google Brand Search,goog_brand_01,Google – Brand Search,124.95,8289,1319
2025-10-30,Google Non-Brand Search,goog_search_01,Google – Non-Brand Search NL,459.75,39156,1261
2025-10-30,Meta,fb_prospect_01,FB – Prospecting Lookalike NL,494.62,162421,1993
2025-10-30,Meta,fb_prospect_02,FB – Prospecting Interest EU,512.76,158090,1791
2025-10-30,Referral,referral_mgm_01,Referral – Member Get Member,1691.37,0,0
2025-10-30,TikTok,tiktok_upper_01,TikTok – Brand Awareness NL,370.0,168218,1385
2025-10-30,TikTok,tiktok_upper_02,TikTok – Brand Awareness EU,347.41,152431,1253
2025-10-31,Google App Campaigns,goog_ac_01,Google – App Campaign NL,434.57,123606,1909
2025-10-31,Google App Campaigns,goog_ac_02,Google – App Campaign EU,394.77,110268,1634
2025-10-31,Google Brand Search,goog_brand_01,Google – Brand Search,141.58,9828,1534
2025-10-31,Google Non-Brand Search,goog_search_01,Google – Non-Brand Search NL,501.28,44463,1653
2025-10-31,Meta,fb_prospect_01,FB – Prospecting Lookalike NL,690.8,212836,2565
2025-10-31,Meta,fb_prospect_02,FB – Prospecting Interest EU,563.22,196138,2217
2025-10-31,Referral,referral_mgm_01,Referral – Member Get Member,1842.63,0,0
2025-10-31,TikTok,tiktok_upper_01,TikTok – Brand Awareness NL,456.12,199956,1534
2025-10-31,TikTok,tiktok_upper_02,TikTok – Brand Awareness EU,427.56,200072,1470
2025-11-01,Google App Campaigns,goog_ac_01,Google – App Campaign NL,431.58,119316,1886
2025-11-01,Google App Campaigns,goog_ac_02,Google – App Campaign EU,412.64,115299,1888
2025-11-01,Google Brand Search,goog_brand_01,Google – Brand Search,155.8,9702,1527
2025-11-01,Google Non-Brand Search,goog_search_01,Google – Non-Brand Search NL,600.53,55188,1904
2025-11-01,Meta,fb_prospect_01,FB – Prospecting Lookalike NL,686.98,221056,2511
2025-11-01,Meta,fb_prospect_02,FB – Prospecting Interest EU,574.57,177892,2337
2025-11-01,Referral,referral_mgm_01,Referral – Member Get Member,1958.53,0,0
2025-11-01,TikTok,tiktok_upper_01,TikTok – Brand Awareness NL,456.03,196948,1646
2025-11-01,TikTok,tiktok_upper_02,TikTok – Brand Awareness EU,446.3,187884,1449
2025-11-02,Google App Campaigns,goog_ac_01,Google – App Campaign NL,425.15,119686,1942
2025-11-02,Google App Campaigns,goog_ac_02,Google – App Campaign EU,391.54,99089,1440
2025-11-02,Google Brand Search,goog_brand_01,Google – Brand Search,130.63,8434,1355
2025-11-02,Google Non-Brand Search,goog_search_01,Google – Non-Brand Search NL,604.42,56949,2024
2025-11-02,Meta,fb_prospect_01,FB – Prospecting Lookalike NL,694.87,236885,3047
2025-11-02,Meta,fb_prospect_02,FB – Prospecting Interest EU,679.18,239480,2783
2025-11-02,Referral,referral_mgm_01,Referral – Member Get Member,1762.88,0,0
2025-11-02,TikTok,tiktok_upper_01,TikTok – Brand Awareness NL,445.54,200107,1725
2025-11-02,TikTok,tiktok_upper_02,TikTok – Brand Awareness EU,472.41,194022,1621
2025-11-03,Google App Campaigns,goog_ac_01,Google – App Campaign NL,383.42,106926,1582
2025-11-03,Google App Campaigns,goog_ac_02,Google – App Campaign EU,390.18,102054,1641
2025-11-03,Google Brand Search,goog_brand_01,Google – Brand Search,131.56,9129,1415
2025-11-03,Google Non-Brand Search,goog_search_01,Google – Non-Brand Search NL,419.82,36404,1364
2025-11-03,Meta,fb_prospect_01,FB – Prospecting Lookalike NL,501.39,179259,2121
2025-11-03,Meta,fb_prospect_02,FB – Prospecting Interest EU,517.64,162968,1878
2025-11-03,Referral,referral_mgm_01,Referral – Member Get Member,1890.08,0,0
2025-11-03,TikTok,tiktok_upper_01,TikTok – Brand Awareness NL,369.95,153972,1182
2025-11-03,TikTok,tiktok_upper_02,TikTok – Brand Awareness EU,412.27,183039,1367
2025-11-04,Google App Campaigns,goog_ac_01,Google – App Campaign NL,388.08,96129,1409
2025-11-04,Google App Campaigns,goog_ac_02,Google – App Campaign EU,382.18,100407,1603
2025-11-04,Google Brand Search,goog_brand_01,Google – Brand Search,131.26,8181,1187
2025-11-04,Google Non-Brand Search,goog_search_01,Google – Non-Brand Search NL,427.63,38081,1353
2025-11-04,Meta,fb_prospect_01,FB – Prospecting Lookalike NL,573.52,190372,2136
2025-11-04,Meta,fb_prospect_02,FB – Prospecting Interest EU,489.04,172038,1861
2025-11-04,Referral,referral_mgm_01,Referral – Member Get Member,1813.13,0,0
2025-11-04,TikTok,tiktok_upper_01,TikTok – Brand Awareness NL,413.08,189687,1442
2025-11-04,TikTok,tiktok_upper_02,TikTok – Brand Awareness EU,380.89,173636,1413
2025-11-05,Google App Campaigns,goog_ac_01,Google – App Campaign NL,338.76,97217,1471
2025-11-05,Google App Campaigns,goog_ac_02,Google – App Campaign EU,328.82,87727,1353
2025-11-05,Google Brand Search,goog_brand_01,Google – Brand Search,118.66,7303,1180
2025-11-05,Google Non-Brand Search,goog_search_01,Google – Non-Brand Search NL,510.26,47621,1515
2025-11-05,Meta,fb_prospect_01,FB – Prospecting Lookalike NL,570.18,201299,2560
2025-11-05,Meta,fb_prospect_02,FB – Prospecting Interest EU,565.14,199822,2211
2025-11-05,Referral,referral_mgm_01,Referral – Member Get Member,1798.08,0,0
2025-11-05,TikTok,tiktok_upper_01,TikTok – Brand Awareness NL,398.69,190801,1632
2025-11-05,TikTok,tiktok_upper_02,TikTok – Brand Awareness EU,415.93,185365,1501
2025-11-06,Google App Campaigns,goog_ac_01,Google – App Campaign NL,340.92,95693,1333
2025-11-06,Google App Campaigns,goog_ac_02,Google – App Campaign EU,379.55,96087,1449
2025-11-06,Google Brand Search,goog_brand_01,Google – Brand Search,128.51,8667,1418
2025-11-06,Google Non-Brand Search,goog_search_01,Google – Non-Brand Search NL,452.63,41117,1356
2025-11-06,Meta,fb_prospect_01,FB – Prospecting Lookalike NL,540.89,168477,1967
2025-11-06,Meta,fb_prospect_02,FB – Prospecting Interest EU,530.87,172006,2171
2025-11-06,Referral,referral_mgm_01,Referral – Member Get Member,1823.84,0,0
2025-11-06,TikTok,tiktok_upper_01,TikTok – Brand Awareness NL,353.95,160454,1301
2025-11-06,TikTok,tiktok_upper_02,TikTok – Brand Awareness EU,395.57,177591,1481
2025-11-07,Google App Campaigns,goog_ac_01,Google – App Campaign NL,424.14,119433,1685
2025-11-07,Google App Campaigns,goog_ac_02,Google – App Campaign EU,414.16,119106,1933
2025-11-07,Google Brand Search,goog_brand_01,Google – Brand Search,158.65,10477,1545
2025-11-07,Google Non-Brand Search,goog_search_01,Google – Non-Brand Search NL,504.12,45027,1438
2025-11-07,Meta,fb_prospect_01,FB – Prospecting Lookalike NL,666.86,205373,2428
2025-11-07,Meta,fb_prospect_02,FB – Prospecting Interest EU,652.94,216275,2459
2025-11-07,Referral,referral_mgm_01,Referral – Member Get Member,2051.29,0,0
2025-11-07,TikTok,tiktok_upper_01,TikTok – Brand Awareness NL,484.22,218905,1866
2025-11-07,TikTok,tiktok_upper_02,TikTok – Brand Awareness EU,429.8,195079,1525
2025-11-08,Google App Campaigns,goog_ac_01,Google – App Campaign NL,458.11,122176,1854
2025-11-08,Google App Campaigns,goog_ac_02,Google – App Campaign EU,434.41,107615,1533
2025-11-08,Google Brand Search,goog_brand_01,Google – Brand Search,159.37,9852,1462
2025-11-08,Google Non-Brand Search,goog_search_01,Google – Non-Brand Search NL,602.38,52792,1869
2025-11-08,Meta,fb_prospect_01,FB – Prospecting Lookalike NL,681.53,215731,2419
2025-11-08,Meta,fb_prospect_02,FB – Prospecting Interest EU,618.03,215441,2356
2025-11-08,Referral,referral_mgm_01,Referral – Member Get Member,1898.05,0,0
2025-11-08,TikTok,tiktok_upper_01,TikTok – Brand Awareness NL,435.69,195772,1454
2025-11-08,TikTok,tiktok_upper_02,TikTok – Brand Awareness EU,493.86,219184,1776
2025-11-09,Google App Campaigns,goog_ac_01,Google – App Campaign NL,409.25,106579,1639
2025-11-09,Google App Campaigns,goog_ac_02,Google – App Campaign EU,391.57,98039,1396
2025-11-09,Google Brand Search,goog_brand_01,Google – Brand Search,133.47,8462,1307
2025-11-09,Google Non-Brand Search,goog_search_01,Google – Non-Brand Search NL,600.47,52235,1830
2025-11-09,Meta,fb_prospect_01,FB – Prospecting Lookalike NL,559.72,200928,2572
2025-11-09,Meta,fb_prospect_02,FB – Prospecting Interest EU,586.81,198718,2526
2025-11-09,Referral,referral_mgm_01,Referral – Member Get Member,1483.86,0,0
2025-11-09,TikTok,tiktok_upper_01,TikTok – Brand Awareness NL,445.46,185515,1617
2025-11-09,TikTok,tiktok_upper_02,TikTok – Brand Awareness EU,511.83,220618,1921
2025-11-10,Google App Campaigns,goog_ac_01,Google – App Campaign NL,353.01,98689,1566
2025-11-10,Google App Campaigns,goog_ac_02,Google – App Campaign EU,365.09,104800,1560
2025-11-10,Google Brand Search,goog_brand_01,Google – Brand Search,110.68,6870,994
2025-11-10,Google Non-Brand Search,goog_search_01,Google – Non-Brand Search NL,420.71,39307,1298
2025-11-10,Meta,fb_prospect_01,FB – Prospecting Lookalike NL,469.0,166170,1901
2025-11-10,Meta,fb_prospect_02,FB – Prospecting Interest EU,467.36,157341,1783
2025-11-10,Referral,referral_mgm_01,Referral – Member Get Member,1899.58,0,0
2025-11-10,TikTok,tiktok_upper_01,TikTok – Brand Awareness NL,347.91,158778,1244
2025-11-10,TikTok,tiktok_upper_02,TikTok – Brand Awareness EU,399.78,174316,1490
2025-11-11,Google App Campaigns,goog_ac_01,Google – App Campaign NL,332.34,91006,1404
2025-11-11,Google App Campaigns,goog_ac_02,Google – App Campaign EU,387.27,100193,1577
2025-11-11,Google Brand Search,goog_brand_01,Google – Brand Search,125.04,8035,1193
2025-11-11,Google Non-Brand Search,goog_search_01,Google – Non-Brand Search NL,501.61,42726,1531
2025-11-11,Meta,fb_prospect_01,FB – Prospecting Lookalike NL,480.95,162620,1794
2025-11-11,Meta,fb_prospect_02,FB – Prospecting Interest EU,508.72,172952,2191
2025-11-11,Referral,referral_mgm_01,Referral – Member Get Member,1793.45,0,0
2025-11-11,TikTok,tiktok_upper_01,TikTok – Brand Awareness NL,367.98,158385,1290
2025-11-11,TikTok,tiktok_upper_02,TikTok – Brand Awareness EU,407.18,193643,1423
2025-11-12,Google App Campaigns,goog_ac_01,Google – App Campaign NL,324.99,90428,1398
2025-11-12,Google App Campaigns,goog_ac_02,Google – App Campaign EU,389.4,99853,1498
2025-11-12,Google Brand Search,goog_brand_01,Google – Brand Search,123.54,8542,1225
2025-11-12,Google Non-Brand Search,goog_search_01,Google – Non-Brand Search NL,420.67,39859,1443
2025-11-12,Meta,fb_prospect_01,FB – Prospecting Lookalike NL,547.73,182608,2209
2025-11-12,Meta,fb_prospect_02,FB – Prospecting Interest EU,501.7,162238,2041
2025-11-12,Referral,referral_mgm_01,Referral – Member Get Member,2302.74,0,0
2025-11-12,TikTok,tiktok_upper_01,TikTok – Brand Awareness NL,378.08,175388,1262
2025-11-12,TikTok,tiktok_upper_02,TikTok – Brand Awareness EU,384.09,162084,1334
2025-11-13,Google App Campaigns,goog_ac_01,Google – App Campaign NL,387.89,99143,1386
2025-11-13,Google App Campaigns,goog_ac_02,Google – App Campaign EU,319.79,88160,1239
2025-11-13,Google Brand Search,goog_brand_01,Google – Brand Search,132.71,8828,1260
2025-11-13,Google Non-Brand Search,goog_search_01,Google – Non-Brand Search NL,438.68,36932,1241
2025-11-13,Meta,fb_prospect_01,FB – Prospecting Lookalike NL,563.85,181764,2216
2025-11-13,Meta,fb_prospect_02,FB – Prospecting Interest EU,477.14,165513,1848
2025-11-13,Referral,referral_mgm_01,Referral – Member Get Member,1448.96,0,0
2025-11-13,TikTok,tiktok_upper_01,TikTok – Brand Awareness NL,393.57,183341,1345
2025-11-13,TikTok,tiktok_upper_02,TikTok – Brand Awareness EU,426.28,201336,1759
2025-11-14,Google App Campaigns,goog_ac_01,Google – App Campaign NL,395.35,110389,1775
2025-11-14,Google App Campaigns,goog_ac_02,Google – App Campaign EU,476.72,133400,1850
2025-11-14,Google Brand Search,goog_brand_01,Google – Brand Search,132.43,9444,1318
2025-11-14,Google Non-Brand Search,goog_search_01,Google – Non-Brand Search NL,628.51,58682,1934
2025-11-14,Meta,fb_prospect_01,FB – Prospecting Lookalike NL,602.56,208914,2288
2025-11-14,Meta,fb_prospect_02,FB – Prospecting Interest EU,657.02,223229,2882
2025-11-14,Referral,referral_mgm_01,Referral – Member Get Member,2036.0,0,0
2025-11-14,TikTok,tiktok_upper_01,TikTok – Brand Awareness NL,424.35,174082,1354
2025-11-14,TikTok,tiktok_upper_02,TikTok – Brand Awareness EU,417.68,171586,1263
2025-11-15,Google App Campaigns,goog_ac_01,Google – App Campaign NL,389.08,98787,1572
2025-11-15,Google App Campaigns,goog_ac_02,Google – App Campaign EU,401.8,102385,1587
2025-11-15,Google Brand Search,goog_brand_01,Google – Brand Search,136.68,9254,1489
2025-11-15,Google Non-Brand Search,goog_search_01,Google – Non-Brand Search NL,553.81,51869,1865
2025-11-15,Meta,fb_prospect_01,FB – Prospecting Lookalike NL,690.54,218703,2418
2025-11-15,Meta,fb_prospect_02,FB – Prospecting Interest EU,584.07,181562,2387
2025-11-15,Referral,referral_mgm_01,Referral – Member Get Member,1978.1,0,0
2025-11-15,TikTok,tiktok_upper_01,TikTok – Brand Awareness NL,491.45,215111,1796
2025-11-15,TikTok,tiktok_upper_02,TikTok – Brand Awareness EU,415.66,191389,1534
2025-11-16,Google App Campaigns,goog_ac_01,Google – App Campaign NL,471.52,122016,1747
2025-11-16,Google App Campaigns,goog_ac_02,Google – App Campaign EU,386.83,104430,1492
2025-11-16,Google Brand Search,goog_brand_01,Google – Brand Search,146.27,9332,1263
2025-11-16,Google Non-Brand Search,goog_search_01,Google – Non-Brand Search NL,614.3,56200,1771
2025-11-16,Meta,fb_prospect_01,FB – Prospecting Lookalike NL,623.19,194276,2435
2025-11-16,Meta,fb_prospect_02,FB – Prospecting Interest EU,646.3,209467,2300
2025-11-16,Referral,referral_mgm_01,Referral – Member Get Member,2046.56,0,0
2025-11-16,TikTok,tiktok_upper_01,TikTok – Brand Awareness NL,445.81,205633,1617
2025-11-16,TikTok,tiktok_upper_02,TikTok – Brand Awareness EU,465.56,214651,1566
2025-11-17,Google App Campaigns,goog_ac_01,Google – App Campaign NL,353.17,90864,1269
2025-11-17,Google App Campaigns,goog_ac_02,Google – App Campaign EU,363.25,102975,1616
2025-11-17,Google Brand Search,goog_brand_01,Google – Brand Search,114.47,7837,1125
2025-11-17,Google Non-Brand Search,goog_search_01,Google – Non-Brand Search NL,427.16,37366,1177
2025-11-17,Meta,fb_prospect_01,FB – Prospecting Lookalike NL,530.85,167478,2015
2025-11-17,Meta,fb_prospect_02,FB – Prospecting Interest EU,582.88,191936,2268
2025-11-17,Referral,referral_mgm_01,Referral – Member Get Member,2101.29,0,0
2025-11-17,TikTok,tiktok_upper_01,TikTok – Brand Awareness NL,395.0,167266,1444
2025-11-17,TikTok,tiktok_upper_02,TikTok – Brand Awareness EU,390.76,165590,1450
2025-11-18,Google App Campaigns,goog_ac_01,Google – App Campaign NL,394.27,102228,1606
2025-11-18,Google App Campaigns,goog_ac_02,Google – App Campaign EU,341.96,97802,1331
2025-11-18,Google Brand Search,goog_brand_01,Google – Brand Search,113.54,8051,1286
2025-11-18,Google Non-Brand Search,goog_search_01,Google – Non-Brand Search NL,456.35,42948,1435
2025-11-18,Meta,fb_prospect_01,FB – Prospecting Lookalike NL,563.82,189956,2186
2025-11-18,Meta,fb_prospect_02,FB – Prospecting Interest EU,499.57,176523,1929
2025-11-18,Referral,referral_mgm_01,Referral – Member Get Member,1903.0,0,0
2025-11-18,TikTok,tiktok_upper_01,TikTok – Brand Awareness NL,415.39,183948,1520
2025-11-18,TikTok,tiktok_upper_02,TikTok – Brand Awareness EU,419.38,191842,1655
2025-11-19,Google App Campaigns,goog_ac_01,Google – App Campaign NL,384.13,98587,1614
2025-11-19,Google App Campaigns,goog_ac_02,Google – App Campaign EU,336.63,86789,1271
2025-11-19,Google Brand Search,goog_brand_01,Google – Brand Search,131.36,8393,1175
2025-11-19,Google Non-Brand Search,goog_search_01,Google – Non-Brand Search NL,434.95,39818,1408
2025-11-19,Meta,fb_prospect_01,FB – Prospecting Lookalike NL,521.19,166942,2144
2025-11-19,Meta,fb_prospect_02,FB – Prospecting Interest EU,531.87,169208,2203
2025-11-19,Referral,referral_mgm_01,Referral – Member Get Member,1925.2,0,0
2025-11-19,TikTok,tiktok_upper_01,TikTok – Brand Awareness NL,347.67,156502,1182
2025-11-19,TikTok,tiktok_upper_02,TikTok – Brand Awareness EU,357.75,161935,1197
2025-11-20,Google App Campaigns,goog_ac_01,Google – App Campaign NL,370.19,93979,1421
2025-11-20,Google App Campaigns,goog_ac_02,Google – App Campaign EU,314.99,84115,1234
2025-11-20,Google Brand Search,goog_brand_01,Google – Brand Search,128.34,8954,1386
2025-11-20,Google Non-Brand Search,goog_search_01,Google – Non-Brand Search NL,516.18,47510,1507
2025-11-20,Meta,fb_prospect_01,FB – Prospecting Lookalike NL,492.6,154759,1830
2025-11-20,Meta,fb_prospect_02,FB – Prospecting Interest EU,566.46,183699,1987
2025-11-20,Referral,referral_mgm_01,Referral – Member Get Member,1896.78,0,0
2025-11-20,TikTok,tiktok_upper_01,TikTok – Brand Awareness NL,370.97,155539,1355
2025-11-20,TikTok,tiktok_upper_02,TikTok – Brand Awareness EU,404.04,188083,1578
2025-11-21,Google App Campaigns,goog_ac_01,Google – App Campaign NL,469.54,122089,1836
2025-11-21,Google App Campaigns,goog_ac_02,Google – App Campaign EU,425.67,121205,1732
2025-11-21,Google Brand Search,goog_brand_01,Google – Brand Search,130.69,8307,1357
2025-11-21,Google Non-Brand Search,goog_search_01,Google – Non-Brand Search NL,544.89,49675,1872
2025-11-21,Meta,fb_prospect_01,FB – Prospecting Lookalike NL,698.6,237173,2739
2025-11-21,Meta,fb_prospect_02,FB – Prospecting Interest EU,696.76,239695,2741
2025-11-21,Referral,referral_mgm_01,Referral – Member Get Member,2027.46,0,0
2025-11-21,TikTok,tiktok_upper_01,TikTok – Brand Awareness NL,508.28,236862,1787
2025-11-21,TikTok,tiktok_upper_02,TikTok – Brand Awareness EU,447.7,194199,1554
2025-11-22,Google App Campaigns,goog_ac_01,Google – App Campaign NL,389.59,98573,1396
2025-11-22,Google App Campaigns,goog_ac_02,Google – App Campaign EU,417.71,114160,1846
2025-11-22,Google Brand Search,goog_brand_01,Google – Brand Search,154.39,9650,1389
2025-11-22,Google Non-Brand Search,goog_search_01,Google – Non-Brand Search NL,570.94,51013,1720
2025-11-22,Meta,fb_prospect_01,FB – Prospecting Lookalike NL,671.75,207943,2654
2025-11-22,Meta,fb_prospect_02,FB – Prospecting Interest EU,563.18,199168,2171
2025-11-22,Referral,referral_mgm_01,Referral – Member Get Member,2614.17,0,0
2025-11-22,TikTok,tiktok_upper_01,TikTok – Brand Awareness NL,491.47,213051,1655
2025-11-22,TikTok,tiktok_upper_02,TikTok – Brand Awareness EU,457.43,208955,1691
2025-11-23,Google App Campaigns,goog_ac_01,Google – App Campaign NL,468.4,123185,1772
2025-11-23,Google App Campaigns,goog_ac_02,Google – App Campaign EU,445.54,122953,1771
2025-11-23,Google Brand Search,goog_brand_01,Google – Brand Search,159.79,10509,1732
2025-11-23,Google Non-Brand Search,goog_search_01,Google – Non-Brand Search NL,547.39,45980,1639
2025-11-23,Meta,fb_prospect_01,FB – Prospecting Lookalike NL,572.29,194061,2259
2025-11-23,Meta,fb_prospect_02,FB – Prospecting Interest EU,689.93,237613,2599
2025-11-23,Referral,referral_mgm_01,Referral – Member Get Member,2081.95,0,0
2025-11-23,TikTok,tiktok_upper_01,TikTok – Brand Awareness NL,416.23,176531,1436
2025-11-23,TikTok,tiktok_upper_02,TikTok – Brand Awareness EU,419.43,174500,1486
2025-11-24,Google App Campaigns,goog_ac_01,Google – App Campaign NL,362.56,97748,1386
2025-11-24,Google App Campaigns,goog_ac_02,Google – App Campaign EU,377.95,94142,1446
2025-11-24,Google Brand Search,goog_brand_01,Google – Brand Search,124.98,8252,1310
2025-11-24,Google Non-Brand Search,goog_search_01,Google – Non-Brand Search NL,464.57,38831,1395
2025-11-24,Meta,fb_prospect_01,FB – Prospecting Lookalike NL,472.79,160161,2112
2025-11-24,Meta,fb_prospect_02,FB – Prospecting Interest EU,509.22,160586,1837
2025-11-24,Referral,referral_mgm_01,Referral – Member Get Member,2369.54,0,0
2025-11-24,TikTok,tiktok_upper_01,TikTok – Brand Awareness NL,354.18,164870,1430
2025-11-24,TikTok,tiktok_upper_02,TikTok – Brand Awareness EU,401.33,167218,1290
2025-11-25,Google App Campaigns,goog_ac_01,Google – App Campaign NL,345.22,92185,1306
2025-11-25,Google App Campaigns,goog_ac_02,Google – App Campaign EU,360.0,100647,1423
2025-11-25,Google Brand Search,goog_brand_01,Google – Brand Search,125.82,8654,1266
2025-11-25,Google Non-Brand Search,goog_search_01,Google – Non-Brand Search NL,479.07,41592,1527
2025-11-25,Meta,fb_prospect_01,FB – Prospecting Lookalike NL,559.71,174827,2105
2025-11-25,Meta,fb_prospect_02,FB – Prospecting Interest EU,466.4,157676,2055
2025-11-25,Referral,referral_mgm_01,Referral – Member Get Member,1940.52,0,0
2025-11-25,TikTok,tiktok_upper_01,TikTok – Brand Awareness NL,384.86,165184,1440
2025-11-25,TikTok,tiktok_upper_02,TikTok – Brand Awareness EU,424.92,176634,1539
2025-11-26,Google App Campaigns,goog_ac_01,Google – App Campaign NL,362.06,101507,1589
2025-11-26,Google App Campaigns,goog_ac_02,Google – App Campaign EU,358.65,93548,1263
2025-11-26,Google Brand Search,goog_brand_01,Google – Brand Search,127.25,8494,1225
2025-11-26,Google Non-Brand Search,goog_search_01,Google – Non-Brand Search NL,444.72,42387,1416
2025-11-26,Meta,fb_prospect_01,FB – Prospecting Lookalike NL,469.03,167912,1837
2025-11-26,Meta,fb_prospect_02,FB – Prospecting Interest EU,575.77,195371,2540
2025-11-26,Referral,referral_mgm_01,Referral – Member Get Member,1726.23,0,0
2025-11-26,TikTok,tiktok_upper_01,TikTok – Brand Awareness NL,393.15,178956,1482
2025-11-26,TikTok,tiktok_upper_02,TikTok – Brand Awareness EU,390.94,183948,1397
2025-11-27,Google App Campaigns,goog_ac_01,Google – App Campaign NL,325.46,90921,1371
2025-11-27,Google App Campaigns,goog_ac_02,Google – App Campaign EU,313.96,84296,1259
2025-11-27,Google Brand Search,goog_brand_01,Google – Brand Search,115.66,7942,1230
2025-11-27,Google Non-Brand Search,goog_search_01,Google – Non-Brand Search NL,489.24,40251,1277
2025-11-27,Meta,fb_prospect_01,FB – Prospecting Lookalike NL,549.47,171678,2184
2025-11-27,Meta,fb_prospect_02,FB – Prospecting Interest EU,540.76,168741,1937
2025-11-27,Referral,referral_mgm_01,Referral – Member Get Member,1503.77,0,0
2025-11-27,TikTok,tiktok_upper_01,TikTok – Brand Awareness NL,429.26,176953,1438
2025-11-27,TikTok,tiktok_upper_02,TikTok – Brand Awareness EU,380.45,157631,1188
2025-11-28,Google App Campaigns,goog_ac_01,Google – App Campaign NL,428.87,105795,1621
2025-11-28,Google App Campaigns,goog_ac_02,Google – App Campaign EU,453.5,129757,1830
2025-11-28,Google Brand Search,goog_brand_01,Google – Brand Search,140.78,9087,1428
2025-11-28,Google Non-Brand Search,goog_search_01,Google – Non-Brand Search NL,527.92,45460,1715
2025-11-28,Meta,fb_prospect_01,FB – Prospecting Lookalike NL,590.55,197489,2234
2025-11-28,Meta,fb_prospect_02,FB – Prospecting Interest EU,639.73,201266,2369
2025-11-28,Referral,referral_mgm_01,Referral – Member Get Member,2107.86,0,0
2025-11-28,TikTok,tiktok_upper_01,TikTok – Brand Awareness NL,436.28,185093,1534
2025-11-28,TikTok,tiktok_upper_02,TikTok – Brand Awareness EU,408.5,183204,1442
2025-11-29,Google App Campaigns,goog_ac_01,Google – App Campaign NL,450.43,115209,1703
2025-11-29,Google App Campaigns,goog_ac_02,Google – App Campaign EU,416.18,102738,1513
2025-11-29,Google Brand Search,goog_brand_01,Google – Brand Search,131.69,8780,1391
2025-11-29,Google Non-Brand Search,goog_search_01,Google – Non-Brand Search NL,546.56,44726,1673
2025-11-29,Meta,fb_prospect_01,FB – Prospecting Lookalike NL,650.63,217720,2420
2025-11-29,Meta,fb_prospect_02,FB – Prospecting Interest EU,687.72,238577,3103
2025-11-29,Referral,referral_mgm_01,Referral – Member Get Member,1634.86,0,0
2025-11-29,TikTok,tiktok_upper_01,TikTok – Brand Awareness NL,409.71,183515,1453
2025-11-29,TikTok,tiktok_upper_02,TikTok – Brand Awareness EU,474.61,218736,1687
2025-11-30,Google App Campaigns,goog_ac_01,Google – App Campaign NL,475.8,128596,2083
2025-11-30,Google App Campaigns,goog_ac_02,Google – App Campaign EU,442.37,111958,1779
2025-11-30,Google Brand Search,goog_brand_01,Google – Brand Search,138.23,9689,1325
2025-11-30,Google Non-Brand Search,goog_search_01,Google – Non-Brand Search NL,593.99,56836,1886
2025-11-30,Meta,fb_prospect_01,FB – Prospecting Lookalike NL,559.53,189731,2151
2025-11-30,Meta,fb_prospect_02,FB – Prospecting Interest EU,672.47,230607,2918
2025-11-30,Referral,referral_mgm_01,Referral – Member Get Member,2067.63,0,0
2025-11-30,TikTok,tiktok_upper_01,TikTok – Brand Awareness NL,472.35,198826,1627
2025-11-30,TikTok,tiktok_upper_02,TikTok – Brand Awareness EU,489.29,229805,1771
2025-12-01,Google App Campaigns,goog_ac_01,Google – App Campaign NL,324.48,83493,1363
2025-12-01,Google App Campaigns,goog_ac_02,Google – App Campaign EU,339.55,86998,1427
2025-12-01,Google Brand Search,goog_brand_01,Google – Brand Search,128.28,9077,1430
2025-12-01,Google Non-Brand Search,goog_search_01,Google – Non-Brand Search NL,426.0,35810,1237
2025-12-01,Meta,fb_prospect_01,FB – Prospecting Lookalike NL,556.1,192266,2376
2025-12-01,Meta,fb_prospect_02,FB – Prospecting Interest EU,513.6,158279,2013
2025-12-01,Referral,referral_mgm_01,Referral – Member Get Member,1728.44,0,0
2025-12-01,TikTok,tiktok_upper_01,TikTok – Brand Awareness NL,396.28,177123,1322
2025-12-01,TikTok,tiktok_upper_02,TikTok – Brand Awareness EU,353.14,164740,1189
2025-12-02,Google App Campaigns,goog_ac_01,Google – App Campaign NL,340.08,83449,1370
2025-12-02,Google App Campaigns,goog_ac_02,Google – App Campaign EU,349.14,92075,1439
2025-12-02,Google Brand Search,goog_brand_01,Google – Brand Search,129.43,8605,1334
2025-12-02,Google Non-Brand Search,goog_search_01,Google – Non-Brand Search NL,484.85,41731,1343
2025-12-02,Meta,fb_prospect_01,FB – Prospecting Lookalike NL,500.18,175468,2159
2025-12-02,Meta,fb_prospect_02,FB – Prospecting Interest EU,474.66,160821,2112
2025-12-02,Referral,referral_mgm_01,Referral – Member Get Member,2141.48,0,0
2025-12-02,TikTok,tiktok_upper_01,TikTok – Brand Awareness NL,427.88,175467,1436
2025-12-02,TikTok,tiktok_upper_02,TikTok – Brand Awareness EU,348.64,165124,1434
2025-12-03,Google App Campaigns,goog_ac_01,Google – App Campaign NL,328.31,90266,1444
2025-12-03,Google App Campaigns,goog_ac_02,Google – App Campaign EU,382.05,99367,1628
2025-12-03,Google Brand Search,goog_brand_01,Google – Brand Search,121.05,8402,1287
2025-12-03,Google Non-Brand Search,goog_search_01,Google – Non-Brand Search NL,429.9,38176,1350
2025-12-03,Meta,fb_prospect_01,FB – Prospecting Lookalike NL,502.63,171871,2237
2025-12-03,Meta,fb_prospect_02,FB – Prospecting Interest EU,587.08,193085,2335
2025-12-03,Referral,referral_mgm_01,Referral – Member Get Member,2181.46,0,0
2025-12-03,TikTok,tiktok_upper_01,TikTok – Brand Awareness NL,417.22,171122,1466
2025-12-03,TikTok,tiktok_upper_02,TikTok – Brand Awareness EU,407.21,193920,1468
2025-12-04,Google App Campaigns,goog_ac_01,Google – App Campaign NL,337.37,83681,1307
2025-12-04,Google App Campaigns,goog_ac_02,Google – App Campaign EU,336.98,86964,1432
2025-12-04,Google Brand Search,goog_brand_01,Google – Brand Search,113.96,6996,1123
2025-12-04,Google Non-Brand Search,goog_search_01,Google – Non-Brand Search NL,460.04,40961,1400
2025-12-04,Meta,fb_prospect_01,FB – Prospecting Lookalike NL,468.44,163288,1957
2025-12-04,Meta,fb_prospect_02,FB – Prospecting Interest EU,529.89,175752,2010
2025-12-04,Referral,referral_mgm_01,Referral – Member Get Member,1649.53,0,0
2025-12-04,TikTok,tiktok_upper_01,TikTok – Brand Awareness NL,345.03,145491,1170
2025-12-04,TikTok,tiktok_upper_02,TikTok – Brand Awareness EU,401.93,179040,1390
2025-12-05,Google App Campaigns,goog_ac_01,Google – App Campaign NL,378.47,102327,1532
2025-12-05,Google App Campaigns,goog_ac_02,Google – App Campaign EU,398.57,106122,1435
2025-12-05,Google Brand Search,goog_brand_01,Google – Brand Search,153.84,10605,1713
2025-12-05,Google Non-Brand Search,goog_search_01,Google – Non-Brand Search NL,635.64,54983,1916
2025-12-05,Meta,fb_prospect_01,FB – Prospecting Lookalike NL,623.64,219414,2406
2025-12-05,Meta,fb_prospect_02,FB – Prospecting Interest EU,704.03,237711,2792
2025-12-05,Referral,referral_mgm_01,Referral – Member Get Member,1542.23,0,0
2025-12-05,TikTok,tiktok_upper_01,TikTok – Brand Awareness NL,457.83,210638,1839
2025-12-05,TikTok,tiktok_upper_02,TikTok – Brand Awareness EU,405.82,185415,1369
2025-12-06,Google App Campaigns,goog_ac_01,Google – App Campaign NL,452.08,126481,2020
2025-12-06,Google App Campaigns,goog_ac_02,Google – App Campaign EU,378.71,93793,1321
2025-12-06,Google Brand Search,goog_brand_01,Google – Brand Search,160.35,9994,1581
2025-12-06,Google Non-Brand Search,goog_search_01,Google – Non-Brand Search NL,588.74,53369,1801
2025-12-06,Meta,fb_prospect_01,FB – Prospecting Lookalike NL,555.14,197306,2470
2025-12-06,Meta,fb_prospect_02,FB – Prospecting Interest EU,639.9,210872,2776
2025-12-06,Referral,referral_mgm_01,Referral – Member Get Member,1862.77,0,0
2025-12-06,TikTok,tiktok_upper_01,TikTok – Brand Awareness NL,509.61,215229,1683
2025-12-06,TikTok,tiktok_upper_02,TikTok – Brand Awareness EU,481.46,198404,1655
2025-12-07,Google App Campaigns,goog_ac_01,Google – App Campaign NL,450.24,112581,1789
2025-12-07,Google App Campaigns,goog_ac_02,Google – App Campaign EU,411.12,117272,1795
2025-12-07,Google Brand Search,goog_brand_01,Google – Brand Search,157.04,11219,1747
2025-12-07,Google Non-Brand Search,goog_search_01,Google – Non-Brand Search NL,503.24,46409,1504
2025-12-07,Meta,fb_prospect_01,FB – Prospecting Lookalike NL,632.56,214443,2504
2025-12-07,Meta,fb_prospect_02,FB – Prospecting Interest EU,647.48,213551,2755
2025-12-07,Referral,referral_mgm_01,Referral – Member Get Member,1753.51,0,0
2025-12-07,TikTok,tiktok_upper_01,TikTok – Brand Awareness NL,458.69,201214,1456
2025-12-07,TikTok,tiktok_upper_02,TikTok – Brand Awareness EU,485.99,225380,1737
2025-12-08,Google App Campaigns,goog_ac_01,Google – App Campaign NL,382.63,100770,1652
2025-12-08,Google App Campaigns,goog_ac_02,Google – App Campaign EU,390.83,108547,1494
2025-12-08,Google Brand Search,goog_brand_01,Google – Brand Search,130.99,8603,1411
2025-12-08,Google Non-Brand Search,goog_search_01,Google – Non-Brand Search NL,495.95,47520,1620
2025-12-08,Meta,fb_prospect_01,FB – Prospecting Lookalike NL,501.42,158885,2093
2025-12-08,Meta,fb_prospect_02,FB – Prospecting Interest EU,580.76,188922,2158
2025-12-08,Referral,referral_mgm_01,Referral – Member Get Member,2183.0,0,0
2025-12-08,TikTok,tiktok_upper_01,TikTok – Brand Awareness NL,387.03,174821,1378
2025-12-08,TikTok,tiktok_upper_02,TikTok – Brand Awareness EU,345.62,164147,1268
2025-12-09,Google App Campaigns,goog_ac_01,Google – App Campaign NL,390.64,112354,1732
2025-12-09,Google App Campaigns,goog_ac_02,Google – App Campaign EU,380.65,93904,1387
2025-12-09,Google Brand Search,goog_brand_01,Google – Brand Search,123.3,8787,1209
2025-12-09,Google Non-Brand Search,goog_search_01,Google – Non-Brand Search NL,448.96,41976,1521
2025-12-09,Meta,fb_prospect_01,FB – Prospecting Lookalike NL,491.26,175558,1937
2025-12-09,Meta,fb_prospect_02,FB – Prospecting Interest EU,545.77,195478,2417
2025-12-09,Referral,referral_mgm_01,Referral – Member Get Member,1746.24,0,0
2025-12-09,TikTok,tiktok_upper_01,TikTok – Brand Awareness NL,398.15,165530,1318
2025-12-09,TikTok,tiktok_upper_02,TikTok – Brand Awareness EU,342.5,149666,1296
2025-12-10,Google App Campaigns,goog_ac_01,Google – App Campaign NL,325.49,84277,1350
2025-12-10,Google App Campaigns,goog_ac_02,Google – App Campaign EU,394.89,110730,1494
2025-12-10,Google Brand Search,goog_brand_01,Google – Brand Search,117.92,8418,1295
2025-12-10,Google Non-Brand Search,goog_search_01,Google – Non-Brand Search NL,480.72,40451,1379
2025-12-10,Meta,fb_prospect_01,FB – Prospecting Lookalike NL,559.7,196372,2204
2025-12-10,Meta,fb_prospect_02,FB – Prospecting Interest EU,484.94,150067,1796
2025-12-10,Referral,referral_mgm_01,Referral – Member Get Member,2219.59,0,0
2025-12-10,TikTok,tiktok_upper_01,TikTok – Brand Awareness NL,425.83,177167,1373
2025-12-10,TikTok,tiktok_upper_02,TikTok – Brand Awareness EU,396.01,171539,1422
2025-12-11,Google App Campaigns,goog_ac_01,Google – App Campaign NL,366.84,103502,1652
2025-12-11,Google App Campaigns,goog_ac_02,Google – App Campaign EU,372.34,97392,1362
2025-12-11,Google Brand Search,goog_brand_01,Google – Brand Search,133.12,8610,1162
2025-12-11,Google Non-Brand Search,goog_search_01,Google – Non-Brand Search NL,488.4,43391,1389
2025-12-11,Meta,fb_prospect_01,FB – Prospecting Lookalike NL,481.29,170668,1843
2025-12-11,Meta,fb_prospect_02,FB – Prospecting Interest EU,555.38,172899,2122
2025-12-11,Referral,referral_mgm_01,Referral – Member Get Member,1987.48,0,0
2025-12-11,TikTok,tiktok_upper_01,TikTok – Brand Awareness NL,362.59,164832,1437
2025-12-11,TikTok,tiktok_upper_02,TikTok – Brand Awareness EU,343.37,160323,1209
2025-12-12,Google App Campaigns,goog_ac_01,Google – App Campaign NL,401.8,111677,1698
2025-12-12,Google App Campaigns,goog_ac_02,Google – App Campaign EU,394.72,106405,1508
2025-12-12,Google Brand Search,goog_brand_01,Google – Brand Search,149.22,9600,1331
2025-12-12,Google Non-Brand Search,goog_search_01,Google – Non-Brand Search NL,557.45,52628,1921
2025-12-12,Meta,fb_prospect_01,FB – Prospecting Lookalike NL,592.35,203815,2314
2025-12-12,Meta,fb_prospect_02,FB – Prospecting Interest EU,586.02,180076,2065
2025-12-12,Referral,referral_mgm_01,Referral – Member Get Member,1797.62,0,0
2025-12-12,TikTok,tiktok_upper_01,TikTok – Brand Awareness NL,505.22,227310,1902
2025-12-12,TikTok,tiktok_upper_02,TikTok – Brand Awareness EU,422.39,184862,1520
2025-12-13,Google App Campaigns,goog_ac_01,Google – App Campaign NL,448.41,118723,1792
2025-12-13,Google App Campaigns,goog_ac_02,Google – App Campaign EU,440.79,116953,1886
2025-12-13,Google Brand Search,goog_brand_01,Google – Brand Search,133.91,9224,1268
2025-12-13,Google Non-Brand Search,goog_search_01,Google – Non-Brand Search NL,509.83,48797,1547
2025-12-13,Meta,fb_prospect_01,FB – Prospecting Lookalike NL,638.91,203948,2228
2025-12-13,Meta,fb_prospect_02,FB – Prospecting Interest EU,647.54,208856,2603
2025-12-13,Referral,referral_mgm_01,Referral – Member Get Member,1850.07,0,0
2025-12-13,TikTok,tiktok_upper_01,TikTok – Brand Awareness NL,488.77,219590,1799
2025-12-13,TikTok,tiktok_upper_02,TikTok – Brand Awareness EU,513.34,222614,1887
2025-12-14,Google App Campaigns,goog_ac_01,Google – App Campaign NL,474.67,123363,1942
2025-12-14,Google App Campaigns,goog_ac_02,Google – App Campaign EU,422.41,115539,1686
2025-12-14,Google Brand Search,goog_brand_01,Google – Brand Search,159.88,11149,1586
2025-12-14,Google Non-Brand Search,goog_search_01,Google – Non-Brand Search NL,530.43,44007,1417
2025-12-14,Meta,fb_prospect_01,FB – Prospecting Lookalike NL,585.93,209924,2321
2025-12-14,Meta,fb_prospect_02,FB – Prospecting Interest EU,644.83,214318,2611
2025-12-14,Referral,referral_mgm_01,Referral – Member Get Member,1897.45,0,0
2025-12-14,TikTok,tiktok_upper_01,TikTok – Brand Awareness NL,434.5,182419,1524
2025-12-14,TikTok,tiktok_upper_02,TikTok – Brand Awareness EU,469.53,194137,1540
2025-12-15,Google App Campaigns,goog_ac_01,Google – App Campaign NL,329.21,91154,1489
2025-12-15,Google App Campaigns,goog_ac_02,Google – App Campaign EU,368.87,105654,1740
2025-12-15,Google Brand Search,goog_brand_01,Google – Brand Search,119.92,8528,1363
2025-12-15,Google Non-Brand Search,goog_search_01,Google – Non-Brand Search NL,507.24,48689,1746
2025-12-15,Meta,fb_prospect_01,FB – Prospecting Lookalike NL,528.32,167937,1814
2025-12-15,Meta,fb_prospect_02,FB – Prospecting Interest EU,548.97,189058,2492
2025-12-15,Referral,referral_mgm_01,Referral – Member Get Member,1893.79,0,0
2025-12-15,TikTok,tiktok_upper_01,TikTok – Brand Awareness NL,386.69,177752,1380
2025-12-15,TikTok,tiktok_upper_02,TikTok – Brand Awareness EU,378.47,174085,1316
2025-12-16,Google App Campaigns,goog_ac_01,Google – App Campaign NL,382.0,104050,1548
2025-12-16,Google App Campaigns,goog_ac_02,Google – App Campaign EU,342.09,97071,1535
2025-12-16,Google Brand Search,goog_brand_01,Google – Brand Search,126.05,8300,1359
2025-12-16,Google Non-Brand Search,goog_search_01,Google – Non-Brand Search NL,497.76,43862,1682
2025-12-16,Meta,fb_prospect_01,FB – Prospecting Lookalike NL,527.37,163867,2147
2025-12-16,Meta,fb_prospect_02,FB – Prospecting Interest EU,523.87,165973,1899
2025-12-16,Referral,referral_mgm_01,Referral – Member Get Member,2351.63,0,0
2025-12-16,TikTok,tiktok_upper_01,TikTok – Brand Awareness NL,348.07,149814,1140
2025-12-16,TikTok,tiktok_upper_02,TikTok – Brand Awareness EU,416.74,177311,1362
2025-12-17,Google App Campaigns,goog_ac_01,Google – App Campaign NL,337.8,83286,1134
2025-12-17,Google App Campaigns,goog_ac_02,Google – App Campaign EU,350.44,92769,1340
2025-12-17,Google Brand Search,goog_brand_01,Google – Brand Search,115.62,7217,987
2025-12-17,Google Non-Brand Search,goog_search_01,Google – Non-Brand Search NL,492.16,43644,1396
2025-12-17,Meta,fb_prospect_01,FB – Prospecting Lookalike NL,537.02,175280,2038
2025-12-17,Meta,fb_prospect_02,FB – Prospecting Interest EU,581.48,183430,2346
2025-12-17,Referral,referral_mgm_01,Referral – Member Get Member,2188.51,0,0
2025-12-17,TikTok,tiktok_upper_01,TikTok – Brand Awareness NL,420.47,194049,1634
2025-12-17,TikTok,tiktok_upper_02,TikTok – Brand Awareness EU,376.96,167734,1258
2025-12-18,Google App Campaigns,goog_ac_01,Google – App Campaign NL,328.63,81078,1325
2025-12-18,Google App Campaigns,goog_ac_02,Google – App Campaign EU,339.9,89094,1224
2025-12-18,Google Brand Search,goog_brand_01,Google – Brand Search,119.25,7705,1124
2025-12-18,Google Non-Brand Search,goog_search_01,Google – Non-Brand Search NL,462.11,44179,1605
2025-12-18,Meta,fb_prospect_01,FB – Prospecting Lookalike NL,501.39,153915,1900
2025-12-18,Meta,fb_prospect_02,FB – Prospecting Interest EU,498.5,159522,2095
2025-12-18,Referral,referral_mgm_01,Referral – Member Get Member,1511.36,0,0
2025-12-18,TikTok,tiktok_upper_01,TikTok – Brand Awareness NL,357.12,163813,1361
2025-12-18,TikTok,tiktok_upper_02,TikTok – Brand Awareness EU,417.31,193080,1554
2025-12-19,Google App Campaigns,goog_ac_01,Google – App Campaign NL,397.42,114401,1863
2025-12-19,Google App Campaigns,goog_ac_02,Google – App Campaign EU,458.83,118358,1935
2025-12-19,Google Brand Search,goog_brand_01,Google – Brand Search,154.13,10905,1569
2025-12-19,Google Non-Brand Search,goog_search_01,Google – Non-Brand Search NL,503.47,42518,1522
2025-12-19,Meta,fb_prospect_01,FB – Prospecting Lookalike NL,681.62,228318,2897
2025-12-19,Meta,fb_prospect_02,FB – Prospecting Interest EU,694.46,213832,2519
2025-12-19,Referral,referral_mgm_01,Referral – Member Get Member,2151.56,0,0
2025-12-19,TikTok,tiktok_upper_01,TikTok – Brand Awareness NL,473.1,202005,1503
2025-12-19,TikTok,tiktok_upper_02,TikTok – Brand Awareness EU,482.5,227120,1961
2025-12-20,Google App Campaigns,goog_ac_01,Google – App Campaign NL,433.03,112994,1592
2025-12-20,Google App Campaigns,goog_ac_02,Google – App Campaign EU,478.65,132116,1869
2025-12-20,Google Brand Search,goog_brand_01,Google – Brand Search,130.56,8327,1153
2025-12-20,Google Non-Brand Search,goog_search_01,Google – Non-Brand Search NL,511.92,43314,1438
2025-12-20,Meta,fb_prospect_01,FB – Prospecting Lookalike NL,616.27,212343,2737
2025-12-20,Meta,fb_prospect_02,FB – Prospecting Interest EU,586.96,185404,2421
2025-12-20,Referral,referral_mgm_01,Referral – Member Get Member,1697.86,0,0
2025-12-20,TikTok,tiktok_upper_01,TikTok – Brand Awareness NL,448.72,197989,1433
2025-12-20,TikTok,tiktok_upper_02,TikTok – Brand Awareness EU,501.05,216914,1630
2025-12-21,Google App Campaigns,goog_ac_01,Google – App Campaign NL,385.25,95725,1465
2025-12-21,Google App Campaigns,goog_ac_02,Google – App Campaign EU,459.08,117698,1918
2025-12-21,Google Brand Search,goog_brand_01,Google – Brand Search,129.07,9175,1442
2025-12-21,Google Non-Brand Search,goog_search_01,Google – Non-Brand Search NL,607.37,50338,1728
2025-12-21,Meta,fb_prospect_01,FB – Prospecting Lookalike NL,691.71,247532,2780
2025-12-21,Meta,fb_prospect_02,FB – Prospecting Interest EU,591.56,201092,2239
2025-12-21,Referral,referral_mgm_01,Referral – Member Get Member,1833.88,0,0
2025-12-21,TikTok,tiktok_upper_01,TikTok – Brand Awareness NL,447.28,198351,1571
2025-12-21,TikTok,tiktok_upper_02,TikTok – Brand Awareness EU,497.21,212283,1829
2025-12-22,Google App Campaigns,goog_ac_01,Google – App Campaign NL,394.87,99828,1429
2025-12-22,Google App Campaigns,goog_ac_02,Google – App Campaign EU,318.35,91535,1450
2025-12-22,Google Brand Search,goog_brand_01,Google – Brand Search,112.93,7149,1028
2025-12-22,Google Non-Brand Search,goog_search_01,Google – Non-Brand Search NL,470.81,42354,1500
2025-12-22,Meta,fb_prospect_01,FB – Prospecting Lookalike NL,521.09,161109,1750
2025-12-22,Meta,fb_prospect_02,FB – Prospecting Interest EU,479.4,162247,2062
2025-12-22,Referral,referral_mgm_01,Referral – Member Get Member,1428.03,0,0
2025-12-22,TikTok,tiktok_upper_01,TikTok – Brand Awareness NL,401.19,183518,1404
2025-12-22,TikTok,tiktok_upper_02,TikTok – Brand Awareness EU,423.95,201167,1686
2025-12-23,Google App Campaigns,goog_ac_01,Google – App Campaign NL,331.55,81361,1270
2025-12-23,Google App Campaigns,goog_ac_02,Google – App Campaign EU,370.42,101392,1500
2025-12-23,Google Brand Search,goog_brand_01,Google – Brand Search,120.54,8054,1286
2025-12-23,Google Non-Brand Search,goog_search_01,Google – Non-Brand Search NL,488.81,43944,1457
2025-12-23,Meta,fb_prospect_01,FB – Prospecting Lookalike NL,581.86,188441,2322
2025-12-23,Meta,fb_prospect_02,FB – Prospecting Interest EU,462.01,159840,1918
2025-12-23,Referral,referral_mgm_01,Referral – Member Get Member,1771.51,0,0
2025-12-23,TikTok,tiktok_upper_01,TikTok – Brand Awareness NL,360.7,161786,1244
2025-12-23,TikTok,tiktok_upper_02,TikTok – Brand Awareness EU,405.1,182001,1465
2025-12-24,Google App Campaigns,goog_ac_01,Google – App Campaign NL,385.57,102731,1420
2025-12-24,Google App Campaigns,goog_ac_02,Google – App Campaign EU,395.22,106222,1714
2025-12-24,Google Brand Search,goog_brand_01,Google – Brand Search,115.3,7728,1059
2025-12-24,Google Non-Brand Search,goog_search_01,Google – Non-Brand Search NL,514.9,42213,1407
2025-12-24,Meta,fb_prospect_01,FB – Prospecting Lookalike NL,479.38,168828,1896
2025-12-24,Meta,fb_prospect_02,FB – Prospecting Interest EU,515.63,185183,2042
2025-12-24,Referral,referral_mgm_01,Referral – Member Get Member,2170.83,0,0
2025-12-24,TikTok,tiktok_upper_01,TikTok – Brand Awareness NL,377.87,166224,1457
2025-12-24,TikTok,tiktok_upper_02,TikTok – Brand Awareness EU,420.35,179118,1549
2025-12-25,Google App Campaigns,goog_ac_01,Google – App Campaign NL,320.57,90794,1485
2025-12-25,Google App Campaigns,goog_ac_02,Google – App Campaign EU,317.44,90749,1300
2025-12-25,Google Brand Search,goog_brand_01,Google – Brand Search,129.85,9318,1534
2025-12-25,Google Non-Brand Search,goog_search_01,Google – Non-Brand Search NL,491.7,41431,1542
2025-12-25,Meta,fb_prospect_01,FB – Prospecting Lookalike NL,484.35,152177,1869
2025-12-25,Meta,fb_prospect_02,FB – Prospecting Interest EU,473.0,165815,2110
2025-12-25,Referral,referral_mgm_01,Referral – Member Get Member,2099.83,0,0
2025-12-25,TikTok,tiktok_upper_01,TikTok – Brand Awareness NL,373.77,174482,1303
2025-12-25,TikTok,tiktok_upper_02,TikTok – Brand Awareness EU,402.55,177775,1299
2025-12-26,Google App Campaigns,goog_ac_01,Google – App Campaign NL,451.06,123669,1841
2025-12-26,Google App Campaigns,goog_ac_02,Google – App Campaign EU,429.07,106055,1590
2025-12-26,Google Brand Search,goog_brand_01,Google – Brand Search,149.15,9830,1452
2025-12-26,Google Non-Brand Search,goog_search_01,Google – Non-Brand Search NL,545.84,46850,1563
2025-12-26,Meta,fb_prospect_01,FB – Prospecting Lookalike NL,657.77,203485,2677
2025-12-26,Meta,fb_prospect_02,FB – Prospecting Interest EU,676.54,218627,2607
2025-12-26,Referral,referral_mgm_01,Referral – Member Get Member,2185.15,0,0
2025-12-26,TikTok,tiktok_upper_01,TikTok – Brand Awareness NL,413.89,188600,1439
2025-12-26,TikTok,tiktok_upper_02,TikTok – Brand Awareness EU,419.39,175920,1529
2025-12-27,Google App Campaigns,goog_ac_01,Google – App Campaign NL,475.02,135923,2121
2025-12-27,Google App Campaigns,goog_ac_02,Google – App Campaign EU,454.51,128941,2113
2025-12-27,Google Brand Search,goog_brand_01,Google – Brand Search,147.21,9677,1403
2025-12-27,Google Non-Brand Search,goog_search_01,Google – Non-Brand Search NL,510.7,49007,1784
2025-12-27,Meta,fb_prospect_01,FB – Prospecting Lookalike NL,620.34,203923,2630
2025-12-27,Meta,fb_prospect_02,FB – Prospecting Interest EU,669.23,223785,2668
2025-12-27,Referral,referral_mgm_01,Referral – Member Get Member,1734.78,0,0
2025-12-27,TikTok,tiktok_upper_01,TikTok – Brand Awareness NL,423.11,201944,1525
2025-12-27,TikTok,tiktok_upper_02,TikTok – Brand Awareness EU,450.42,190263,1583
2025-12-28,Google App Campaigns,goog_ac_01,Google – App Campaign NL,472.12,131520,2068
2025-12-28,Google App Campaigns,goog_ac_02,Google – App Campaign EU,410.37,102633,1659
2025-12-28,Google Brand Search,goog_brand_01,Google – Brand Search,150.06,9715,1313
2025-12-28,Google Non-Brand Search,goog_search_01,Google – Non-Brand Search NL,567.72,47238,1664
2025-12-28,Meta,fb_prospect_01,FB – Prospecting Lookalike NL,642.62,218856,2439
2025-12-28,Meta,fb_prospect_02,FB – Prospecting Interest EU,568.85,182295,2233
2025-12-28,Referral,referral_mgm_01,Referral – Member Get Member,2134.95,0,0
2025-12-28,TikTok,tiktok_upper_01,TikTok – Brand Awareness NL,494.44,225180,1693
2025-12-28,TikTok,tiktok_upper_02,TikTok – Brand Awareness EU,472.96,198135,1584
2025-12-29,Google App Campaigns,goog_ac_01,Google – App Campaign NL,378.92,98477,1483
2025-12-29,Google App Campaigns,goog_ac_02,Google – App Campaign EU,392.67,99688,1439
2025-12-29,Google Brand Search,goog_brand_01,Google – Brand Search,106.67,7018,1052
2025-12-29,Google Non-Brand Search,goog_search_01,Google – Non-Brand Search NL,516.77,45654,1538
2025-12-29,Meta,fb_prospect_01,FB – Prospecting Lookalike NL,464.54,154670,1772
2025-12-29,Meta,fb_prospect_02,FB – Prospecting Interest EU,574.49,197976,2329
2025-12-29,Referral,referral_mgm_01,Referral – Member Get Member,1862.6,0,0
2025-12-29,TikTok,tiktok_upper_01,TikTok – Brand Awareness NL,395.21,162722,1283
2025-12-29,TikTok,tiktok_upper_02,TikTok – Brand Awareness EU,413.93,198651,1547
2025-12-30,Google App Campaigns,goog_ac_01,Google – App Campaign NL,399.18,103540,1664
2025-12-30,Google App Campaigns,goog_ac_02,Google – App Campaign EU,321.06,85064,1237
2025-12-30,Google Brand Search,goog_brand_01,Google – Brand Search,119.72,8420,1365
2025-12-30,Google Non-Brand Search,goog_search_01,Google – Non-Brand Search NL,439.12,38235,1378
2025-12-30,Meta,fb_prospect_01,FB – Prospecting Lookalike NL,543.42,190323,2130
2025-12-30,Meta,fb_prospect_02,FB – Prospecting Interest EU,499.94,154663,1799
2025-12-30,Referral,referral_mgm_01,Referral – Member Get Member,2032.73,0,0
2025-12-30,TikTok,tiktok_upper_01,TikTok – Brand Awareness NL,375.37,160890,1253
2025-12-30,TikTok,tiktok_upper_02,TikTok – Brand Awareness EU,397.13,187551,1544
2025-12-31,Google App Campaigns,goog_ac_01,Google – App Campaign NL,355.69,91805,1323
2025-12-31,Google App Campaigns,goog_ac_02,Google – App Campaign EU,346.96,96422,1439
2025-12-31,Google Brand Search,goog_brand_01,Google – Brand Search,132.94,8903,1376
2025-12-31,Google Non-Brand Search,goog_search_01,Google – Non-Brand Search NL,433.7,40153,1450
2025-12-31,Meta,fb_prospect_01,FB – Prospecting Lookalike NL,530.79,178853,2316
2025-12-31,Meta,fb_prospect_02,FB – Prospecting Interest EU,496.97,174054,2112
2025-12-31,Referral,referral_mgm_01,Referral – Member Get Member,2309.85,0,0
2025-12-31,TikTok,tiktok_upper_01,TikTok – Brand Awareness NL,382.33,183021,1338
2025-12-31,TikTok,tiktok_upper_02,TikTok – Brand Awareness EU,363.39,159353,1295
2026-01-01,Google App Campaigns,goog_ac_01,Google – App Campaign NL,454.3,111868,1763
2026-01-01,Google App Campaigns,goog_ac_02,Google – App Campaign EU,466.44,130991,2122
2026-01-01,Google Brand Search,goog_brand_01,Google – Brand Search,184.89,12294,1799
2026-01-01,Google Non-Brand Search,goog_search_01,Google – Non-Brand Search NL,609.53,55990,1943
2026-01-01,Meta,fb_prospect_01,FB – Prospecting Lookalike NL,754.16,250638,3134
2026-01-01,Meta,fb_prospect_02,FB – Prospecting Interest EU,669.16,216847,2406
2026-01-01,Referral,referral_mgm_01,Referral – Member Get Member,2022.63,0,0
2026-01-01,TikTok,tiktok_upper_01,TikTok – Brand Awareness NL,534.93,244622,1931
2026-01-01,TikTok,tiktok_upper_02,TikTok – Brand Awareness EU,490.87,235152,1963
2026-01-02,Google App Campaigns,goog_ac_01,Google – App Campaign NL,556.53,147842,2038
2026-01-02,Google App Campaigns,goog_ac_02,Google – App Campaign EU,629.96,175872,2845
2026-01-02,Google Brand Search,goog_brand_01,Google – Brand Search,220.79,13885,1898
2026-01-02,Google Non-Brand Search,goog_search_01,Google – Non-Brand Search NL,868.21,75172,2501
2026-01-02,Meta,fb_prospect_01,FB – Prospecting Lookalike NL,871.64,272165,3020
2026-01-02,Meta,fb_prospect_02,FB – Prospecting Interest EU,835.75,290468,3644
2026-01-02,Referral,referral_mgm_01,Referral – Member Get Member,2166.12,0,0
2026-01-02,TikTok,tiktok_upper_01,TikTok – Brand Awareness NL,613.31,290185,2193
2026-01-02,TikTok,tiktok_upper_02,TikTok – Brand Awareness EU,695.86,294138,2420
2026-01-03,Google App Campaigns,goog_ac_01,Google – App Campaign NL,645.96,171672,2699
2026-01-03,Google App Campaigns,goog_ac_02,Google – App Campaign EU,579.47,162212,2590
2026-01-03,Google Brand Search,goog_brand_01,Google – Brand Search,223.23,15167,2495
2026-01-03,Google Non-Brand Search,goog_search_01,Google – Non-Brand Search NL,807.27,68521,2623
2026-01-03,Meta,fb_prospect_01,FB – Prospecting Lookalike NL,856.22,298295,3374
2026-01-03,Meta,fb_prospect_02,FB – Prospecting Interest EU,976.78,326246,4135
2026-01-03,Referral,referral_mgm_01,Referral – Member Get Member,2376.37,0,0
2026-01-03,TikTok,tiktok_upper_01,TikTok – Brand Awareness NL,616.36,285345,2370
2026-01-03,TikTok,tiktok_upper_02,TikTok – Brand Awareness EU,720.53,313037,2391
2026-01-04,Google App Campaigns,goog_ac_01,Google – App Campaign NL,648.0,163734,2274
2026-01-04,Google App Campaigns,goog_ac_02,Google – App Campaign EU,631.87,167038,2652
2026-01-04,Google Brand Search,goog_brand_01,Google – Brand Search,182.99,11767,1647
2026-01-04,Google Non-Brand Search,goog_search_01,Google – Non-Brand Search NL,753.17,63875,2256
2026-01-04,Meta,fb_prospect_01,FB – Prospecting Lookalike NL,799.34,256026,3207
2026-01-04,Meta,fb_prospect_02,FB – Prospecting Interest EU,944.15,339181,3869
2026-01-04,Referral,referral_mgm_01,Referral – Member Get Member,2016.74,0,0
2026-01-04,TikTok,tiktok_upper_01,TikTok – Brand Awareness NL,645.55,281195,2231
2026-01-04,TikTok,tiktok_upper_02,TikTok – Brand Awareness EU,574.81,257478,2127
2026-01-05,Google App Campaigns,goog_ac_01,Google – App Campaign NL,496.96,132765,1870
2026-01-05,Google App Campaigns,goog_ac_02,Google – App Campaign EU,449.95,111825,1521
2026-01-05,Google Brand Search,goog_brand_01,Google – Brand Search,184.09,11864,1659
2026-01-05,Google Non-Brand Search,goog_search_01,Google – Non-Brand Search NL,673.9,56599,2102
2026-01-05,Meta,fb_prospect_01,FB – Prospecting Lookalike NL,732.22,250472,3216
2026-01-05,Meta,fb_prospect_02,FB – Prospecting Interest EU,675.38,236441,2588
2026-01-05,Referral,referral_mgm_01,Referral – Member Get Member,2841.52,0,0
2026-01-05,TikTok,tiktok_upper_01,TikTok – Brand Awareness NL,514.38,238324,1761
2026-01-05,TikTok,tiktok_upper_02,TikTok – Brand Awareness EU,552.03,248673,2004
2026-01-06,Google App Campaigns,goog_ac_01,Google – App Campaign NL,465.47,123692,1754
2026-01-06,Google App Campaigns,goog_ac_02,Google – App Campaign EU,513.74,142693,2340
2026-01-06,Google Brand Search,goog_brand_01,Google – Brand Search,169.28,10847,1468
2026-01-06,Google Non-Brand Search,goog_search_01,Google – Non-Brand Search NL,716.64,59482,1960
2026-01-06,Meta,fb_prospect_01,FB – Prospecting Lookalike NL,707.19,250576,3262
2026-01-06,Meta,fb_prospect_02,FB – Prospecting Interest EU,734.44,237242,2836
2026-01-06,Referral,referral_mgm_01,Referral – Member Get Member,2250.99,0,0
2026-01-06,TikTok,tiktok_upper_01,TikTok – Brand Awareness NL,525.94,248021,1944
2026-01-06,TikTok,tiktok_upper_02,TikTok – Brand Awareness EU,487.07,233261,1865
2026-01-07,Google App Campaigns,goog_ac_01,Google – App Campaign NL,523.54,131795,2136
2026-01-07,Google App Campaigns,goog_ac_02,Google – App Campaign EU,477.81,118277,1626
2026-01-07,Google Brand Search,goog_brand_01,Google – Brand Search,182.75,11234,1789
2026-01-07,Google Non-Brand Search,goog_search_01,Google – Non-Brand Search NL,655.46,53974,1994
2026-01-07,Meta,fb_prospect_01,FB – Prospecting Lookalike NL,674.81,225450,2922
2026-01-07,Meta,fb_prospect_02,FB – Prospecting Interest EU,656.37,223617,2801
2026-01-07,Referral,referral_mgm_01,Referral – Member Get Member,2497.25,0,0
2026-01-07,TikTok,tiktok_upper_01,TikTok – Brand Awareness NL,570.47,247772,1810
2026-01-07,TikTok,tiktok_upper_02,TikTok – Brand Awareness EU,538.74,257722,2134
2026-01-08,Google App Campaigns,goog_ac_01,Google – App Campaign NL,478.67,121067,1941
2026-01-08,Google App Campaigns,goog_ac_02,Google – App Campaign EU,523.66,135873,1931
2026-01-08,Google Brand Search,goog_brand_01,Google – Brand Search,152.23,10895,1561
2026-01-08,Google Non-Brand Search,goog_search_01,Google – Non-Brand Search NL,603.1,50284,1803
2026-01-08,Meta,fb_prospect_01,FB – Prospecting Lookalike NL,802.88,276529,3180
2026-01-08,Meta,fb_prospect_02,FB – Prospecting Interest EU,686.37,229249,2680
2026-01-08,Referral,referral_mgm_01,Referral – Member Get Member,2827.46,0,0
2026-01-08,TikTok,tiktok_upper_01,TikTok – Brand Awareness NL,599.69,246500,2060
2026-01-08,TikTok,tiktok_upper_02,TikTok – Brand Awareness EU,602.0,280274,2244
2026-01-09,Google App Campaigns,goog_ac_01,Google – App Campaign NL,627.17,166244,2587
2026-01-09,Google App Campaigns,goog_ac_02,Google – App Campaign EU,622.44,152883,2384
2026-01-09,Google Brand Search,goog_brand_01,Google – Brand Search,178.52,10977,1533
2026-01-09,Google Non-Brand Search,goog_search_01,Google – Non-Brand Search NL,749.28,67047,2163
2026-01-09,Meta,fb_prospect_01,FB – Prospecting Lookalike NL,852.11,298714,3677
2026-01-09,Meta,fb_prospect_02,FB – Prospecting Interest EU,962.42,327096,4144
2026-01-09,Referral,referral_mgm_01,Referral – Member Get Member,2570.42,0,0
2026-01-09,TikTok,tiktok_upper_01,TikTok – Brand Awareness NL,571.7,268533,2091
2026-01-09,TikTok,tiktok_upper_02,TikTok – Brand Awareness EU,620.81,259078,2138
2026-01-10,Google App Campaigns,goog_ac_01,Google – App Campaign NL,619.17,161336,2519
2026-01-10,Google App Campaigns,goog_ac_02,Google – App Campaign EU,568.66,159781,2618
2026-01-10,Google Brand Search,goog_brand_01,Google – Brand Search,201.15,12525,1985
2026-01-10,Google Non-Brand Search,goog_search_01,Google – Non-Brand Search NL,755.49,70212,2611
2026-01-10,Meta,fb_prospect_01,FB – Prospecting Lookalike NL,807.23,265493,3141
2026-01-10,Meta,fb_prospect_02,FB – Prospecting Interest EU,852.81,284069,3523
2026-01-10,Referral,referral_mgm_01,Referral – Member Get Member,2925.57,0,0
2026-01-10,TikTok,tiktok_upper_01,TikTok – Brand Awareness NL,570.79,238763,1932
2026-01-10,TikTok,tiktok_upper_02,TikTok – Brand Awareness EU,629.68,301383,2559
2026-01-11,Google App Campaigns,goog_ac_01,Google – App Campaign NL,598.02,160194,2620
2026-01-11,Google App Campaigns,goog_ac_02,Google – App Campaign EU,657.98,164567,2403
2026-01-11,Google Brand Search,goog_brand_01,Google – Brand Search,196.11,13881,2031
2026-01-11,Google Non-Brand Search,goog_search_01,Google – Non-Brand Search NL,797.84,75684,2815
2026-01-11,Meta,fb_prospect_01,FB – Prospecting Lookalike NL,827.95,276467,3427
2026-01-11,Meta,fb_prospect_02,FB – Prospecting Interest EU,800.52,277061,3422
2026-01-11,Referral,referral_mgm_01,Referral – Member Get Member,2875.29,0,0
2026-01-11,TikTok,tiktok_upper_01,TikTok – Brand Awareness NL,630.79,267256,2192
2026-01-11,TikTok,tiktok_upper_02,TikTok – Brand Awareness EU,635.36,263748,2313
2026-01-12,Google App Campaigns,goog_ac_01,Google – App Campaign NL,509.04,128136,2063
2026-01-12,Google App Campaigns,goog_ac_02,Google – App Campaign EU,490.32,123986,1745
2026-01-12,Google Brand Search,goog_brand_01,Google – Brand Search,151.02,9424,1456
2026-01-12,Google Non-Brand Search,goog_search_01,Google – Non-Brand Search NL,707.57,67279,2296
2026-01-12,Meta,fb_prospect_01,FB – Prospecting Lookalike NL,815.14,261727,3146
2026-01-12,Meta,fb_prospect_02,FB – Prospecting Interest EU,774.59,244088,3102
2026-01-12,Referral,referral_mgm_01,Referral – Member Get Member,2522.54,0,0
2026-01-12,TikTok,tiktok_upper_01,TikTok – Brand Awareness NL,508.08,229783,1785
2026-01-12,TikTok,tiktok_upper_02,TikTok – Brand Awareness EU,553.39,242396,2053
2026-01-13,Google App Campaigns,goog_ac_01,Google – App Campaign NL,502.72,129241,1988
2026-01-13,Google App Campaigns,goog_ac_02,Google – App Campaign EU,483.86,123263,1905
2026-01-13,Google Brand Search,goog_brand_01,Google – Brand Search,165.25,11747,1653
2026-01-13,Google Non-Brand Search,goog_search_01,Google – Non-Brand Search NL,645.34,54220,2014
2026-01-13,Meta,fb_prospect_01,FB – Prospecting Lookalike NL,675.77,224942,2677
2026-01-13,Meta,fb_prospect_02,FB – Prospecting Interest EU,743.07,232260,2593
2026-01-13,Referral,referral_mgm_01,Referral – Member Get Member,2761.42,0,0
2026-01-13,TikTok,tiktok_upper_01,TikTok – Brand Awareness NL,520.92,228782,1770
2026-01-13,TikTok,tiktok_upper_02,TikTok – Brand Awareness EU,533.15,242397,1954
2026-01-14,Google App Campaigns,goog_ac_01,Google – App Campaign NL,526.13,143580,2319
2026-01-14,Google App Campaigns,goog_ac_02,Google – App Campaign EU,512.68,127423,1942
2026-01-14,Google Brand Search,goog_brand_01,Google – Brand Search,170.24,10800,1625
2026-01-14,Google Non-Brand Search,goog_search_01,Google – Non-Brand Search NL,599.08,57079,2055
2026-01-14,Meta,fb_prospect_01,FB – Prospecting Lookalike NL,715.64,255486,3188
2026-01-14,Meta,fb_prospect_02,FB – Prospecting Interest EU,817.18,287482,3667
2026-01-14,Referral,referral_mgm_01,Referral – Member Get Member,2966.46,0,0
2026-01-14,TikTok,tiktok_upper_01,TikTok – Brand Awareness NL,586.16,273682,2015
2026-01-14,TikTok,tiktok_upper_02,TikTok – Brand Awareness EU,541.69,246670,1971
2026-01-15,Google App Campaigns,goog_ac_01,Google – App Campaign NL,550.05,158225,2195
2026-01-15,Google App Campaigns,goog_ac_02,Google – App Campaign EU,521.33,137356,1915
2026-01-15,Google Brand Search,goog_brand_01,Google – Brand Search,153.64,10228,1655
2026-01-15,Google Non-Brand Search,goog_search_01,Google – Non-Brand Search NL,741.36,70465,2704
2026-01-15,Meta,fb_prospect_01,FB – Prospecting Lookalike NL,728.24,256388,3318
2026-01-15,Meta,fb_prospect_02,FB – Prospecting Interest EU,780.73,252733,2751
2026-01-15,Referral,referral_mgm_01,Referral – Member Get Member,3329.01,0,0
2026-01-15,TikTok,tiktok_upper_01,TikTok – Brand Awareness NL,517.28,236353,1929
2026-01-15,TikTok,tiktok_upper_02,TikTok – Brand Awareness EU,537.51,229442,1844
2026-01-16,Google App Campaigns,goog_ac_01,Google – App Campaign NL,633.94,162096,2501
2026-01-16,Google App Campaigns,goog_ac_02,Google – App Campaign EU,607.42,160185,2445
2026-01-16,Google Brand Search,goog_brand_01,Google – Brand Search,198.51,13085,1958
2026-01-16,Google Non-Brand Search,goog_search_01,Google – Non-Brand Search NL,831.84,74795,2647
2026-01-16,Meta,fb_prospect_01,FB – Prospecting Lookalike NL,776.75,244829,2947
2026-01-16,Meta,fb_prospect_02,FB – Prospecting Interest EU,894.9,290823,3159
2026-01-16,Referral,referral_mgm_01,Referral – Member Get Member,2926.52,0,0
2026-01-16,TikTok,tiktok_upper_01,TikTok – Brand Awareness NL,672.24,295646,2372
2026-01-16,TikTok,tiktok_upper_02,TikTok – Brand Awareness EU,573.68,259517,2225
2026-01-17,Google App Campaigns,goog_ac_01,Google – App Campaign NL,648.64,174847,2841
2026-01-17,Google App Campaigns,goog_ac_02,Google – App Campaign EU,620.45,175383,2451
2026-01-17,Google Brand Search,goog_brand_01,Google – Brand Search,225.69,15495,2513
2026-01-17,Google Non-Brand Search,goog_search_01,Google – Non-Brand Search NL,871.72,79489,2672
2026-01-17,Meta,fb_prospect_01,FB – Prospecting Lookalike NL,908.43,280954,3478
2026-01-17,Meta,fb_prospect_02,FB – Prospecting Interest EU,852.69,303774,3962
2026-01-17,Referral,referral_mgm_01,Referral – Member Get Member,2676.29,0,0
2026-01-17,TikTok,tiktok_upper_01,TikTok – Brand Awareness NL,637.7,280656,2114
2026-01-17,TikTok,tiktok_upper_02,TikTok – Brand Awareness EU,679.93,284444,2460
2026-01-18,Google App Campaigns,goog_ac_01,Google – App Campaign NL,599.99,157489,2288
2026-01-18,Google App Campaigns,goog_ac_02,Google – App Campaign EU,652.52,168572,2478
2026-01-18,Google Brand Search,goog_brand_01,Google – Brand Search,185.36,11872,1639
2026-01-18,Google Non-Brand Search,goog_search_01,Google – Non-Brand Search NL,756.48,68928,2563
2026-01-18,Meta,fb_prospect_01,FB – Prospecting Lookalike NL,834.32,286513,3184
2026-01-18,Meta,fb_prospect_02,FB – Prospecting Interest EU,950.59,335429,4013
2026-01-18,Referral,referral_mgm_01,Referral – Member Get Member,2906.67,0,0
2026-01-18,TikTok,tiktok_upper_01,TikTok – Brand Awareness NL,568.57,254813,2124
2026-01-18,TikTok,tiktok_upper_02,TikTok – Brand Awareness EU,569.83,263896,2174
2026-01-19,Google App Campaigns,goog_ac_01,Google – App Campaign NL,535.55,151678,2088
2026-01-19,Google App Campaigns,goog_ac_02,Google – App Campaign EU,452.12,127755,1906
2026-01-19,Google Brand Search,goog_brand_01,Google – Brand Search,173.79,12411,1926
2026-01-19,Google Non-Brand Search,goog_search_01,Google – Non-Brand Search NL,645.09,58013,1850
2026-01-19,Meta,fb_prospect_01,FB – Prospecting Lookalike NL,787.09,257890,2936
2026-01-19,Meta,fb_prospect_02,FB – Prospecting Interest EU,781.56,240673,3070
2026-01-19,Referral,referral_mgm_01,Referral – Member Get Member,2717.03,0,0
2026-01-19,TikTok,tiktok_upper_01,TikTok – Brand Awareness NL,493.76,216178,1824
2026-01-19,TikTok,tiktok_upper_02,TikTok – Brand Awareness EU,542.97,224071,1836
2026-01-20,Google App Campaigns,goog_ac_01,Google – App Campaign NL,503.05,129019,2007
2026-01-20,Google App Campaigns,goog_ac_02,Google – App Campaign EU,546.5,136092,2157
2026-01-20,Google Brand Search,goog_brand_01,Google – Brand Search,156.16,9702,1533
2026-01-20,Google Non-Brand Search,goog_search_01,Google – Non-Brand Search NL,607.54,52529,1785
2026-01-20,Meta,fb_prospect_01,FB – Prospecting Lookalike NL,701.0,237991,2692
2026-01-20,Meta,fb_prospect_02,FB – Prospecting Interest EU,653.54,221957,2548
2026-01-20,Referral,referral_mgm_01,Referral – Member Get Member,2955.97,0,0
2026-01-20,TikTok,tiktok_upper_01,TikTok – Brand Awareness NL,533.02,254366,2110
2026-01-20,TikTok,tiktok_upper_02,TikTok – Brand Awareness EU,480.44,219337,1599
2026-01-21,Google App Campaigns,goog_ac_01,Google – App Campaign NL,493.31,136236,2027
2026-01-21,Google App Campaigns,goog_ac_02,Google – App Campaign EU,483.88,127814,2019
2026-01-21,Google Brand Search,goog_brand_01,Google – Brand Search,153.45,9412,1301
2026-01-21,Google Non-Brand Search,goog_search_01,Google – Non-Brand Search NL,702.63,61774,2061
2026-01-21,Meta,fb_prospect_01,FB – Prospecting Lookalike NL,740.56,261094,2987
2026-01-21,Meta,fb_prospect_02,FB – Prospecting Interest EU,681.89,225075,2912
2026-01-21,Referral,referral_mgm_01,Referral – Member Get Member,2695.49,0,0
2026-01-21,TikTok,tiktok_upper_01,TikTok – Brand Awareness NL,575.48,276099,2399
2026-01-21,TikTok,tiktok_upper_02,TikTok – Brand Awareness EU,529.17,221390,1597
2026-01-22,Google App Campaigns,goog_ac_01,Google – App Campaign NL,479.95,128607,1972
2026-01-22,Google App Campaigns,goog_ac_02,Google – App Campaign EU,510.57,142391,2165
2026-01-22,Google Brand Search,goog_brand_01,Google – Brand Search,171.63,10934,1796
2026-01-22,Google Non-Brand Search,goog_search_01,Google – Non-Brand Search NL,717.99,59579,2234
2026-01-22,Meta,fb_prospect_01,FB – Prospecting Lookalike NL,816.6,262132,2921
2026-01-22,Meta,fb_prospect_02,FB – Prospecting Interest EU,673.84,238830,2637
2026-01-22,Referral,referral_mgm_01,Referral – Member Get Member,3024.26,0,0
2026-01-22,TikTok,tiktok_upper_01,TikTok – Brand Awareness NL,494.33,226378,1926
2026-01-22,TikTok,tiktok_upper_02,TikTok – Brand Awareness EU,568.17,261538,2298
2026-01-23,Google App Campaigns,goog_ac_01,Google – App Campaign NL,550.74,146245,2310
2026-01-23,Google App Campaigns,goog_ac_02,Google – App Campaign EU,551.96,156974,2440
2026-01-23,Google Brand Search,goog_brand_01,Google – Brand Search,212.88,13931,2044
2026-01-23,Google Non-Brand Search,goog_search_01,Google – Non-Brand Search NL,758.84,71615,2555
2026-01-23,Meta,fb_prospect_01,FB – Prospecting Lookalike NL,961.12,337116,4434
2026-01-23,Meta,fb_prospect_02,FB – Prospecting Interest EU,955.72,325319,3623
2026-01-23,Referral,referral_mgm_01,Referral – Member Get Member,3217.23,0,0
2026-01-23,TikTok,tiktok_upper_01,TikTok – Brand Awareness NL,713.2,334510,2896
2026-01-23,TikTok,tiktok_upper_02,TikTok – Brand Awareness EU,626.87,266474,1995
2026-01-24,Google App Campaigns,goog_ac_01,Google – App Campaign NL,645.63,164039,2289
2026-01-24,Google App Campaigns,goog_ac_02,Google – App Campaign EU,535.53,144680,2164
2026-01-24,Google Brand Search,goog_brand_01,Google – Brand Search,212.39,13964,2017
2026-01-24,Google Non-Brand Search,goog_search_01,Google – Non-Brand Search NL,720.13,63650,2256
2026-01-24,Meta,fb_prospect_01,FB – Prospecting Lookalike NL,983.72,309516,3373
2026-01-24,Meta,fb_prospect_02,FB – Prospecting Interest EU,934.69,331796,4339
2026-01-24,Referral,referral_mgm_01,Referral – Member Get Member,2710.02,0,0
2026-01-24,TikTok,tiktok_upper_01,TikTok – Brand Awareness NL,569.66,254717,2143
2026-01-24,TikTok,tiktok_upper_02,TikTok – Brand Awareness EU,717.71,339000,2487
2026-01-25,Google App Campaigns,goog_ac_01,Google – App Campaign NL,600.07,152118,2416
2026-01-25,Google App Campaigns,goog_ac_02,Google – App Campaign EU,594.69,162095,2332
2026-01-25,Google Brand Search,goog_brand_01,Google – Brand Search,207.58,14571,1975
2026-01-25,Google Non-Brand Search,goog_search_01,Google – Non-Brand Search NL,710.33,59755,2288
2026-01-25,Meta,fb_prospect_01,FB – Prospecting Lookalike NL,818.73,275777,3371
2026-01-25,Meta,fb_prospect_02,FB – Prospecting Interest EU,802.83,254407,3330
2026-01-25,Referral,referral_mgm_01,Referral – Member Get Member,3447.13,0,0
2026-01-25,TikTok,tiktok_upper_01,TikTok – Brand Awareness NL,670.77,306907,2342
2026-01-25,TikTok,tiktok_upper_02,TikTok – Brand Awareness EU,570.77,271764,2284
2026-01-26,Google App Campaigns,goog_ac_01,Google – App Campaign NL,508.97,143084,2251
2026-01-26,Google App Campaigns,goog_ac_02,Google – App Campaign EU,444.79,119766,1811
2026-01-26,Google Brand Search,goog_brand_01,Google – Brand Search,153.77,9669,1518
2026-01-26,Google Non-Brand Search,goog_search_01,Google – Non-Brand Search NL,638.37,59046,2257
2026-01-26,Meta,fb_prospect_01,FB – Prospecting Lookalike NL,654.84,228716,2537
2026-01-26,Meta,fb_prospect_02,FB – Prospecting Interest EU,649.27,230705,2638
2026-01-26,Referral,referral_mgm_01,Referral – Member Get Member,2749.69,0,0
2026-01-26,TikTok,tiktok_upper_01,TikTok – Brand Awareness NL,571.85,253543,2095
2026-01-26,TikTok,tiktok_upper_02,TikTok – Brand Awareness EU,519.31,235267,1707
2026-01-27,Google App Campaigns,goog_ac_01,Google – App Campaign NL,522.27,134544,2010
2026-01-27,Google App Campaigns,goog_ac_02,Google – App Campaign EU,463.23,130012,2115
2026-01-27,Google Brand Search,goog_brand_01,Google – Brand Search,153.57,10743,1632
2026-01-27,Google Non-Brand Search,goog_search_01,Google – Non-Brand Search NL,646.84,57025,2187
2026-01-27,Meta,fb_prospect_01,FB – Prospecting Lookalike NL,663.52,234066,2743
2026-01-27,Meta,fb_prospect_02,FB – Prospecting Interest EU,649.76,216933,2487
2026-01-27,Referral,referral_mgm_01,Referral – Member Get Member,2723.43,0,0
2026-01-27,TikTok,tiktok_upper_01,TikTok – Brand Awareness NL,531.72,247482,1836
2026-01-27,TikTok,tiktok_upper_02,TikTok – Brand Awareness EU,478.23,219277,1927
2026-01-28,Google App Campaigns,goog_ac_01,Google – App Campaign NL,447.42,124856,1993
2026-01-28,Google App Campaigns,goog_ac_02,Google – App Campaign EU,464.74,129847,1893
2026-01-28,Google Brand Search,goog_brand_01,Google – Brand Search,162.96,10843,1556
2026-01-28,Google Non-Brand Search,goog_search_01,Google – Non-Brand Search NL,649.98,61810,2332
2026-01-28,Meta,fb_prospect_01,FB – Prospecting Lookalike NL,822.25,263073,2852
2026-01-28,Meta,fb_prospect_02,FB – Prospecting Interest EU,695.93,228575,2768
2026-01-28,Referral,referral_mgm_01,Referral – Member Get Member,2753.01,0,0
2026-01-28,TikTok,tiktok_upper_01,TikTok – Brand Awareness NL,586.72,252103,1933
2026-01-28,TikTok,tiktok_upper_02,TikTok – Brand Awareness EU,515.13,211239,1577
2026-01-29,Google App Campaigns,goog_ac_01,Google – App Campaign NL,472.88,129138,2076
2026-01-29,Google App Campaigns,goog_ac_02,Google – App Campaign EU,557.57,138472,2078
2026-01-29,Google Brand Search,goog_brand_01,Google – Brand Search,171.39,11473,1800
2026-01-29,Google Non-Brand Search,goog_search_01,Google – Non-Brand Search NL,721.59,59042,2040
2026-01-29,Meta,fb_prospect_01,FB – Prospecting Lookalike NL,800.09,277094,3200
2026-01-29,Meta,fb_prospect_02,FB – Prospecting Interest EU,738.78,260449,3417
2026-01-29,Referral,referral_mgm_01,Referral – Member Get Member,3302.21,0,0
2026-01-29,TikTok,tiktok_upper_01,TikTok – Brand Awareness NL,539.59,246796,1813
2026-01-29,TikTok,tiktok_upper_02,TikTok – Brand Awareness EU,591.77,272218,2001
2026-01-30,Google App Campaigns,goog_ac_01,Google – App Campaign NL,568.76,162547,2355
2026-01-30,Google App Campaigns,goog_ac_02,Google – App Campaign EU,628.26,164365,2260
2026-01-30,Google Brand Search,goog_brand_01,Google – Brand Search,182.41,11706,1902
2026-01-30,Google Non-Brand Search,goog_search_01,Google – Non-Brand Search NL,877.83,73833,2813
2026-01-30,Meta,fb_prospect_01,FB – Prospecting Lookalike NL,980.2,341399,3971
2026-01-30,Meta,fb_prospect_02,FB – Prospecting Interest EU,833.32,281726,3709
2026-01-30,Referral,referral_mgm_01,Referral – Member Get Member,2979.16,0,0
2026-01-30,TikTok,tiktok_upper_01,TikTok – Brand Awareness NL,577.85,268550,2054
2026-01-30,TikTok,tiktok_upper_02,TikTok – Brand Awareness EU,695.32,305050,2216
2026-01-31,Google App Campaigns,goog_ac_01,Google – App Campaign NL,561.1,140553,2265
2026-01-31,Google App Campaigns,goog_ac_02,Google – App Campaign EU,538.71,146617,2140
2026-01-31,Google Brand Search,goog_brand_01,Google – Brand Search,221.82,15899,2423
2026-01-31,Google Non-Brand Search,goog_search_01,Google – Non-Brand Search NL,889.19,79150,2797
2026-01-31,Meta,fb_prospect_01,FB – Prospecting Lookalike NL,888.3,275418,3433
2026-01-31,Meta,fb_prospect_02,FB – Prospecting Interest EU,974.25,341952,3997
2026-01-31,Referral,referral_mgm_01,Referral – Member Get Member,2612.02,0,0
2026-01-31,TikTok,tiktok_upper_01,TikTok – Brand Awareness NL,669.67,282843,2303
2026-01-31,TikTok,tiktok_upper_02,TikTok – Brand Awareness EU,595.64,280588,2041
2026-02-01,Google App Campaigns,goog_ac_01,Google – App Campaign NL,412.74,105805,1546
2026-02-01,Google App Campaigns,goog_ac_02,Google – App Campaign EU,413.34,112110,1762
2026-02-01,Google Brand Search,goog_brand_01,Google – Brand Search,137.58,9668,1326
2026-02-01,Google Non-Brand Search,goog_search_01,Google – Non-Brand Search NL,616.88,50709,1854
2026-02-01,Meta,fb_prospect_01,FB – Prospecting Lookalike NL,572.05,182447,2290
2026-02-01,Meta,fb_prospect_02,FB – Prospecting Interest EU,577.04,198222,2481
2026-02-01,Referral,referral_mgm_01,Referral – Member Get Member,3039.64,0,0
2026-02-01,TikTok,tiktok_upper_01,TikTok – Brand Awareness NL,493.56,224089,1765
2026-02-01,TikTok,tiktok_upper_02,TikTok – Brand Awareness EU,411.84,189416,1575
2026-02-02,Google App Campaigns,goog_ac_01,Google – App Campaign NL,362.45,92706,1360
2026-02-02,Google App Campaigns,goog_ac_02,Google – App Campaign EU,391.3,110804,1518
2026-02-02,Google Brand Search,goog_brand_01,Google – Brand Search,130.49,9249,1271
2026-02-02,Google Non-Brand Search,goog_search_01,Google – Non-Brand Search NL,490.49,41178,1357
2026-02-02,Meta,fb_prospect_01,FB – Prospecting Lookalike NL,543.18,181473,2074
2026-02-02,Meta,fb_prospect_02,FB – Prospecting Interest EU,500.34,157627,2030
2026-02-02,Referral,referral_mgm_01,Referral – Member Get Member,2833.58,0,0
2026-02-02,TikTok,tiktok_upper_01,TikTok – Brand Awareness NL,388.72,174109,1343
2026-02-02,TikTok,tiktok_upper_02,TikTok – Brand Awareness EU,427.34,177982,1319
2026-02-03,Google App Campaigns,goog_ac_01,Google – App Campaign NL,379.9,98264,1396
2026-02-03,Google App Campaigns,goog_ac_02,Google – App Campaign EU,336.18,92711,1330
2026-02-03,Google Brand Search,goog_brand_01,Google – Brand Search,128.48,8133,1312
2026-02-03,Google Non-Brand Search,goog_search_01,Google – Non-Brand Search NL,461.95,41362,1574
2026-02-03,Meta,fb_prospect_01,FB – Prospecting Lookalike NL,487.25,162545,1879
2026-02-03,Meta,fb_prospect_02,FB – Prospecting Interest EU,565.63,175954,2082
2026-02-03,Referral,referral_mgm_01,Referral – Member Get Member,2109.95,0,0
2026-02-03,TikTok,tiktok_upper_01,TikTok – Brand Awareness NL,418.46,192781,1627
2026-02-03,TikTok,tiktok_upper_02,TikTok – Brand Awareness EU,410.89,182828,1592
2026-02-04,Google App Campaigns,goog_ac_01,Google – App Campaign NL,383.85,99382,1365
2026-02-04,Google App Campaigns,goog_ac_02,Google – App Campaign EU,325.67,84870,1352
2026-02-04,Google Brand Search,goog_brand_01,Google – Brand Search,111.43,7659,1140
2026-02-04,Google Non-Brand Search,goog_search_01,Google – Non-Brand Search NL,488.24,45953,1767
2026-02-04,Meta,fb_prospect_01,FB – Prospecting Lookalike NL,501.03,153914,1746
2026-02-04,Meta,fb_prospect_02,FB – Prospecting Interest EU,538.32,168309,2081
2026-02-04,Referral,referral_mgm_01,Referral – Member Get Member,2452.86,0,0
2026-02-04,TikTok,tiktok_upper_01,TikTok – Brand Awareness NL,415.77,192036,1541
2026-02-04,TikTok,tiktok_upper_02,TikTok – Brand Awareness EU,344.35,158223,1269
2026-02-05,Google App Campaigns,goog_ac_01,Google – App Campaign NL,380.34,105358,1425
2026-02-05,Google App Campaigns,goog_ac_02,Google – App Campaign EU,353.96,93442,1443
2026-02-05,Google Brand Search,goog_brand_01,Google – Brand Search,116.31,7552,1025
2026-02-05,Google Non-Brand Search,goog_search_01,Google – Non-Brand Search NL,430.43,39003,1487
2026-02-05,Meta,fb_prospect_01,FB – Prospecting Lookalike NL,476.94,160970,2023
2026-02-05,Meta,fb_prospect_02,FB – Prospecting Interest EU,532.39,163369,1874
2026-02-05,Referral,referral_mgm_01,Referral – Member Get Member,2226.49,0,0
2026-02-05,TikTok,tiktok_upper_01,TikTok – Brand Awareness NL,383.4,165643,1283
2026-02-05,TikTok,tiktok_upper_02,TikTok – Brand Awareness EU,400.25,181326,1397
2026-02-06,Google App Campaigns,goog_ac_01,Google – App Campaign NL,478.55,121566,1644
2026-02-06,Google App Campaigns,goog_ac_02,Google – App Campaign EU,473.42,124813,1834
2026-02-06,Google Brand Search,goog_brand_01,Google – Brand Search,140.31,9384,1395
2026-02-06,Google Non-Brand Search,goog_search_01,Google – Non-Brand Search NL,537.04,44114,1470
2026-02-06,Meta,fb_prospect_01,FB – Prospecting Lookalike NL,639.28,219166,2554
2026-02-06,Meta,fb_prospect_02,FB – Prospecting Interest EU,634.38,215775,2430
2026-02-06,Referral,referral_mgm_01,Referral – Member Get Member,2210.78,0,0
2026-02-06,TikTok,tiktok_upper_01,TikTok – Brand Awareness NL,411.85,195683,1713
2026-02-06,TikTok,tiktok_upper_02,TikTok – Brand Awareness EU,406.13,192073,1435
2026-02-07,Google App Campaigns,goog_ac_01,Google – App Campaign NL,450.44,114591,1678
2026-02-07,Google App Campaigns,goog_ac_02,Google – App Campaign EU,475.83,117133,1831
2026-02-07,Google Brand Search,goog_brand_01,Google – Brand Search,145.62,10241,1538
2026-02-07,Google Non-Brand Search,goog_search_01,Google – Non-Brand Search NL,632.82,52687,1759
2026-02-07,Meta,fb_prospect_01,FB – Prospecting Lookalike NL,661.2,209759,2363
2026-02-07,Meta,fb_prospect_02,FB – Prospecting Interest EU,691.79,230855,2986
2026-02-07,Referral,referral_mgm_01,Referral – Member Get Member,1867.54,0,0
2026-02-07,TikTok,tiktok_upper_01,TikTok – Brand Awareness NL,502.72,238135,1835
2026-02-07,TikTok,tiktok_upper_02,TikTok – Brand Awareness EU,511.62,240662,2089
2026-02-08,Google App Campaigns,goog_ac_01,Google – App Campaign NL,434.81,113633,1611
2026-02-08,Google App Campaigns,goog_ac_02,Google – App Campaign EU,436.36,107075,1534
2026-02-08,Google Brand Search,goog_brand_01,Google – Brand Search,126.77,8140,1232
2026-02-08,Google Non-Brand Search,goog_search_01,Google – Non-Brand Search NL,588.86,51966,1689
2026-02-08,Meta,fb_prospect_01,FB – Prospecting Lookalike NL,558.46,195962,2549
2026-02-08,Meta,fb_prospect_02,FB – Prospecting Interest EU,649.67,220899,2463
2026-02-08,Referral,referral_mgm_01,Referral – Member Get Member,1796.62,0,0
2026-02-08,TikTok,tiktok_upper_01,TikTok – Brand Awareness NL,412.09,172225,1342
2026-02-08,TikTok,tiktok_upper_02,TikTok – Brand Awareness EU,441.17,187280,1599
2026-02-09,Google App Campaigns,goog_ac_01,Google – App Campaign NL,379.8,93915,1521
2026-02-09,Google App Campaigns,goog_ac_02,Google – App Campaign EU,315.48,85508,1224
2026-02-09,Google Brand Search,goog_brand_01,Google – Brand Search,119.9,7892,1237
2026-02-09,Google Non-Brand Search,goog_search_01,Google – Non-Brand Search NL,469.66,41358,1519
2026-02-09,Meta,fb_prospect_01,FB – Prospecting Lookalike NL,540.45,191093,2497
2026-02-09,Meta,fb_prospect_02,FB – Prospecting Interest EU,467.17,148372,1643
2026-02-09,Referral,referral_mgm_01,Referral – Member Get Member,1698.87,0,0
2026-02-09,TikTok,tiktok_upper_01,TikTok – Brand Awareness NL,387.18,161922,1324
2026-02-09,TikTok,tiktok_upper_02,TikTok – Brand Awareness EU,429.98,193696,1557
2026-02-10,Google App Campaigns,goog_ac_01,Google – App Campaign NL,365.23,104815,1586
2026-02-10,Google App Campaigns,goog_ac_02,Google – App Campaign EU,343.49,92549,1257
2026-02-10,Google Brand Search,goog_brand_01,Google – Brand Search,129.94,9080,1254
2026-02-10,Google Non-Brand Search,goog_search_01,Google – Non-Brand Search NL,482.0,45602,1437
2026-02-10,Meta,fb_prospect_01,FB – Prospecting Lookalike NL,579.22,202430,2259
2026-02-10,Meta,fb_prospect_02,FB – Prospecting Interest EU,467.92,161983,2015
2026-02-10,Referral,referral_mgm_01,Referral – Member Get Member,1830.16,0,0
2026-02-10,TikTok,tiktok_upper_01,TikTok – Brand Awareness NL,423.24,196952,1649
2026-02-10,TikTok,tiktok_upper_02,TikTok – Brand Awareness EU,382.87,181060,1444
2026-02-11,Google App Campaigns,goog_ac_01,Google – App Campaign NL,314.22,80366,1243
2026-02-11,Google App Campaigns,goog_ac_02,Google – App Campaign EU,351.22,87855,1391
2026-02-11,Google Brand Search,goog_brand_01,Google – Brand Search,123.92,8017,1087
2026-02-11,Google Non-Brand Search,goog_search_01,Google – Non-Brand Search NL,421.58,37735,1336
2026-02-11,Meta,fb_prospect_01,FB – Prospecting Lookalike NL,493.03,159750,2082
2026-02-11,Meta,fb_prospect_02,FB – Prospecting Interest EU,553.9,191606,2508
2026-02-11,Referral,referral_mgm_01,Referral – Member Get Member,1789.88,0,0
2026-02-11,TikTok,tiktok_upper_01,TikTok – Brand Awareness NL,415.96,192666,1538
2026-02-11,TikTok,tiktok_upper_02,TikTok – Brand Awareness EU,360.52,154798,1265
2026-02-12,Google App Campaigns,goog_ac_01,Google – App Campaign NL,356.1,93860,1307
2026-02-12,Google App Campaigns,goog_ac_02,Google – App Campaign EU,388.66,96259,1367
2026-02-12,Google Brand Search,goog_brand_01,Google – Brand Search,117.42,7636,1096
2026-02-12,Google Non-Brand Search,goog_search_01,Google – Non-Brand Search NL,486.79,44670,1657
2026-02-12,Meta,fb_prospect_01,FB – Prospecting Lookalike NL,484.99,153100,1719
2026-02-12,Meta,fb_prospect_02,FB – Prospecting Interest EU,503.69,162002,2074
2026-02-12,Referral,referral_mgm_01,Referral – Member Get Member,2083.12,0,0
2026-02-12,TikTok,tiktok_upper_01,TikTok – Brand Awareness NL,419.85,199414,1589
2026-02-12,TikTok,tiktok_upper_02,TikTok – Brand Awareness EU,339.82,152985,1177
2026-02-13,Google App Campaigns,goog_ac_01,Google – App Campaign NL,459.49,117630,1924
2026-02-13,Google App Campaigns,goog_ac_02,Google – App Campaign EU,400.22,108865,1646
2026-02-13,Google Brand Search,goog_brand_01,Google – Brand Search,134.07,9598,1380
2026-02-13,Google Non-Brand Search,goog_search_01,Google – Non-Brand Search NL,518.98,45119,1667
2026-02-13,Meta,fb_prospect_01,FB – Prospecting Lookalike NL,595.36,211834,2661
2026-02-13,Meta,fb_prospect_02,FB – Prospecting Interest EU,641.81,219440,2420
2026-02-13,Referral,referral_mgm_01,Referral – Member Get Member,1927.86,0,0
2026-02-13,TikTok,tiktok_upper_01,TikTok – Brand Awareness NL,468.33,203105,1568
2026-02-13,TikTok,tiktok_upper_02,TikTok – Brand Awareness EU,407.37,194040,1415
2026-02-14,Google App Campaigns,goog_ac_01,Google – App Campaign NL,471.66,116231,1758
2026-02-14,Google App Campaigns,goog_ac_02,Google – App Campaign EU,402.34,108349,1706
2026-02-14,Google Brand Search,goog_brand_01,Google – Brand Search,129.23,8628,1232
2026-02-14,Google Non-Brand Search,goog_search_01,Google – Non-Brand Search NL,599.67,55220,2039
2026-02-14,Meta,fb_prospect_01,FB – Prospecting Lookalike NL,639.07,216657,2548
2026-02-14,Meta,fb_prospect_02,FB – Prospecting Interest EU,565.12,178116,2182
2026-02-14,Referral,referral_mgm_01,Referral – Member Get Member,1747.22,0,0
2026-02-14,TikTok,tiktok_upper_01,TikTok – Brand Awareness NL,474.81,215039,1709
2026-02-14,TikTok,tiktok_upper_02,TikTok – Brand Awareness EU,477.98,220714,1807
2026-02-15,Google App Campaigns,goog_ac_01,Google – App Campaign NL,457.14,113931,1816
2026-02-15,Google App Campaigns,goog_ac_02,Google – App Campaign EU,398.23,107716,1565
2026-02-15,Google Brand Search,goog_brand_01,Google – Brand Search,127.0,8295,1325
2026-02-15,Google Non-Brand Search,goog_search_01,Google – Non-Brand Search NL,582.55,49855,1768
2026-02-15,Meta,fb_prospect_01,FB – Prospecting Lookalike NL,570.98,192395,2234
2026-02-15,Meta,fb_prospect_02,FB – Prospecting Interest EU,652.13,222548,2531
2026-02-15,Referral,referral_mgm_01,Referral – Member Get Member,2378.75,0,0
2026-02-15,TikTok,tiktok_upper_01,TikTok – Brand Awareness NL,507.39,235712,1737
2026-02-15,TikTok,tiktok_upper_02,TikTok – Brand Awareness EU,432.41,190805,1667
