postback_date,network,campaign_id,skan_conversion_value,install_count
2024-02-18,Meta,fb_prospect_01,0.0,6
2024-02-18,Meta,fb_prospect_01,5.0,4
2024-02-18,Meta,fb_prospect_01,10.0,8
2024-02-18,Meta,fb_prospect_01,20.0,2
2024-02-18,Meta,fb_prospect_02,0.0,7
2024-02-18,Meta,fb_prospect_02,5.0,1
2024-02-18,Meta,fb_prospect_02,10.0,5
2024-02-18,Meta,fb_prospect_02,20.0,1
2024-02-18,Meta,fb_prospect_02,40.0,1
2024-02-18,Meta,fb_prospect_02,63.0,1
2024-02-18,Google App Campaigns,goog_ac_01,0.0,3
2024-02-18,Google App Campaigns,goog_ac_01,5.0,3
2024-02-18,Google App Campaigns,goog_ac_01,10.0,2
2024-02-18,Google App Campaigns,goog_ac_01,20.0,2
2024-02-18,Google App Campaigns,goog_ac_02,0.0,4
2024-02-18,Google App Campaigns,goog_ac_02,5.0,1
2024-02-18,Google App Campaigns,goog_ac_02,10.0,4
2024-02-18,Google App Campaigns,goog_ac_02,20.0,1
2024-02-18,Google App Campaigns,goog_ac_02,40.0,1
2024-02-18,Google Brand Search,goog_brand_01,0.0,5
2024-02-18,Google Brand Search,goog_brand_01,5.0,2
2024-02-18,Google Brand Search,goog_brand_01,10.0,7
2024-02-18,Google Brand Search,goog_brand_01,20.0,2
2024-02-18,Google Brand Search,goog_brand_01,40.0,2
2024-02-18,Google Brand Search,goog_brand_01,63.0,1
2024-02-18,Google Non-Brand Search,goog_search_01,0.0,3
2024-02-18,Google Non-Brand Search,goog_search_01,5.0,3
2024-02-18,Google Non-Brand Search,goog_search_01,10.0,2
2024-02-18,Google Non-Brand Search,goog_search_01,20.0,5
2024-02-18,TikTok,tiktok_upper_01,0.0,4
2024-02-18,TikTok,tiktok_upper_01,5.0,5
2024-02-18,TikTok,tiktok_upper_01,20.0,1
2024-02-18,TikTok,tiktok_upper_01,40.0,1
2024-02-18,TikTok,tiktok_upper_02,,7
2024-02-19,Meta,fb_prospect_01,0.0,8
2024-02-19,Meta,fb_prospect_01,5.0,6
2024-02-19,Meta,fb_prospect_01,10.0,1
2024-02-19,Meta,fb_prospect_01,63.0,1
2024-02-19,Meta,fb_prospect_02,0.0,3
2024-02-19,Meta,fb_prospect_02,5.0,9
2024-02-19,Meta,fb_prospect_02,10.0,4
2024-02-19,Meta,fb_prospect_02,20.0,2
2024-02-19,Google App Campaigns,goog_ac_01,,6
2024-02-19,Google App Campaigns,goog_ac_02,,9
2024-02-19,Google Brand Search,goog_brand_01,0.0,6
2024-02-19,Google Brand Search,goog_brand_01,5.0,2
2024-02-19,Google Brand Search,goog_brand_01,10.0,6
2024-02-19,Google Brand Search,goog_brand_01,20.0,2
2024-02-19,Google Brand Search,goog_brand_01,63.0,3
2024-02-19,Google Non-Brand Search,goog_search_01,0.0,5
2024-02-19,Google Non-Brand Search,goog_search_01,5.0,3
2024-02-19,Google Non-Brand Search,goog_search_01,10.0,3
2024-02-19,Google Non-Brand Search,goog_search_01,20.0,4
2024-02-19,Google Non-Brand Search,goog_search_01,40.0,2
2024-02-19,Google Non-Brand Search,goog_search_01,63.0,1
2024-02-19,TikTok,tiktok_upper_01,0.0,4
2024-02-19,TikTok,tiktok_upper_01,5.0,4
2024-02-19,TikTok,tiktok_upper_01,10.0,2
2024-02-19,TikTok,tiktok_upper_01,20.0,1
2024-02-19,TikTok,tiktok_upper_02,,8
2024-02-20,Meta,fb_prospect_01,0.0,6
2024-02-20,Meta,fb_prospect_01,5.0,4
2024-02-20,Meta,fb_prospect_01,10.0,6
2024-02-20,Meta,fb_prospect_01,20.0,2
2024-02-20,Meta,fb_prospect_01,63.0,1
2024-02-20,Meta,fb_prospect_02,0.0,4
2024-02-20,Meta,fb_prospect_02,5.0,3
2024-02-20,Meta,fb_prospect_02,10.0,3
2024-02-20,Meta,fb_prospect_02,20.0,4
2024-02-20,Google App Campaigns,goog_ac_01,,9
2024-02-20,Google App Campaigns,goog_ac_02,0.0,3
2024-02-20,Google App Campaigns,goog_ac_02,5.0,5
2024-02-20,Google App Campaigns,goog_ac_02,10.0,5
2024-02-20,Google Brand Search,goog_brand_01,0.0,2
2024-02-20,Google Brand Search,goog_brand_01,5.0,3
2024-02-20,Google Brand Search,goog_brand_01,10.0,3
2024-02-20,Google Brand Search,goog_brand_01,20.0,2
2024-02-20,Google Brand Search,goog_brand_01,40.0,1
2024-02-20,Google Brand Search,goog_brand_01,63.0,3
2024-02-20,Google Non-Brand Search,goog_search_01,0.0,4
2024-02-20,Google Non-Brand Search,goog_search_01,5.0,1
2024-02-20,Google Non-Brand Search,goog_search_01,10.0,1
2024-02-20,Google Non-Brand Search,goog_search_01,20.0,4
2024-02-20,TikTok,tiktok_upper_01,,5
2024-02-20,TikTok,tiktok_upper_02,,4
2024-02-21,Meta,fb_prospect_01,0.0,6
2024-02-21,Meta,fb_prospect_01,5.0,9
2024-02-21,Meta,fb_prospect_01,10.0,2
2024-02-21,Meta,fb_prospect_01,20.0,2
2024-02-21,Meta,fb_prospect_01,40.0,4
2024-02-21,Meta,fb_prospect_02,0.0,5
2024-02-21,Meta,fb_prospect_02,5.0,4
2024-02-21,Meta,fb_prospect_02,10.0,4
2024-02-21,Meta,fb_prospect_02,20.0,1
2024-02-21,Meta,fb_prospect_02,40.0,2
2024-02-21,Google App Campaigns,goog_ac_01,,6
2024-02-21,Google App Campaigns,goog_ac_02,,7
2024-02-21,Google Brand Search,goog_brand_01,0.0,2
2024-02-21,Google Brand Search,goog_brand_01,5.0,5
2024-02-21,Google Brand Search,goog_brand_01,10.0,5
2024-02-21,Google Brand Search,goog_brand_01,20.0,2
2024-02-21,Google Brand Search,goog_brand_01,63.0,1
2024-02-21,Google Non-Brand Search,goog_search_01,0.0,2
2024-02-21,Google Non-Brand Search,goog_search_01,5.0,5
2024-02-21,Google Non-Brand Search,goog_search_01,10.0,2
2024-02-21,Google Non-Brand Search,goog_search_01,20.0,2
2024-02-21,Google Non-Brand Search,goog_search_01,40.0,1
2024-02-21,Google Non-Brand Search,goog_search_01,63.0,1
2024-02-21,TikTok,tiktok_upper_01,,7
2024-02-21,TikTok,tiktok_upper_02,,5
2024-02-22,Meta,fb_prospect_01,0.0,2
2024-02-22,Meta,fb_prospect_01,5.0,4
2024-02-22,Meta,fb_prospect_01,10.0,10
2024-02-22,Meta,fb_prospect_01,20.0,2
2024-02-22,Meta,fb_prospect_02,0.0,2
2024-02-22,Meta,fb_prospect_02,5.0,8
2024-02-22,Meta,fb_prospect_02,10.0,4
2024-02-22,Meta,fb_prospect_02,20.0,1
2024-02-22,Meta,fb_prospect_02,40.0,1
2024-02-22,Google App Campaigns,goog_ac_01,5.0,5
2024-02-22,Google App Campaigns,goog_ac_01,10.0,2
2024-02-22,Google App Campaigns,goog_ac_01,20.0,1
2024-02-22,Google App Campaigns,goog_ac_01,40.0,1
2024-02-22,Google App Campaigns,goog_ac_01,63.0,1
2024-02-22,Google App Campaigns,goog_ac_02,,5
2024-02-22,Google Brand Search,goog_brand_01,0.0,2
2024-02-22,Google Brand Search,goog_brand_01,5.0,7
2024-02-22,Google Brand Search,goog_brand_01,10.0,5
2024-02-22,Google Brand Search,goog_brand_01,20.0,3
2024-02-22,Google Brand Search,goog_brand_01,40.0,1
2024-02-22,Google Brand Search,goog_brand_01,63.0,2
2024-02-22,Google Non-Brand Search,goog_search_01,0.0,2
2024-02-22,Google Non-Brand Search,goog_search_01,5.0,3
2024-02-22,Google Non-Brand Search,goog_search_01,10.0,1
2024-02-22,Google Non-Brand Search,goog_search_01,20.0,5
2024-02-22,TikTok,tiktok_upper_01,,5
2024-02-22,TikTok,tiktok_upper_02,0.0,8
2024-02-22,TikTok,tiktok_upper_02,5.0,4
2024-02-22,TikTok,tiktok_upper_02,10.0,1
2024-02-23,Meta,fb_prospect_01,0.0,6
2024-02-23,Meta,fb_prospect_01,5.0,2
2024-02-23,Meta,fb_prospect_01,10.0,4
2024-02-23,Meta,fb_prospect_01,40.0,1
2024-02-23,Meta,fb_prospect_01,63.0,1
2024-02-23,Meta,fb_prospect_02,0.0,6
2024-02-23,Meta,fb_prospect_02,5.0,5
2024-02-23,Meta,fb_prospect_02,10.0,3
2024-02-23,Meta,fb_prospect_02,20.0,1
2024-02-23,Meta,fb_prospect_02,40.0,1
2024-02-23,Google App Campaigns,goog_ac_01,0.0,3
2024-02-23,Google App Campaigns,goog_ac_01,5.0,5
2024-02-23,Google App Campaigns,goog_ac_01,10.0,1
2024-02-23,Google App Campaigns,goog_ac_01,20.0,2
2024-02-23,Google App Campaigns,goog_ac_02,,8
2024-02-23,Google Brand Search,goog_brand_01,0.0,3
2024-02-23,Google Brand Search,goog_brand_01,5.0,4
2024-02-23,Google Brand Search,goog_brand_01,10.0,8
2024-02-23,Google Brand Search,goog_brand_01,20.0,1
2024-02-23,Google Brand Search,goog_brand_01,40.0,2
2024-02-23,Google Brand Search,goog_brand_01,63.0,1
2024-02-23,Google Non-Brand Search,goog_search_01,0.0,4
2024-02-23,Google Non-Brand Search,goog_search_01,5.0,6
2024-02-23,Google Non-Brand Search,goog_search_01,10.0,7
2024-02-23,Google Non-Brand Search,goog_search_01,20.0,3
2024-02-23,Google Non-Brand Search,goog_search_01,63.0,1
2024-02-23,TikTok,tiktok_upper_01,,6
2024-02-23,TikTok,tiktok_upper_02,,9
2024-02-24,Meta,fb_prospect_01,0.0,3
2024-02-24,Meta,fb_prospect_01,5.0,8
2024-02-24,Meta,fb_prospect_01,10.0,6
2024-02-24,Meta,fb_prospect_01,63.0,2
2024-02-24,Meta,fb_prospect_02,0.0,4
2024-02-24,Meta,fb_prospect_02,5.0,5
2024-02-24,Meta,fb_prospect_02,10.0,5
2024-02-24,Meta,fb_prospect_02,20.0,2
2024-02-24,Google App Campaigns,goog_ac_01,0.0,2
2024-02-24,Google App Campaigns,goog_ac_01,5.0,4
2024-02-24,Google App Campaigns,goog_ac_01,10.0,3
2024-02-24,Google App Campaigns,goog_ac_01,63.0,1
2024-02-24,Google App Campaigns,goog_ac_02,,7
2024-02-24,Google Brand Search,goog_brand_01,0.0,6
2024-02-24,Google Brand Search,goog_brand_01,5.0,8
2024-02-24,Google Brand Search,goog_brand_01,10.0,3
2024-02-24,Google Brand Search,goog_brand_01,40.0,2
2024-02-24,Google Brand Search,goog_brand_01,63.0,1
2024-02-24,Google Non-Brand Search,goog_search_01,0.0,3
2024-02-24,Google Non-Brand Search,goog_search_01,5.0,6
2024-02-24,Google Non-Brand Search,goog_search_01,10.0,4
2024-02-24,Google Non-Brand Search,goog_search_01,20.0,4
2024-02-24,TikTok,tiktok_upper_01,,6
2024-02-24,TikTok,tiktok_upper_02,,6
2024-02-25,Meta,fb_prospect_01,0.0,2
2024-02-25,Meta,fb_prospect_01,5.0,2
2024-02-25,Meta,fb_prospect_01,10.0,7
2024-02-25,Meta,fb_prospect_01,63.0,3
2024-02-25,Meta,fb_prospect_02,0.0,5
2024-02-25,Meta,fb_prospect_02,5.0,11
2024-02-25,Meta,fb_prospect_02,10.0,2
2024-02-25,Meta,fb_prospect_02,20.0,6
2024-02-25,Meta,fb_prospect_02,63.0,1
2024-02-25,Google App Campaigns,goog_ac_01,0.0,5
2024-02-25,Google App Campaigns,goog_ac_01,5.0,4
2024-02-25,Google App Campaigns,goog_ac_01,10.0,3
2024-02-25,Google App Campaigns,goog_ac_01,20.0,2
2024-02-25,Google App Campaigns,goog_ac_01,40.0,1
2024-02-25,Google App Campaigns,goog_ac_02,0.0,4
2024-02-25,Google App Campaigns,goog_ac_02,5.0,5
2024-02-25,Google App Campaigns,goog_ac_02,40.0,1
2024-02-25,Google App Campaigns,goog_ac_02,63.0,1
2024-02-25,Google Brand Search,goog_brand_01,0.0,4
2024-02-25,Google Brand Search,goog_brand_01,5.0,4
2024-02-25,Google Brand Search,goog_brand_01,10.0,3
2024-02-25,Google Brand Search,goog_brand_01,20.0,1
2024-02-25,Google Brand Search,goog_brand_01,40.0,3
2024-02-25,Google Brand Search,goog_brand_01,63.0,1
2024-02-25,Google Non-Brand Search,goog_search_01,0.0,4
2024-02-25,Google Non-Brand Search,goog_search_01,5.0,4
2024-02-25,Google Non-Brand Search,goog_search_01,10.0,4
2024-02-25,Google Non-Brand Search,goog_search_01,20.0,1
2024-02-25,Google Non-Brand Search,goog_search_01,63.0,1
2024-02-25,TikTok,tiktok_upper_01,0.0,3
2024-02-25,TikTok,tiktok_upper_01,5.0,2
2024-02-25,TikTok,tiktok_upper_01,10.0,5
2024-02-25,TikTok,tiktok_upper_02,0.0,3
2024-02-25,TikTok,tiktok_upper_02,5.0,5
2024-02-25,TikTok,tiktok_upper_02,10.0,2
2024-02-25,TikTok,tiktok_upper_02,20.0,1
2024-02-26,Meta,fb_prospect_01,0.0,6
2024-02-26,Meta,fb_prospect_01,5.0,7
2024-02-26,Meta,fb_prospect_01,10.0,5
2024-02-26,Meta,fb_prospect_01,20.0,2
2024-02-26,Meta,fb_prospect_01,40.0,1
2024-02-26,Meta,fb_prospect_02,0.0,6
2024-02-26,Meta,fb_prospect_02,5.0,7
2024-02-26,Meta,fb_prospect_02,10.0,9
2024-02-26,Meta,fb_prospect_02,20.0,2
2024-02-26,Meta,fb_prospect_02,40.0,1
2024-02-26,Meta,fb_prospect_02,63.0,1
2024-02-26,Google App Campaigns,goog_ac_01,,6
2024-02-26,Google App Campaigns,goog_ac_02,0.0,3
2024-02-26,Google App Campaigns,goog_ac_02,5.0,2
2024-02-26,Google App Campaigns,goog_ac_02,10.0,5
2024-02-26,Google App Campaigns,goog_ac_02,20.0,1
2024-02-26,Google App Campaigns,goog_ac_02,63.0,1
2024-02-26,Google Brand Search,goog_brand_01,0.0,3
2024-02-26,Google Brand Search,goog_brand_01,5.0,4
2024-02-26,Google Brand Search,goog_brand_01,10.0,8
2024-02-26,Google Brand Search,goog_brand_01,20.0,4
2024-02-26,Google Brand Search,goog_brand_01,40.0,4
2024-02-26,Google Brand Search,goog_brand_01,63.0,1
2024-02-26,Google Non-Brand Search,goog_search_01,0.0,3
2024-02-26,Google Non-Brand Search,goog_search_01,5.0,1
2024-02-26,Google Non-Brand Search,goog_search_01,10.0,1
2024-02-26,Google Non-Brand Search,goog_search_01,20.0,3
2024-02-26,Google Non-Brand Search,goog_search_01,40.0,4
2024-02-26,Google Non-Brand Search,goog_search_01,63.0,1
2024-02-26,TikTok,tiktok_upper_01,,9
2024-02-26,TikTok,tiktok_upper_02,,8
2024-02-27,Meta,fb_prospect_01,0.0,4
2024-02-27,Meta,fb_prospect_01,5.0,2
2024-02-27,Meta,fb_prospect_01,10.0,5
2024-02-27,Meta,fb_prospect_01,20.0,2
2024-02-27,Meta,fb_prospect_01,40.0,1
2024-02-27,Meta,fb_prospect_01,63.0,1
2024-02-27,Meta,fb_prospect_02,0.0,8
2024-02-27,Meta,fb_prospect_02,5.0,3
2024-02-27,Meta,fb_prospect_02,10.0,3
2024-02-27,Meta,fb_prospect_02,20.0,1
2024-02-27,Meta,fb_prospect_02,40.0,1
2024-02-27,Google App Campaigns,goog_ac_01,,7
2024-02-27,Google App Campaigns,goog_ac_02,,6
2024-02-27,Google Brand Search,goog_brand_01,0.0,1
2024-02-27,Google Brand Search,goog_brand_01,5.0,4
2024-02-27,Google Brand Search,goog_brand_01,10.0,5
2024-02-27,Google Brand Search,goog_brand_01,20.0,4
2024-02-27,Google Brand Search,goog_brand_01,63.0,3
2024-02-27,Google Non-Brand Search,goog_search_01,0.0,1
2024-02-27,Google Non-Brand Search,goog_search_01,5.0,2
2024-02-27,Google Non-Brand Search,goog_search_01,10.0,2
2024-02-27,Google Non-Brand Search,goog_search_01,20.0,9
2024-02-27,Google Non-Brand Search,goog_search_01,40.0,1
2024-02-27,Google Non-Brand Search,goog_search_01,63.0,2
2024-02-27,TikTok,tiktok_upper_01,0.0,6
2024-02-27,TikTok,tiktok_upper_01,5.0,4
2024-02-27,TikTok,tiktok_upper_02,,7
2024-02-28,Meta,fb_prospect_01,0.0,10
2024-02-28,Meta,fb_prospect_01,5.0,5
2024-02-28,Meta,fb_prospect_01,10.0,3
2024-02-28,Meta,fb_prospect_01,20.0,5
2024-02-28,Meta,fb_prospect_01,63.0,1
2024-02-28,Meta,fb_prospect_02,0.0,7
2024-02-28,Meta,fb_prospect_02,5.0,8
2024-02-28,Meta,fb_prospect_02,10.0,5
2024-02-28,Meta,fb_prospect_02,20.0,1
2024-02-28,Meta,fb_prospect_02,40.0,1
2024-02-28,Google App Campaigns,goog_ac_01,,6
2024-02-28,Google App Campaigns,goog_ac_02,,6
2024-02-28,Google Brand Search,goog_brand_01,0.0,1
2024-02-28,Google Brand Search,goog_brand_01,5.0,5
2024-02-28,Google Brand Search,goog_brand_01,10.0,4
2024-02-28,Google Brand Search,goog_brand_01,20.0,3
2024-02-28,Google Brand Search,goog_brand_01,63.0,1
2024-02-28,Google Non-Brand Search,goog_search_01,0.0,2
2024-02-28,Google Non-Brand Search,goog_search_01,5.0,2
2024-02-28,Google Non-Brand Search,goog_search_01,10.0,3
2024-02-28,Google Non-Brand Search,goog_search_01,20.0,2
2024-02-28,Google Non-Brand Search,goog_search_01,40.0,3
2024-02-28,Google Non-Brand Search,goog_search_01,63.0,1
2024-02-28,TikTok,tiktok_upper_01,0.0,8
2024-02-28,TikTok,tiktok_upper_01,10.0,1
2024-02-28,TikTok,tiktok_upper_01,20.0,2
2024-02-28,TikTok,tiktok_upper_02,0.0,3
2024-02-28,TikTok,tiktok_upper_02,5.0,5
2024-02-28,TikTok,tiktok_upper_02,10.0,2
2024-02-29,Meta,fb_prospect_01,0.0,4
2024-02-29,Meta,fb_prospect_01,5.0,3
2024-02-29,Meta,fb_prospect_01,10.0,6
2024-02-29,Meta,fb_prospect_01,20.0,2
2024-02-29,Meta,fb_prospect_01,40.0,1
2024-02-29,Meta,fb_prospect_01,63.0,1
2024-02-29,Meta,fb_prospect_02,0.0,3
2024-02-29,Meta,fb_prospect_02,5.0,8
2024-02-29,Meta,fb_prospect_02,10.0,6
2024-02-29,Meta,fb_prospect_02,40.0,1
2024-02-29,Meta,fb_prospect_02,63.0,2
2024-02-29,Google App Campaigns,goog_ac_01,0.0,3
2024-02-29,Google App Campaigns,goog_ac_01,5.0,2
2024-02-29,Google App Campaigns,goog_ac_01,10.0,3
2024-02-29,Google App Campaigns,goog_ac_01,20.0,1
2024-02-29,Google App Campaigns,goog_ac_01,63.0,1
2024-02-29,Google App Campaigns,goog_ac_02,,9
2024-02-29,Google Brand Search,goog_brand_01,0.0,5
2024-02-29,Google Brand Search,goog_brand_01,5.0,4
2024-02-29,Google Brand Search,goog_brand_01,10.0,3
2024-02-29,Google Brand Search,goog_brand_01,20.0,2
2024-02-29,Google Brand Search,goog_brand_01,63.0,1
2024-02-29,Google Non-Brand Search,goog_search_01,0.0,1
2024-02-29,Google Non-Brand Search,goog_search_01,5.0,2
2024-02-29,Google Non-Brand Search,goog_search_01,10.0,8
2024-02-29,Google Non-Brand Search,goog_search_01,20.0,2
2024-02-29,TikTok,tiktok_upper_01,,7
2024-02-29,TikTok,tiktok_upper_02,,6
2024-03-01,Meta,fb_prospect_01,0.0,4
2024-03-01,Meta,fb_prospect_01,5.0,4
2024-03-01,Meta,fb_prospect_01,10.0,6
2024-03-01,Meta,fb_prospect_01,20.0,2
2024-03-01,Meta,fb_prospect_02,0.0,3
2024-03-01,Meta,fb_prospect_02,5.0,3
2024-03-01,Meta,fb_prospect_02,10.0,5
2024-03-01,Meta,fb_prospect_02,20.0,3
2024-03-01,Google App Campaigns,goog_ac_01,,6
2024-03-01,Google App Campaigns,goog_ac_02,,8
2024-03-01,Google Brand Search,goog_brand_01,0.0,2
2024-03-01,Google Brand Search,goog_brand_01,5.0,4
2024-03-01,Google Brand Search,goog_brand_01,10.0,2
2024-03-01,Google Brand Search,goog_brand_01,20.0,2
2024-03-01,Google Brand Search,goog_brand_01,63.0,1
2024-03-01,Google Non-Brand Search,goog_search_01,0.0,2
2024-03-01,Google Non-Brand Search,goog_search_01,5.0,5
2024-03-01,Google Non-Brand Search,goog_search_01,10.0,2
2024-03-01,Google Non-Brand Search,goog_search_01,20.0,1
2024-03-01,Google Non-Brand Search,goog_search_01,40.0,3
2024-03-01,Google Non-Brand Search,goog_search_01,63.0,3
2024-03-01,TikTok,tiktok_upper_01,,7
2024-03-01,TikTok,tiktok_upper_02,,4
2024-03-02,Meta,fb_prospect_01,0.0,4
2024-03-02,Meta,fb_prospect_01,5.0,2
2024-03-02,Meta,fb_prospect_01,10.0,8
2024-03-02,Meta,fb_prospect_01,20.0,1
2024-03-02,Meta,fb_prospect_02,0.0,6
2024-03-02,Meta,fb_prospect_02,5.0,3
2024-03-02,Meta,fb_prospect_02,10.0,4
2024-03-02,Meta,fb_prospect_02,20.0,2
2024-03-02,Meta,fb_prospect_02,40.0,3
2024-03-02,Meta,fb_prospect_02,63.0,1
2024-03-02,Google App Campaigns,goog_ac_01,,7
2024-03-02,Google App Campaigns,goog_ac_02,0.0,3
2024-03-02,Google App Campaigns,goog_ac_02,5.0,1
2024-03-02,Google App Campaigns,goog_ac_02,10.0,5
2024-03-02,Google App Campaigns,goog_ac_02,20.0,1
2024-03-02,Google Brand Search,goog_brand_01,0.0,2
2024-03-02,Google Brand Search,goog_brand_01,5.0,3
2024-03-02,Google Brand Search,goog_brand_01,10.0,1
2024-03-02,Google Brand Search,goog_brand_01,20.0,5
2024-03-02,Google Brand Search,goog_brand_01,40.0,1
2024-03-02,Google Brand Search,goog_brand_01,63.0,1
2024-03-02,Google Non-Brand Search,goog_search_01,0.0,2
2024-03-02,Google Non-Brand Search,goog_search_01,5.0,5
2024-03-02,Google Non-Brand Search,goog_search_01,10.0,4
2024-03-02,Google Non-Brand Search,goog_search_01,20.0,4
2024-03-02,Google Non-Brand Search,goog_search_01,40.0,1
2024-03-02,Google Non-Brand Search,goog_search_01,63.0,3
2024-03-02,TikTok,tiktok_upper_01,,6
2024-03-02,TikTok,tiktok_upper_02,0.0,5
2024-03-02,TikTok,tiktok_upper_02,5.0,5
2024-03-02,TikTok,tiktok_upper_02,10.0,2
2024-03-02,TikTok,tiktok_upper_02,20.0,2
2024-03-03,Meta,fb_prospect_01,0.0,7
2024-03-03,Meta,fb_prospect_01,5.0,10
2024-03-03,Meta,fb_prospect_01,10.0,4
2024-03-03,Meta,fb_prospect_01,20.0,2
2024-03-03,Meta,fb_prospect_02,0.0,4
2024-03-03,Meta,fb_prospect_02,5.0,8
2024-03-03,Meta,fb_prospect_02,10.0,7
2024-03-03,Meta,fb_prospect_02,20.0,1
2024-03-03,Meta,fb_prospect_02,63.0,1
2024-03-03,Google App Campaigns,goog_ac_01,0.0,2
2024-03-03,Google App Campaigns,goog_ac_01,5.0,4
2024-03-03,Google App Campaigns,goog_ac_01,10.0,2
2024-03-03,Google App Campaigns,goog_ac_01,20.0,2
2024-03-03,Google App Campaigns,goog_ac_01,63.0,1
2024-03-03,Google App Campaigns,goog_ac_02,,9
2024-03-03,Google Brand Search,goog_brand_01,0.0,2
2024-03-03,Google Brand Search,goog_brand_01,5.0,7
2024-03-03,Google Brand Search,goog_brand_01,10.0,2
2024-03-03,Google Brand Search,goog_brand_01,20.0,2
2024-03-03,Google Brand Search,goog_brand_01,40.0,4
2024-03-03,Google Brand Search,goog_brand_01,63.0,1
2024-03-03,Google Non-Brand Search,goog_search_01,0.0,3
2024-03-03,Google Non-Brand Search,goog_search_01,5.0,4
2024-03-03,Google Non-Brand Search,goog_search_01,10.0,3
2024-03-03,Google Non-Brand Search,goog_search_01,20.0,5
2024-03-03,Google Non-Brand Search,goog_search_01,40.0,2
2024-03-03,TikTok,tiktok_upper_01,,7
2024-03-03,TikTok,tiktok_upper_02,0.0,7
2024-03-03,TikTok,tiktok_upper_02,5.0,6
2024-03-03,TikTok,tiktok_upper_02,10.0,1
2024-03-03,TikTok,tiktok_upper_02,20.0,1
2024-03-03,TikTok,tiktok_upper_02,63.0,1
2024-03-04,Meta,fb_prospect_01,0.0,6
2024-03-04,Meta,fb_prospect_01,5.0,9
2024-03-04,Meta,fb_prospect_01,10.0,5
2024-03-04,Meta,fb_prospect_01,40.0,3
2024-03-04,Meta,fb_prospect_02,0.0,6
2024-03-04,Meta,fb_prospect_02,5.0,10
2024-03-04,Meta,fb_prospect_02,10.0,6
2024-03-04,Meta,fb_prospect_02,20.0,4
2024-03-04,Meta,fb_prospect_02,63.0,1
2024-03-04,Google App Campaigns,goog_ac_01,,9
2024-03-04,Google App Campaigns,goog_ac_02,0.0,1
2024-03-04,Google App Campaigns,goog_ac_02,5.0,4
2024-03-04,Google App Campaigns,goog_ac_02,10.0,1
2024-03-04,Google App Campaigns,goog_ac_02,20.0,1
2024-03-04,Google App Campaigns,goog_ac_02,40.0,2
2024-03-04,Google App Campaigns,goog_ac_02,63.0,1
2024-03-04,Google Brand Search,goog_brand_01,0.0,8
2024-03-04,Google Brand Search,goog_brand_01,5.0,1
2024-03-04,Google Brand Search,goog_brand_01,10.0,9
2024-03-04,Google Brand Search,goog_brand_01,20.0,1
2024-03-04,Google Brand Search,goog_brand_01,40.0,5
2024-03-04,Google Non-Brand Search,goog_search_01,0.0,4
2024-03-04,Google Non-Brand Search,goog_search_01,5.0,3
2024-03-04,Google Non-Brand Search,goog_search_01,10.0,4
2024-03-04,Google Non-Brand Search,goog_search_01,20.0,4
2024-03-04,Google Non-Brand Search,goog_search_01,40.0,2
2024-03-04,TikTok,tiktok_upper_01,,9
2024-03-04,TikTok,tiktok_upper_02,0.0,6
2024-03-04,TikTok,tiktok_upper_02,5.0,1
2024-03-04,TikTok,tiktok_upper_02,20.0,1
2024-03-04,TikTok,tiktok_upper_02,40.0,1
2024-03-04,TikTok,tiktok_upper_02,63.0,1
2024-03-05,Meta,fb_prospect_01,0.0,2
2024-03-05,Meta,fb_prospect_01,5.0,2
2024-03-05,Meta,fb_prospect_01,10.0,6
2024-03-05,Meta,fb_prospect_01,20.0,3
2024-03-05,Meta,fb_prospect_01,40.0,2
2024-03-05,Meta,fb_prospect_01,63.0,1
2024-03-05,Meta,fb_prospect_02,0.0,3
2024-03-05,Meta,fb_prospect_02,5.0,9
2024-03-05,Meta,fb_prospect_02,10.0,4
2024-03-05,Meta,fb_prospect_02,20.0,1
2024-03-05,Meta,fb_prospect_02,63.0,1
2024-03-05,Google App Campaigns,goog_ac_01,0.0,4
2024-03-05,Google App Campaigns,goog_ac_01,5.0,1
2024-03-05,Google App Campaigns,goog_ac_01,10.0,4
2024-03-05,Google App Campaigns,goog_ac_01,20.0,2
2024-03-05,Google App Campaigns,goog_ac_02,,9
2024-03-05,Google Brand Search,goog_brand_01,0.0,5
2024-03-05,Google Brand Search,goog_brand_01,5.0,6
2024-03-05,Google Brand Search,goog_brand_01,10.0,4
2024-03-05,Google Brand Search,goog_brand_01,20.0,4
2024-03-05,Google Non-Brand Search,goog_search_01,0.0,4
2024-03-05,Google Non-Brand Search,goog_search_01,5.0,3
2024-03-05,Google Non-Brand Search,goog_search_01,10.0,1
2024-03-05,Google Non-Brand Search,goog_search_01,20.0,5
2024-03-05,Google Non-Brand Search,goog_search_01,40.0,2
2024-03-05,Google Non-Brand Search,goog_search_01,63.0,2
2024-03-05,TikTok,tiktok_upper_01,,9
2024-03-05,TikTok,tiktok_upper_02,,7
2024-03-06,Meta,fb_prospect_01,0.0,2
2024-03-06,Meta,fb_prospect_01,5.0,6
2024-03-06,Meta,fb_prospect_01,10.0,3
2024-03-06,Meta,fb_prospect_01,40.0,1
2024-03-06,Meta,fb_prospect_01,63.0,1
2024-03-06,Meta,fb_prospect_02,0.0,6
2024-03-06,Meta,fb_prospect_02,5.0,5
2024-03-06,Meta,fb_prospect_02,10.0,4
2024-03-06,Meta,fb_prospect_02,20.0,1
2024-03-06,Meta,fb_prospect_02,40.0,1
2024-03-06,Meta,fb_prospect_02,63.0,1
2024-03-06,Google App Campaigns,goog_ac_01,,7
2024-03-06,Google App Campaigns,goog_ac_02,,2
2024-03-06,Google Brand Search,goog_brand_01,0.0,2
2024-03-06,Google Brand Search,goog_brand_01,5.0,4
2024-03-06,Google Brand Search,goog_brand_01,10.0,6
2024-03-06,Google Brand Search,goog_brand_01,20.0,2
2024-03-06,Google Brand Search,goog_brand_01,40.0,1
2024-03-06,Google Non-Brand Search,goog_search_01,0.0,3
2024-03-06,Google Non-Brand Search,goog_search_01,5.0,1
2024-03-06,Google Non-Brand Search,goog_search_01,10.0,3
2024-03-06,Google Non-Brand Search,goog_search_01,20.0,4
2024-03-06,Google Non-Brand Search,goog_search_01,40.0,1
2024-03-06,TikTok,tiktok_upper_01,,8
2024-03-06,TikTok,tiktok_upper_02,,6
2024-03-07,Meta,fb_prospect_01,0.0,2
2024-03-07,Meta,fb_prospect_01,5.0,10
2024-03-07,Meta,fb_prospect_01,10.0,4
2024-03-07,Meta,fb_prospect_01,20.0,1
2024-03-07,Meta,fb_prospect_01,40.0,1
2024-03-07,Meta,fb_prospect_02,0.0,5
2024-03-07,Meta,fb_prospect_02,5.0,6
2024-03-07,Meta,fb_prospect_02,10.0,3
2024-03-07,Google App Campaigns,goog_ac_01,0.0,3
2024-03-07,Google App Campaigns,goog_ac_01,5.0,5
2024-03-07,Google App Campaigns,goog_ac_01,10.0,1
2024-03-07,Google App Campaigns,goog_ac_01,20.0,1
2024-03-07,Google App Campaigns,goog_ac_02,0.0,4
2024-03-07,Google App Campaigns,goog_ac_02,5.0,1
2024-03-07,Google App Campaigns,goog_ac_02,10.0,2
2024-03-07,Google App Campaigns,goog_ac_02,20.0,2
2024-03-07,Google App Campaigns,goog_ac_02,40.0,1
2024-03-07,Google Brand Search,goog_brand_01,,9
2024-03-07,Google Non-Brand Search,goog_search_01,0.0,3
2024-03-07,Google Non-Brand Search,goog_search_01,5.0,4
2024-03-07,Google Non-Brand Search,goog_search_01,10.0,4
2024-03-07,Google Non-Brand Search,goog_search_01,20.0,4
2024-03-07,Google Non-Brand Search,goog_search_01,40.0,1
2024-03-07,Google Non-Brand Search,goog_search_01,63.0,3
2024-03-07,TikTok,tiktok_upper_01,,7
2024-03-07,TikTok,tiktok_upper_02,,4
2024-03-08,Meta,fb_prospect_01,0.0,8
2024-03-08,Meta,fb_prospect_01,5.0,3
2024-03-08,Meta,fb_prospect_01,10.0,5
2024-03-08,Meta,fb_prospect_01,20.0,3
2024-03-08,Meta,fb_prospect_01,40.0,1
2024-03-08,Meta,fb_prospect_02,0.0,8
2024-03-08,Meta,fb_prospect_02,5.0,5
2024-03-08,Meta,fb_prospect_02,10.0,6
2024-03-08,Meta,fb_prospect_02,20.0,3
2024-03-08,Meta,fb_prospect_02,40.0,1
2024-03-08,Google App Campaigns,goog_ac_01,,7
2024-03-08,Google App Campaigns,goog_ac_02,,9
2024-03-08,Google Brand Search,goog_brand_01,0.0,3
2024-03-08,Google Brand Search,goog_brand_01,5.0,3
2024-03-08,Google Brand Search,goog_brand_01,10.0,8
2024-03-08,Google Brand Search,goog_brand_01,20.0,2
2024-03-08,Google Brand Search,goog_brand_01,40.0,2
2024-03-08,Google Brand Search,goog_brand_01,63.0,1
2024-03-08,Google Non-Brand Search,goog_search_01,0.0,1
2024-03-08,Google Non-Brand Search,goog_search_01,5.0,3
2024-03-08,Google Non-Brand Search,goog_search_01,10.0,4
2024-03-08,Google Non-Brand Search,goog_search_01,20.0,1
2024-03-08,Google Non-Brand Search,goog_search_01,63.0,4
2024-03-08,TikTok,tiktok_upper_01,0.0,5
2024-03-08,TikTok,tiktok_upper_01,5.0,4
2024-03-08,TikTok,tiktok_upper_01,10.0,3
2024-03-08,TikTok,tiktok_upper_02,,9
2024-03-09,Meta,fb_prospect_01,0.0,7
2024-03-09,Meta,fb_prospect_01,5.0,4
2024-03-09,Meta,fb_prospect_01,10.0,1
2024-03-09,Meta,fb_prospect_01,20.0,1
2024-03-09,Meta,fb_prospect_01,40.0,1
2024-03-09,Meta,fb_prospect_01,63.0,1
2024-03-09,Meta,fb_prospect_02,0.0,3
2024-03-09,Meta,fb_prospect_02,5.0,4
2024-03-09,Meta,fb_prospect_02,10.0,8
2024-03-09,Meta,fb_prospect_02,20.0,4
2024-03-09,Meta,fb_prospect_02,40.0,1
2024-03-09,Meta,fb_prospect_02,63.0,3
2024-03-09,Google App Campaigns,goog_ac_01,0.0,3
2024-03-09,Google App Campaigns,goog_ac_01,5.0,1
2024-03-09,Google App Campaigns,goog_ac_01,10.0,4
2024-03-09,Google App Campaigns,goog_ac_01,20.0,2
2024-03-09,Google App Campaigns,goog_ac_01,63.0,1
2024-03-09,Google App Campaigns,goog_ac_02,0.0,2
2024-03-09,Google App Campaigns,goog_ac_02,5.0,6
2024-03-09,Google App Campaigns,goog_ac_02,10.0,1
2024-03-09,Google App Campaigns,goog_ac_02,20.0,1
2024-03-09,Google Brand Search,goog_brand_01,0.0,4
2024-03-09,Google Brand Search,goog_brand_01,5.0,2
2024-03-09,Google Brand Search,goog_brand_01,10.0,7
2024-03-09,Google Brand Search,goog_brand_01,20.0,1
2024-03-09,Google Brand Search,goog_brand_01,40.0,3
2024-03-09,Google Brand Search,goog_brand_01,63.0,2
2024-03-09,Google Non-Brand Search,goog_search_01,0.0,2
2024-03-09,Google Non-Brand Search,goog_search_01,5.0,2
2024-03-09,Google Non-Brand Search,goog_search_01,10.0,2
2024-03-09,Google Non-Brand Search,goog_search_01,20.0,6
2024-03-09,Google Non-Brand Search,goog_search_01,40.0,1
2024-03-09,Google Non-Brand Search,goog_search_01,63.0,2
2024-03-09,TikTok,tiktok_upper_01,,9
2024-03-09,TikTok,tiktok_upper_02,0.0,7
2024-03-09,TikTok,tiktok_upper_02,5.0,2
2024-03-09,TikTok,tiktok_upper_02,20.0,1
2024-03-10,Meta,fb_prospect_01,0.0,8
2024-03-10,Meta,fb_prospect_01,5.0,6
2024-03-10,Meta,fb_prospect_01,10.0,2
2024-03-10,Meta,fb_prospect_01,40.0,2
2024-03-10,Meta,fb_prospect_02,0.0,2
2024-03-10,Meta,fb_prospect_02,5.0,5
2024-03-10,Meta,fb_prospect_02,10.0,9
2024-03-10,Meta,fb_prospect_02,20.0,1
2024-03-10,Meta,fb_prospect_02,63.0,1
2024-03-10,Google App Campaigns,goog_ac_01,0.0,3
2024-03-10,Google App Campaigns,goog_ac_01,5.0,3
2024-03-10,Google App Campaigns,goog_ac_01,10.0,4
2024-03-10,Google App Campaigns,goog_ac_01,40.0,1
2024-03-10,Google App Campaigns,goog_ac_02,0.0,1
2024-03-10,Google App Campaigns,goog_ac_02,5.0,7
2024-03-10,Google App Campaigns,goog_ac_02,10.0,4
2024-03-10,Google App Campaigns,goog_ac_02,20.0,2
2024-03-10,Google App Campaigns,goog_ac_02,40.0,1
2024-03-10,Google Brand Search,goog_brand_01,0.0,6
2024-03-10,Google Brand Search,goog_brand_01,5.0,4
2024-03-10,Google Brand Search,goog_brand_01,10.0,1
2024-03-10,Google Brand Search,goog_brand_01,20.0,8
2024-03-10,Google Brand Search,goog_brand_01,40.0,1
2024-03-10,Google Brand Search,goog_brand_01,63.0,2
2024-03-10,Google Non-Brand Search,goog_search_01,0.0,5
2024-03-10,Google Non-Brand Search,goog_search_01,5.0,1
2024-03-10,Google Non-Brand Search,goog_search_01,10.0,5
2024-03-10,Google Non-Brand Search,goog_search_01,20.0,5
2024-03-10,Google Non-Brand Search,goog_search_01,40.0,1
2024-03-10,TikTok,tiktok_upper_01,0.0,4
2024-03-10,TikTok,tiktok_upper_01,5.0,5
2024-03-10,TikTok,tiktok_upper_01,10.0,4
2024-03-10,TikTok,tiktok_upper_01,63.0,1
2024-03-10,TikTok,tiktok_upper_02,0.0,6
2024-03-10,TikTok,tiktok_upper_02,5.0,4
2024-03-10,TikTok,tiktok_upper_02,10.0,2
2024-03-10,TikTok,tiktok_upper_02,20.0,1
2024-03-11,Meta,fb_prospect_01,0.0,3
2024-03-11,Meta,fb_prospect_01,5.0,3
2024-03-11,Meta,fb_prospect_01,10.0,4
2024-03-11,Meta,fb_prospect_01,20.0,2
2024-03-11,Meta,fb_prospect_02,0.0,6
2024-03-11,Meta,fb_prospect_02,5.0,7
2024-03-11,Meta,fb_prospect_02,10.0,5
2024-03-11,Meta,fb_prospect_02,20.0,3
2024-03-11,Google App Campaigns,goog_ac_01,0.0,3
2024-03-11,Google App Campaigns,goog_ac_01,5.0,3
2024-03-11,Google App Campaigns,goog_ac_01,10.0,1
2024-03-11,Google App Campaigns,goog_ac_01,20.0,4
2024-03-11,Google App Campaigns,goog_ac_02,0.0,5
2024-03-11,Google App Campaigns,goog_ac_02,5.0,2
2024-03-11,Google App Campaigns,goog_ac_02,10.0,3
2024-03-11,Google App Campaigns,goog_ac_02,20.0,1
2024-03-11,Google App Campaigns,goog_ac_02,40.0,1
2024-03-11,Google App Campaigns,goog_ac_02,63.0,1
2024-03-11,Google Brand Search,goog_brand_01,0.0,2
2024-03-11,Google Brand Search,goog_brand_01,5.0,4
2024-03-11,Google Brand Search,goog_brand_01,10.0,8
2024-03-11,Google Brand Search,goog_brand_01,20.0,2
2024-03-11,Google Brand Search,goog_brand_01,40.0,1
2024-03-11,Google Non-Brand Search,goog_search_01,0.0,6
2024-03-11,Google Non-Brand Search,goog_search_01,5.0,1
2024-03-11,Google Non-Brand Search,goog_search_01,10.0,5
2024-03-11,Google Non-Brand Search,goog_search_01,20.0,2
2024-03-11,Google Non-Brand Search,goog_search_01,40.0,3
2024-03-11,Google Non-Brand Search,goog_search_01,63.0,2
2024-03-11,TikTok,tiktok_upper_01,0.0,10
2024-03-11,TikTok,tiktok_upper_01,5.0,1
2024-03-11,TikTok,tiktok_upper_01,10.0,2
2024-03-11,TikTok,tiktok_upper_01,20.0,1
2024-03-11,TikTok,tiktok_upper_01,40.0,1
2024-03-11,TikTok,tiktok_upper_02,0.0,6
2024-03-11,TikTok,tiktok_upper_02,5.0,5
2024-03-12,Meta,fb_prospect_01,0.0,1
2024-03-12,Meta,fb_prospect_01,5.0,2
2024-03-12,Meta,fb_prospect_01,10.0,6
2024-03-12,Meta,fb_prospect_01,20.0,4
2024-03-12,Meta,fb_prospect_02,0.0,2
2024-03-12,Meta,fb_prospect_02,5.0,5
2024-03-12,Meta,fb_prospect_02,10.0,5
2024-03-12,Meta,fb_prospect_02,20.0,3
2024-03-12,Google App Campaigns,goog_ac_01,,9
2024-03-12,Google App Campaigns,goog_ac_02,,8
2024-03-12,Google Brand Search,goog_brand_01,0.0,3
2024-03-12,Google Brand Search,goog_brand_01,5.0,4
2024-03-12,Google Brand Search,goog_brand_01,10.0,4
2024-03-12,Google Brand Search,goog_brand_01,20.0,1
2024-03-12,Google Brand Search,goog_brand_01,40.0,5
2024-03-12,Google Brand Search,goog_brand_01,63.0,3
2024-03-12,Google Non-Brand Search,goog_search_01,0.0,3
2024-03-12,Google Non-Brand Search,goog_search_01,5.0,1
2024-03-12,Google Non-Brand Search,goog_search_01,10.0,4
2024-03-12,Google Non-Brand Search,goog_search_01,20.0,2
2024-03-12,Google Non-Brand Search,goog_search_01,40.0,2
2024-03-12,Google Non-Brand Search,goog_search_01,63.0,1
2024-03-12,TikTok,tiktok_upper_01,0.0,4
2024-03-12,TikTok,tiktok_upper_01,5.0,4
2024-03-12,TikTok,tiktok_upper_01,10.0,2
2024-03-12,TikTok,tiktok_upper_02,,4
2024-03-13,Meta,fb_prospect_01,0.0,6
2024-03-13,Meta,fb_prospect_01,5.0,6
2024-03-13,Meta,fb_prospect_01,10.0,5
2024-03-13,Meta,fb_prospect_01,20.0,1
2024-03-13,Meta,fb_prospect_01,63.0,1
2024-03-13,Meta,fb_prospect_02,0.0,5
2024-03-13,Meta,fb_prospect_02,5.0,4
2024-03-13,Meta,fb_prospect_02,10.0,4
2024-03-13,Meta,fb_prospect_02,20.0,1
2024-03-13,Meta,fb_prospect_02,63.0,1
2024-03-13,Google App Campaigns,goog_ac_01,,9
2024-03-13,Google App Campaigns,goog_ac_02,0.0,5
2024-03-13,Google App Campaigns,goog_ac_02,5.0,1
2024-03-13,Google App Campaigns,goog_ac_02,10.0,6
2024-03-13,Google Brand Search,goog_brand_01,0.0,1
2024-03-13,Google Brand Search,goog_brand_01,5.0,5
2024-03-13,Google Brand Search,goog_brand_01,10.0,4
2024-03-13,Google Brand Search,goog_brand_01,20.0,1
2024-03-13,Google Non-Brand Search,goog_search_01,0.0,2
2024-03-13,Google Non-Brand Search,goog_search_01,5.0,4
2024-03-13,Google Non-Brand Search,goog_search_01,10.0,1
2024-03-13,Google Non-Brand Search,goog_search_01,20.0,2
2024-03-13,Google Non-Brand Search,goog_search_01,40.0,2
2024-03-13,Google Non-Brand Search,goog_search_01,63.0,1
2024-03-13,TikTok,tiktok_upper_01,,5
2024-03-13,TikTok,tiktok_upper_02,,9
2024-03-14,Meta,fb_prospect_01,0.0,5
2024-03-14,Meta,fb_prospect_01,5.0,3
2024-03-14,Meta,fb_prospect_01,10.0,4
2024-03-14,Meta,fb_prospect_01,20.0,3
2024-03-14,Meta,fb_prospect_02,0.0,4
2024-03-14,Meta,fb_prospect_02,5.0,3
2024-03-14,Meta,fb_prospect_02,10.0,5
2024-03-14,Meta,fb_prospect_02,20.0,1
2024-03-14,Meta,fb_prospect_02,40.0,1
2024-03-14,Meta,fb_prospect_02,63.0,1
2024-03-14,Google App Campaigns,goog_ac_01,0.0,2
2024-03-14,Google App Campaigns,goog_ac_01,5.0,2
2024-03-14,Google App Campaigns,goog_ac_01,10.0,6
2024-03-14,Google App Campaigns,goog_ac_01,20.0,3
2024-03-14,Google App Campaigns,goog_ac_02,,8
2024-03-14,Google Brand Search,goog_brand_01,0.0,5
2024-03-14,Google Brand Search,goog_brand_01,5.0,3
2024-03-14,Google Brand Search,goog_brand_01,10.0,5
2024-03-14,Google Brand Search,goog_brand_01,20.0,1
2024-03-14,Google Brand Search,goog_brand_01,40.0,4
2024-03-14,Google Brand Search,goog_brand_01,63.0,2
2024-03-14,Google Non-Brand Search,goog_search_01,0.0,2
2024-03-14,Google Non-Brand Search,goog_search_01,5.0,1
2024-03-14,Google Non-Brand Search,goog_search_01,10.0,5
2024-03-14,Google Non-Brand Search,goog_search_01,20.0,1
2024-03-14,Google Non-Brand Search,goog_search_01,40.0,2
2024-03-14,Google Non-Brand Search,goog_search_01,63.0,1
2024-03-14,TikTok,tiktok_upper_01,,8
2024-03-14,TikTok,tiktok_upper_02,,7
2024-03-15,Meta,fb_prospect_01,0.0,4
2024-03-15,Meta,fb_prospect_01,5.0,3
2024-03-15,Meta,fb_prospect_01,10.0,2
2024-03-15,Meta,fb_prospect_01,20.0,1
2024-03-15,Meta,fb_prospect_01,40.0,1
2024-03-15,Meta,fb_prospect_02,0.0,4
2024-03-15,Meta,fb_prospect_02,5.0,3
2024-03-15,Meta,fb_prospect_02,10.0,2
2024-03-15,Meta,fb_prospect_02,20.0,2
2024-03-15,Meta,fb_prospect_02,63.0,1
2024-03-15,Google App Campaigns,goog_ac_01,,5
2024-03-15,Google App Campaigns,goog_ac_02,,7
2024-03-15,Google Brand Search,goog_brand_01,0.0,3
2024-03-15,Google Brand Search,goog_brand_01,5.0,3
2024-03-15,Google Brand Search,goog_brand_01,10.0,7
2024-03-15,Google Brand Search,goog_brand_01,40.0,2
2024-03-15,Google Non-Brand Search,goog_search_01,,9
2024-03-15,TikTok,tiktok_upper_01,0.0,5
2024-03-15,TikTok,tiktok_upper_01,5.0,5
2024-03-15,TikTok,tiktok_upper_01,10.0,1
2024-03-15,TikTok,tiktok_upper_01,20.0,1
2024-03-15,TikTok,tiktok_upper_02,,7
2024-03-16,Meta,fb_prospect_01,0.0,7
2024-03-16,Meta,fb_prospect_01,5.0,9
2024-03-16,Meta,fb_prospect_01,10.0,6
2024-03-16,Meta,fb_prospect_01,20.0,2
2024-03-16,Meta,fb_prospect_01,40.0,1
2024-03-16,Meta,fb_prospect_01,63.0,2
2024-03-16,Meta,fb_prospect_02,0.0,3
2024-03-16,Meta,fb_prospect_02,5.0,5
2024-03-16,Meta,fb_prospect_02,10.0,5
2024-03-16,Meta,fb_prospect_02,20.0,4
2024-03-16,Meta,fb_prospect_02,63.0,1
2024-03-16,Google App Campaigns,goog_ac_01,0.0,6
2024-03-16,Google App Campaigns,goog_ac_01,5.0,4
2024-03-16,Google App Campaigns,goog_ac_01,10.0,3
2024-03-16,Google App Campaigns,goog_ac_01,20.0,1
2024-03-16,Google App Campaigns,goog_ac_01,63.0,1
2024-03-16,Google App Campaigns,goog_ac_02,0.0,5
2024-03-16,Google App Campaigns,goog_ac_02,5.0,3
2024-03-16,Google App Campaigns,goog_ac_02,10.0,4
2024-03-16,Google App Campaigns,goog_ac_02,63.0,2
2024-03-16,Google Brand Search,goog_brand_01,0.0,4
2024-03-16,Google Brand Search,goog_brand_01,5.0,3
2024-03-16,Google Brand Search,goog_brand_01,10.0,3
2024-03-16,Google Brand Search,goog_brand_01,20.0,4
2024-03-16,Google Brand Search,goog_brand_01,40.0,1
2024-03-16,Google Brand Search,goog_brand_01,63.0,1
2024-03-16,Google Non-Brand Search,goog_search_01,0.0,1
2024-03-16,Google Non-Brand Search,goog_search_01,10.0,7
2024-03-16,Google Non-Brand Search,goog_search_01,20.0,2
2024-03-16,Google Non-Brand Search,goog_search_01,40.0,1
2024-03-16,Google Non-Brand Search,goog_search_01,63.0,3
2024-03-16,TikTok,tiktok_upper_01,0.0,3
2024-03-16,TikTok,tiktok_upper_01,5.0,6
2024-03-16,TikTok,tiktok_upper_01,10.0,2
2024-03-16,TikTok,tiktok_upper_02,,9
2024-03-17,Meta,fb_prospect_01,0.0,2
2024-03-17,Meta,fb_prospect_01,5.0,8
2024-03-17,Meta,fb_prospect_01,10.0,5
2024-03-17,Meta,fb_prospect_01,20.0,2
2024-03-17,Meta,fb_prospect_01,40.0,1
2024-03-17,Meta,fb_prospect_02,0.0,7
2024-03-17,Meta,fb_prospect_02,5.0,3
2024-03-17,Meta,fb_prospect_02,10.0,4
2024-03-17,Meta,fb_prospect_02,20.0,2
2024-03-17,Google App Campaigns,goog_ac_01,0.0,5
2024-03-17,Google App Campaigns,goog_ac_01,5.0,3
2024-03-17,Google App Campaigns,goog_ac_01,10.0,4
2024-03-17,Google App Campaigns,goog_ac_01,20.0,1
2024-03-17,Google App Campaigns,goog_ac_01,63.0,1
2024-03-17,Google App Campaigns,goog_ac_02,0.0,2
2024-03-17,Google App Campaigns,goog_ac_02,5.0,5
2024-03-17,Google App Campaigns,goog_ac_02,10.0,6
2024-03-17,Google App Campaigns,goog_ac_02,20.0,1
2024-03-17,Google Brand Search,goog_brand_01,0.0,1
2024-03-17,Google Brand Search,goog_brand_01,5.0,6
2024-03-17,Google Brand Search,goog_brand_01,10.0,3
2024-03-17,Google Brand Search,goog_brand_01,20.0,4
2024-03-17,Google Brand Search,goog_brand_01,40.0,1
2024-03-17,Google Brand Search,goog_brand_01,63.0,2
2024-03-17,Google Non-Brand Search,goog_search_01,0.0,4
2024-03-17,Google Non-Brand Search,goog_search_01,5.0,3
2024-03-17,Google Non-Brand Search,goog_search_01,20.0,4
2024-03-17,Google Non-Brand Search,goog_search_01,40.0,2
2024-03-17,Google Non-Brand Search,goog_search_01,63.0,3
2024-03-17,TikTok,tiktok_upper_01,,9
2024-03-17,TikTok,tiktok_upper_02,0.0,8
2024-03-17,TikTok,tiktok_upper_02,5.0,4
2024-03-17,TikTok,tiktok_upper_02,10.0,2
2024-03-17,TikTok,tiktok_upper_02,40.0,1
2024-03-17,TikTok,tiktok_upper_02,63.0,1
2024-03-18,Meta,fb_prospect_01,0.0,7
2024-03-18,Meta,fb_prospect_01,5.0,4
2024-03-18,Meta,fb_prospect_01,10.0,2
2024-03-18,Meta,fb_prospect_01,20.0,2
2024-03-18,Meta,fb_prospect_02,0.0,10
2024-03-18,Meta,fb_prospect_02,5.0,8
2024-03-18,Meta,fb_prospect_02,10.0,1
2024-03-18,Meta,fb_prospect_02,20.0,1
2024-03-18,Google App Campaigns,goog_ac_01,,9
2024-03-18,Google App Campaigns,goog_ac_02,0.0,5
2024-03-18,Google App Campaigns,goog_ac_02,5.0,5
2024-03-18,Google App Campaigns,goog_ac_02,10.0,1
2024-03-18,Google App Campaigns,goog_ac_02,20.0,1
2024-03-18,Google App Campaigns,goog_ac_02,40.0,1
2024-03-18,Google Brand Search,goog_brand_01,0.0,2
2024-03-18,Google Brand Search,goog_brand_01,5.0,5
2024-03-18,Google Brand Search,goog_brand_01,10.0,10
2024-03-18,Google Brand Search,goog_brand_01,20.0,1
2024-03-18,Google Non-Brand Search,goog_search_01,0.0,6
2024-03-18,Google Non-Brand Search,goog_search_01,5.0,3
2024-03-18,Google Non-Brand Search,goog_search_01,10.0,4
2024-03-18,Google Non-Brand Search,goog_search_01,20.0,3
2024-03-18,Google Non-Brand Search,goog_search_01,40.0,2
2024-03-18,Google Non-Brand Search,goog_search_01,63.0,2
2024-03-18,TikTok,tiktok_upper_01,,7
2024-03-18,TikTok,tiktok_upper_02,0.0,6
2024-03-18,TikTok,tiktok_upper_02,5.0,3
2024-03-18,TikTok,tiktok_upper_02,10.0,3
2024-03-19,Meta,fb_prospect_01,0.0,3
2024-03-19,Meta,fb_prospect_01,5.0,1
2024-03-19,Meta,fb_prospect_01,10.0,6
2024-03-19,Meta,fb_prospect_01,40.0,1
2024-03-19,Meta,fb_prospect_02,0.0,8
2024-03-19,Meta,fb_prospect_02,5.0,4
2024-03-19,Meta,fb_prospect_02,10.0,3
2024-03-19,Meta,fb_prospect_02,20.0,1
2024-03-19,Meta,fb_prospect_02,40.0,1
2024-03-19,Meta,fb_prospect_02,63.0,1
2024-03-19,Google App Campaigns,goog_ac_01,,2
2024-03-19,Google App Campaigns,goog_ac_02,,9
2024-03-19,Google Brand Search,goog_brand_01,0.0,3
2024-03-19,Google Brand Search,goog_brand_01,5.0,4
2024-03-19,Google Brand Search,goog_brand_01,10.0,1
2024-03-19,Google Brand Search,goog_brand_01,20.0,1
2024-03-19,Google Brand Search,goog_brand_01,63.0,2
2024-03-19,Google Non-Brand Search,goog_search_01,0.0,1
2024-03-19,Google Non-Brand Search,goog_search_01,5.0,2
2024-03-19,Google Non-Brand Search,goog_search_01,10.0,3
2024-03-19,Google Non-Brand Search,goog_search_01,20.0,7
2024-03-19,TikTok,tiktok_upper_01,,7
2024-03-19,TikTok,tiktok_upper_02,,7
2024-03-20,Meta,fb_prospect_01,0.0,7
2024-03-20,Meta,fb_prospect_01,5.0,5
2024-03-20,Meta,fb_prospect_01,10.0,6
2024-03-20,Meta,fb_prospect_01,20.0,2
2024-03-20,Meta,fb_prospect_02,0.0,6
2024-03-20,Meta,fb_prospect_02,5.0,7
2024-03-20,Meta,fb_prospect_02,10.0,3
2024-03-20,Google App Campaigns,goog_ac_01,,9
2024-03-20,Google App Campaigns,goog_ac_02,0.0,2
2024-03-20,Google App Campaigns,goog_ac_02,5.0,2
2024-03-20,Google App Campaigns,goog_ac_02,10.0,8
2024-03-20,Google App Campaigns,goog_ac_02,20.0,1
2024-03-20,Google Brand Search,goog_brand_01,0.0,3
2024-03-20,Google Brand Search,goog_brand_01,5.0,2
2024-03-20,Google Brand Search,goog_brand_01,10.0,3
2024-03-20,Google Brand Search,goog_brand_01,20.0,2
2024-03-20,Google Brand Search,goog_brand_01,63.0,4
2024-03-20,Google Non-Brand Search,goog_search_01,0.0,4
2024-03-20,Google Non-Brand Search,goog_search_01,5.0,3
2024-03-20,Google Non-Brand Search,goog_search_01,10.0,2
2024-03-20,Google Non-Brand Search,goog_search_01,20.0,1
2024-03-20,Google Non-Brand Search,goog_search_01,40.0,2
2024-03-20,Google Non-Brand Search,goog_search_01,63.0,2
2024-03-20,TikTok,tiktok_upper_01,,8
2024-03-20,TikTok,tiktok_upper_02,0.0,4
2024-03-20,TikTok,tiktok_upper_02,5.0,5
2024-03-20,TikTok,tiktok_upper_02,10.0,2
2024-03-20,TikTok,tiktok_upper_02,40.0,1
2024-03-21,Meta,fb_prospect_01,0.0,4
2024-03-21,Meta,fb_prospect_01,5.0,7
2024-03-21,Meta,fb_prospect_01,10.0,2
2024-03-21,Meta,fb_prospect_01,20.0,4
2024-03-21,Meta,fb_prospect_01,40.0,1
2024-03-21,Meta,fb_prospect_01,63.0,1
2024-03-21,Meta,fb_prospect_02,0.0,4
2024-03-21,Meta,fb_prospect_02,5.0,7
2024-03-21,Meta,fb_prospect_02,10.0,6
2024-03-21,Meta,fb_prospect_02,20.0,3
2024-03-21,Google App Campaigns,goog_ac_01,5.0,4
2024-03-21,Google App Campaigns,goog_ac_01,10.0,4
2024-03-21,Google App Campaigns,goog_ac_01,20.0,1
2024-03-21,Google App Campaigns,goog_ac_01,40.0,1
2024-03-21,Google App Campaigns,goog_ac_01,63.0,1
2024-03-21,Google App Campaigns,goog_ac_02,,5
2024-03-21,Google Brand Search,goog_brand_01,0.0,7
2024-03-21,Google Brand Search,goog_brand_01,5.0,4
2024-03-21,Google Brand Search,goog_brand_01,10.0,1
2024-03-21,Google Brand Search,goog_brand_01,20.0,1
2024-03-21,Google Brand Search,goog_brand_01,40.0,1
2024-03-21,Google Non-Brand Search,goog_search_01,0.0,2
2024-03-21,Google Non-Brand Search,goog_search_01,5.0,4
2024-03-21,Google Non-Brand Search,goog_search_01,10.0,5
2024-03-21,Google Non-Brand Search,goog_search_01,20.0,2
2024-03-21,Google Non-Brand Search,goog_search_01,63.0,1
2024-03-21,TikTok,tiktok_upper_01,,7
2024-03-21,TikTok,tiktok_upper_02,,9
2024-03-22,Meta,fb_prospect_01,0.0,4
2024-03-22,Meta,fb_prospect_01,5.0,4
2024-03-22,Meta,fb_prospect_01,10.0,11
2024-03-22,Meta,fb_prospect_01,20.0,1
2024-03-22,Meta,fb_prospect_02,0.0,4
2024-03-22,Meta,fb_prospect_02,5.0,5
2024-03-22,Meta,fb_prospect_02,10.0,8
2024-03-22,Meta,fb_prospect_02,63.0,1
2024-03-22,Google App Campaigns,goog_ac_01,0.0,1
2024-03-22,Google App Campaigns,goog_ac_01,5.0,2
2024-03-22,Google App Campaigns,goog_ac_01,10.0,6
2024-03-22,Google App Campaigns,goog_ac_01,20.0,1
2024-03-22,Google App Campaigns,goog_ac_02,0.0,3
2024-03-22,Google App Campaigns,goog_ac_02,5.0,5
2024-03-22,Google App Campaigns,goog_ac_02,10.0,2
2024-03-22,Google App Campaigns,goog_ac_02,20.0,2
2024-03-22,Google Brand Search,goog_brand_01,0.0,4
2024-03-22,Google Brand Search,goog_brand_01,5.0,1
2024-03-22,Google Brand Search,goog_brand_01,10.0,4
2024-03-22,Google Brand Search,goog_brand_01,20.0,2
2024-03-22,Google Non-Brand Search,goog_search_01,0.0,2
2024-03-22,Google Non-Brand Search,goog_search_01,5.0,2
2024-03-22,Google Non-Brand Search,goog_search_01,10.0,3
2024-03-22,Google Non-Brand Search,goog_search_01,20.0,5
2024-03-22,Google Non-Brand Search,goog_search_01,40.0,2
2024-03-22,TikTok,tiktok_upper_01,,7
2024-03-22,TikTok,tiktok_upper_02,,8
2024-03-23,Meta,fb_prospect_01,0.0,5
2024-03-23,Meta,fb_prospect_01,5.0,2
2024-03-23,Meta,fb_prospect_01,10.0,5
2024-03-23,Meta,fb_prospect_01,20.0,3
2024-03-23,Meta,fb_prospect_01,63.0,2
2024-03-23,Meta,fb_prospect_02,0.0,3
2024-03-23,Meta,fb_prospect_02,5.0,2
2024-03-23,Meta,fb_prospect_02,10.0,4
2024-03-23,Meta,fb_prospect_02,20.0,2
2024-03-23,Google App Campaigns,goog_ac_01,0.0,5
2024-03-23,Google App Campaigns,goog_ac_01,5.0,3
2024-03-23,Google App Campaigns,goog_ac_01,10.0,4
2024-03-23,Google App Campaigns,goog_ac_01,20.0,2
2024-03-23,Google App Campaigns,goog_ac_01,40.0,1
2024-03-23,Google App Campaigns,goog_ac_02,0.0,2
2024-03-23,Google App Campaigns,goog_ac_02,5.0,7
2024-03-23,Google App Campaigns,goog_ac_02,10.0,4
2024-03-23,Google App Campaigns,goog_ac_02,40.0,1
2024-03-23,Google App Campaigns,goog_ac_02,63.0,1
2024-03-23,Google Brand Search,goog_brand_01,0.0,2
2024-03-23,Google Brand Search,goog_brand_01,5.0,6
2024-03-23,Google Brand Search,goog_brand_01,10.0,6
2024-03-23,Google Brand Search,goog_brand_01,20.0,3
2024-03-23,Google Brand Search,goog_brand_01,40.0,1
2024-03-23,Google Brand Search,goog_brand_01,63.0,3
2024-03-23,Google Non-Brand Search,goog_search_01,0.0,3
2024-03-23,Google Non-Brand Search,goog_search_01,5.0,2
2024-03-23,Google Non-Brand Search,goog_search_01,10.0,4
2024-03-23,Google Non-Brand Search,goog_search_01,20.0,3
2024-03-23,Google Non-Brand Search,goog_search_01,63.0,2
2024-03-23,TikTok,tiktok_upper_01,0.0,6
2024-03-23,TikTok,tiktok_upper_01,5.0,5
2024-03-23,TikTok,tiktok_upper_01,10.0,1
2024-03-23,TikTok,tiktok_upper_01,20.0,1
2024-03-23,TikTok,tiktok_upper_01,63.0,3
2024-03-23,TikTok,tiktok_upper_02,,6
2024-03-24,Meta,fb_prospect_01,0.0,5
2024-03-24,Meta,fb_prospect_01,5.0,5
2024-03-24,Meta,fb_prospect_01,10.0,8
2024-03-24,Meta,fb_prospect_01,20.0,2
2024-03-24,Meta,fb_prospect_01,40.0,1
2024-03-24,Meta,fb_prospect_01,63.0,1
2024-03-24,Meta,fb_prospect_02,0.0,4
2024-03-24,Meta,fb_prospect_02,5.0,9
2024-03-24,Meta,fb_prospect_02,10.0,5
2024-03-24,Meta,fb_prospect_02,20.0,2
2024-03-24,Google App Campaigns,goog_ac_01,0.0,5
2024-03-24,Google App Campaigns,goog_ac_01,5.0,3
2024-03-24,Google App Campaigns,goog_ac_01,10.0,3
2024-03-24,Google App Campaigns,goog_ac_01,20.0,2
2024-03-24,Google App Campaigns,goog_ac_01,63.0,1
2024-03-24,Google App Campaigns,goog_ac_02,0.0,6
2024-03-24,Google App Campaigns,goog_ac_02,5.0,4
2024-03-24,Google App Campaigns,goog_ac_02,10.0,3
2024-03-24,Google App Campaigns,goog_ac_02,40.0,1
2024-03-24,Google App Campaigns,goog_ac_02,63.0,1
2024-03-24,Google Brand Search,goog_brand_01,0.0,4
2024-03-24,Google Brand Search,goog_brand_01,5.0,4
2024-03-24,Google Brand Search,goog_brand_01,10.0,5
2024-03-24,Google Brand Search,goog_brand_01,20.0,2
2024-03-24,Google Brand Search,goog_brand_01,40.0,1
2024-03-24,Google Non-Brand Search,goog_search_01,0.0,3
2024-03-24,Google Non-Brand Search,goog_search_01,5.0,5
2024-03-24,Google Non-Brand Search,goog_search_01,10.0,7
2024-03-24,Google Non-Brand Search,goog_search_01,20.0,5
2024-03-24,Google Non-Brand Search,goog_search_01,40.0,2
2024-03-24,Google Non-Brand Search,goog_search_01,63.0,2
2024-03-24,TikTok,tiktok_upper_01,0.0,7
2024-03-24,TikTok,tiktok_upper_01,5.0,4
2024-03-24,TikTok,tiktok_upper_01,10.0,1
2024-03-24,TikTok,tiktok_upper_01,63.0,1
2024-03-24,TikTok,tiktok_upper_02,,8
2024-03-25,Meta,fb_prospect_01,0.0,4
2024-03-25,Meta,fb_prospect_01,5.0,9
2024-03-25,Meta,fb_prospect_01,10.0,4
2024-03-25,Meta,fb_prospect_01,20.0,4
2024-03-25,Meta,fb_prospect_01,40.0,2
2024-03-25,Meta,fb_prospect_01,63.0,1
2024-03-25,Meta,fb_prospect_02,0.0,7
2024-03-25,Meta,fb_prospect_02,5.0,3
2024-03-25,Meta,fb_prospect_02,10.0,5
2024-03-25,Meta,fb_prospect_02,20.0,1
2024-03-25,Meta,fb_prospect_02,40.0,1
2024-03-25,Google App Campaigns,goog_ac_01,,7
2024-03-25,Google App Campaigns,goog_ac_02,0.0,3
2024-03-25,Google App Campaigns,goog_ac_02,5.0,3
2024-03-25,Google App Campaigns,goog_ac_02,10.0,1
2024-03-25,Google App Campaigns,goog_ac_02,20.0,2
2024-03-25,Google App Campaigns,goog_ac_02,40.0,1
2024-03-25,Google Brand Search,goog_brand_01,0.0,1
2024-03-25,Google Brand Search,goog_brand_01,5.0,3
2024-03-25,Google Brand Search,goog_brand_01,10.0,5
2024-03-25,Google Brand Search,goog_brand_01,20.0,1
2024-03-25,Google Brand Search,goog_brand_01,40.0,3
2024-03-25,Google Brand Search,goog_brand_01,63.0,1
2024-03-25,Google Non-Brand Search,goog_search_01,5.0,8
2024-03-25,Google Non-Brand Search,goog_search_01,10.0,2
2024-03-25,Google Non-Brand Search,goog_search_01,20.0,6
2024-03-25,Google Non-Brand Search,goog_search_01,40.0,2
2024-03-25,TikTok,tiktok_upper_01,0.0,5
2024-03-25,TikTok,tiktok_upper_01,5.0,2
2024-03-25,TikTok,tiktok_upper_01,10.0,1
2024-03-25,TikTok,tiktok_upper_01,20.0,2
2024-03-25,TikTok,tiktok_upper_02,0.0,5
2024-03-25,TikTok,tiktok_upper_02,5.0,3
2024-03-25,TikTok,tiktok_upper_02,20.0,1
2024-03-25,TikTok,tiktok_upper_02,40.0,1
2024-03-26,Meta,fb_prospect_01,0.0,7
2024-03-26,Meta,fb_prospect_01,5.0,5
2024-03-26,Meta,fb_prospect_01,10.0,3
2024-03-26,Meta,fb_prospect_01,20.0,3
2024-03-26,Meta,fb_prospect_01,63.0,1
2024-03-26,Meta,fb_prospect_02,0.0,3
2024-03-26,Meta,fb_prospect_02,5.0,2
2024-03-26,Meta,fb_prospect_02,10.0,6
2024-03-26,Meta,fb_prospect_02,20.0,4
2024-03-26,Meta,fb_prospect_02,63.0,1
2024-03-26,Google App Campaigns,goog_ac_01,,7
2024-03-26,Google App Campaigns,goog_ac_02,,8
2024-03-26,Google Brand Search,goog_brand_01,0.0,6
2024-03-26,Google Brand Search,goog_brand_01,5.0,4
2024-03-26,Google Brand Search,goog_brand_01,10.0,4
2024-03-26,Google Brand Search,goog_brand_01,20.0,3
2024-03-26,Google Brand Search,goog_brand_01,63.0,2
2024-03-26,Google Non-Brand Search,goog_search_01,0.0,4
2024-03-26,Google Non-Brand Search,goog_search_01,5.0,2
2024-03-26,Google Non-Brand Search,goog_search_01,10.0,2
2024-03-26,Google Non-Brand Search,goog_search_01,20.0,4
2024-03-26,Google Non-Brand Search,goog_search_01,40.0,2
2024-03-26,Google Non-Brand Search,goog_search_01,63.0,1
2024-03-26,TikTok,tiktok_upper_01,0.0,8
2024-03-26,TikTok,tiktok_upper_01,5.0,1
2024-03-26,TikTok,tiktok_upper_01,40.0,1
2024-03-26,TikTok,tiktok_upper_02,0.0,7
2024-03-26,TikTok,tiktok_upper_02,5.0,4
2024-03-26,TikTok,tiktok_upper_02,10.0,1
2024-03-27,Meta,fb_prospect_01,,9
2024-03-27,Meta,fb_prospect_02,0.0,4
2024-03-27,Meta,fb_prospect_02,5.0,4
2024-03-27,Meta,fb_prospect_02,10.0,10
2024-03-27,Meta,fb_prospect_02,20.0,1
2024-03-27,Meta,fb_prospect_02,40.0,2
2024-03-27,Google App Campaigns,goog_ac_01,,9
2024-03-27,Google App Campaigns,goog_ac_02,,6
2024-03-27,Google Brand Search,goog_brand_01,0.0,5
2024-03-27,Google Brand Search,goog_brand_01,5.0,2
2024-03-27,Google Brand Search,goog_brand_01,20.0,4
2024-03-27,Google Brand Search,goog_brand_01,40.0,1
2024-03-27,Google Non-Brand Search,goog_search_01,0.0,2
2024-03-27,Google Non-Brand Search,goog_search_01,5.0,3
2024-03-27,Google Non-Brand Search,goog_search_01,10.0,3
2024-03-27,Google Non-Brand Search,goog_search_01,20.0,2
2024-03-27,Google Non-Brand Search,goog_search_01,40.0,1
2024-03-27,Google Non-Brand Search,goog_search_01,63.0,1
2024-03-27,TikTok,tiktok_upper_01,,8
2024-03-27,TikTok,tiktok_upper_02,,9
2024-03-28,Meta,fb_prospect_01,0.0,3
2024-03-28,Meta,fb_prospect_01,5.0,7
2024-03-28,Meta,fb_prospect_01,10.0,3
2024-03-28,Meta,fb_prospect_01,20.0,2
2024-03-28,Meta,fb_prospect_01,40.0,1
2024-03-28,Meta,fb_prospect_02,0.0,3
2024-03-28,Meta,fb_prospect_02,5.0,4
2024-03-28,Meta,fb_prospect_02,10.0,1
2024-03-28,Meta,fb_prospect_02,20.0,2
2024-03-28,Google App Campaigns,goog_ac_01,,9
2024-03-28,Google App Campaigns,goog_ac_02,0.0,2
2024-03-28,Google App Campaigns,goog_ac_02,5.0,4
2024-03-28,Google App Campaigns,goog_ac_02,10.0,3
2024-03-28,Google App Campaigns,goog_ac_02,20.0,1
2024-03-28,Google Brand Search,goog_brand_01,0.0,4
2024-03-28,Google Brand Search,goog_brand_01,5.0,6
2024-03-28,Google Brand Search,goog_brand_01,10.0,1
2024-03-28,Google Brand Search,goog_brand_01,20.0,2
2024-03-28,Google Brand Search,goog_brand_01,63.0,1
2024-03-28,Google Non-Brand Search,goog_search_01,0.0,3
2024-03-28,Google Non-Brand Search,goog_search_01,5.0,9
2024-03-28,Google Non-Brand Search,goog_search_01,10.0,1
2024-03-28,Google Non-Brand Search,goog_search_01,20.0,3
2024-03-28,Google Non-Brand Search,goog_search_01,40.0,1
2024-03-28,Google Non-Brand Search,goog_search_01,63.0,3
2024-03-28,TikTok,tiktok_upper_01,0.0,5
2024-03-28,TikTok,tiktok_upper_01,5.0,4
2024-03-28,TikTok,tiktok_upper_01,10.0,3
2024-03-28,TikTok,tiktok_upper_02,,6
2024-03-29,Meta,fb_prospect_01,0.0,8
2024-03-29,Meta,fb_prospect_01,5.0,4
2024-03-29,Meta,fb_prospect_01,10.0,4
2024-03-29,Meta,fb_prospect_01,63.0,1
2024-03-29,Meta,fb_prospect_02,0.0,6
2024-03-29,Meta,fb_prospect_02,5.0,4
2024-03-29,Meta,fb_prospect_02,10.0,3
2024-03-29,Meta,fb_prospect_02,20.0,2
2024-03-29,Meta,fb_prospect_02,63.0,2
2024-03-29,Google App Campaigns,goog_ac_01,0.0,5
2024-03-29,Google App Campaigns,goog_ac_01,5.0,1
2024-03-29,Google App Campaigns,goog_ac_01,10.0,4
2024-03-29,Google App Campaigns,goog_ac_01,40.0,1
2024-03-29,Google App Campaigns,goog_ac_01,63.0,1
2024-03-29,Google App Campaigns,goog_ac_02,,7
2024-03-29,Google Brand Search,goog_brand_01,0.0,3
2024-03-29,Google Brand Search,goog_brand_01,5.0,2
2024-03-29,Google Brand Search,goog_brand_01,20.0,6
2024-03-29,Google Brand Search,goog_brand_01,40.0,1
2024-03-29,Google Brand Search,goog_brand_01,63.0,1
2024-03-29,Google Non-Brand Search,goog_search_01,0.0,5
2024-03-29,Google Non-Brand Search,goog_search_01,5.0,2
2024-03-29,Google Non-Brand Search,goog_search_01,10.0,5
2024-03-29,Google Non-Brand Search,goog_search_01,40.0,3
2024-03-29,Google Non-Brand Search,goog_search_01,63.0,2
2024-03-29,TikTok,tiktok_upper_01,,6
2024-03-29,TikTok,tiktok_upper_02,,8
2024-03-30,Meta,fb_prospect_01,0.0,7
2024-03-30,Meta,fb_prospect_01,5.0,6
2024-03-30,Meta,fb_prospect_01,10.0,6
2024-03-30,Meta,fb_prospect_01,20.0,4
2024-03-30,Meta,fb_prospect_01,63.0,1
2024-03-30,Meta,fb_prospect_02,0.0,8
2024-03-30,Meta,fb_prospect_02,5.0,11
2024-03-30,Meta,fb_prospect_02,10.0,5
2024-03-30,Meta,fb_prospect_02,20.0,4
2024-03-30,Google App Campaigns,goog_ac_01,,9
2024-03-30,Google App Campaigns,goog_ac_02,,8
2024-03-30,Google Brand Search,goog_brand_01,0.0,1
2024-03-30,Google Brand Search,goog_brand_01,5.0,7
2024-03-30,Google Brand Search,goog_brand_01,10.0,4
2024-03-30,Google Brand Search,goog_brand_01,20.0,3
2024-03-30,Google Brand Search,goog_brand_01,63.0,1
2024-03-30,Google Non-Brand Search,goog_search_01,0.0,1
2024-03-30,Google Non-Brand Search,goog_search_01,5.0,7
2024-03-30,Google Non-Brand Search,goog_search_01,10.0,5
2024-03-30,Google Non-Brand Search,goog_search_01,20.0,2
2024-03-30,TikTok,tiktok_upper_01,0.0,5
2024-03-30,TikTok,tiktok_upper_01,5.0,3
2024-03-30,TikTok,tiktok_upper_01,10.0,2
2024-03-30,TikTok,tiktok_upper_02,0.0,8
2024-03-30,TikTok,tiktok_upper_02,5.0,2
2024-03-30,TikTok,tiktok_upper_02,40.0,1
2024-03-31,Meta,fb_prospect_01,0.0,4
2024-03-31,Meta,fb_prospect_01,5.0,4
2024-03-31,Meta,fb_prospect_01,10.0,4
2024-03-31,Meta,fb_prospect_01,20.0,4
2024-03-31,Meta,fb_prospect_02,0.0,5
2024-03-31,Meta,fb_prospect_02,5.0,6
2024-03-31,Meta,fb_prospect_02,10.0,5
2024-03-31,Meta,fb_prospect_02,20.0,2
2024-03-31,Meta,fb_prospect_02,40.0,2
2024-03-31,Google App Campaigns,goog_ac_01,0.0,4
2024-03-31,Google App Campaigns,goog_ac_01,5.0,5
2024-03-31,Google App Campaigns,goog_ac_01,10.0,3
2024-03-31,Google App Campaigns,goog_ac_01,20.0,1
2024-03-31,Google App Campaigns,goog_ac_01,40.0,1
2024-03-31,Google App Campaigns,goog_ac_02,0.0,5
2024-03-31,Google App Campaigns,goog_ac_02,5.0,2
2024-03-31,Google App Campaigns,goog_ac_02,10.0,4
2024-03-31,Google App Campaigns,goog_ac_02,20.0,1
2024-03-31,Google App Campaigns,goog_ac_02,40.0,1
2024-03-31,Google App Campaigns,goog_ac_02,63.0,1
2024-03-31,Google Brand Search,goog_brand_01,0.0,4
2024-03-31,Google Brand Search,goog_brand_01,5.0,1
2024-03-31,Google Brand Search,goog_brand_01,10.0,4
2024-03-31,Google Brand Search,goog_brand_01,20.0,2
2024-03-31,Google Brand Search,goog_brand_01,40.0,2
2024-03-31,Google Brand Search,goog_brand_01,63.0,2
2024-03-31,Google Non-Brand Search,goog_search_01,0.0,6
2024-03-31,Google Non-Brand Search,goog_search_01,5.0,6
2024-03-31,Google Non-Brand Search,goog_search_01,20.0,5
2024-03-31,Google Non-Brand Search,goog_search_01,40.0,2
2024-03-31,Google Non-Brand Search,goog_search_01,63.0,2
2024-03-31,TikTok,tiktok_upper_01,0.0,8
2024-03-31,TikTok,tiktok_upper_01,5.0,4
2024-03-31,TikTok,tiktok_upper_01,10.0,1
2024-03-31,TikTok,tiktok_upper_02,,9
2024-04-01,Meta,fb_prospect_01,0.0,1
2024-04-01,Meta,fb_prospect_01,5.0,5
2024-04-01,Meta,fb_prospect_01,10.0,6
2024-04-01,Meta,fb_prospect_01,20.0,2
2024-04-01,Meta,fb_prospect_02,0.0,4
2024-04-01,Meta,fb_prospect_02,5.0,6
2024-04-01,Meta,fb_prospect_02,10.0,10
2024-04-01,Meta,fb_prospect_02,40.0,1
2024-04-01,Google App Campaigns,goog_ac_01,,4
2024-04-01,Google App Campaigns,goog_ac_02,0.0,1
2024-04-01,Google App Campaigns,goog_ac_02,5.0,5
2024-04-01,Google App Campaigns,goog_ac_02,10.0,4
2024-04-01,Google App Campaigns,goog_ac_02,20.0,1
2024-04-01,Google App Campaigns,goog_ac_02,63.0,1
2024-04-01,Google Brand Search,goog_brand_01,0.0,2
2024-04-01,Google Brand Search,goog_brand_01,5.0,6
2024-04-01,Google Brand Search,goog_brand_01,10.0,4
2024-04-01,Google Brand Search,goog_brand_01,20.0,2
2024-04-01,Google Brand Search,goog_brand_01,40.0,1
2024-04-01,Google Non-Brand Search,goog_search_01,0.0,1
2024-04-01,Google Non-Brand Search,goog_search_01,5.0,4
2024-04-01,Google Non-Brand Search,goog_search_01,10.0,2
2024-04-01,Google Non-Brand Search,goog_search_01,20.0,1
2024-04-01,Google Non-Brand Search,goog_search_01,40.0,6
2024-04-01,Google Non-Brand Search,goog_search_01,63.0,1
2024-04-01,TikTok,tiktok_upper_01,0.0,4
2024-04-01,TikTok,tiktok_upper_01,5.0,4
2024-04-01,TikTok,tiktok_upper_01,10.0,2
2024-04-01,TikTok,tiktok_upper_02,0.0,7
2024-04-01,TikTok,tiktok_upper_02,5.0,2
2024-04-01,TikTok,tiktok_upper_02,10.0,1
2024-04-01,TikTok,tiktok_upper_02,20.0,1
2024-04-01,TikTok,tiktok_upper_02,63.0,1
2024-04-02,Meta,fb_prospect_01,0.0,4
2024-04-02,Meta,fb_prospect_01,5.0,4
2024-04-02,Meta,fb_prospect_01,10.0,3
2024-04-02,Meta,fb_prospect_01,40.0,1
2024-04-02,Meta,fb_prospect_01,63.0,2
2024-04-02,Meta,fb_prospect_02,0.0,4
2024-04-02,Meta,fb_prospect_02,10.0,9
2024-04-02,Meta,fb_prospect_02,20.0,2
2024-04-02,Meta,fb_prospect_02,40.0,1
2024-04-02,Meta,fb_prospect_02,63.0,1
2024-04-02,Google App Campaigns,goog_ac_01,,9
2024-04-02,Google App Campaigns,goog_ac_02,0.0,2
2024-04-02,Google App Campaigns,goog_ac_02,5.0,3
2024-04-02,Google App Campaigns,goog_ac_02,10.0,4
2024-04-02,Google App Campaigns,goog_ac_02,20.0,1
2024-04-02,Google Brand Search,goog_brand_01,5.0,3
2024-04-02,Google Brand Search,goog_brand_01,10.0,5
2024-04-02,Google Brand Search,goog_brand_01,20.0,3
2024-04-02,Google Brand Search,goog_brand_01,63.0,3
2024-04-02,Google Non-Brand Search,goog_search_01,,8
2024-04-02,TikTok,tiktok_upper_01,0.0,2
2024-04-02,TikTok,tiktok_upper_01,5.0,6
2024-04-02,TikTok,tiktok_upper_01,10.0,2
2024-04-02,TikTok,tiktok_upper_01,40.0,1
2024-04-02,TikTok,tiktok_upper_02,0.0,6
2024-04-02,TikTok,tiktok_upper_02,5.0,4
2024-04-02,TikTok,tiktok_upper_02,10.0,2
2024-04-02,TikTok,tiktok_upper_02,40.0,1
2024-04-03,Meta,fb_prospect_01,0.0,7
2024-04-03,Meta,fb_prospect_01,5.0,3
2024-04-03,Meta,fb_prospect_01,10.0,5
2024-04-03,Meta,fb_prospect_01,20.0,3
2024-04-03,Meta,fb_prospect_01,40.0,1
2024-04-03,Meta,fb_prospect_01,63.0,1
2024-04-03,Meta,fb_prospect_02,0.0,6
2024-04-03,Meta,fb_prospect_02,5.0,6
2024-04-03,Meta,fb_prospect_02,10.0,1
2024-04-03,Meta,fb_prospect_02,20.0,1
2024-04-03,Google App Campaigns,goog_ac_01,,7
2024-04-03,Google App Campaigns,goog_ac_02,,7
2024-04-03,Google Brand Search,goog_brand_01,0.0,3
2024-04-03,Google Brand Search,goog_brand_01,5.0,3
2024-04-03,Google Brand Search,goog_brand_01,10.0,5
2024-04-03,Google Brand Search,goog_brand_01,20.0,4
2024-04-03,Google Brand Search,goog_brand_01,40.0,1
2024-04-03,Google Non-Brand Search,goog_search_01,,9
2024-04-03,TikTok,tiktok_upper_01,0.0,5
2024-04-03,TikTok,tiktok_upper_01,5.0,3
2024-04-03,TikTok,tiktok_upper_01,10.0,2
2024-04-03,TikTok,tiktok_upper_02,0.0,5
2024-04-03,TikTok,tiktok_upper_02,5.0,4
2024-04-03,TikTok,tiktok_upper_02,10.0,1
2024-04-04,Meta,fb_prospect_01,0.0,5
2024-04-04,Meta,fb_prospect_01,5.0,3
2024-04-04,Meta,fb_prospect_01,10.0,4
2024-04-04,Meta,fb_prospect_01,40.0,1
2024-04-04,Meta,fb_prospect_02,0.0,5
2024-04-04,Meta,fb_prospect_02,5.0,7
2024-04-04,Meta,fb_prospect_02,10.0,3
2024-04-04,Meta,fb_prospect_02,20.0,2
2024-04-04,Google App Campaigns,goog_ac_01,,7
2024-04-04,Google App Campaigns,goog_ac_02,,9
2024-04-04,Google Brand Search,goog_brand_01,0.0,4
2024-04-04,Google Brand Search,goog_brand_01,5.0,3
2024-04-04,Google Brand Search,goog_brand_01,10.0,4
2024-04-04,Google Brand Search,goog_brand_01,20.0,3
2024-04-04,Google Brand Search,goog_brand_01,40.0,2
2024-04-04,Google Non-Brand Search,goog_search_01,0.0,4
2024-04-04,Google Non-Brand Search,goog_search_01,5.0,1
2024-04-04,Google Non-Brand Search,goog_search_01,10.0,2
2024-04-04,Google Non-Brand Search,goog_search_01,20.0,5
2024-04-04,Google Non-Brand Search,goog_search_01,40.0,3
2024-04-04,TikTok,tiktok_upper_01,,4
2024-04-04,TikTok,tiktok_upper_02,,7
2024-04-05,Meta,fb_prospect_01,0.0,4
2024-04-05,Meta,fb_prospect_01,5.0,10
2024-04-05,Meta,fb_prospect_01,10.0,3
2024-04-05,Meta,fb_prospect_01,20.0,1
2024-04-05,Meta,fb_prospect_01,63.0,1
2024-04-05,Meta,fb_prospect_02,0.0,2
2024-04-05,Meta,fb_prospect_02,5.0,6
2024-04-05,Meta,fb_prospect_02,10.0,2
2024-04-05,Meta,fb_prospect_02,20.0,2
2024-04-05,Meta,fb_prospect_02,40.0,1
2024-04-05,Google App Campaigns,goog_ac_01,0.0,2
2024-04-05,Google App Campaigns,goog_ac_01,5.0,5
2024-04-05,Google App Campaigns,goog_ac_01,10.0,3
2024-04-05,Google App Campaigns,goog_ac_02,,9
2024-04-05,Google Brand Search,goog_brand_01,0.0,4
2024-04-05,Google Brand Search,goog_brand_01,5.0,5
2024-04-05,Google Brand Search,goog_brand_01,10.0,4
2024-04-05,Google Brand Search,goog_brand_01,20.0,2
2024-04-05,Google Non-Brand Search,goog_search_01,0.0,6
2024-04-05,Google Non-Brand Search,goog_search_01,5.0,4
2024-04-05,Google Non-Brand Search,goog_search_01,10.0,4
2024-04-05,Google Non-Brand Search,goog_search_01,20.0,7
2024-04-05,Google Non-Brand Search,goog_search_01,40.0,2
2024-04-05,Google Non-Brand Search,goog_search_01,63.0,3
2024-04-05,TikTok,tiktok_upper_01,,8
2024-04-05,TikTok,tiktok_upper_02,,6
2024-04-06,Meta,fb_prospect_01,0.0,4
2024-04-06,Meta,fb_prospect_01,5.0,5
2024-04-06,Meta,fb_prospect_01,10.0,4
2024-04-06,Meta,fb_prospect_01,20.0,2
2024-04-06,Meta,fb_prospect_01,40.0,1
2024-04-06,Meta,fb_prospect_02,0.0,8
2024-04-06,Meta,fb_prospect_02,5.0,8
2024-04-06,Meta,fb_prospect_02,10.0,5
2024-04-06,Meta,fb_prospect_02,63.0,2
2024-04-06,Google App Campaigns,goog_ac_01,0.0,4
2024-04-06,Google App Campaigns,goog_ac_01,5.0,5
2024-04-06,Google App Campaigns,goog_ac_01,10.0,3
2024-04-06,Google App Campaigns,goog_ac_01,20.0,2
2024-04-06,Google App Campaigns,goog_ac_02,,9
2024-04-06,Google Brand Search,goog_brand_01,0.0,5
2024-04-06,Google Brand Search,goog_brand_01,5.0,3
2024-04-06,Google Brand Search,goog_brand_01,10.0,4
2024-04-06,Google Brand Search,goog_brand_01,20.0,4
2024-04-06,Google Brand Search,goog_brand_01,63.0,2
2024-04-06,Google Non-Brand Search,goog_search_01,0.0,6
2024-04-06,Google Non-Brand Search,goog_search_01,5.0,2
2024-04-06,Google Non-Brand Search,goog_search_01,10.0,8
2024-04-06,Google Non-Brand Search,goog_search_01,20.0,4
2024-04-06,Google Non-Brand Search,goog_search_01,40.0,3
2024-04-06,Google Non-Brand Search,goog_search_01,63.0,2
2024-04-06,TikTok,tiktok_upper_01,0.0,8
2024-04-06,TikTok,tiktok_upper_01,5.0,6
2024-04-06,TikTok,tiktok_upper_02,,4
2024-04-07,Meta,fb_prospect_01,0.0,7
2024-04-07,Meta,fb_prospect_01,5.0,2
2024-04-07,Meta,fb_prospect_01,10.0,4
2024-04-07,Meta,fb_prospect_01,20.0,2
2024-04-07,Meta,fb_prospect_01,40.0,2
2024-04-07,Meta,fb_prospect_01,63.0,2
2024-04-07,Meta,fb_prospect_02,0.0,7
2024-04-07,Meta,fb_prospect_02,5.0,7
2024-04-07,Meta,fb_prospect_02,10.0,5
2024-04-07,Meta,fb_prospect_02,20.0,3
2024-04-07,Google App Campaigns,goog_ac_01,0.0,2
2024-04-07,Google App Campaigns,goog_ac_01,5.0,5
2024-04-07,Google App Campaigns,goog_ac_01,10.0,2
2024-04-07,Google App Campaigns,goog_ac_01,20.0,1
2024-04-07,Google App Campaigns,goog_ac_01,63.0,1
2024-04-07,Google App Campaigns,goog_ac_02,0.0,3
2024-04-07,Google App Campaigns,goog_ac_02,5.0,5
2024-04-07,Google App Campaigns,goog_ac_02,10.0,3
2024-04-07,Google App Campaigns,goog_ac_02,20.0,2
2024-04-07,Google App Campaigns,goog_ac_02,63.0,1
2024-04-07,Google Brand Search,goog_brand_01,0.0,5
2024-04-07,Google Brand Search,goog_brand_01,5.0,5
2024-04-07,Google Brand Search,goog_brand_01,10.0,1
2024-04-07,Google Brand Search,goog_brand_01,20.0,2
2024-04-07,Google Brand Search,goog_brand_01,40.0,1
2024-04-07,Google Non-Brand Search,goog_search_01,0.0,5
2024-04-07,Google Non-Brand Search,goog_search_01,5.0,2
2024-04-07,Google Non-Brand Search,goog_search_01,10.0,5
2024-04-07,Google Non-Brand Search,goog_search_01,20.0,9
2024-04-07,Google Non-Brand Search,goog_search_01,40.0,4
2024-04-07,Google Non-Brand Search,goog_search_01,63.0,2
2024-04-07,TikTok,tiktok_upper_01,0.0,7
2024-04-07,TikTok,tiktok_upper_01,5.0,2
2024-04-07,TikTok,tiktok_upper_01,10.0,1
2024-04-07,TikTok,tiktok_upper_02,,8
2024-04-08,Meta,fb_prospect_01,0.0,8
2024-04-08,Meta,fb_prospect_01,5.0,2
2024-04-08,Meta,fb_prospect_01,10.0,4
2024-04-08,Meta,fb_prospect_01,20.0,3
2024-04-08,Meta,fb_prospect_01,40.0,2
2024-04-08,Meta,fb_prospect_01,63.0,1
2024-04-08,Meta,fb_prospect_02,0.0,4
2024-04-08,Meta,fb_prospect_02,5.0,4
2024-04-08,Meta,fb_prospect_02,10.0,2
2024-04-08,Meta,fb_prospect_02,20.0,6
2024-04-08,Meta,fb_prospect_02,40.0,2
2024-04-08,Google App Campaigns,goog_ac_01,0.0,2
2024-04-08,Google App Campaigns,goog_ac_01,5.0,2
2024-04-08,Google App Campaigns,goog_ac_01,10.0,3
2024-04-08,Google App Campaigns,goog_ac_01,20.0,3
2024-04-08,Google App Campaigns,goog_ac_02,0.0,1
2024-04-08,Google App Campaigns,goog_ac_02,5.0,2
2024-04-08,Google App Campaigns,goog_ac_02,10.0,5
2024-04-08,Google App Campaigns,goog_ac_02,20.0,3
2024-04-08,Google App Campaigns,goog_ac_02,40.0,2
2024-04-08,Google Brand Search,goog_brand_01,0.0,1
2024-04-08,Google Brand Search,goog_brand_01,5.0,2
2024-04-08,Google Brand Search,goog_brand_01,10.0,4
2024-04-08,Google Brand Search,goog_brand_01,20.0,3
2024-04-08,Google Brand Search,goog_brand_01,63.0,2
2024-04-08,Google Non-Brand Search,goog_search_01,0.0,2
2024-04-08,Google Non-Brand Search,goog_search_01,5.0,4
2024-04-08,Google Non-Brand Search,goog_search_01,10.0,6
2024-04-08,Google Non-Brand Search,goog_search_01,20.0,2
2024-04-08,Google Non-Brand Search,goog_search_01,63.0,2
2024-04-08,TikTok,tiktok_upper_01,0.0,7
2024-04-08,TikTok,tiktok_upper_01,5.0,5
2024-04-08,TikTok,tiktok_upper_01,10.0,1
2024-04-08,TikTok,tiktok_upper_01,20.0,2
2024-04-08,TikTok,tiktok_upper_02,,5
2024-04-09,Meta,fb_prospect_01,0.0,5
2024-04-09,Meta,fb_prospect_01,5.0,3
2024-04-09,Meta,fb_prospect_01,10.0,5
2024-04-09,Meta,fb_prospect_01,20.0,2
2024-04-09,Meta,fb_prospect_01,63.0,1
2024-04-09,Meta,fb_prospect_02,0.0,4
2024-04-09,Meta,fb_prospect_02,5.0,3
2024-04-09,Meta,fb_prospect_02,10.0,4
2024-04-09,Meta,fb_prospect_02,40.0,2
2024-04-09,Google App Campaigns,goog_ac_01,,9
2024-04-09,Google App Campaigns,goog_ac_02,,5
2024-04-09,Google Brand Search,goog_brand_01,0.0,2
2024-04-09,Google Brand Search,goog_brand_01,5.0,3
2024-04-09,Google Brand Search,goog_brand_01,10.0,2
2024-04-09,Google Brand Search,goog_brand_01,20.0,2
2024-04-09,Google Brand Search,goog_brand_01,40.0,1
2024-04-09,Google Brand Search,goog_brand_01,63.0,2
2024-04-09,Google Non-Brand Search,goog_search_01,0.0,3
2024-04-09,Google Non-Brand Search,goog_search_01,5.0,3
2024-04-09,Google Non-Brand Search,goog_search_01,10.0,4
2024-04-09,Google Non-Brand Search,goog_search_01,20.0,7
2024-04-09,Google Non-Brand Search,goog_search_01,63.0,2
2024-04-09,TikTok,tiktok_upper_01,0.0,5
2024-04-09,TikTok,tiktok_upper_01,5.0,3
2024-04-09,TikTok,tiktok_upper_01,10.0,2
2024-04-09,TikTok,tiktok_upper_02,0.0,3
2024-04-09,TikTok,tiktok_upper_02,5.0,3
2024-04-09,TikTok,tiktok_upper_02,10.0,4
2024-04-10,Meta,fb_prospect_01,0.0,5
2024-04-10,Meta,fb_prospect_01,5.0,6
2024-04-10,Meta,fb_prospect_01,10.0,4
2024-04-10,Meta,fb_prospect_01,20.0,2
2024-04-10,Meta,fb_prospect_01,40.0,1
2024-04-10,Meta,fb_prospect_02,0.0,6
2024-04-10,Meta,fb_prospect_02,5.0,7
2024-04-10,Meta,fb_prospect_02,10.0,3
2024-04-10,Meta,fb_prospect_02,20.0,3
2024-04-10,Meta,fb_prospect_02,40.0,1
2024-04-10,Google App Campaigns,goog_ac_01,,7
2024-04-10,Google App Campaigns,goog_ac_02,0.0,2
2024-04-10,Google App Campaigns,goog_ac_02,5.0,8
2024-04-10,Google App Campaigns,goog_ac_02,20.0,1
2024-04-10,Google App Campaigns,goog_ac_02,40.0,2
2024-04-10,Google Brand Search,goog_brand_01,5.0,3
2024-04-10,Google Brand Search,goog_brand_01,10.0,6
2024-04-10,Google Brand Search,goog_brand_01,20.0,3
2024-04-10,Google Non-Brand Search,goog_search_01,0.0,5
2024-04-10,Google Non-Brand Search,goog_search_01,5.0,6
2024-04-10,Google Non-Brand Search,goog_search_01,10.0,5
2024-04-10,Google Non-Brand Search,goog_search_01,20.0,4
2024-04-10,Google Non-Brand Search,goog_search_01,40.0,4
2024-04-10,TikTok,tiktok_upper_01,0.0,6
2024-04-10,TikTok,tiktok_upper_01,5.0,5
2024-04-10,TikTok,tiktok_upper_01,10.0,1
2024-04-10,TikTok,tiktok_upper_01,20.0,1
2024-04-10,TikTok,tiktok_upper_02,,8
2024-04-11,Meta,fb_prospect_01,0.0,3
2024-04-11,Meta,fb_prospect_01,5.0,5
2024-04-11,Meta,fb_prospect_01,10.0,5
2024-04-11,Meta,fb_prospect_02,0.0,4
2024-04-11,Meta,fb_prospect_02,5.0,1
2024-04-11,Meta,fb_prospect_02,10.0,4
2024-04-11,Meta,fb_prospect_02,40.0,2
2024-04-11,Meta,fb_prospect_02,63.0,1
2024-04-11,Google App Campaigns,goog_ac_01,0.0,5
2024-04-11,Google App Campaigns,goog_ac_01,5.0,1
2024-04-11,Google App Campaigns,goog_ac_01,10.0,3
2024-04-11,Google App Campaigns,goog_ac_01,20.0,2
2024-04-11,Google App Campaigns,goog_ac_02,0.0,2
2024-04-11,Google App Campaigns,goog_ac_02,5.0,6
2024-04-11,Google App Campaigns,goog_ac_02,10.0,2
2024-04-11,Google App Campaigns,goog_ac_02,20.0,1
2024-04-11,Google App Campaigns,goog_ac_02,40.0,1
2024-04-11,Google App Campaigns,goog_ac_02,63.0,1
2024-04-11,Google Brand Search,goog_brand_01,0.0,2
2024-04-11,Google Brand Search,goog_brand_01,5.0,6
2024-04-11,Google Brand Search,goog_brand_01,10.0,2
2024-04-11,Google Brand Search,goog_brand_01,20.0,1
2024-04-11,Google Brand Search,goog_brand_01,40.0,1
2024-04-11,Google Non-Brand Search,goog_search_01,0.0,6
2024-04-11,Google Non-Brand Search,goog_search_01,5.0,3
2024-04-11,Google Non-Brand Search,goog_search_01,10.0,6
2024-04-11,Google Non-Brand Search,goog_search_01,20.0,5
2024-04-11,Google Non-Brand Search,goog_search_01,40.0,1
2024-04-11,Google Non-Brand Search,goog_search_01,63.0,1
2024-04-11,TikTok,tiktok_upper_01,,7
2024-04-11,TikTok,tiktok_upper_02,,6
2024-04-12,Meta,fb_prospect_01,0.0,2
2024-04-12,Meta,fb_prospect_01,5.0,6
2024-04-12,Meta,fb_prospect_01,10.0,5
2024-04-12,Meta,fb_prospect_01,20.0,2
2024-04-12,Meta,fb_prospect_01,40.0,1
2024-04-12,Meta,fb_prospect_02,0.0,4
2024-04-12,Meta,fb_prospect_02,5.0,6
2024-04-12,Meta,fb_prospect_02,10.0,4
2024-04-12,Meta,fb_prospect_02,40.0,1
2024-04-12,Google App Campaigns,goog_ac_01,,8
2024-04-12,Google App Campaigns,goog_ac_02,,9
2024-04-12,Google Brand Search,goog_brand_01,0.0,4
2024-04-12,Google Brand Search,goog_brand_01,5.0,4
2024-04-12,Google Brand Search,goog_brand_01,10.0,2
2024-04-12,Google Brand Search,goog_brand_01,20.0,4
2024-04-12,Google Brand Search,goog_brand_01,40.0,2
2024-04-12,Google Brand Search,goog_brand_01,63.0,2
2024-04-12,Google Non-Brand Search,goog_search_01,0.0,5
2024-04-12,Google Non-Brand Search,goog_search_01,5.0,2
2024-04-12,Google Non-Brand Search,goog_search_01,10.0,4
2024-04-12,Google Non-Brand Search,goog_search_01,40.0,1
2024-04-12,TikTok,tiktok_upper_01,,6
2024-04-12,TikTok,tiktok_upper_02,,8
2024-04-13,Meta,fb_prospect_01,0.0,3
2024-04-13,Meta,fb_prospect_01,5.0,5
2024-04-13,Meta,fb_prospect_01,10.0,8
2024-04-13,Meta,fb_prospect_01,20.0,1
2024-04-13,Meta,fb_prospect_02,0.0,8
2024-04-13,Meta,fb_prospect_02,5.0,5
2024-04-13,Meta,fb_prospect_02,10.0,6
2024-04-13,Meta,fb_prospect_02,20.0,3
2024-04-13,Meta,fb_prospect_02,40.0,1
2024-04-13,Google App Campaigns,goog_ac_01,0.0,6
2024-04-13,Google App Campaigns,goog_ac_01,5.0,5
2024-04-13,Google App Campaigns,goog_ac_01,10.0,2
2024-04-13,Google App Campaigns,goog_ac_01,20.0,2
2024-04-13,Google App Campaigns,goog_ac_01,40.0,3
2024-04-13,Google App Campaigns,goog_ac_02,0.0,2
2024-04-13,Google App Campaigns,goog_ac_02,5.0,4
2024-04-13,Google App Campaigns,goog_ac_02,10.0,3
2024-04-13,Google App Campaigns,goog_ac_02,20.0,2
2024-04-13,Google App Campaigns,goog_ac_02,40.0,4
2024-04-13,Google Brand Search,goog_brand_01,0.0,5
2024-04-13,Google Brand Search,goog_brand_01,5.0,5
2024-04-13,Google Brand Search,goog_brand_01,10.0,4
2024-04-13,Google Brand Search,goog_brand_01,20.0,1
2024-04-13,Google Brand Search,goog_brand_01,40.0,1
2024-04-13,Google Non-Brand Search,goog_search_01,0.0,4
2024-04-13,Google Non-Brand Search,goog_search_01,5.0,2
2024-04-13,Google Non-Brand Search,goog_search_01,10.0,7
2024-04-13,Google Non-Brand Search,goog_search_01,20.0,1
2024-04-13,Google Non-Brand Search,goog_search_01,40.0,1
2024-04-13,TikTok,tiktok_upper_01,,8
2024-04-13,TikTok,tiktok_upper_02,,8
2024-04-14,Meta,fb_prospect_01,0.0,5
2024-04-14,Meta,fb_prospect_01,5.0,7
2024-04-14,Meta,fb_prospect_01,10.0,2
2024-04-14,Meta,fb_prospect_01,20.0,1
2024-04-14,Meta,fb_prospect_01,40.0,2
2024-04-14,Meta,fb_prospect_01,63.0,1
2024-04-14,Meta,fb_prospect_02,0.0,8
2024-04-14,Meta,fb_prospect_02,5.0,4
2024-04-14,Meta,fb_prospect_02,10.0,4
2024-04-14,Meta,fb_prospect_02,20.0,2
2024-04-14,Meta,fb_prospect_02,63.0,1
2024-04-14,Google App Campaigns,goog_ac_01,0.0,6
2024-04-14,Google App Campaigns,goog_ac_01,5.0,3
2024-04-14,Google App Campaigns,goog_ac_01,10.0,3
2024-04-14,Google App Campaigns,goog_ac_01,20.0,2
2024-04-14,Google App Campaigns,goog_ac_01,63.0,1
2024-04-14,Google App Campaigns,goog_ac_02,,7
2024-04-14,Google Brand Search,goog_brand_01,0.0,4
2024-04-14,Google Brand Search,goog_brand_01,5.0,6
2024-04-14,Google Brand Search,goog_brand_01,10.0,7
2024-04-14,Google Brand Search,goog_brand_01,20.0,4
2024-04-14,Google Non-Brand Search,goog_search_01,0.0,3
2024-04-14,Google Non-Brand Search,goog_search_01,5.0,3
2024-04-14,Google Non-Brand Search,goog_search_01,10.0,3
2024-04-14,Google Non-Brand Search,goog_search_01,20.0,1
2024-04-14,Google Non-Brand Search,goog_search_01,63.0,2
2024-04-14,TikTok,tiktok_upper_01,0.0,2
2024-04-14,TikTok,tiktok_upper_01,5.0,6
2024-04-14,TikTok,tiktok_upper_01,10.0,1
2024-04-14,TikTok,tiktok_upper_01,20.0,1
2024-04-14,TikTok,tiktok_upper_02,,6
2024-04-15,Meta,fb_prospect_01,0.0,3
2024-04-15,Meta,fb_prospect_01,5.0,8
2024-04-15,Meta,fb_prospect_01,10.0,8
2024-04-15,Meta,fb_prospect_01,40.0,1
2024-04-15,Meta,fb_prospect_02,0.0,7
2024-04-15,Meta,fb_prospect_02,5.0,4
2024-04-15,Meta,fb_prospect_02,10.0,5
2024-04-15,Meta,fb_prospect_02,20.0,4
2024-04-15,Meta,fb_prospect_02,40.0,3
2024-04-15,Meta,fb_prospect_02,63.0,1
2024-04-15,Google App Campaigns,goog_ac_01,0.0,4
2024-04-15,Google App Campaigns,goog_ac_01,5.0,4
2024-04-15,Google App Campaigns,goog_ac_01,10.0,4
2024-04-15,Google App Campaigns,goog_ac_01,20.0,1
2024-04-15,Google App Campaigns,goog_ac_02,,8
2024-04-15,Google Brand Search,goog_brand_01,0.0,4
2024-04-15,Google Brand Search,goog_brand_01,5.0,5
2024-04-15,Google Brand Search,goog_brand_01,10.0,3
2024-04-15,Google Brand Search,goog_brand_01,20.0,4
2024-04-15,Google Brand Search,goog_brand_01,63.0,1
2024-04-15,Google Non-Brand Search,goog_search_01,0.0,2
2024-04-15,Google Non-Brand Search,goog_search_01,5.0,3
2024-04-15,Google Non-Brand Search,goog_search_01,10.0,5
2024-04-15,Google Non-Brand Search,goog_search_01,20.0,3
2024-04-15,Google Non-Brand Search,goog_search_01,40.0,2
2024-04-15,Google Non-Brand Search,goog_search_01,63.0,5
2024-04-15,TikTok,tiktok_upper_01,,9
2024-04-15,TikTok,tiktok_upper_02,0.0,4
2024-04-15,TikTok,tiktok_upper_02,5.0,2
2024-04-15,TikTok,tiktok_upper_02,10.0,2
2024-04-15,TikTok,tiktok_upper_02,20.0,2
2024-04-16,Meta,fb_prospect_01,0.0,5
2024-04-16,Meta,fb_prospect_01,5.0,8
2024-04-16,Meta,fb_prospect_01,10.0,2
2024-04-16,Meta,fb_prospect_01,20.0,4
2024-04-16,Meta,fb_prospect_01,63.0,1
2024-04-16,Meta,fb_prospect_02,0.0,7
2024-04-16,Meta,fb_prospect_02,5.0,5
2024-04-16,Meta,fb_prospect_02,10.0,5
2024-04-16,Meta,fb_prospect_02,20.0,1
2024-04-16,Meta,fb_prospect_02,63.0,1
2024-04-16,Google App Campaigns,goog_ac_01,,7
2024-04-16,Google App Campaigns,goog_ac_02,0.0,2
2024-04-16,Google App Campaigns,goog_ac_02,5.0,4
2024-04-16,Google App Campaigns,goog_ac_02,10.0,3
2024-04-16,Google App Campaigns,goog_ac_02,20.0,3
2024-04-16,Google App Campaigns,goog_ac_02,40.0,1
2024-04-16,Google App Campaigns,goog_ac_02,63.0,1
2024-04-16,Google Brand Search,goog_brand_01,0.0,3
2024-04-16,Google Brand Search,goog_brand_01,5.0,1
2024-04-16,Google Brand Search,goog_brand_01,10.0,4
2024-04-16,Google Brand Search,goog_brand_01,20.0,2
2024-04-16,Google Brand Search,goog_brand_01,40.0,3
2024-04-16,Google Brand Search,goog_brand_01,63.0,2
2024-04-16,Google Non-Brand Search,goog_search_01,0.0,4
2024-04-16,Google Non-Brand Search,goog_search_01,5.0,3
2024-04-16,Google Non-Brand Search,goog_search_01,10.0,3
2024-04-16,Google Non-Brand Search,goog_search_01,20.0,1
2024-04-16,Google Non-Brand Search,goog_search_01,40.0,1
2024-04-16,TikTok,tiktok_upper_01,,9
2024-04-16,TikTok,tiktok_upper_02,,8
2024-04-17,Meta,fb_prospect_01,0.0,4
2024-04-17,Meta,fb_prospect_01,5.0,3
2024-04-17,Meta,fb_prospect_01,10.0,2
2024-04-17,Meta,fb_prospect_01,20.0,1
2024-04-17,Meta,fb_prospect_01,40.0,1
2024-04-17,Meta,fb_prospect_02,0.0,7
2024-04-17,Meta,fb_prospect_02,5.0,2
2024-04-17,Meta,fb_prospect_02,10.0,4
2024-04-17,Meta,fb_prospect_02,20.0,1
2024-04-17,Meta,fb_prospect_02,63.0,1
2024-04-17,Google App Campaigns,goog_ac_01,,8
2024-04-17,Google App Campaigns,goog_ac_02,,7
2024-04-17,Google Brand Search,goog_brand_01,0.0,2
2024-04-17,Google Brand Search,goog_brand_01,5.0,3
2024-04-17,Google Brand Search,goog_brand_01,10.0,5
2024-04-17,Google Brand Search,goog_brand_01,20.0,2
2024-04-17,Google Brand Search,goog_brand_01,40.0,2
2024-04-17,Google Non-Brand Search,goog_search_01,0.0,4
2024-04-17,Google Non-Brand Search,goog_search_01,5.0,1
2024-04-17,Google Non-Brand Search,goog_search_01,10.0,2
2024-04-17,Google Non-Brand Search,goog_search_01,20.0,1
2024-04-17,Google Non-Brand Search,goog_search_01,40.0,3
2024-04-17,TikTok,tiktok_upper_01,,8
2024-04-17,TikTok,tiktok_upper_02,0.0,4
2024-04-17,TikTok,tiktok_upper_02,5.0,6
2024-04-17,TikTok,tiktok_upper_02,10.0,1
2024-04-17,TikTok,tiktok_upper_02,20.0,1
2024-04-17,TikTok,tiktok_upper_02,40.0,1
2024-04-18,Meta,fb_prospect_01,0.0,7
2024-04-18,Meta,fb_prospect_01,5.0,9
2024-04-18,Meta,fb_prospect_01,10.0,2
2024-04-18,Meta,fb_prospect_01,20.0,1
2024-04-18,Meta,fb_prospect_02,0.0,3
2024-04-18,Meta,fb_prospect_02,5.0,8
2024-04-18,Meta,fb_prospect_02,10.0,2
2024-04-18,Meta,fb_prospect_02,20.0,3
2024-04-18,Google App Campaigns,goog_ac_01,0.0,6
2024-04-18,Google App Campaigns,goog_ac_01,5.0,4
2024-04-18,Google App Campaigns,goog_ac_01,10.0,1
2024-04-18,Google App Campaigns,goog_ac_01,40.0,1
2024-04-18,Google App Campaigns,goog_ac_02,,6
2024-04-18,Google Brand Search,goog_brand_01,5.0,5
2024-04-18,Google Brand Search,goog_brand_01,10.0,3
2024-04-18,Google Brand Search,goog_brand_01,40.0,1
2024-04-18,Google Brand Search,goog_brand_01,63.0,1
2024-04-18,Google Non-Brand Search,goog_search_01,0.0,2
2024-04-18,Google Non-Brand Search,goog_search_01,5.0,2
2024-04-18,Google Non-Brand Search,goog_search_01,10.0,3
2024-04-18,Google Non-Brand Search,goog_search_01,20.0,3
2024-04-18,Google Non-Brand Search,goog_search_01,63.0,1
2024-04-18,TikTok,tiktok_upper_01,,4
2024-04-18,TikTok,tiktok_upper_02,,8
2024-04-19,Meta,fb_prospect_01,0.0,8
2024-04-19,Meta,fb_prospect_01,5.0,7
2024-04-19,Meta,fb_prospect_01,10.0,1
2024-04-19,Meta,fb_prospect_01,20.0,4
2024-04-19,Meta,fb_prospect_01,40.0,2
2024-04-19,Meta,fb_prospect_02,0.0,5
2024-04-19,Meta,fb_prospect_02,5.0,3
2024-04-19,Meta,fb_prospect_02,10.0,3
2024-04-19,Meta,fb_prospect_02,20.0,2
2024-04-19,Meta,fb_prospect_02,63.0,2
2024-04-19,Google App Campaigns,goog_ac_01,0.0,4
2024-04-19,Google App Campaigns,goog_ac_01,5.0,3
2024-04-19,Google App Campaigns,goog_ac_01,20.0,2
2024-04-19,Google App Campaigns,goog_ac_01,63.0,1
2024-04-19,Google App Campaigns,goog_ac_02,0.0,3
2024-04-19,Google App Campaigns,goog_ac_02,5.0,3
2024-04-19,Google App Campaigns,goog_ac_02,10.0,2
2024-04-19,Google App Campaigns,goog_ac_02,20.0,3
2024-04-19,Google App Campaigns,goog_ac_02,63.0,1
2024-04-19,Google Brand Search,goog_brand_01,0.0,3
2024-04-19,Google Brand Search,goog_brand_01,5.0,4
2024-04-19,Google Brand Search,goog_brand_01,10.0,3
2024-04-19,Google Brand Search,goog_brand_01,20.0,1
2024-04-19,Google Non-Brand Search,goog_search_01,0.0,1
2024-04-19,Google Non-Brand Search,goog_search_01,5.0,3
2024-04-19,Google Non-Brand Search,goog_search_01,10.0,2
2024-04-19,Google Non-Brand Search,goog_search_01,20.0,6
2024-04-19,Google Non-Brand Search,goog_search_01,40.0,3
2024-04-19,TikTok,tiktok_upper_01,,9
2024-04-19,TikTok,tiktok_upper_02,,6
2024-04-20,Meta,fb_prospect_01,0.0,8
2024-04-20,Meta,fb_prospect_01,5.0,8
2024-04-20,Meta,fb_prospect_01,10.0,3
2024-04-20,Meta,fb_prospect_01,20.0,3
2024-04-20,Meta,fb_prospect_02,0.0,2
2024-04-20,Meta,fb_prospect_02,5.0,11
2024-04-20,Meta,fb_prospect_02,10.0,5
2024-04-20,Meta,fb_prospect_02,20.0,1
2024-04-20,Meta,fb_prospect_02,40.0,1
2024-04-20,Meta,fb_prospect_02,63.0,1
2024-04-20,Google App Campaigns,goog_ac_01,0.0,5
2024-04-20,Google App Campaigns,goog_ac_01,5.0,4
2024-04-20,Google App Campaigns,goog_ac_01,10.0,4
2024-04-20,Google App Campaigns,goog_ac_01,20.0,1
2024-04-20,Google App Campaigns,goog_ac_02,,9
2024-04-20,Google Brand Search,goog_brand_01,0.0,1
2024-04-20,Google Brand Search,goog_brand_01,5.0,5
2024-04-20,Google Brand Search,goog_brand_01,10.0,4
2024-04-20,Google Brand Search,goog_brand_01,20.0,3
2024-04-20,Google Brand Search,goog_brand_01,40.0,1
2024-04-20,Google Brand Search,goog_brand_01,63.0,2
2024-04-20,Google Non-Brand Search,goog_search_01,0.0,4
2024-04-20,Google Non-Brand Search,goog_search_01,5.0,1
2024-04-20,Google Non-Brand Search,goog_search_01,10.0,6
2024-04-20,Google Non-Brand Search,goog_search_01,20.0,7
2024-04-20,Google Non-Brand Search,goog_search_01,63.0,2
2024-04-20,TikTok,tiktok_upper_01,0.0,6
2024-04-20,TikTok,tiktok_upper_01,5.0,2
2024-04-20,TikTok,tiktok_upper_01,10.0,1
2024-04-20,TikTok,tiktok_upper_01,20.0,1
2024-04-20,TikTok,tiktok_upper_02,0.0,3
2024-04-20,TikTok,tiktok_upper_02,5.0,5
2024-04-20,TikTok,tiktok_upper_02,10.0,2
2024-04-21,Meta,fb_prospect_01,0.0,1
2024-04-21,Meta,fb_prospect_01,5.0,3
2024-04-21,Meta,fb_prospect_01,10.0,6
2024-04-21,Meta,fb_prospect_01,20.0,1
2024-04-21,Meta,fb_prospect_02,0.0,4
2024-04-21,Meta,fb_prospect_02,5.0,7
2024-04-21,Meta,fb_prospect_02,10.0,5
2024-04-21,Meta,fb_prospect_02,20.0,2
2024-04-21,Meta,fb_prospect_02,40.0,5
2024-04-21,Meta,fb_prospect_02,63.0,1
2024-04-21,Google App Campaigns,goog_ac_01,,8
2024-04-21,Google App Campaigns,goog_ac_02,0.0,3
2024-04-21,Google App Campaigns,goog_ac_02,5.0,2
2024-04-21,Google App Campaigns,goog_ac_02,10.0,4
2024-04-21,Google App Campaigns,goog_ac_02,20.0,1
2024-04-21,Google App Campaigns,goog_ac_02,40.0,1
2024-04-21,Google Brand Search,goog_brand_01,0.0,2
2024-04-21,Google Brand Search,goog_brand_01,5.0,9
2024-04-21,Google Brand Search,goog_brand_01,10.0,3
2024-04-21,Google Brand Search,goog_brand_01,20.0,3
2024-04-21,Google Brand Search,goog_brand_01,40.0,2
2024-04-21,Google Brand Search,goog_brand_01,63.0,1
2024-04-21,Google Non-Brand Search,goog_search_01,0.0,2
2024-04-21,Google Non-Brand Search,goog_search_01,5.0,1
2024-04-21,Google Non-Brand Search,goog_search_01,10.0,5
2024-04-21,Google Non-Brand Search,goog_search_01,20.0,3
2024-04-21,Google Non-Brand Search,goog_search_01,40.0,1
2024-04-21,Google Non-Brand Search,goog_search_01,63.0,2
2024-04-21,TikTok,tiktok_upper_01,,8
2024-04-21,TikTok,tiktok_upper_02,,9
2024-04-22,Meta,fb_prospect_01,0.0,8
2024-04-22,Meta,fb_prospect_01,5.0,5
2024-04-22,Meta,fb_prospect_01,10.0,9
2024-04-22,Meta,fb_prospect_01,63.0,1
2024-04-22,Meta,fb_prospect_02,0.0,7
2024-04-22,Meta,fb_prospect_02,5.0,4
2024-04-22,Meta,fb_prospect_02,10.0,3
2024-04-22,Meta,fb_prospect_02,20.0,1
2024-04-22,Google App Campaigns,goog_ac_01,0.0,4
2024-04-22,Google App Campaigns,goog_ac_01,10.0,7
2024-04-22,Google App Campaigns,goog_ac_02,0.0,6
2024-04-22,Google App Campaigns,goog_ac_02,5.0,1
2024-04-22,Google App Campaigns,goog_ac_02,10.0,2
2024-04-22,Google App Campaigns,goog_ac_02,40.0,1
2024-04-22,Google Brand Search,goog_brand_01,0.0,2
2024-04-22,Google Brand Search,goog_brand_01,5.0,4
2024-04-22,Google Brand Search,goog_brand_01,10.0,5
2024-04-22,Google Brand Search,goog_brand_01,20.0,4
2024-04-22,Google Brand Search,goog_brand_01,40.0,1
2024-04-22,Google Brand Search,goog_brand_01,63.0,1
2024-04-22,Google Non-Brand Search,goog_search_01,0.0,4
2024-04-22,Google Non-Brand Search,goog_search_01,5.0,5
2024-04-22,Google Non-Brand Search,goog_search_01,10.0,1
2024-04-22,Google Non-Brand Search,goog_search_01,20.0,6
2024-04-22,Google Non-Brand Search,goog_search_01,40.0,1
2024-04-22,Google Non-Brand Search,goog_search_01,63.0,1
2024-04-22,TikTok,tiktok_upper_01,0.0,8
2024-04-22,TikTok,tiktok_upper_01,5.0,4
2024-04-22,TikTok,tiktok_upper_01,10.0,1
2024-04-22,TikTok,tiktok_upper_01,40.0,1
2024-04-22,TikTok,tiktok_upper_02,0.0,5
2024-04-22,TikTok,tiktok_upper_02,5.0,3
2024-04-22,TikTok,tiktok_upper_02,10.0,3
2024-04-22,TikTok,tiktok_upper_02,20.0,1
2024-04-23,Meta,fb_prospect_01,0.0,5
2024-04-23,Meta,fb_prospect_01,5.0,4
2024-04-23,Meta,fb_prospect_01,10.0,3
2024-04-23,Meta,fb_prospect_01,20.0,1
2024-04-23,Meta,fb_prospect_02,0.0,5
2024-04-23,Meta,fb_prospect_02,5.0,9
2024-04-23,Meta,fb_prospect_02,10.0,3
2024-04-23,Meta,fb_prospect_02,63.0,1
2024-04-23,Google App Campaigns,goog_ac_01,,8
2024-04-23,Google App Campaigns,goog_ac_02,,7
2024-04-23,Google Brand Search,goog_brand_01,0.0,6
2024-04-23,Google Brand Search,goog_brand_01,5.0,5
2024-04-23,Google Brand Search,goog_brand_01,10.0,2
2024-04-23,Google Brand Search,goog_brand_01,20.0,4
2024-04-23,Google Brand Search,goog_brand_01,63.0,1
2024-04-23,Google Non-Brand Search,goog_search_01,0.0,4
2024-04-23,Google Non-Brand Search,goog_search_01,5.0,8
2024-04-23,Google Non-Brand Search,goog_search_01,10.0,5
2024-04-23,Google Non-Brand Search,goog_search_01,20.0,1
2024-04-23,Google Non-Brand Search,goog_search_01,40.0,2
2024-04-23,Google Non-Brand Search,goog_search_01,63.0,1
2024-04-23,TikTok,tiktok_upper_01,0.0,6
2024-04-23,TikTok,tiktok_upper_01,5.0,3
2024-04-23,TikTok,tiktok_upper_01,10.0,2
2024-04-23,TikTok,tiktok_upper_02,,9
2024-04-24,Meta,fb_prospect_01,0.0,6
2024-04-24,Meta,fb_prospect_01,5.0,2
2024-04-24,Meta,fb_prospect_01,40.0,2
2024-04-24,Meta,fb_prospect_01,63.0,1
2024-04-24,Meta,fb_prospect_02,0.0,6
2024-04-24,Meta,fb_prospect_02,5.0,3
2024-04-24,Meta,fb_prospect_02,10.0,6
2024-04-24,Meta,fb_prospect_02,20.0,3
2024-04-24,Meta,fb_prospect_02,40.0,1
2024-04-24,Google App Campaigns,goog_ac_01,,7
2024-04-24,Google App Campaigns,goog_ac_02,,8
2024-04-24,Google Brand Search,goog_brand_01,0.0,3
2024-04-24,Google Brand Search,goog_brand_01,5.0,2
2024-04-24,Google Brand Search,goog_brand_01,10.0,3
2024-04-24,Google Brand Search,goog_brand_01,20.0,2
2024-04-24,Google Brand Search,goog_brand_01,63.0,2
2024-04-24,Google Non-Brand Search,goog_search_01,0.0,4
2024-04-24,Google Non-Brand Search,goog_search_01,5.0,8
2024-04-24,Google Non-Brand Search,goog_search_01,10.0,3
2024-04-24,Google Non-Brand Search,goog_search_01,20.0,5
2024-04-24,Google Non-Brand Search,goog_search_01,63.0,1
2024-04-24,TikTok,tiktok_upper_01,0.0,4
2024-04-24,TikTok,tiktok_upper_01,5.0,3
2024-04-24,TikTok,tiktok_upper_01,10.0,3
2024-04-24,TikTok,tiktok_upper_02,,7
2024-04-25,Meta,fb_prospect_01,0.0,4
2024-04-25,Meta,fb_prospect_01,5.0,3
2024-04-25,Meta,fb_prospect_01,10.0,5
2024-04-25,Meta,fb_prospect_01,40.0,3
2024-04-25,Meta,fb_prospect_02,0.0,8
2024-04-25,Meta,fb_prospect_02,5.0,3
2024-04-25,Meta,fb_prospect_02,10.0,3
2024-04-25,Meta,fb_prospect_02,40.0,1
2024-04-25,Google App Campaigns,goog_ac_01,0.0,3
2024-04-25,Google App Campaigns,goog_ac_01,10.0,4
2024-04-25,Google App Campaigns,goog_ac_01,20.0,1
2024-04-25,Google App Campaigns,goog_ac_01,63.0,2
2024-04-25,Google App Campaigns,goog_ac_02,,5
2024-04-25,Google Brand Search,goog_brand_01,5.0,3
2024-04-25,Google Brand Search,goog_brand_01,10.0,3
2024-04-25,Google Brand Search,goog_brand_01,20.0,4
2024-04-25,Google Non-Brand Search,goog_search_01,5.0,6
2024-04-25,Google Non-Brand Search,goog_search_01,10.0,1
2024-04-25,Google Non-Brand Search,goog_search_01,20.0,3
2024-04-25,TikTok,tiktok_upper_01,,9
2024-04-25,TikTok,tiktok_upper_02,,4
2024-04-26,Meta,fb_prospect_01,0.0,6
2024-04-26,Meta,fb_prospect_01,5.0,4
2024-04-26,Meta,fb_prospect_01,10.0,4
2024-04-26,Meta,fb_prospect_01,20.0,3
2024-04-26,Meta,fb_prospect_02,0.0,4
2024-04-26,Meta,fb_prospect_02,5.0,4
2024-04-26,Meta,fb_prospect_02,10.0,4
2024-04-26,Google App Campaigns,goog_ac_01,0.0,2
2024-04-26,Google App Campaigns,goog_ac_01,5.0,4
2024-04-26,Google App Campaigns,goog_ac_01,10.0,4
2024-04-26,Google App Campaigns,goog_ac_02,0.0,2
2024-04-26,Google App Campaigns,goog_ac_02,5.0,5
2024-04-26,Google App Campaigns,goog_ac_02,10.0,2
2024-04-26,Google App Campaigns,goog_ac_02,20.0,1
2024-04-26,Google Brand Search,goog_brand_01,0.0,2
2024-04-26,Google Brand Search,goog_brand_01,5.0,6
2024-04-26,Google Brand Search,goog_brand_01,10.0,5
2024-04-26,Google Brand Search,goog_brand_01,20.0,1
2024-04-26,Google Brand Search,goog_brand_01,40.0,2
2024-04-26,Google Non-Brand Search,goog_search_01,0.0,1
2024-04-26,Google Non-Brand Search,goog_search_01,5.0,2
2024-04-26,Google Non-Brand Search,goog_search_01,10.0,4
2024-04-26,Google Non-Brand Search,goog_search_01,20.0,2
2024-04-26,Google Non-Brand Search,goog_search_01,63.0,2
2024-04-26,TikTok,tiktok_upper_01,,8
2024-04-26,TikTok,tiktok_upper_02,,8
2024-04-27,Meta,fb_prospect_01,0.0,7
2024-04-27,Meta,fb_prospect_01,5.0,4
2024-04-27,Meta,fb_prospect_01,10.0,4
2024-04-27,Meta,fb_prospect_01,20.0,3
2024-04-27,Meta,fb_prospect_01,63.0,1
2024-04-27,Meta,fb_prospect_02,0.0,5
2024-04-27,Meta,fb_prospect_02,5.0,8
2024-04-27,Meta,fb_prospect_02,10.0,5
2024-04-27,Meta,fb_prospect_02,20.0,4
2024-04-27,Meta,fb_prospect_02,40.0,3
2024-04-27,Google App Campaigns,goog_ac_01,,7
2024-04-27,Google App Campaigns,goog_ac_02,,9
2024-04-27,Google Brand Search,goog_brand_01,0.0,3
2024-04-27,Google Brand Search,goog_brand_01,5.0,2
2024-04-27,Google Brand Search,goog_brand_01,10.0,10
2024-04-27,Google Brand Search,goog_brand_01,20.0,4
2024-04-27,Google Non-Brand Search,goog_search_01,0.0,6
2024-04-27,Google Non-Brand Search,goog_search_01,5.0,6
2024-04-27,Google Non-Brand Search,goog_search_01,10.0,5
2024-04-27,Google Non-Brand Search,goog_search_01,20.0,3
2024-04-27,Google Non-Brand Search,goog_search_01,40.0,3
2024-04-27,Google Non-Brand Search,goog_search_01,63.0,1
2024-04-27,TikTok,tiktok_upper_01,0.0,3
2024-04-27,TikTok,tiktok_upper_01,5.0,2
2024-04-27,TikTok,tiktok_upper_01,10.0,5
2024-04-27,TikTok,tiktok_upper_02,0.0,4
2024-04-27,TikTok,tiktok_upper_02,5.0,4
2024-04-27,TikTok,tiktok_upper_02,20.0,1
2024-04-27,TikTok,tiktok_upper_02,40.0,1
2024-04-28,Meta,fb_prospect_01,0.0,7
2024-04-28,Meta,fb_prospect_01,5.0,4
2024-04-28,Meta,fb_prospect_01,10.0,5
2024-04-28,Meta,fb_prospect_01,20.0,1
2024-04-28,Meta,fb_prospect_02,0.0,6
2024-04-28,Meta,fb_prospect_02,5.0,5
2024-04-28,Meta,fb_prospect_02,10.0,5
2024-04-28,Meta,fb_prospect_02,20.0,4
2024-04-28,Meta,fb_prospect_02,63.0,1
2024-04-28,Google App Campaigns,goog_ac_01,0.0,3
2024-04-28,Google App Campaigns,goog_ac_01,5.0,6
2024-04-28,Google App Campaigns,goog_ac_01,10.0,2
2024-04-28,Google App Campaigns,goog_ac_01,20.0,4
2024-04-28,Google App Campaigns,goog_ac_02,,8
2024-04-28,Google Brand Search,goog_brand_01,0.0,3
2024-04-28,Google Brand Search,goog_brand_01,5.0,4
2024-04-28,Google Brand Search,goog_brand_01,10.0,7
2024-04-28,Google Brand Search,goog_brand_01,20.0,2
2024-04-28,Google Brand Search,goog_brand_01,40.0,1
2024-04-28,Google Brand Search,goog_brand_01,63.0,4
2024-04-28,Google Non-Brand Search,goog_search_01,0.0,3
2024-04-28,Google Non-Brand Search,goog_search_01,5.0,4
2024-04-28,Google Non-Brand Search,goog_search_01,10.0,5
2024-04-28,Google Non-Brand Search,goog_search_01,20.0,2
2024-04-28,Google Non-Brand Search,goog_search_01,40.0,2
2024-04-28,Google Non-Brand Search,goog_search_01,63.0,3
2024-04-28,TikTok,tiktok_upper_01,0.0,6
2024-04-28,TikTok,tiktok_upper_01,5.0,3
2024-04-28,TikTok,tiktok_upper_01,10.0,2
2024-04-28,TikTok,tiktok_upper_01,20.0,1
2024-04-28,TikTok,tiktok_upper_02,,5
2024-04-29,Meta,fb_prospect_01,0.0,8
2024-04-29,Meta,fb_prospect_01,5.0,8
2024-04-29,Meta,fb_prospect_01,10.0,8
2024-04-29,Meta,fb_prospect_01,20.0,1
2024-04-29,Meta,fb_prospect_02,0.0,3
2024-04-29,Meta,fb_prospect_02,5.0,4
2024-04-29,Meta,fb_prospect_02,10.0,7
2024-04-29,Meta,fb_prospect_02,20.0,3
2024-04-29,Meta,fb_prospect_02,40.0,1
2024-04-29,Google App Campaigns,goog_ac_01,0.0,2
2024-04-29,Google App Campaigns,goog_ac_01,5.0,4
2024-04-29,Google App Campaigns,goog_ac_01,10.0,4
2024-04-29,Google App Campaigns,goog_ac_01,20.0,2
2024-04-29,Google App Campaigns,goog_ac_02,0.0,3
2024-04-29,Google App Campaigns,goog_ac_02,5.0,3
2024-04-29,Google App Campaigns,goog_ac_02,20.0,3
2024-04-29,Google App Campaigns,goog_ac_02,40.0,1
2024-04-29,Google Brand Search,goog_brand_01,0.0,1
2024-04-29,Google Brand Search,goog_brand_01,5.0,6
2024-04-29,Google Brand Search,goog_brand_01,10.0,5
2024-04-29,Google Brand Search,goog_brand_01,20.0,3
2024-04-29,Google Brand Search,goog_brand_01,40.0,1
2024-04-29,Google Brand Search,goog_brand_01,63.0,1
2024-04-29,Google Non-Brand Search,goog_search_01,0.0,1
2024-04-29,Google Non-Brand Search,goog_search_01,5.0,5
2024-04-29,Google Non-Brand Search,goog_search_01,10.0,4
2024-04-29,Google Non-Brand Search,goog_search_01,20.0,3
2024-04-29,Google Non-Brand Search,goog_search_01,40.0,1
2024-04-29,TikTok,tiktok_upper_01,0.0,6
2024-04-29,TikTok,tiktok_upper_01,5.0,2
2024-04-29,TikTok,tiktok_upper_01,10.0,2
2024-04-29,TikTok,tiktok_upper_01,63.0,1
2024-04-29,TikTok,tiktok_upper_02,0.0,4
2024-04-29,TikTok,tiktok_upper_02,5.0,3
2024-04-29,TikTok,tiktok_upper_02,10.0,3
2024-04-29,TikTok,tiktok_upper_02,20.0,1
2024-04-30,Meta,fb_prospect_01,0.0,5
2024-04-30,Meta,fb_prospect_01,5.0,3
2024-04-30,Meta,fb_prospect_01,10.0,1
2024-04-30,Meta,fb_prospect_01,20.0,2
2024-04-30,Meta,fb_prospect_01,40.0,2
2024-04-30,Meta,fb_prospect_01,63.0,1
2024-04-30,Meta,fb_prospect_02,0.0,11
2024-04-30,Meta,fb_prospect_02,5.0,6
2024-04-30,Meta,fb_prospect_02,10.0,1
2024-04-30,Meta,fb_prospect_02,20.0,1
2024-04-30,Meta,fb_prospect_02,63.0,2
2024-04-30,Google App Campaigns,goog_ac_01,,5
2024-04-30,Google App Campaigns,goog_ac_02,0.0,6
2024-04-30,Google App Campaigns,goog_ac_02,5.0,4
2024-04-30,Google App Campaigns,goog_ac_02,20.0,2
2024-04-30,Google Brand Search,goog_brand_01,0.0,2
2024-04-30,Google Brand Search,goog_brand_01,5.0,2
2024-04-30,Google Brand Search,goog_brand_01,10.0,4
2024-04-30,Google Brand Search,goog_brand_01,20.0,3
2024-04-30,Google Brand Search,goog_brand_01,40.0,1
2024-04-30,Google Brand Search,goog_brand_01,63.0,2
2024-04-30,Google Non-Brand Search,goog_search_01,0.0,1
2024-04-30,Google Non-Brand Search,goog_search_01,5.0,5
2024-04-30,Google Non-Brand Search,goog_search_01,10.0,6
2024-04-30,Google Non-Brand Search,goog_search_01,20.0,1
2024-04-30,Google Non-Brand Search,goog_search_01,63.0,3
2024-04-30,TikTok,tiktok_upper_01,0.0,5
2024-04-30,TikTok,tiktok_upper_01,5.0,5
2024-04-30,TikTok,tiktok_upper_01,10.0,3
2024-04-30,TikTok,tiktok_upper_02,,8
2024-05-01,Meta,fb_prospect_01,0.0,4
2024-05-01,Meta,fb_prospect_01,5.0,8
2024-05-01,Meta,fb_prospect_01,10.0,6
2024-05-01,Meta,fb_prospect_01,20.0,3
2024-05-01,Meta,fb_prospect_02,0.0,3
2024-05-01,Meta,fb_prospect_02,5.0,3
2024-05-01,Meta,fb_prospect_02,10.0,5
2024-05-01,Meta,fb_prospect_02,20.0,2
2024-05-01,Google App Campaigns,goog_ac_01,,6
2024-05-01,Google App Campaigns,goog_ac_02,,9
2024-05-01,Google Brand Search,goog_brand_01,0.0,3
2024-05-01,Google Brand Search,goog_brand_01,5.0,3
2024-05-01,Google Brand Search,goog_brand_01,10.0,3
2024-05-01,Google Brand Search,goog_brand_01,20.0,4
2024-05-01,Google Brand Search,goog_brand_01,63.0,1
2024-05-01,Google Non-Brand Search,goog_search_01,0.0,2
2024-05-01,Google Non-Brand Search,goog_search_01,5.0,2
2024-05-01,Google Non-Brand Search,goog_search_01,10.0,4
2024-05-01,Google Non-Brand Search,goog_search_01,20.0,2
2024-05-01,Google Non-Brand Search,goog_search_01,63.0,1
2024-05-01,TikTok,tiktok_upper_01,0.0,3
2024-05-01,TikTok,tiktok_upper_01,5.0,2
2024-05-01,TikTok,tiktok_upper_01,10.0,4
2024-05-01,TikTok,tiktok_upper_01,63.0,1
2024-05-01,TikTok,tiktok_upper_02,,7
2024-05-02,Meta,fb_prospect_01,0.0,4
2024-05-02,Meta,fb_prospect_01,5.0,1
2024-05-02,Meta,fb_prospect_01,10.0,5
2024-05-02,Meta,fb_prospect_02,0.0,9
2024-05-02,Meta,fb_prospect_02,5.0,3
2024-05-02,Meta,fb_prospect_02,10.0,5
2024-05-02,Meta,fb_prospect_02,40.0,1
2024-05-02,Google App Campaigns,goog_ac_01,,9
2024-05-02,Google App Campaigns,goog_ac_02,,7
2024-05-02,Google Brand Search,goog_brand_01,0.0,5
2024-05-02,Google Brand Search,goog_brand_01,5.0,3
2024-05-02,Google Brand Search,goog_brand_01,20.0,1
2024-05-02,Google Brand Search,goog_brand_01,63.0,2
2024-05-02,Google Non-Brand Search,goog_search_01,0.0,3
2024-05-02,Google Non-Brand Search,goog_search_01,5.0,5
2024-05-02,Google Non-Brand Search,goog_search_01,10.0,5
2024-05-02,Google Non-Brand Search,goog_search_01,20.0,2
2024-05-02,Google Non-Brand Search,goog_search_01,63.0,1
2024-05-02,TikTok,tiktok_upper_01,,7
2024-05-02,TikTok,tiktok_upper_02,,6
2024-05-03,Meta,fb_prospect_01,0.0,5
2024-05-03,Meta,fb_prospect_01,10.0,1
2024-05-03,Meta,fb_prospect_01,20.0,2
2024-05-03,Meta,fb_prospect_01,63.0,3
2024-05-03,Meta,fb_prospect_02,0.0,2
2024-05-03,Meta,fb_prospect_02,5.0,7
2024-05-03,Meta,fb_prospect_02,10.0,2
2024-05-03,Meta,fb_prospect_02,40.0,1
2024-05-03,Meta,fb_prospect_02,63.0,2
2024-05-03,Google App Campaigns,goog_ac_01,,7
2024-05-03,Google App Campaigns,goog_ac_02,,9
2024-05-03,Google Brand Search,goog_brand_01,0.0,5
2024-05-03,Google Brand Search,goog_brand_01,5.0,2
2024-05-03,Google Brand Search,goog_brand_01,10.0,4
2024-05-03,Google Brand Search,goog_brand_01,20.0,3
2024-05-03,Google Brand Search,goog_brand_01,40.0,1
2024-05-03,Google Brand Search,goog_brand_01,63.0,1
2024-05-03,Google Non-Brand Search,goog_search_01,0.0,2
2024-05-03,Google Non-Brand Search,goog_search_01,5.0,4
2024-05-03,Google Non-Brand Search,goog_search_01,10.0,2
2024-05-03,Google Non-Brand Search,goog_search_01,20.0,1
2024-05-03,Google Non-Brand Search,goog_search_01,40.0,2
2024-05-03,Google Non-Brand Search,goog_search_01,63.0,2
2024-05-03,TikTok,tiktok_upper_01,,9
2024-05-03,TikTok,tiktok_upper_02,0.0,6
2024-05-03,TikTok,tiktok_upper_02,5.0,3
2024-05-03,TikTok,tiktok_upper_02,10.0,1
2024-05-04,Meta,fb_prospect_01,0.0,3
2024-05-04,Meta,fb_prospect_01,5.0,8
2024-05-04,Meta,fb_prospect_01,10.0,5
2024-05-04,Meta,fb_prospect_01,20.0,3
2024-05-04,Meta,fb_prospect_01,40.0,1
2024-05-04,Meta,fb_prospect_02,0.0,3
2024-05-04,Meta,fb_prospect_02,5.0,5
2024-05-04,Meta,fb_prospect_02,10.0,5
2024-05-04,Meta,fb_prospect_02,20.0,1
2024-05-04,Meta,fb_prospect_02,40.0,1
2024-05-04,Google App Campaigns,goog_ac_01,0.0,5
2024-05-04,Google App Campaigns,goog_ac_01,5.0,3
2024-05-04,Google App Campaigns,goog_ac_01,20.0,1
2024-05-04,Google App Campaigns,goog_ac_01,40.0,1
2024-05-04,Google App Campaigns,goog_ac_02,,8
2024-05-04,Google Brand Search,goog_brand_01,0.0,2
2024-05-04,Google Brand Search,goog_brand_01,5.0,3
2024-05-04,Google Brand Search,goog_brand_01,10.0,4
2024-05-04,Google Brand Search,goog_brand_01,20.0,2
2024-05-04,Google Brand Search,goog_brand_01,40.0,1
2024-05-04,Google Non-Brand Search,goog_search_01,0.0,2
2024-05-04,Google Non-Brand Search,goog_search_01,5.0,4
2024-05-04,Google Non-Brand Search,goog_search_01,10.0,5
2024-05-04,Google Non-Brand Search,goog_search_01,20.0,2
2024-05-04,Google Non-Brand Search,goog_search_01,63.0,3
2024-05-04,TikTok,tiktok_upper_01,0.0,4
2024-05-04,TikTok,tiktok_upper_01,5.0,2
2024-05-04,TikTok,tiktok_upper_01,10.0,2
2024-05-04,TikTok,tiktok_upper_01,20.0,2
2024-05-04,TikTok,tiktok_upper_01,63.0,2
2024-05-04,TikTok,tiktok_upper_02,0.0,5
2024-05-04,TikTok,tiktok_upper_02,5.0,5
2024-05-04,TikTok,tiktok_upper_02,10.0,2
2024-05-04,TikTok,tiktok_upper_02,20.0,1
2024-05-04,TikTok,tiktok_upper_02,40.0,1
2024-05-05,Meta,fb_prospect_01,0.0,5
2024-05-05,Meta,fb_prospect_01,5.0,5
2024-05-05,Meta,fb_prospect_01,10.0,4
2024-05-05,Meta,fb_prospect_01,20.0,7
2024-05-05,Meta,fb_prospect_02,0.0,5
2024-05-05,Meta,fb_prospect_02,5.0,6
2024-05-05,Meta,fb_prospect_02,10.0,2
2024-05-05,Meta,fb_prospect_02,20.0,6
2024-05-05,Google App Campaigns,goog_ac_01,,9
2024-05-05,Google App Campaigns,goog_ac_02,0.0,3
2024-05-05,Google App Campaigns,goog_ac_02,5.0,3
2024-05-05,Google App Campaigns,goog_ac_02,10.0,6
2024-05-05,Google App Campaigns,goog_ac_02,20.0,1
2024-05-05,Google Brand Search,goog_brand_01,0.0,1
2024-05-05,Google Brand Search,goog_brand_01,5.0,7
2024-05-05,Google Brand Search,goog_brand_01,10.0,7
2024-05-05,Google Brand Search,goog_brand_01,20.0,3
2024-05-05,Google Brand Search,goog_brand_01,40.0,5
2024-05-05,Google Brand Search,goog_brand_01,63.0,1
2024-05-05,Google Non-Brand Search,goog_search_01,0.0,4
2024-05-05,Google Non-Brand Search,goog_search_01,5.0,7
2024-05-05,Google Non-Brand Search,goog_search_01,10.0,2
2024-05-05,Google Non-Brand Search,goog_search_01,20.0,4
2024-05-05,TikTok,tiktok_upper_01,0.0,1
2024-05-05,TikTok,tiktok_upper_01,5.0,6
2024-05-05,TikTok,tiktok_upper_01,10.0,2
2024-05-05,TikTok,tiktok_upper_01,20.0,1
2024-05-05,TikTok,tiktok_upper_01,63.0,1
2024-05-05,TikTok,tiktok_upper_02,0.0,8
2024-05-05,TikTok,tiktok_upper_02,5.0,5
2024-05-05,TikTok,tiktok_upper_02,20.0,1
2024-05-06,Meta,fb_prospect_01,0.0,5
2024-05-06,Meta,fb_prospect_01,5.0,9
2024-05-06,Meta,fb_prospect_01,10.0,6
2024-05-06,Meta,fb_prospect_01,20.0,1
2024-05-06,Meta,fb_prospect_02,0.0,4
2024-05-06,Meta,fb_prospect_02,5.0,5
2024-05-06,Meta,fb_prospect_02,10.0,8
2024-05-06,Meta,fb_prospect_02,20.0,2
2024-05-06,Meta,fb_prospect_02,63.0,1
2024-05-06,Google App Campaigns,goog_ac_01,,7
2024-05-06,Google App Campaigns,goog_ac_02,,9
2024-05-06,Google Brand Search,goog_brand_01,0.0,3
2024-05-06,Google Brand Search,goog_brand_01,5.0,4
2024-05-06,Google Brand Search,goog_brand_01,10.0,7
2024-05-06,Google Brand Search,goog_brand_01,40.0,2
2024-05-06,Google Brand Search,goog_brand_01,63.0,1
2024-05-06,Google Non-Brand Search,goog_search_01,0.0,6
2024-05-06,Google Non-Brand Search,goog_search_01,5.0,6
2024-05-06,Google Non-Brand Search,goog_search_01,10.0,5
2024-05-06,Google Non-Brand Search,goog_search_01,20.0,4
2024-05-06,Google Non-Brand Search,goog_search_01,40.0,3
2024-05-06,Google Non-Brand Search,goog_search_01,63.0,3
2024-05-06,TikTok,tiktok_upper_01,0.0,4
2024-05-06,TikTok,tiktok_upper_01,5.0,3
2024-05-06,TikTok,tiktok_upper_01,10.0,2
2024-05-06,TikTok,tiktok_upper_01,20.0,1
2024-05-06,TikTok,tiktok_upper_01,40.0,1
2024-05-06,TikTok,tiktok_upper_02,0.0,6
2024-05-06,TikTok,tiktok_upper_02,5.0,2
2024-05-06,TikTok,tiktok_upper_02,10.0,3
2024-05-06,TikTok,tiktok_upper_02,20.0,1
2024-05-06,TikTok,tiktok_upper_02,40.0,1
2024-05-06,TikTok,tiktok_upper_02,63.0,1
2024-05-07,Meta,fb_prospect_01,0.0,3
2024-05-07,Meta,fb_prospect_01,5.0,5
2024-05-07,Meta,fb_prospect_01,10.0,7
2024-05-07,Meta,fb_prospect_01,20.0,2
2024-05-07,Meta,fb_prospect_01,63.0,1
2024-05-07,Meta,fb_prospect_02,0.0,2
2024-05-07,Meta,fb_prospect_02,5.0,5
2024-05-07,Meta,fb_prospect_02,10.0,2
2024-05-07,Meta,fb_prospect_02,20.0,1
2024-05-07,Meta,fb_prospect_02,40.0,1
2024-05-07,Google App Campaigns,goog_ac_01,,8
2024-05-07,Google App Campaigns,goog_ac_02,0.0,4
2024-05-07,Google App Campaigns,goog_ac_02,5.0,4
2024-05-07,Google App Campaigns,goog_ac_02,10.0,7
2024-05-07,Google App Campaigns,goog_ac_02,63.0,1
2024-05-07,Google Brand Search,goog_brand_01,0.0,4
2024-05-07,Google Brand Search,goog_brand_01,5.0,4
2024-05-07,Google Brand Search,goog_brand_01,10.0,2
2024-05-07,Google Brand Search,goog_brand_01,20.0,6
2024-05-07,Google Brand Search,goog_brand_01,63.0,2
2024-05-07,Google Non-Brand Search,goog_search_01,5.0,7
2024-05-07,Google Non-Brand Search,goog_search_01,10.0,2
2024-05-07,Google Non-Brand Search,goog_search_01,20.0,4
2024-05-07,Google Non-Brand Search,goog_search_01,40.0,3
2024-05-07,Google Non-Brand Search,goog_search_01,63.0,1
2024-05-07,TikTok,tiktok_upper_01,,5
2024-05-07,TikTok,tiktok_upper_02,,7
2024-05-08,Meta,fb_prospect_01,0.0,5
2024-05-08,Meta,fb_prospect_01,5.0,2
2024-05-08,Meta,fb_prospect_01,10.0,6
2024-05-08,Meta,fb_prospect_01,40.0,1
2024-05-08,Meta,fb_prospect_02,0.0,4
2024-05-08,Meta,fb_prospect_02,5.0,4
2024-05-08,Meta,fb_prospect_02,10.0,3
2024-05-08,Meta,fb_prospect_02,20.0,2
2024-05-08,Meta,fb_prospect_02,63.0,1
2024-05-08,Google App Campaigns,goog_ac_01,0.0,5
2024-05-08,Google App Campaigns,goog_ac_01,5.0,4
2024-05-08,Google App Campaigns,goog_ac_01,10.0,1
2024-05-08,Google App Campaigns,goog_ac_01,20.0,1
2024-05-08,Google App Campaigns,goog_ac_01,63.0,1
2024-05-08,Google App Campaigns,goog_ac_02,,9
2024-05-08,Google Brand Search,goog_brand_01,0.0,1
2024-05-08,Google Brand Search,goog_brand_01,5.0,3
2024-05-08,Google Brand Search,goog_brand_01,10.0,6
2024-05-08,Google Brand Search,goog_brand_01,20.0,4
2024-05-08,Google Brand Search,goog_brand_01,63.0,1
2024-05-08,Google Non-Brand Search,goog_search_01,0.0,1
2024-05-08,Google Non-Brand Search,goog_search_01,5.0,1
2024-05-08,Google Non-Brand Search,goog_search_01,10.0,5
2024-05-08,Google Non-Brand Search,goog_search_01,20.0,2
2024-05-08,Google Non-Brand Search,goog_search_01,63.0,2
2024-05-08,TikTok,tiktok_upper_01,,8
2024-05-08,TikTok,tiktok_upper_02,,9
2024-05-09,Meta,fb_prospect_01,0.0,4
2024-05-09,Meta,fb_prospect_01,5.0,3
2024-05-09,Meta,fb_prospect_01,10.0,7
2024-05-09,Meta,fb_prospect_01,20.0,2
2024-05-09,Meta,fb_prospect_01,40.0,1
2024-05-09,Meta,fb_prospect_01,63.0,2
2024-05-09,Meta,fb_prospect_02,0.0,1
2024-05-09,Meta,fb_prospect_02,5.0,3
2024-05-09,Meta,fb_prospect_02,10.0,7
2024-05-09,Meta,fb_prospect_02,20.0,2
2024-05-09,Meta,fb_prospect_02,40.0,1
2024-05-09,Google App Campaigns,goog_ac_01,,4
2024-05-09,Google App Campaigns,goog_ac_02,0.0,4
2024-05-09,Google App Campaigns,goog_ac_02,5.0,2
2024-05-09,Google App Campaigns,goog_ac_02,10.0,3
2024-05-09,Google App Campaigns,goog_ac_02,20.0,1
2024-05-09,Google App Campaigns,goog_ac_02,63.0,1
2024-05-09,Google Brand Search,goog_brand_01,0.0,3
2024-05-09,Google Brand Search,goog_brand_01,5.0,7
2024-05-09,Google Brand Search,goog_brand_01,10.0,4
2024-05-09,Google Brand Search,goog_brand_01,63.0,4
2024-05-09,Google Non-Brand Search,goog_search_01,0.0,2
2024-05-09,Google Non-Brand Search,goog_search_01,5.0,3
2024-05-09,Google Non-Brand Search,goog_search_01,10.0,2
2024-05-09,Google Non-Brand Search,goog_search_01,20.0,4
2024-05-09,Google Non-Brand Search,goog_search_01,40.0,4
2024-05-09,Google Non-Brand Search,goog_search_01,63.0,2
2024-05-09,TikTok,tiktok_upper_01,,9
2024-05-09,TikTok,tiktok_upper_02,,9
2024-05-10,Meta,fb_prospect_01,0.0,4
2024-05-10,Meta,fb_prospect_01,5.0,2
2024-05-10,Meta,fb_prospect_01,10.0,4
2024-05-10,Meta,fb_prospect_01,20.0,3
2024-05-10,Meta,fb_prospect_01,40.0,1
2024-05-10,Meta,fb_prospect_02,0.0,7
2024-05-10,Meta,fb_prospect_02,5.0,7
2024-05-10,Meta,fb_prospect_02,10.0,2
2024-05-10,Meta,fb_prospect_02,20.0,2
2024-05-10,Meta,fb_prospect_02,63.0,2
2024-05-10,Google App Campaigns,goog_ac_01,5.0,3
2024-05-10,Google App Campaigns,goog_ac_01,10.0,4
2024-05-10,Google App Campaigns,goog_ac_01,20.0,3
2024-05-10,Google App Campaigns,goog_ac_01,40.0,1
2024-05-10,Google App Campaigns,goog_ac_02,0.0,5
2024-05-10,Google App Campaigns,goog_ac_02,5.0,2
2024-05-10,Google App Campaigns,goog_ac_02,10.0,2
2024-05-10,Google App Campaigns,goog_ac_02,63.0,1
2024-05-10,Google Brand Search,goog_brand_01,0.0,1
2024-05-10,Google Brand Search,goog_brand_01,5.0,2
2024-05-10,Google Brand Search,goog_brand_01,10.0,2
2024-05-10,Google Brand Search,goog_brand_01,20.0,2
2024-05-10,Google Brand Search,goog_brand_01,40.0,1
2024-05-10,Google Brand Search,goog_brand_01,63.0,3
2024-05-10,Google Non-Brand Search,goog_search_01,0.0,1
2024-05-10,Google Non-Brand Search,goog_search_01,10.0,4
2024-05-10,Google Non-Brand Search,goog_search_01,20.0,2
2024-05-10,Google Non-Brand Search,goog_search_01,40.0,1
2024-05-10,Google Non-Brand Search,goog_search_01,63.0,2
2024-05-10,TikTok,tiktok_upper_01,,6
2024-05-10,TikTok,tiktok_upper_02,,8
2024-05-11,Meta,fb_prospect_01,0.0,5
2024-05-11,Meta,fb_prospect_01,5.0,8
2024-05-11,Meta,fb_prospect_01,10.0,5
2024-05-11,Meta,fb_prospect_01,20.0,3
2024-05-11,Meta,fb_prospect_02,0.0,2
2024-05-11,Meta,fb_prospect_02,5.0,11
2024-05-11,Meta,fb_prospect_02,10.0,6
2024-05-11,Meta,fb_prospect_02,20.0,2
2024-05-11,Meta,fb_prospect_02,40.0,1
2024-05-11,Meta,fb_prospect_02,63.0,1
2024-05-11,Google App Campaigns,goog_ac_01,,9
2024-05-11,Google App Campaigns,goog_ac_02,0.0,5
2024-05-11,Google App Campaigns,goog_ac_02,5.0,3
2024-05-11,Google App Campaigns,goog_ac_02,10.0,2
2024-05-11,Google App Campaigns,goog_ac_02,20.0,1
2024-05-11,Google App Campaigns,goog_ac_02,40.0,1
2024-05-11,Google Brand Search,goog_brand_01,0.0,7
2024-05-11,Google Brand Search,goog_brand_01,5.0,4
2024-05-11,Google Brand Search,goog_brand_01,10.0,3
2024-05-11,Google Brand Search,goog_brand_01,20.0,1
2024-05-11,Google Brand Search,goog_brand_01,40.0,1
2024-05-11,Google Non-Brand Search,goog_search_01,0.0,1
2024-05-11,Google Non-Brand Search,goog_search_01,5.0,2
2024-05-11,Google Non-Brand Search,goog_search_01,10.0,1
2024-05-11,Google Non-Brand Search,goog_search_01,20.0,4
2024-05-11,Google Non-Brand Search,goog_search_01,40.0,1
2024-05-11,Google Non-Brand Search,goog_search_01,63.0,3
2024-05-11,TikTok,tiktok_upper_01,0.0,6
2024-05-11,TikTok,tiktok_upper_01,5.0,4
2024-05-11,TikTok,tiktok_upper_01,10.0,2
2024-05-11,TikTok,tiktok_upper_02,,7
2024-05-12,Meta,fb_prospect_01,0.0,4
2024-05-12,Meta,fb_prospect_01,5.0,3
2024-05-12,Meta,fb_prospect_01,10.0,3
2024-05-12,Meta,fb_prospect_01,20.0,2
2024-05-12,Meta,fb_prospect_01,63.0,1
2024-05-12,Meta,fb_prospect_02,0.0,3
2024-05-12,Meta,fb_prospect_02,5.0,5
2024-05-12,Meta,fb_prospect_02,10.0,3
2024-05-12,Meta,fb_prospect_02,20.0,8
2024-05-12,Meta,fb_prospect_02,63.0,1
2024-05-12,Google App Campaigns,goog_ac_01,,6
2024-05-12,Google App Campaigns,goog_ac_02,0.0,2
2024-05-12,Google App Campaigns,goog_ac_02,5.0,3
2024-05-12,Google App Campaigns,goog_ac_02,10.0,2
2024-05-12,Google App Campaigns,goog_ac_02,20.0,1
2024-05-12,Google App Campaigns,goog_ac_02,40.0,1
2024-05-12,Google App Campaigns,goog_ac_02,63.0,1
2024-05-12,Google Brand Search,goog_brand_01,0.0,3
2024-05-12,Google Brand Search,goog_brand_01,5.0,2
2024-05-12,Google Brand Search,goog_brand_01,10.0,1
2024-05-12,Google Brand Search,goog_brand_01,20.0,4
2024-05-12,Google Brand Search,goog_brand_01,40.0,1
2024-05-12,Google Brand Search,goog_brand_01,63.0,1
2024-05-12,Google Non-Brand Search,goog_search_01,0.0,2
2024-05-12,Google Non-Brand Search,goog_search_01,5.0,4
2024-05-12,Google Non-Brand Search,goog_search_01,10.0,2
2024-05-12,Google Non-Brand Search,goog_search_01,20.0,6
2024-05-12,Google Non-Brand Search,goog_search_01,40.0,1
2024-05-12,Google Non-Brand Search,goog_search_01,63.0,5
2024-05-12,TikTok,tiktok_upper_01,,6
2024-05-12,TikTok,tiktok_upper_02,,9
2024-05-13,Meta,fb_prospect_01,0.0,7
2024-05-13,Meta,fb_prospect_01,5.0,4
2024-05-13,Meta,fb_prospect_01,20.0,2
2024-05-13,Meta,fb_prospect_01,40.0,1
2024-05-13,Meta,fb_prospect_01,63.0,1
2024-05-13,Meta,fb_prospect_02,0.0,8
2024-05-13,Meta,fb_prospect_02,5.0,8
2024-05-13,Meta,fb_prospect_02,10.0,7
2024-05-13,Meta,fb_prospect_02,20.0,3
2024-05-13,Meta,fb_prospect_02,40.0,2
2024-05-13,Google App Campaigns,goog_ac_01,0.0,2
2024-05-13,Google App Campaigns,goog_ac_01,5.0,3
2024-05-13,Google App Campaigns,goog_ac_01,10.0,3
2024-05-13,Google App Campaigns,goog_ac_01,20.0,4
2024-05-13,Google App Campaigns,goog_ac_01,63.0,1
2024-05-13,Google App Campaigns,goog_ac_02,,7
2024-05-13,Google Brand Search,goog_brand_01,0.0,2
2024-05-13,Google Brand Search,goog_brand_01,5.0,1
2024-05-13,Google Brand Search,goog_brand_01,10.0,4
2024-05-13,Google Brand Search,goog_brand_01,20.0,4
2024-05-13,Google Non-Brand Search,goog_search_01,0.0,4
2024-05-13,Google Non-Brand Search,goog_search_01,5.0,3
2024-05-13,Google Non-Brand Search,goog_search_01,10.0,5
2024-05-13,Google Non-Brand Search,goog_search_01,20.0,3
2024-05-13,Google Non-Brand Search,goog_search_01,40.0,1
2024-05-13,Google Non-Brand Search,goog_search_01,63.0,1
2024-05-13,TikTok,tiktok_upper_01,,7
2024-05-13,TikTok,tiktok_upper_02,0.0,4
2024-05-13,TikTok,tiktok_upper_02,5.0,5
2024-05-13,TikTok,tiktok_upper_02,10.0,2
2024-05-14,Meta,fb_prospect_01,0.0,3
2024-05-14,Meta,fb_prospect_01,5.0,3
2024-05-14,Meta,fb_prospect_01,10.0,3
2024-05-14,Meta,fb_prospect_01,20.0,1
2024-05-14,Meta,fb_prospect_01,40.0,1
2024-05-14,Meta,fb_prospect_02,0.0,8
2024-05-14,Meta,fb_prospect_02,5.0,9
2024-05-14,Meta,fb_prospect_02,10.0,5
2024-05-14,Meta,fb_prospect_02,20.0,2
2024-05-14,Google App Campaigns,goog_ac_01,,6
2024-05-14,Google App Campaigns,goog_ac_02,,9
2024-05-14,Google Brand Search,goog_brand_01,0.0,3
2024-05-14,Google Brand Search,goog_brand_01,5.0,4
2024-05-14,Google Brand Search,goog_brand_01,10.0,2
2024-05-14,Google Brand Search,goog_brand_01,20.0,1
2024-05-14,Google Brand Search,goog_brand_01,40.0,1
2024-05-14,Google Non-Brand Search,goog_search_01,0.0,3
2024-05-14,Google Non-Brand Search,goog_search_01,5.0,2
2024-05-14,Google Non-Brand Search,goog_search_01,10.0,3
2024-05-14,Google Non-Brand Search,goog_search_01,20.0,3
2024-05-14,Google Non-Brand Search,goog_search_01,40.0,1
2024-05-14,TikTok,tiktok_upper_01,0.0,7
2024-05-14,TikTok,tiktok_upper_01,5.0,3
2024-05-14,TikTok,tiktok_upper_01,10.0,1
2024-05-14,TikTok,tiktok_upper_01,20.0,1
2024-05-14,TikTok,tiktok_upper_02,,8
2024-05-15,Meta,fb_prospect_01,0.0,3
2024-05-15,Meta,fb_prospect_01,5.0,2
2024-05-15,Meta,fb_prospect_01,10.0,7
2024-05-15,Meta,fb_prospect_01,40.0,1
2024-05-15,Meta,fb_prospect_02,0.0,5
2024-05-15,Meta,fb_prospect_02,5.0,1
2024-05-15,Meta,fb_prospect_02,10.0,3
2024-05-15,Meta,fb_prospect_02,63.0,1
2024-05-15,Google App Campaigns,goog_ac_01,,8
2024-05-15,Google App Campaigns,goog_ac_02,,9
2024-05-15,Google Brand Search,goog_brand_01,0.0,2
2024-05-15,Google Brand Search,goog_brand_01,5.0,4
2024-05-15,Google Brand Search,goog_brand_01,10.0,4
2024-05-15,Google Brand Search,goog_brand_01,40.0,2
2024-05-15,Google Brand Search,goog_brand_01,63.0,2
2024-05-15,Google Non-Brand Search,goog_search_01,,9
2024-05-15,TikTok,tiktok_upper_01,0.0,3
2024-05-15,TikTok,tiktok_upper_01,5.0,1
2024-05-15,TikTok,tiktok_upper_01,10.0,4
2024-05-15,TikTok,tiktok_upper_01,20.0,1
2024-05-15,TikTok,tiktok_upper_01,40.0,1
2024-05-15,TikTok,tiktok_upper_02,0.0,3
2024-05-15,TikTok,tiktok_upper_02,5.0,7
2024-05-15,TikTok,tiktok_upper_02,10.0,1
2024-05-16,Meta,fb_prospect_01,0.0,5
2024-05-16,Meta,fb_prospect_01,5.0,5
2024-05-16,Meta,fb_prospect_01,10.0,3
2024-05-16,Meta,fb_prospect_01,20.0,1
2024-05-16,Meta,fb_prospect_01,40.0,1
2024-05-16,Meta,fb_prospect_02,0.0,9
2024-05-16,Meta,fb_prospect_02,5.0,1
2024-05-16,Meta,fb_prospect_02,10.0,5
2024-05-16,Meta,fb_prospect_02,20.0,2
2024-05-16,Google App Campaigns,goog_ac_01,,7
2024-05-16,Google App Campaigns,goog_ac_02,,5
2024-05-16,Google Brand Search,goog_brand_01,0.0,2
2024-05-16,Google Brand Search,goog_brand_01,5.0,4
2024-05-16,Google Brand Search,goog_brand_01,10.0,2
2024-05-16,Google Brand Search,goog_brand_01,20.0,3
2024-05-16,Google Non-Brand Search,goog_search_01,0.0,3
2024-05-16,Google Non-Brand Search,goog_search_01,5.0,2
2024-05-16,Google Non-Brand Search,goog_search_01,10.0,5
2024-05-16,Google Non-Brand Search,goog_search_01,20.0,1
2024-05-16,Google Non-Brand Search,goog_search_01,40.0,3
2024-05-16,TikTok,tiktok_upper_01,,6
2024-05-16,TikTok,tiktok_upper_02,,6
2024-05-17,Meta,fb_prospect_01,0.0,7
2024-05-17,Meta,fb_prospect_01,5.0,1
2024-05-17,Meta,fb_prospect_01,10.0,4
2024-05-17,Meta,fb_prospect_01,20.0,1
2024-05-17,Meta,fb_prospect_01,63.0,2
2024-05-17,Meta,fb_prospect_02,0.0,3
2024-05-17,Meta,fb_prospect_02,5.0,5
2024-05-17,Meta,fb_prospect_02,10.0,3
2024-05-17,Meta,fb_prospect_02,20.0,3
2024-05-17,Meta,fb_prospect_02,40.0,2
2024-05-17,Meta,fb_prospect_02,63.0,1
2024-05-17,Google App Campaigns,goog_ac_01,0.0,4
2024-05-17,Google App Campaigns,goog_ac_01,5.0,2
2024-05-17,Google App Campaigns,goog_ac_01,10.0,3
2024-05-17,Google App Campaigns,goog_ac_01,20.0,2
2024-05-17,Google App Campaigns,goog_ac_01,63.0,1
2024-05-17,Google App Campaigns,goog_ac_02,0.0,6
2024-05-17,Google App Campaigns,goog_ac_02,5.0,6
2024-05-17,Google App Campaigns,goog_ac_02,10.0,1
2024-05-17,Google Brand Search,goog_brand_01,0.0,2
2024-05-17,Google Brand Search,goog_brand_01,5.0,2
2024-05-17,Google Brand Search,goog_brand_01,10.0,5
2024-05-17,Google Brand Search,goog_brand_01,20.0,2
2024-05-17,Google Brand Search,goog_brand_01,40.0,1
2024-05-17,Google Brand Search,goog_brand_01,63.0,1
2024-05-17,Google Non-Brand Search,goog_search_01,0.0,2
2024-05-17,Google Non-Brand Search,goog_search_01,5.0,3
2024-05-17,Google Non-Brand Search,goog_search_01,10.0,5
2024-05-17,Google Non-Brand Search,goog_search_01,20.0,3
2024-05-17,Google Non-Brand Search,goog_search_01,40.0,1
2024-05-17,Google Non-Brand Search,goog_search_01,63.0,3
2024-05-17,TikTok,tiktok_upper_01,,6
2024-05-17,TikTok,tiktok_upper_02,,5
2024-05-18,Meta,fb_prospect_01,0.0,6
2024-05-18,Meta,fb_prospect_01,5.0,4
2024-05-18,Meta,fb_prospect_01,10.0,8
2024-05-18,Meta,fb_prospect_01,20.0,4
2024-05-18,Meta,fb_prospect_01,40.0,1
2024-05-18,Meta,fb_prospect_01,63.0,1
2024-05-18,Meta,fb_prospect_02,0.0,6
2024-05-18,Meta,fb_prospect_02,5.0,4
2024-05-18,Meta,fb_prospect_02,10.0,8
2024-05-18,Meta,fb_prospect_02,20.0,6
2024-05-18,Google App Campaigns,goog_ac_01,0.0,4
2024-05-18,Google App Campaigns,goog_ac_01,5.0,2
2024-05-18,Google App Campaigns,goog_ac_01,10.0,3
2024-05-18,Google App Campaigns,goog_ac_01,40.0,2
2024-05-18,Google App Campaigns,goog_ac_02,,8
2024-05-18,Google Brand Search,goog_brand_01,0.0,5
2024-05-18,Google Brand Search,goog_brand_01,5.0,2
2024-05-18,Google Brand Search,goog_brand_01,10.0,8
2024-05-18,Google Brand Search,goog_brand_01,20.0,1
2024-05-18,Google Brand Search,goog_brand_01,40.0,1
2024-05-18,Google Non-Brand Search,goog_search_01,0.0,5
2024-05-18,Google Non-Brand Search,goog_search_01,5.0,3
2024-05-18,Google Non-Brand Search,goog_search_01,10.0,5
2024-05-18,Google Non-Brand Search,goog_search_01,20.0,4
2024-05-18,Google Non-Brand Search,goog_search_01,40.0,2
2024-05-18,Google Non-Brand Search,goog_search_01,63.0,1
2024-05-18,TikTok,tiktok_upper_01,0.0,3
2024-05-18,TikTok,tiktok_upper_01,5.0,5
2024-05-18,TikTok,tiktok_upper_01,10.0,2
2024-05-18,TikTok,tiktok_upper_01,63.0,1
2024-05-18,TikTok,tiktok_upper_02,0.0,3
2024-05-18,TikTok,tiktok_upper_02,5.0,6
2024-05-18,TikTok,tiktok_upper_02,20.0,1
2024-05-18,TikTok,tiktok_upper_02,40.0,1
2024-05-19,Meta,fb_prospect_01,0.0,5
2024-05-19,Meta,fb_prospect_01,5.0,5
2024-05-19,Meta,fb_prospect_01,10.0,4
2024-05-19,Meta,fb_prospect_01,20.0,2
2024-05-19,Meta,fb_prospect_01,40.0,4
2024-05-19,Meta,fb_prospect_01,63.0,3
2024-05-19,Meta,fb_prospect_02,0.0,3
2024-05-19,Meta,fb_prospect_02,5.0,7
2024-05-19,Meta,fb_prospect_02,10.0,5
2024-05-19,Meta,fb_prospect_02,20.0,2
2024-05-19,Google App Campaigns,goog_ac_01,,9
2024-05-19,Google App Campaigns,goog_ac_02,0.0,4
2024-05-19,Google App Campaigns,goog_ac_02,5.0,5
2024-05-19,Google App Campaigns,goog_ac_02,10.0,3
2024-05-19,Google App Campaigns,goog_ac_02,20.0,1
2024-05-19,Google Brand Search,goog_brand_01,0.0,1
2024-05-19,Google Brand Search,goog_brand_01,5.0,7
2024-05-19,Google Brand Search,goog_brand_01,10.0,4
2024-05-19,Google Brand Search,goog_brand_01,20.0,2
2024-05-19,Google Brand Search,goog_brand_01,40.0,2
2024-05-19,Google Non-Brand Search,goog_search_01,0.0,2
2024-05-19,Google Non-Brand Search,goog_search_01,5.0,7
2024-05-19,Google Non-Brand Search,goog_search_01,10.0,9
2024-05-19,Google Non-Brand Search,goog_search_01,20.0,2
2024-05-19,Google Non-Brand Search,goog_search_01,40.0,1
2024-05-19,TikTok,tiktok_upper_01,,5
2024-05-19,TikTok,tiktok_upper_02,,8
2024-05-20,Meta,fb_prospect_01,0.0,8
2024-05-20,Meta,fb_prospect_01,5.0,5
2024-05-20,Meta,fb_prospect_01,10.0,8
2024-05-20,Meta,fb_prospect_01,63.0,1
2024-05-20,Meta,fb_prospect_02,0.0,5
2024-05-20,Meta,fb_prospect_02,5.0,9
2024-05-20,Meta,fb_prospect_02,10.0,10
2024-05-20,Meta,fb_prospect_02,20.0,1
2024-05-20,Google App Campaigns,goog_ac_01,0.0,2
2024-05-20,Google App Campaigns,goog_ac_01,5.0,1
2024-05-20,Google App Campaigns,goog_ac_01,10.0,5
2024-05-20,Google App Campaigns,goog_ac_01,20.0,2
2024-05-20,Google App Campaigns,goog_ac_01,40.0,1
2024-05-20,Google App Campaigns,goog_ac_02,,9
2024-05-20,Google Brand Search,goog_brand_01,0.0,4
2024-05-20,Google Brand Search,goog_brand_01,5.0,4
2024-05-20,Google Brand Search,goog_brand_01,10.0,6
2024-05-20,Google Brand Search,goog_brand_01,20.0,6
2024-05-20,Google Brand Search,goog_brand_01,40.0,2
2024-05-20,Google Non-Brand Search,goog_search_01,0.0,3
2024-05-20,Google Non-Brand Search,goog_search_01,5.0,5
2024-05-20,Google Non-Brand Search,goog_search_01,10.0,1
2024-05-20,Google Non-Brand Search,goog_search_01,20.0,3
2024-05-20,Google Non-Brand Search,goog_search_01,40.0,1
2024-05-20,TikTok,tiktok_upper_01,,9
2024-05-20,TikTok,tiktok_upper_02,0.0,3
2024-05-20,TikTok,tiktok_upper_02,5.0,3
2024-05-20,TikTok,tiktok_upper_02,10.0,5
2024-05-20,TikTok,tiktok_upper_02,20.0,1
2024-05-21,Meta,fb_prospect_01,0.0,8
2024-05-21,Meta,fb_prospect_01,5.0,3
2024-05-21,Meta,fb_prospect_01,10.0,3
2024-05-21,Meta,fb_prospect_01,20.0,1
2024-05-21,Meta,fb_prospect_01,63.0,1
2024-05-21,Meta,fb_prospect_02,0.0,5
2024-05-21,Meta,fb_prospect_02,5.0,5
2024-05-21,Meta,fb_prospect_02,10.0,6
2024-05-21,Meta,fb_prospect_02,20.0,2
2024-05-21,Google App Campaigns,goog_ac_01,,5
2024-05-21,Google App Campaigns,goog_ac_02,,7
2024-05-21,Google Brand Search,goog_brand_01,0.0,4
2024-05-21,Google Brand Search,goog_brand_01,5.0,4
2024-05-21,Google Brand Search,goog_brand_01,10.0,6
2024-05-21,Google Brand Search,goog_brand_01,20.0,5
2024-05-21,Google Brand Search,goog_brand_01,40.0,2
2024-05-21,Google Brand Search,goog_brand_01,63.0,2
2024-05-21,Google Non-Brand Search,goog_search_01,0.0,3
2024-05-21,Google Non-Brand Search,goog_search_01,5.0,7
2024-05-21,Google Non-Brand Search,goog_search_01,10.0,4
2024-05-21,Google Non-Brand Search,goog_search_01,20.0,3
2024-05-21,Google Non-Brand Search,goog_search_01,40.0,1
2024-05-21,TikTok,tiktok_upper_01,,6
2024-05-21,TikTok,tiktok_upper_02,0.0,4
2024-05-21,TikTok,tiktok_upper_02,5.0,5
2024-05-21,TikTok,tiktok_upper_02,10.0,1
2024-05-21,TikTok,tiktok_upper_02,20.0,1
2024-05-22,Meta,fb_prospect_01,0.0,4
2024-05-22,Meta,fb_prospect_01,5.0,4
2024-05-22,Meta,fb_prospect_01,10.0,2
2024-05-22,Meta,fb_prospect_01,20.0,1
2024-05-22,Meta,fb_prospect_02,0.0,1
2024-05-22,Meta,fb_prospect_02,5.0,2
2024-05-22,Meta,fb_prospect_02,10.0,4
2024-05-22,Meta,fb_prospect_02,20.0,3
2024-05-22,Google App Campaigns,goog_ac_01,,6
2024-05-22,Google App Campaigns,goog_ac_02,0.0,4
2024-05-22,Google App Campaigns,goog_ac_02,5.0,5
2024-05-22,Google App Campaigns,goog_ac_02,10.0,4
2024-05-22,Google App Campaigns,goog_ac_02,20.0,2
2024-05-22,Google Brand Search,goog_brand_01,0.0,2
2024-05-22,Google Brand Search,goog_brand_01,5.0,2
2024-05-22,Google Brand Search,goog_brand_01,10.0,2
2024-05-22,Google Brand Search,goog_brand_01,20.0,3
2024-05-22,Google Brand Search,goog_brand_01,40.0,3
2024-05-22,Google Brand Search,goog_brand_01,63.0,1
2024-05-22,Google Non-Brand Search,goog_search_01,0.0,3
2024-05-22,Google Non-Brand Search,goog_search_01,5.0,1
2024-05-22,Google Non-Brand Search,goog_search_01,10.0,2
2024-05-22,Google Non-Brand Search,goog_search_01,20.0,2
2024-05-22,Google Non-Brand Search,goog_search_01,40.0,1
2024-05-22,Google Non-Brand Search,goog_search_01,63.0,2
2024-05-22,TikTok,tiktok_upper_01,0.0,4
2024-05-22,TikTok,tiktok_upper_01,5.0,3
2024-05-22,TikTok,tiktok_upper_01,10.0,2
2024-05-22,TikTok,tiktok_upper_01,40.0,1
2024-05-22,TikTok,tiktok_upper_01,63.0,1
2024-05-22,TikTok,tiktok_upper_02,0.0,2
2024-05-22,TikTok,tiktok_upper_02,5.0,7
2024-05-22,TikTok,tiktok_upper_02,10.0,3
2024-05-23,Meta,fb_prospect_01,0.0,3
2024-05-23,Meta,fb_prospect_01,5.0,6
2024-05-23,Meta,fb_prospect_01,10.0,6
2024-05-23,Meta,fb_prospect_01,20.0,3
2024-05-23,Meta,fb_prospect_02,0.0,4
2024-05-23,Meta,fb_prospect_02,5.0,6
2024-05-23,Meta,fb_prospect_02,10.0,7
2024-05-23,Meta,fb_prospect_02,20.0,3
2024-05-23,Meta,fb_prospect_02,40.0,1
2024-05-23,Google App Campaigns,goog_ac_01,0.0,3
2024-05-23,Google App Campaigns,goog_ac_01,5.0,5
2024-05-23,Google App Campaigns,goog_ac_01,10.0,2
2024-05-23,Google App Campaigns,goog_ac_01,20.0,1
2024-05-23,Google App Campaigns,goog_ac_01,40.0,1
2024-05-23,Google App Campaigns,goog_ac_02,,8
2024-05-23,Google Brand Search,goog_brand_01,0.0,4
2024-05-23,Google Brand Search,goog_brand_01,5.0,4
2024-05-23,Google Brand Search,goog_brand_01,10.0,8
2024-05-23,Google Brand Search,goog_brand_01,20.0,2
2024-05-23,Google Brand Search,goog_brand_01,40.0,1
2024-05-23,Google Non-Brand Search,goog_search_01,0.0,2
2024-05-23,Google Non-Brand Search,goog_search_01,5.0,4
2024-05-23,Google Non-Brand Search,goog_search_01,10.0,7
2024-05-23,Google Non-Brand Search,goog_search_01,40.0,1
2024-05-23,TikTok,tiktok_upper_01,,6
2024-05-23,TikTok,tiktok_upper_02,,5
2024-05-24,Meta,fb_prospect_01,0.0,2
2024-05-24,Meta,fb_prospect_01,5.0,7
2024-05-24,Meta,fb_prospect_01,10.0,3
2024-05-24,Meta,fb_prospect_01,20.0,4
2024-05-24,Meta,fb_prospect_01,40.0,4
2024-05-24,Meta,fb_prospect_02,,7
2024-05-24,Google App Campaigns,goog_ac_01,0.0,5
2024-05-24,Google App Campaigns,goog_ac_01,5.0,3
2024-05-24,Google App Campaigns,goog_ac_01,20.0,1
2024-05-24,Google App Campaigns,goog_ac_01,40.0,1
2024-05-24,Google App Campaigns,goog_ac_02,0.0,7
2024-05-24,Google App Campaigns,goog_ac_02,10.0,2
2024-05-24,Google App Campaigns,goog_ac_02,20.0,1
2024-05-24,Google Brand Search,goog_brand_01,0.0,2
2024-05-24,Google Brand Search,goog_brand_01,5.0,5
2024-05-24,Google Brand Search,goog_brand_01,10.0,1
2024-05-24,Google Brand Search,goog_brand_01,20.0,2
2024-05-24,Google Brand Search,goog_brand_01,40.0,2
2024-05-24,Google Brand Search,goog_brand_01,63.0,1
2024-05-24,Google Non-Brand Search,goog_search_01,,9
2024-05-24,TikTok,tiktok_upper_01,0.0,5
2024-05-24,TikTok,tiktok_upper_01,5.0,4
2024-05-24,TikTok,tiktok_upper_01,10.0,1
2024-05-24,TikTok,tiktok_upper_02,0.0,6
2024-05-24,TikTok,tiktok_upper_02,5.0,4
2024-05-24,TikTok,tiktok_upper_02,10.0,2
2024-05-24,TikTok,tiktok_upper_02,20.0,2
2024-05-25,Meta,fb_prospect_01,0.0,6
2024-05-25,Meta,fb_prospect_01,5.0,5
2024-05-25,Meta,fb_prospect_01,10.0,4
2024-05-25,Meta,fb_prospect_01,20.0,2
2024-05-25,Meta,fb_prospect_01,40.0,1
2024-05-25,Meta,fb_prospect_01,63.0,1
2024-05-25,Meta,fb_prospect_02,0.0,5
2024-05-25,Meta,fb_prospect_02,5.0,6
2024-05-25,Meta,fb_prospect_02,10.0,1
2024-05-25,Meta,fb_prospect_02,20.0,2
2024-05-25,Meta,fb_prospect_02,40.0,1
2024-05-25,Meta,fb_prospect_02,63.0,2
2024-05-25,Google App Campaigns,goog_ac_01,,7
2024-05-25,Google App Campaigns,goog_ac_02,0.0,1
2024-05-25,Google App Campaigns,goog_ac_02,5.0,2
2024-05-25,Google App Campaigns,goog_ac_02,10.0,4
2024-05-25,Google App Campaigns,goog_ac_02,20.0,3
2024-05-25,Google Brand Search,goog_brand_01,0.0,1
2024-05-25,Google Brand Search,goog_brand_01,5.0,3
2024-05-25,Google Brand Search,goog_brand_01,10.0,4
2024-05-25,Google Brand Search,goog_brand_01,20.0,4
2024-05-25,Google Brand Search,goog_brand_01,40.0,1
2024-05-25,Google Brand Search,goog_brand_01,63.0,1
2024-05-25,Google Non-Brand Search,goog_search_01,0.0,3
2024-05-25,Google Non-Brand Search,goog_search_01,5.0,6
2024-05-25,Google Non-Brand Search,goog_search_01,10.0,2
2024-05-25,Google Non-Brand Search,goog_search_01,20.0,4
2024-05-25,Google Non-Brand Search,goog_search_01,40.0,1
2024-05-25,Google Non-Brand Search,goog_search_01,63.0,2
2024-05-25,TikTok,tiktok_upper_01,0.0,4
2024-05-25,TikTok,tiktok_upper_01,5.0,1
2024-05-25,TikTok,tiktok_upper_01,10.0,3
2024-05-25,TikTok,tiktok_upper_01,40.0,1
2024-05-25,TikTok,tiktok_upper_01,63.0,1
2024-05-25,TikTok,tiktok_upper_02,,8
2024-05-26,Meta,fb_prospect_01,0.0,5
2024-05-26,Meta,fb_prospect_01,5.0,3
2024-05-26,Meta,fb_prospect_01,10.0,7
2024-05-26,Meta,fb_prospect_01,20.0,3
2024-05-26,Meta,fb_prospect_01,63.0,2
2024-05-26,Meta,fb_prospect_02,0.0,3
2024-05-26,Meta,fb_prospect_02,5.0,7
2024-05-26,Meta,fb_prospect_02,10.0,3
2024-05-26,Meta,fb_prospect_02,20.0,1
2024-05-26,Meta,fb_prospect_02,63.0,3
2024-05-26,Google App Campaigns,goog_ac_01,,8
2024-05-26,Google App Campaigns,goog_ac_02,0.0,6
2024-05-26,Google App Campaigns,goog_ac_02,5.0,6
2024-05-26,Google App Campaigns,goog_ac_02,10.0,3
2024-05-26,Google App Campaigns,goog_ac_02,20.0,1
2024-05-26,Google App Campaigns,goog_ac_02,40.0,2
2024-05-26,Google Brand Search,goog_brand_01,,8
2024-05-26,Google Non-Brand Search,goog_search_01,0.0,2
2024-05-26,Google Non-Brand Search,goog_search_01,5.0,1
2024-05-26,Google Non-Brand Search,goog_search_01,10.0,5
2024-05-26,Google Non-Brand Search,goog_search_01,20.0,4
2024-05-26,Google Non-Brand Search,goog_search_01,40.0,1
2024-05-26,Google Non-Brand Search,goog_search_01,63.0,2
2024-05-26,TikTok,tiktok_upper_01,,9
2024-05-26,TikTok,tiktok_upper_02,0.0,7
2024-05-26,TikTok,tiktok_upper_02,5.0,6
2024-05-27,Meta,fb_prospect_01,0.0,1
2024-05-27,Meta,fb_prospect_01,5.0,7
2024-05-27,Meta,fb_prospect_01,10.0,5
2024-05-27,Meta,fb_prospect_01,20.0,1
2024-05-27,Meta,fb_prospect_01,40.0,2
2024-05-27,Meta,fb_prospect_01,63.0,1
2024-05-27,Meta,fb_prospect_02,0.0,7
2024-05-27,Meta,fb_prospect_02,5.0,9
2024-05-27,Meta,fb_prospect_02,10.0,6
2024-05-27,Meta,fb_prospect_02,20.0,4
2024-05-27,Meta,fb_prospect_02,40.0,1
2024-05-27,Meta,fb_prospect_02,63.0,1
2024-05-27,Google App Campaigns,goog_ac_01,0.0,3
2024-05-27,Google App Campaigns,goog_ac_01,5.0,4
2024-05-27,Google App Campaigns,goog_ac_01,10.0,4
2024-05-27,Google App Campaigns,goog_ac_01,20.0,2
2024-05-27,Google App Campaigns,goog_ac_01,40.0,1
2024-05-27,Google App Campaigns,goog_ac_01,63.0,1
2024-05-27,Google App Campaigns,goog_ac_02,0.0,2
2024-05-27,Google App Campaigns,goog_ac_02,5.0,2
2024-05-27,Google App Campaigns,goog_ac_02,10.0,4
2024-05-27,Google App Campaigns,goog_ac_02,20.0,1
2024-05-27,Google App Campaigns,goog_ac_02,63.0,1
2024-05-27,Google Brand Search,goog_brand_01,0.0,5
2024-05-27,Google Brand Search,goog_brand_01,5.0,1
2024-05-27,Google Brand Search,goog_brand_01,10.0,3
2024-05-27,Google Brand Search,goog_brand_01,20.0,3
2024-05-27,Google Non-Brand Search,goog_search_01,0.0,3
2024-05-27,Google Non-Brand Search,goog_search_01,5.0,3
2024-05-27,Google Non-Brand Search,goog_search_01,10.0,5
2024-05-27,Google Non-Brand Search,goog_search_01,20.0,2
2024-05-27,Google Non-Brand Search,goog_search_01,40.0,2
2024-05-27,Google Non-Brand Search,goog_search_01,63.0,2
2024-05-27,TikTok,tiktok_upper_01,0.0,6
2024-05-27,TikTok,tiktok_upper_01,5.0,2
2024-05-27,TikTok,tiktok_upper_01,10.0,2
2024-05-27,TikTok,tiktok_upper_02,,8
2024-05-28,Meta,fb_prospect_01,0.0,6
2024-05-28,Meta,fb_prospect_01,5.0,6
2024-05-28,Meta,fb_prospect_01,10.0,1
2024-05-28,Meta,fb_prospect_01,20.0,2
2024-05-28,Meta,fb_prospect_02,0.0,2
2024-05-28,Meta,fb_prospect_02,5.0,6
2024-05-28,Meta,fb_prospect_02,10.0,4
2024-05-28,Meta,fb_prospect_02,20.0,2
2024-05-28,Meta,fb_prospect_02,40.0,2
2024-05-28,Meta,fb_prospect_02,63.0,1
2024-05-28,Google App Campaigns,goog_ac_01,,9
2024-05-28,Google App Campaigns,goog_ac_02,,7
2024-05-28,Google Brand Search,goog_brand_01,0.0,5
2024-05-28,Google Brand Search,goog_brand_01,5.0,5
2024-05-28,Google Brand Search,goog_brand_01,10.0,1
2024-05-28,Google Brand Search,goog_brand_01,20.0,2
2024-05-28,Google Brand Search,goog_brand_01,63.0,1
2024-05-28,Google Non-Brand Search,goog_search_01,0.0,1
2024-05-28,Google Non-Brand Search,goog_search_01,5.0,3
2024-05-28,Google Non-Brand Search,goog_search_01,10.0,4
2024-05-28,Google Non-Brand Search,goog_search_01,20.0,5
2024-05-28,Google Non-Brand Search,goog_search_01,40.0,1
2024-05-28,TikTok,tiktok_upper_01,,8
2024-05-28,TikTok,tiktok_upper_02,,9
2024-05-29,Meta,fb_prospect_01,0.0,4
2024-05-29,Meta,fb_prospect_01,5.0,7
2024-05-29,Meta,fb_prospect_01,10.0,2
2024-05-29,Meta,fb_prospect_01,20.0,2
2024-05-29,Meta,fb_prospect_02,0.0,4
2024-05-29,Meta,fb_prospect_02,5.0,4
2024-05-29,Meta,fb_prospect_02,10.0,7
2024-05-29,Meta,fb_prospect_02,20.0,1
2024-05-29,Meta,fb_prospect_02,63.0,2
2024-05-29,Google App Campaigns,goog_ac_01,0.0,2
2024-05-29,Google App Campaigns,goog_ac_01,5.0,6
2024-05-29,Google App Campaigns,goog_ac_01,10.0,2
2024-05-29,Google App Campaigns,goog_ac_01,20.0,2
2024-05-29,Google App Campaigns,goog_ac_02,,9
2024-05-29,Google Brand Search,goog_brand_01,0.0,3
2024-05-29,Google Brand Search,goog_brand_01,5.0,5
2024-05-29,Google Brand Search,goog_brand_01,10.0,5
2024-05-29,Google Brand Search,goog_brand_01,20.0,1
2024-05-29,Google Brand Search,goog_brand_01,40.0,2
2024-05-29,Google Non-Brand Search,goog_search_01,,9
2024-05-29,TikTok,tiktok_upper_01,0.0,2
2024-05-29,TikTok,tiktok_upper_01,5.0,6
2024-05-29,TikTok,tiktok_upper_01,10.0,2
2024-05-29,TikTok,tiktok_upper_02,,7
2024-05-30,Meta,fb_prospect_01,0.0,4
2024-05-30,Meta,fb_prospect_01,5.0,4
2024-05-30,Meta,fb_prospect_01,10.0,2
2024-05-30,Meta,fb_prospect_01,20.0,2
2024-05-30,Meta,fb_prospect_01,40.0,2
2024-05-30,Meta,fb_prospect_02,0.0,4
2024-05-30,Meta,fb_prospect_02,5.0,5
2024-05-30,Meta,fb_prospect_02,10.0,1
2024-05-30,Meta,fb_prospect_02,40.0,1
2024-05-30,Google App Campaigns,goog_ac_01,,5
2024-05-30,Google App Campaigns,goog_ac_02,,7
2024-05-30,Google Brand Search,goog_brand_01,0.0,6
2024-05-30,Google Brand Search,goog_brand_01,5.0,4
2024-05-30,Google Brand Search,goog_brand_01,10.0,4
2024-05-30,Google Brand Search,goog_brand_01,20.0,4
2024-05-30,Google Non-Brand Search,goog_search_01,5.0,4
2024-05-30,Google Non-Brand Search,goog_search_01,10.0,7
2024-05-30,Google Non-Brand Search,goog_search_01,20.0,6
2024-05-30,Google Non-Brand Search,goog_search_01,40.0,3
2024-05-30,Google Non-Brand Search,goog_search_01,63.0,1
2024-05-30,TikTok,tiktok_upper_01,,7
2024-05-30,TikTok,tiktok_upper_02,,8
2024-05-31,Meta,fb_prospect_01,0.0,2
2024-05-31,Meta,fb_prospect_01,5.0,3
2024-05-31,Meta,fb_prospect_01,10.0,4
2024-05-31,Meta,fb_prospect_01,20.0,3
2024-05-31,Meta,fb_prospect_01,40.0,1
2024-05-31,Meta,fb_prospect_01,63.0,1
2024-05-31,Meta,fb_prospect_02,0.0,5
2024-05-31,Meta,fb_prospect_02,5.0,2
2024-05-31,Meta,fb_prospect_02,10.0,1
2024-05-31,Meta,fb_prospect_02,20.0,5
2024-05-31,Meta,fb_prospect_02,40.0,1
2024-05-31,Google App Campaigns,goog_ac_01,0.0,4
2024-05-31,Google App Campaigns,goog_ac_01,5.0,5
2024-05-31,Google App Campaigns,goog_ac_01,10.0,5
2024-05-31,Google App Campaigns,goog_ac_01,20.0,1
2024-05-31,Google App Campaigns,goog_ac_02,0.0,7
2024-05-31,Google App Campaigns,goog_ac_02,5.0,1
2024-05-31,Google App Campaigns,goog_ac_02,10.0,1
2024-05-31,Google App Campaigns,goog_ac_02,20.0,1
2024-05-31,Google Brand Search,goog_brand_01,0.0,4
2024-05-31,Google Brand Search,goog_brand_01,5.0,3
2024-05-31,Google Brand Search,goog_brand_01,10.0,5
2024-05-31,Google Brand Search,goog_brand_01,20.0,1
2024-05-31,Google Brand Search,goog_brand_01,63.0,1
2024-05-31,Google Non-Brand Search,goog_search_01,5.0,1
2024-05-31,Google Non-Brand Search,goog_search_01,10.0,7
2024-05-31,Google Non-Brand Search,goog_search_01,20.0,1
2024-05-31,Google Non-Brand Search,goog_search_01,40.0,2
2024-05-31,TikTok,tiktok_upper_01,0.0,5
2024-05-31,TikTok,tiktok_upper_01,5.0,2
2024-05-31,TikTok,tiktok_upper_01,20.0,3
2024-05-31,TikTok,tiktok_upper_02,,7
2024-06-01,Meta,fb_prospect_01,0.0,3
2024-06-01,Meta,fb_prospect_01,5.0,5
2024-06-01,Meta,fb_prospect_01,10.0,4
2024-06-01,Meta,fb_prospect_01,20.0,2
2024-06-01,Meta,fb_prospect_01,40.0,1
2024-06-01,Meta,fb_prospect_01,63.0,2
2024-06-01,Meta,fb_prospect_02,0.0,5
2024-06-01,Meta,fb_prospect_02,5.0,4
2024-06-01,Meta,fb_prospect_02,10.0,6
2024-06-01,Meta,fb_prospect_02,63.0,1
2024-06-01,Google App Campaigns,goog_ac_01,,7
2024-06-01,Google App Campaigns,goog_ac_02,0.0,3
2024-06-01,Google App Campaigns,goog_ac_02,5.0,4
2024-06-01,Google App Campaigns,goog_ac_02,10.0,4
2024-06-01,Google App Campaigns,goog_ac_02,20.0,2
2024-06-01,Google App Campaigns,goog_ac_02,40.0,1
2024-06-01,Google Brand Search,goog_brand_01,0.0,2
2024-06-01,Google Brand Search,goog_brand_01,5.0,1
2024-06-01,Google Brand Search,goog_brand_01,10.0,7
2024-06-01,Google Brand Search,goog_brand_01,20.0,1
2024-06-01,Google Brand Search,goog_brand_01,40.0,3
2024-06-01,Google Brand Search,goog_brand_01,63.0,1
2024-06-01,Google Non-Brand Search,goog_search_01,0.0,3
2024-06-01,Google Non-Brand Search,goog_search_01,5.0,1
2024-06-01,Google Non-Brand Search,goog_search_01,10.0,1
2024-06-01,Google Non-Brand Search,goog_search_01,20.0,6
2024-06-01,Google Non-Brand Search,goog_search_01,40.0,2
2024-06-01,TikTok,tiktok_upper_01,,9
2024-06-01,TikTok,tiktok_upper_02,0.0,3
2024-06-01,TikTok,tiktok_upper_02,5.0,3
2024-06-01,TikTok,tiktok_upper_02,10.0,2
2024-06-01,TikTok,tiktok_upper_02,20.0,1
2024-06-01,TikTok,tiktok_upper_02,40.0,1
2024-06-02,Meta,fb_prospect_01,0.0,2
2024-06-02,Meta,fb_prospect_01,5.0,6
2024-06-02,Meta,fb_prospect_01,10.0,9
2024-06-02,Meta,fb_prospect_01,20.0,1
2024-06-02,Meta,fb_prospect_01,40.0,1
2024-06-02,Meta,fb_prospect_02,0.0,4
2024-06-02,Meta,fb_prospect_02,5.0,10
2024-06-02,Meta,fb_prospect_02,10.0,4
2024-06-02,Google App Campaigns,goog_ac_01,0.0,3
2024-06-02,Google App Campaigns,goog_ac_01,5.0,3
2024-06-02,Google App Campaigns,goog_ac_01,10.0,5
2024-06-02,Google App Campaigns,goog_ac_01,20.0,1
2024-06-02,Google App Campaigns,goog_ac_01,40.0,1
2024-06-02,Google App Campaigns,goog_ac_02,0.0,4
2024-06-02,Google App Campaigns,goog_ac_02,5.0,4
2024-06-02,Google App Campaigns,goog_ac_02,10.0,2
2024-06-02,Google App Campaigns,goog_ac_02,20.0,1
2024-06-02,Google Brand Search,goog_brand_01,0.0,3
2024-06-02,Google Brand Search,goog_brand_01,5.0,2
2024-06-02,Google Brand Search,goog_brand_01,10.0,7
2024-06-02,Google Brand Search,goog_brand_01,20.0,2
2024-06-02,Google Brand Search,goog_brand_01,40.0,3
2024-06-02,Google Brand Search,goog_brand_01,63.0,1
2024-06-02,Google Non-Brand Search,goog_search_01,0.0,4
2024-06-02,Google Non-Brand Search,goog_search_01,5.0,1
2024-06-02,Google Non-Brand Search,goog_search_01,10.0,5
2024-06-02,Google Non-Brand Search,goog_search_01,20.0,3
2024-06-02,Google Non-Brand Search,goog_search_01,40.0,1
2024-06-02,Google Non-Brand Search,goog_search_01,63.0,1
2024-06-02,TikTok,tiktok_upper_01,0.0,2
2024-06-02,TikTok,tiktok_upper_01,5.0,4
2024-06-02,TikTok,tiktok_upper_01,10.0,3
2024-06-02,TikTok,tiktok_upper_01,20.0,1
2024-06-02,TikTok,tiktok_upper_01,63.0,1
2024-06-02,TikTok,tiktok_upper_02,0.0,3
2024-06-02,TikTok,tiktok_upper_02,5.0,5
2024-06-02,TikTok,tiktok_upper_02,10.0,3
2024-06-02,TikTok,tiktok_upper_02,20.0,1
2024-06-02,TikTok,tiktok_upper_02,40.0,1
2024-06-03,Meta,fb_prospect_01,0.0,2
2024-06-03,Meta,fb_prospect_01,5.0,7
2024-06-03,Meta,fb_prospect_01,10.0,5
2024-06-03,Meta,fb_prospect_01,20.0,2
2024-06-03,Meta,fb_prospect_01,63.0,1
2024-06-03,Meta,fb_prospect_02,0.0,6
2024-06-03,Meta,fb_prospect_02,5.0,5
2024-06-03,Meta,fb_prospect_02,10.0,7
2024-06-03,Meta,fb_prospect_02,20.0,3
2024-06-03,Meta,fb_prospect_02,63.0,1
2024-06-03,Google App Campaigns,goog_ac_01,,8
2024-06-03,Google App Campaigns,goog_ac_02,0.0,3
2024-06-03,Google App Campaigns,goog_ac_02,5.0,3
2024-06-03,Google App Campaigns,goog_ac_02,10.0,3
2024-06-03,Google App Campaigns,goog_ac_02,20.0,2
2024-06-03,Google App Campaigns,goog_ac_02,63.0,1
2024-06-03,Google Brand Search,goog_brand_01,0.0,3
2024-06-03,Google Brand Search,goog_brand_01,5.0,3
2024-06-03,Google Brand Search,goog_brand_01,10.0,5
2024-06-03,Google Brand Search,goog_brand_01,20.0,1
2024-06-03,Google Brand Search,goog_brand_01,40.0,1
2024-06-03,Google Brand Search,goog_brand_01,63.0,1
2024-06-03,Google Non-Brand Search,goog_search_01,0.0,2
2024-06-03,Google Non-Brand Search,goog_search_01,5.0,7
2024-06-03,Google Non-Brand Search,goog_search_01,10.0,6
2024-06-03,Google Non-Brand Search,goog_search_01,20.0,3
2024-06-03,Google Non-Brand Search,goog_search_01,40.0,2
2024-06-03,Google Non-Brand Search,goog_search_01,63.0,2
2024-06-03,TikTok,tiktok_upper_01,0.0,4
2024-06-03,TikTok,tiktok_upper_01,5.0,2
2024-06-03,TikTok,tiktok_upper_01,10.0,2
2024-06-03,TikTok,tiktok_upper_01,20.0,2
2024-06-03,TikTok,tiktok_upper_02,0.0,5
2024-06-03,TikTok,tiktok_upper_02,5.0,6
2024-06-03,TikTok,tiktok_upper_02,10.0,2
2024-06-04,Meta,fb_prospect_01,0.0,1
2024-06-04,Meta,fb_prospect_01,5.0,10
2024-06-04,Meta,fb_prospect_01,10.0,6
2024-06-04,Meta,fb_prospect_01,63.0,1
2024-06-04,Meta,fb_prospect_02,0.0,3
2024-06-04,Meta,fb_prospect_02,5.0,9
2024-06-04,Meta,fb_prospect_02,10.0,2
2024-06-04,Meta,fb_prospect_02,20.0,3
2024-06-04,Meta,fb_prospect_02,40.0,1
2024-06-04,Meta,fb_prospect_02,63.0,2
2024-06-04,Google App Campaigns,goog_ac_01,,8
2024-06-04,Google App Campaigns,goog_ac_02,,7
2024-06-04,Google Brand Search,goog_brand_01,0.0,4
2024-06-04,Google Brand Search,goog_brand_01,5.0,8
2024-06-04,Google Brand Search,goog_brand_01,10.0,4
2024-06-04,Google Brand Search,goog_brand_01,63.0,1
2024-06-04,Google Non-Brand Search,goog_search_01,0.0,5
2024-06-04,Google Non-Brand Search,goog_search_01,5.0,3
2024-06-04,Google Non-Brand Search,goog_search_01,10.0,7
2024-06-04,Google Non-Brand Search,goog_search_01,20.0,1
2024-06-04,TikTok,tiktok_upper_01,,7
2024-06-04,TikTok,tiktok_upper_02,,6
2024-06-05,Meta,fb_prospect_01,0.0,4
2024-06-05,Meta,fb_prospect_01,5.0,5
2024-06-05,Meta,fb_prospect_01,10.0,6
2024-06-05,Meta,fb_prospect_01,20.0,1
2024-06-05,Meta,fb_prospect_02,0.0,9
2024-06-05,Meta,fb_prospect_02,5.0,3
2024-06-05,Meta,fb_prospect_02,10.0,4
2024-06-05,Meta,fb_prospect_02,20.0,2
2024-06-05,Google App Campaigns,goog_ac_01,,7
2024-06-05,Google App Campaigns,goog_ac_02,0.0,6
2024-06-05,Google App Campaigns,goog_ac_02,5.0,3
2024-06-05,Google App Campaigns,goog_ac_02,10.0,3
2024-06-05,Google Brand Search,goog_brand_01,0.0,7
2024-06-05,Google Brand Search,goog_brand_01,5.0,2
2024-06-05,Google Brand Search,goog_brand_01,10.0,2
2024-06-05,Google Brand Search,goog_brand_01,20.0,1
2024-06-05,Google Brand Search,goog_brand_01,40.0,1
2024-06-05,Google Brand Search,goog_brand_01,63.0,1
2024-06-05,Google Non-Brand Search,goog_search_01,0.0,3
2024-06-05,Google Non-Brand Search,goog_search_01,5.0,4
2024-06-05,Google Non-Brand Search,goog_search_01,10.0,6
2024-06-05,Google Non-Brand Search,goog_search_01,20.0,3
2024-06-05,Google Non-Brand Search,goog_search_01,40.0,2
2024-06-05,TikTok,tiktok_upper_01,,6
2024-06-05,TikTok,tiktok_upper_02,,7
2024-06-06,Meta,fb_prospect_01,0.0,3
2024-06-06,Meta,fb_prospect_01,5.0,2
2024-06-06,Meta,fb_prospect_01,10.0,3
2024-06-06,Meta,fb_prospect_01,20.0,4
2024-06-06,Meta,fb_prospect_01,40.0,3
2024-06-06,Meta,fb_prospect_01,63.0,1
2024-06-06,Meta,fb_prospect_02,0.0,6
2024-06-06,Meta,fb_prospect_02,5.0,11
2024-06-06,Meta,fb_prospect_02,10.0,4
2024-06-06,Meta,fb_prospect_02,20.0,2
2024-06-06,Google App Campaigns,goog_ac_01,,5
2024-06-06,Google App Campaigns,goog_ac_02,,5
2024-06-06,Google Brand Search,goog_brand_01,,9
2024-06-06,Google Non-Brand Search,goog_search_01,0.0,2
2024-06-06,Google Non-Brand Search,goog_search_01,5.0,7
2024-06-06,Google Non-Brand Search,goog_search_01,10.0,2
2024-06-06,Google Non-Brand Search,goog_search_01,20.0,2
2024-06-06,Google Non-Brand Search,goog_search_01,40.0,1
2024-06-06,Google Non-Brand Search,goog_search_01,63.0,1
2024-06-06,TikTok,tiktok_upper_01,0.0,2
2024-06-06,TikTok,tiktok_upper_01,5.0,6
2024-06-06,TikTok,tiktok_upper_01,10.0,2
2024-06-06,TikTok,tiktok_upper_02,0.0,2
2024-06-06,TikTok,tiktok_upper_02,5.0,6
2024-06-06,TikTok,tiktok_upper_02,10.0,4
2024-06-06,TikTok,tiktok_upper_02,40.0,2
2024-06-07,Meta,fb_prospect_01,0.0,9
2024-06-07,Meta,fb_prospect_01,5.0,4
2024-06-07,Meta,fb_prospect_01,10.0,6
2024-06-07,Meta,fb_prospect_01,20.0,1
2024-06-07,Meta,fb_prospect_01,40.0,1
2024-06-07,Meta,fb_prospect_01,63.0,2
2024-06-07,Meta,fb_prospect_02,0.0,6
2024-06-07,Meta,fb_prospect_02,5.0,6
2024-06-07,Meta,fb_prospect_02,10.0,5
2024-06-07,Meta,fb_prospect_02,20.0,1
2024-06-07,Google App Campaigns,goog_ac_01,,8
2024-06-07,Google App Campaigns,goog_ac_02,0.0,4
2024-06-07,Google App Campaigns,goog_ac_02,10.0,2
2024-06-07,Google App Campaigns,goog_ac_02,20.0,2
2024-06-07,Google App Campaigns,goog_ac_02,40.0,1
2024-06-07,Google App Campaigns,goog_ac_02,63.0,2
2024-06-07,Google Brand Search,goog_brand_01,0.0,8
2024-06-07,Google Brand Search,goog_brand_01,10.0,2
2024-06-07,Google Brand Search,goog_brand_01,20.0,1
2024-06-07,Google Brand Search,goog_brand_01,40.0,1
2024-06-07,Google Non-Brand Search,goog_search_01,0.0,3
2024-06-07,Google Non-Brand Search,goog_search_01,5.0,1
2024-06-07,Google Non-Brand Search,goog_search_01,10.0,4
2024-06-07,Google Non-Brand Search,goog_search_01,20.0,3
2024-06-07,Google Non-Brand Search,goog_search_01,40.0,3
2024-06-07,Google Non-Brand Search,goog_search_01,63.0,2
2024-06-07,TikTok,tiktok_upper_01,0.0,3
2024-06-07,TikTok,tiktok_upper_01,5.0,4
2024-06-07,TikTok,tiktok_upper_01,10.0,3
2024-06-07,TikTok,tiktok_upper_02,,9
2024-06-08,Meta,fb_prospect_01,0.0,1
2024-06-08,Meta,fb_prospect_01,5.0,3
2024-06-08,Meta,fb_prospect_01,10.0,1
2024-06-08,Meta,fb_prospect_01,20.0,3
2024-06-08,Meta,fb_prospect_01,40.0,1
2024-06-08,Meta,fb_prospect_01,63.0,3
2024-06-08,Meta,fb_prospect_02,0.0,3
2024-06-08,Meta,fb_prospect_02,5.0,5
2024-06-08,Meta,fb_prospect_02,10.0,2
2024-06-08,Meta,fb_prospect_02,20.0,1
2024-06-08,Meta,fb_prospect_02,63.0,1
2024-06-08,Google App Campaigns,goog_ac_01,,9
2024-06-08,Google App Campaigns,goog_ac_02,0.0,2
2024-06-08,Google App Campaigns,goog_ac_02,5.0,5
2024-06-08,Google App Campaigns,goog_ac_02,10.0,3
2024-06-08,Google App Campaigns,goog_ac_02,20.0,2
2024-06-08,Google App Campaigns,goog_ac_02,40.0,1
2024-06-08,Google Brand Search,goog_brand_01,0.0,1
2024-06-08,Google Brand Search,goog_brand_01,5.0,7
2024-06-08,Google Brand Search,goog_brand_01,10.0,5
2024-06-08,Google Brand Search,goog_brand_01,20.0,2
2024-06-08,Google Brand Search,goog_brand_01,40.0,1
2024-06-08,Google Brand Search,goog_brand_01,63.0,1
2024-06-08,Google Non-Brand Search,goog_search_01,0.0,2
2024-06-08,Google Non-Brand Search,goog_search_01,5.0,2
2024-06-08,Google Non-Brand Search,goog_search_01,10.0,6
2024-06-08,Google Non-Brand Search,goog_search_01,20.0,7
2024-06-08,Google Non-Brand Search,goog_search_01,40.0,1
2024-06-08,Google Non-Brand Search,goog_search_01,63.0,1
2024-06-08,TikTok,tiktok_upper_01,0.0,7
2024-06-08,TikTok,tiktok_upper_01,5.0,5
2024-06-08,TikTok,tiktok_upper_01,10.0,2
2024-06-08,TikTok,tiktok_upper_02,,7
2024-06-09,Meta,fb_prospect_01,0.0,13
2024-06-09,Meta,fb_prospect_01,5.0,7
2024-06-09,Meta,fb_prospect_01,10.0,4
2024-06-09,Meta,fb_prospect_01,20.0,2
2024-06-09,Meta,fb_prospect_02,0.0,9
2024-06-09,Meta,fb_prospect_02,5.0,3
2024-06-09,Meta,fb_prospect_02,10.0,3
2024-06-09,Meta,fb_prospect_02,20.0,3
2024-06-09,Meta,fb_prospect_02,63.0,1
2024-06-09,Google App Campaigns,goog_ac_01,0.0,2
2024-06-09,Google App Campaigns,goog_ac_01,5.0,3
2024-06-09,Google App Campaigns,goog_ac_01,10.0,5
2024-06-09,Google App Campaigns,goog_ac_01,20.0,1
2024-06-09,Google App Campaigns,goog_ac_01,40.0,1
2024-06-09,Google App Campaigns,goog_ac_02,0.0,1
2024-06-09,Google App Campaigns,goog_ac_02,5.0,5
2024-06-09,Google App Campaigns,goog_ac_02,10.0,3
2024-06-09,Google App Campaigns,goog_ac_02,20.0,3
2024-06-09,Google App Campaigns,goog_ac_02,40.0,1
2024-06-09,Google Brand Search,goog_brand_01,0.0,5
2024-06-09,Google Brand Search,goog_brand_01,5.0,5
2024-06-09,Google Brand Search,goog_brand_01,10.0,5
2024-06-09,Google Brand Search,goog_brand_01,20.0,1
2024-06-09,Google Brand Search,goog_brand_01,63.0,1
2024-06-09,Google Non-Brand Search,goog_search_01,0.0,3
2024-06-09,Google Non-Brand Search,goog_search_01,5.0,3
2024-06-09,Google Non-Brand Search,goog_search_01,10.0,3
2024-06-09,Google Non-Brand Search,goog_search_01,20.0,3
2024-06-09,Google Non-Brand Search,goog_search_01,63.0,3
2024-06-09,TikTok,tiktok_upper_01,,8
2024-06-09,TikTok,tiktok_upper_02,0.0,2
2024-06-09,TikTok,tiktok_upper_02,5.0,7
2024-06-09,TikTok,tiktok_upper_02,10.0,3
2024-06-10,Meta,fb_prospect_01,0.0,4
2024-06-10,Meta,fb_prospect_01,5.0,8
2024-06-10,Meta,fb_prospect_01,10.0,3
2024-06-10,Meta,fb_prospect_01,20.0,2
2024-06-10,Meta,fb_prospect_01,40.0,1
2024-06-10,Meta,fb_prospect_01,63.0,3
2024-06-10,Meta,fb_prospect_02,0.0,4
2024-06-10,Meta,fb_prospect_02,5.0,3
2024-06-10,Meta,fb_prospect_02,10.0,3
2024-06-10,Meta,fb_prospect_02,20.0,4
2024-06-10,Meta,fb_prospect_02,40.0,1
2024-06-10,Google App Campaigns,goog_ac_01,0.0,3
2024-06-10,Google App Campaigns,goog_ac_01,5.0,3
2024-06-10,Google App Campaigns,goog_ac_01,10.0,1
2024-06-10,Google App Campaigns,goog_ac_01,20.0,3
2024-06-10,Google App Campaigns,goog_ac_01,63.0,1
2024-06-10,Google App Campaigns,goog_ac_02,0.0,3
2024-06-10,Google App Campaigns,goog_ac_02,5.0,2
2024-06-10,Google App Campaigns,goog_ac_02,10.0,3
2024-06-10,Google App Campaigns,goog_ac_02,20.0,3
2024-06-10,Google App Campaigns,goog_ac_02,40.0,1
2024-06-10,Google Brand Search,goog_brand_01,0.0,7
2024-06-10,Google Brand Search,goog_brand_01,5.0,1
2024-06-10,Google Brand Search,goog_brand_01,10.0,2
2024-06-10,Google Brand Search,goog_brand_01,20.0,1
2024-06-10,Google Brand Search,goog_brand_01,40.0,3
2024-06-10,Google Brand Search,goog_brand_01,63.0,4
2024-06-10,Google Non-Brand Search,goog_search_01,0.0,1
2024-06-10,Google Non-Brand Search,goog_search_01,5.0,4
2024-06-10,Google Non-Brand Search,goog_search_01,10.0,4
2024-06-10,Google Non-Brand Search,goog_search_01,20.0,4
2024-06-10,Google Non-Brand Search,goog_search_01,40.0,2
2024-06-10,Google Non-Brand Search,goog_search_01,63.0,1
2024-06-10,TikTok,tiktok_upper_01,,8
2024-06-10,TikTok,tiktok_upper_02,0.0,6
2024-06-10,TikTok,tiktok_upper_02,5.0,5
2024-06-10,TikTok,tiktok_upper_02,10.0,1
2024-06-10,TikTok,tiktok_upper_02,20.0,1
2024-06-11,Meta,fb_prospect_01,0.0,2
2024-06-11,Meta,fb_prospect_01,5.0,9
2024-06-11,Meta,fb_prospect_01,10.0,3
2024-06-11,Meta,fb_prospect_01,40.0,2
2024-06-11,Meta,fb_prospect_02,0.0,2
2024-06-11,Meta,fb_prospect_02,5.0,6
2024-06-11,Meta,fb_prospect_02,10.0,4
2024-06-11,Meta,fb_prospect_02,20.0,1
2024-06-11,Meta,fb_prospect_02,40.0,1
2024-06-11,Meta,fb_prospect_02,63.0,2
2024-06-11,Google App Campaigns,goog_ac_01,0.0,6
2024-06-11,Google App Campaigns,goog_ac_01,5.0,1
2024-06-11,Google App Campaigns,goog_ac_01,10.0,2
2024-06-11,Google App Campaigns,goog_ac_01,20.0,1
2024-06-11,Google App Campaigns,goog_ac_01,40.0,1
2024-06-11,Google App Campaigns,goog_ac_02,,6
2024-06-11,Google Brand Search,goog_brand_01,0.0,2
2024-06-11,Google Brand Search,goog_brand_01,5.0,4
2024-06-11,Google Brand Search,goog_brand_01,10.0,7
2024-06-11,Google Brand Search,goog_brand_01,20.0,2
2024-06-11,Google Brand Search,goog_brand_01,40.0,1
2024-06-11,Google Brand Search,goog_brand_01,63.0,3
2024-06-11,Google Non-Brand Search,goog_search_01,0.0,2
2024-06-11,Google Non-Brand Search,goog_search_01,5.0,3
2024-06-11,Google Non-Brand Search,goog_search_01,10.0,4
2024-06-11,Google Non-Brand Search,goog_search_01,20.0,4
2024-06-11,Google Non-Brand Search,goog_search_01,63.0,2
2024-06-11,TikTok,tiktok_upper_01,,6
2024-06-11,TikTok,tiktok_upper_02,0.0,1
2024-06-11,TikTok,tiktok_upper_02,5.0,6
2024-06-11,TikTok,tiktok_upper_02,10.0,3
2024-06-11,TikTok,tiktok_upper_02,40.0,1
2024-06-12,Meta,fb_prospect_01,0.0,5
2024-06-12,Meta,fb_prospect_01,5.0,3
2024-06-12,Meta,fb_prospect_01,10.0,11
2024-06-12,Meta,fb_prospect_01,20.0,1
2024-06-12,Meta,fb_prospect_01,40.0,1
2024-06-12,Meta,fb_prospect_02,0.0,3
2024-06-12,Meta,fb_prospect_02,5.0,4
2024-06-12,Meta,fb_prospect_02,10.0,4
2024-06-12,Google App Campaigns,goog_ac_01,,7
2024-06-12,Google App Campaigns,goog_ac_02,0.0,3
2024-06-12,Google App Campaigns,goog_ac_02,5.0,2
2024-06-12,Google App Campaigns,goog_ac_02,10.0,4
2024-06-12,Google App Campaigns,goog_ac_02,20.0,2
2024-06-12,Google Brand Search,goog_brand_01,0.0,4
2024-06-12,Google Brand Search,goog_brand_01,5.0,3
2024-06-12,Google Brand Search,goog_brand_01,10.0,4
2024-06-12,Google Non-Brand Search,goog_search_01,0.0,2
2024-06-12,Google Non-Brand Search,goog_search_01,5.0,3
2024-06-12,Google Non-Brand Search,goog_search_01,20.0,2
2024-06-12,Google Non-Brand Search,goog_search_01,40.0,1
2024-06-12,Google Non-Brand Search,goog_search_01,63.0,2
2024-06-12,TikTok,tiktok_upper_01,,6
2024-06-12,TikTok,tiktok_upper_02,,6
2024-06-13,Meta,fb_prospect_01,0.0,4
2024-06-13,Meta,fb_prospect_01,5.0,1
2024-06-13,Meta,fb_prospect_01,10.0,9
2024-06-13,Meta,fb_prospect_01,20.0,2
2024-06-13,Meta,fb_prospect_01,63.0,1
2024-06-13,Meta,fb_prospect_02,0.0,6
2024-06-13,Meta,fb_prospect_02,5.0,4
2024-06-13,Meta,fb_prospect_02,10.0,6
2024-06-13,Meta,fb_prospect_02,20.0,4
2024-06-13,Meta,fb_prospect_02,63.0,1
2024-06-13,Google App Campaigns,goog_ac_01,,7
2024-06-13,Google App Campaigns,goog_ac_02,,9
2024-06-13,Google Brand Search,goog_brand_01,0.0,1
2024-06-13,Google Brand Search,goog_brand_01,5.0,4
2024-06-13,Google Brand Search,goog_brand_01,10.0,7
2024-06-13,Google Brand Search,goog_brand_01,20.0,3
2024-06-13,Google Non-Brand Search,goog_search_01,0.0,2
2024-06-13,Google Non-Brand Search,goog_search_01,5.0,6
2024-06-13,Google Non-Brand Search,goog_search_01,10.0,1
2024-06-13,Google Non-Brand Search,goog_search_01,20.0,5
2024-06-13,Google Non-Brand Search,goog_search_01,40.0,2
2024-06-13,Google Non-Brand Search,goog_search_01,63.0,1
2024-06-13,TikTok,tiktok_upper_01,,8
2024-06-13,TikTok,tiktok_upper_02,,9
2024-06-14,Meta,fb_prospect_01,,9
2024-06-14,Meta,fb_prospect_02,0.0,3
2024-06-14,Meta,fb_prospect_02,5.0,6
2024-06-14,Meta,fb_prospect_02,10.0,4
2024-06-14,Meta,fb_prospect_02,20.0,1
2024-06-14,Meta,fb_prospect_02,40.0,1
2024-06-14,Google App Campaigns,goog_ac_01,,8
2024-06-14,Google App Campaigns,goog_ac_02,,7
2024-06-14,Google Brand Search,goog_brand_01,5.0,3
2024-06-14,Google Brand Search,goog_brand_01,10.0,5
2024-06-14,Google Brand Search,goog_brand_01,20.0,3
2024-06-14,Google Brand Search,goog_brand_01,40.0,1
2024-06-14,Google Brand Search,goog_brand_01,63.0,2
2024-06-14,Google Non-Brand Search,goog_search_01,0.0,1
2024-06-14,Google Non-Brand Search,goog_search_01,5.0,1
2024-06-14,Google Non-Brand Search,goog_search_01,10.0,4
2024-06-14,Google Non-Brand Search,goog_search_01,20.0,4
2024-06-14,Google Non-Brand Search,goog_search_01,40.0,3
2024-06-14,Google Non-Brand Search,goog_search_01,63.0,5
2024-06-14,TikTok,tiktok_upper_01,,7
2024-06-14,TikTok,tiktok_upper_02,,5
2024-06-15,Meta,fb_prospect_01,0.0,2
2024-06-15,Meta,fb_prospect_01,5.0,2
2024-06-15,Meta,fb_prospect_01,10.0,6
2024-06-15,Meta,fb_prospect_01,20.0,3
2024-06-15,Meta,fb_prospect_01,63.0,1
2024-06-15,Meta,fb_prospect_02,0.0,3
2024-06-15,Meta,fb_prospect_02,5.0,4
2024-06-15,Meta,fb_prospect_02,10.0,4
2024-06-15,Meta,fb_prospect_02,20.0,2
2024-06-15,Meta,fb_prospect_02,63.0,1
2024-06-15,Google App Campaigns,goog_ac_01,5.0,4
2024-06-15,Google App Campaigns,goog_ac_01,10.0,5
2024-06-15,Google App Campaigns,goog_ac_01,20.0,2
2024-06-15,Google App Campaigns,goog_ac_02,,8
2024-06-15,Google Brand Search,goog_brand_01,5.0,5
2024-06-15,Google Brand Search,goog_brand_01,10.0,4
2024-06-15,Google Brand Search,goog_brand_01,20.0,2
2024-06-15,Google Brand Search,goog_brand_01,63.0,3
2024-06-15,Google Non-Brand Search,goog_search_01,0.0,5
2024-06-15,Google Non-Brand Search,goog_search_01,5.0,4
2024-06-15,Google Non-Brand Search,goog_search_01,20.0,2
2024-06-15,TikTok,tiktok_upper_01,0.0,3
2024-06-15,TikTok,tiktok_upper_01,5.0,4
2024-06-15,TikTok,tiktok_upper_01,10.0,2
2024-06-15,TikTok,tiktok_upper_01,40.0,1
2024-06-15,TikTok,tiktok_upper_01,63.0,1
2024-06-15,TikTok,tiktok_upper_02,,7
2024-06-16,Meta,fb_prospect_01,0.0,3
2024-06-16,Meta,fb_prospect_01,5.0,4
2024-06-16,Meta,fb_prospect_01,10.0,5
2024-06-16,Meta,fb_prospect_01,20.0,3
2024-06-16,Meta,fb_prospect_02,0.0,5
2024-06-16,Meta,fb_prospect_02,5.0,3
2024-06-16,Meta,fb_prospect_02,10.0,7
2024-06-16,Meta,fb_prospect_02,20.0,2
2024-06-16,Meta,fb_prospect_02,40.0,1
2024-06-16,Google App Campaigns,goog_ac_01,0.0,5
2024-06-16,Google App Campaigns,goog_ac_01,5.0,1
2024-06-16,Google App Campaigns,goog_ac_01,10.0,3
2024-06-16,Google App Campaigns,goog_ac_01,20.0,2
2024-06-16,Google App Campaigns,goog_ac_02,,8
2024-06-16,Google Brand Search,goog_brand_01,,9
2024-06-16,Google Non-Brand Search,goog_search_01,0.0,1
2024-06-16,Google Non-Brand Search,goog_search_01,5.0,3
2024-06-16,Google Non-Brand Search,goog_search_01,10.0,5
2024-06-16,Google Non-Brand Search,goog_search_01,20.0,4
2024-06-16,Google Non-Brand Search,goog_search_01,40.0,2
2024-06-16,Google Non-Brand Search,goog_search_01,63.0,1
2024-06-16,TikTok,tiktok_upper_01,5.0,8
2024-06-16,TikTok,tiktok_upper_01,10.0,2
2024-06-16,TikTok,tiktok_upper_02,0.0,4
2024-06-16,TikTok,tiktok_upper_02,5.0,4
2024-06-16,TikTok,tiktok_upper_02,10.0,2
2024-06-16,TikTok,tiktok_upper_02,20.0,1
2024-06-17,Meta,fb_prospect_01,0.0,5
2024-06-17,Meta,fb_prospect_01,5.0,5
2024-06-17,Meta,fb_prospect_01,10.0,2
2024-06-17,Meta,fb_prospect_02,0.0,3
2024-06-17,Meta,fb_prospect_02,5.0,6
2024-06-17,Meta,fb_prospect_02,10.0,2
2024-06-17,Meta,fb_prospect_02,20.0,1
2024-06-17,Meta,fb_prospect_02,40.0,1
2024-06-17,Meta,fb_prospect_02,63.0,1
2024-06-17,Google App Campaigns,goog_ac_01,0.0,2
2024-06-17,Google App Campaigns,goog_ac_01,5.0,9
2024-06-17,Google App Campaigns,goog_ac_01,10.0,4
2024-06-17,Google App Campaigns,goog_ac_01,20.0,2
2024-06-17,Google App Campaigns,goog_ac_02,0.0,3
2024-06-17,Google App Campaigns,goog_ac_02,5.0,1
2024-06-17,Google App Campaigns,goog_ac_02,10.0,6
2024-06-17,Google App Campaigns,goog_ac_02,20.0,1
2024-06-17,Google App Campaigns,goog_ac_02,63.0,1
2024-06-17,Google Brand Search,goog_brand_01,0.0,3
2024-06-17,Google Brand Search,goog_brand_01,5.0,6
2024-06-17,Google Brand Search,goog_brand_01,10.0,7
2024-06-17,Google Brand Search,goog_brand_01,20.0,2
2024-06-17,Google Non-Brand Search,goog_search_01,0.0,3
2024-06-17,Google Non-Brand Search,goog_search_01,5.0,4
2024-06-17,Google Non-Brand Search,goog_search_01,10.0,2
2024-06-17,Google Non-Brand Search,goog_search_01,20.0,4
2024-06-17,Google Non-Brand Search,goog_search_01,63.0,2
2024-06-17,TikTok,tiktok_upper_01,,6
2024-06-17,TikTok,tiktok_upper_02,,8
2024-06-18,Meta,fb_prospect_01,0.0,4
2024-06-18,Meta,fb_prospect_01,5.0,2
2024-06-18,Meta,fb_prospect_01,10.0,4
2024-06-18,Meta,fb_prospect_01,20.0,2
2024-06-18,Meta,fb_prospect_01,40.0,2
2024-06-18,Meta,fb_prospect_02,0.0,7
2024-06-18,Meta,fb_prospect_02,5.0,4
2024-06-18,Meta,fb_prospect_02,10.0,5
2024-06-18,Meta,fb_prospect_02,20.0,2
2024-06-18,Meta,fb_prospect_02,40.0,1
2024-06-18,Meta,fb_prospect_02,63.0,1
2024-06-18,Google App Campaigns,goog_ac_01,,7
2024-06-18,Google App Campaigns,goog_ac_02,,8
2024-06-18,Google Brand Search,goog_brand_01,0.0,2
2024-06-18,Google Brand Search,goog_brand_01,10.0,5
2024-06-18,Google Brand Search,goog_brand_01,20.0,4
2024-06-18,Google Brand Search,goog_brand_01,40.0,1
2024-06-18,Google Brand Search,goog_brand_01,63.0,1
2024-06-18,Google Non-Brand Search,goog_search_01,0.0,6
2024-06-18,Google Non-Brand Search,goog_search_01,5.0,2
2024-06-18,Google Non-Brand Search,goog_search_01,10.0,5
2024-06-18,TikTok,tiktok_upper_01,0.0,4
2024-06-18,TikTok,tiktok_upper_01,5.0,5
2024-06-18,TikTok,tiktok_upper_01,10.0,1
2024-06-18,TikTok,tiktok_upper_01,20.0,1
2024-06-18,TikTok,tiktok_upper_01,40.0,1
2024-06-18,TikTok,tiktok_upper_02,,7
2024-06-19,Meta,fb_prospect_01,0.0,2
2024-06-19,Meta,fb_prospect_01,5.0,3
2024-06-19,Meta,fb_prospect_01,10.0,3
2024-06-19,Meta,fb_prospect_01,20.0,2
2024-06-19,Meta,fb_prospect_01,63.0,1
2024-06-19,Meta,fb_prospect_02,,8
2024-06-19,Google App Campaigns,goog_ac_01,,9
2024-06-19,Google App Campaigns,goog_ac_02,,7
2024-06-19,Google Brand Search,goog_brand_01,0.0,5
2024-06-19,Google Brand Search,goog_brand_01,5.0,2
2024-06-19,Google Brand Search,goog_brand_01,10.0,5
2024-06-19,Google Brand Search,goog_brand_01,20.0,1
2024-06-19,Google Brand Search,goog_brand_01,63.0,1
2024-06-19,Google Non-Brand Search,goog_search_01,0.0,3
2024-06-19,Google Non-Brand Search,goog_search_01,5.0,4
2024-06-19,Google Non-Brand Search,goog_search_01,10.0,4
2024-06-19,Google Non-Brand Search,goog_search_01,20.0,3
2024-06-19,Google Non-Brand Search,goog_search_01,40.0,1
2024-06-19,Google Non-Brand Search,goog_search_01,63.0,1
2024-06-19,TikTok,tiktok_upper_01,,6
2024-06-19,TikTok,tiktok_upper_02,0.0,3
2024-06-19,TikTok,tiktok_upper_02,5.0,4
2024-06-19,TikTok,tiktok_upper_02,10.0,3
2024-06-20,Meta,fb_prospect_01,0.0,9
2024-06-20,Meta,fb_prospect_01,5.0,5
2024-06-20,Meta,fb_prospect_01,10.0,3
2024-06-20,Meta,fb_prospect_01,20.0,2
2024-06-20,Meta,fb_prospect_01,40.0,1
2024-06-20,Meta,fb_prospect_01,63.0,2
2024-06-20,Meta,fb_prospect_02,0.0,3
2024-06-20,Meta,fb_prospect_02,5.0,6
2024-06-20,Meta,fb_prospect_02,10.0,7
2024-06-20,Meta,fb_prospect_02,20.0,1
2024-06-20,Meta,fb_prospect_02,40.0,2
2024-06-20,Google App Campaigns,goog_ac_01,,7
2024-06-20,Google App Campaigns,goog_ac_02,,8
2024-06-20,Google Brand Search,goog_brand_01,0.0,3
2024-06-20,Google Brand Search,goog_brand_01,5.0,8
2024-06-20,Google Brand Search,goog_brand_01,10.0,4
2024-06-20,Google Brand Search,goog_brand_01,20.0,2
2024-06-20,Google Brand Search,goog_brand_01,40.0,2
2024-06-20,Google Brand Search,goog_brand_01,63.0,1
2024-06-20,Google Non-Brand Search,goog_search_01,0.0,3
2024-06-20,Google Non-Brand Search,goog_search_01,5.0,4
2024-06-20,Google Non-Brand Search,goog_search_01,10.0,2
2024-06-20,Google Non-Brand Search,goog_search_01,20.0,4
2024-06-20,Google Non-Brand Search,goog_search_01,40.0,1
2024-06-20,TikTok,tiktok_upper_01,0.0,5
2024-06-20,TikTok,tiktok_upper_01,5.0,3
2024-06-20,TikTok,tiktok_upper_01,10.0,1
2024-06-20,TikTok,tiktok_upper_01,20.0,2
2024-06-20,TikTok,tiktok_upper_02,,4
2024-06-21,Meta,fb_prospect_01,0.0,3
2024-06-21,Meta,fb_prospect_01,5.0,4
2024-06-21,Meta,fb_prospect_01,10.0,3
2024-06-21,Meta,fb_prospect_01,20.0,3
2024-06-21,Meta,fb_prospect_02,0.0,9
2024-06-21,Meta,fb_prospect_02,5.0,4
2024-06-21,Meta,fb_prospect_02,10.0,3
2024-06-21,Meta,fb_prospect_02,63.0,1
2024-06-21,Google App Campaigns,goog_ac_01,0.0,5
2024-06-21,Google App Campaigns,goog_ac_01,5.0,2
2024-06-21,Google App Campaigns,goog_ac_01,10.0,2
2024-06-21,Google App Campaigns,goog_ac_01,20.0,3
2024-06-21,Google App Campaigns,goog_ac_02,,5
2024-06-21,Google Brand Search,goog_brand_01,0.0,4
2024-06-21,Google Brand Search,goog_brand_01,5.0,2
2024-06-21,Google Brand Search,goog_brand_01,10.0,11
2024-06-21,Google Non-Brand Search,goog_search_01,0.0,3
2024-06-21,Google Non-Brand Search,goog_search_01,5.0,2
2024-06-21,Google Non-Brand Search,goog_search_01,10.0,5
2024-06-21,Google Non-Brand Search,goog_search_01,20.0,3
2024-06-21,Google Non-Brand Search,goog_search_01,40.0,3
2024-06-21,Google Non-Brand Search,goog_search_01,63.0,1
2024-06-21,TikTok,tiktok_upper_01,,9
2024-06-21,TikTok,tiktok_upper_02,,7
2024-06-22,Meta,fb_prospect_01,0.0,4
2024-06-22,Meta,fb_prospect_01,5.0,5
2024-06-22,Meta,fb_prospect_01,10.0,6
2024-06-22,Meta,fb_prospect_01,63.0,1
2024-06-22,Meta,fb_prospect_02,0.0,4
2024-06-22,Meta,fb_prospect_02,5.0,5
2024-06-22,Meta,fb_prospect_02,10.0,5
2024-06-22,Meta,fb_prospect_02,20.0,4
2024-06-22,Meta,fb_prospect_02,63.0,1
2024-06-22,Google App Campaigns,goog_ac_01,0.0,5
2024-06-22,Google App Campaigns,goog_ac_01,5.0,4
2024-06-22,Google App Campaigns,goog_ac_01,10.0,3
2024-06-22,Google App Campaigns,goog_ac_01,40.0,1
2024-06-22,Google App Campaigns,goog_ac_02,0.0,2
2024-06-22,Google App Campaigns,goog_ac_02,5.0,5
2024-06-22,Google App Campaigns,goog_ac_02,10.0,2
2024-06-22,Google App Campaigns,goog_ac_02,20.0,1
2024-06-22,Google Brand Search,goog_brand_01,0.0,6
2024-06-22,Google Brand Search,goog_brand_01,5.0,3
2024-06-22,Google Brand Search,goog_brand_01,10.0,3
2024-06-22,Google Brand Search,goog_brand_01,40.0,3
2024-06-22,Google Non-Brand Search,goog_search_01,0.0,5
2024-06-22,Google Non-Brand Search,goog_search_01,5.0,3
2024-06-22,Google Non-Brand Search,goog_search_01,10.0,5
2024-06-22,Google Non-Brand Search,goog_search_01,20.0,4
2024-06-22,Google Non-Brand Search,goog_search_01,40.0,1
2024-06-22,Google Non-Brand Search,goog_search_01,63.0,1
2024-06-22,TikTok,tiktok_upper_01,0.0,4
2024-06-22,TikTok,tiktok_upper_01,5.0,6
2024-06-22,TikTok,tiktok_upper_01,10.0,1
2024-06-22,TikTok,tiktok_upper_01,20.0,1
2024-06-22,TikTok,tiktok_upper_01,63.0,2
2024-06-22,TikTok,tiktok_upper_02,0.0,3
2024-06-22,TikTok,tiktok_upper_02,5.0,5
2024-06-22,TikTok,tiktok_upper_02,10.0,4
2024-06-22,TikTok,tiktok_upper_02,20.0,1
2024-06-23,Meta,fb_prospect_01,0.0,4
2024-06-23,Meta,fb_prospect_01,5.0,1
2024-06-23,Meta,fb_prospect_01,10.0,8
2024-06-23,Meta,fb_prospect_01,20.0,1
2024-06-23,Meta,fb_prospect_02,0.0,9
2024-06-23,Meta,fb_prospect_02,5.0,6
2024-06-23,Meta,fb_prospect_02,10.0,4
2024-06-23,Meta,fb_prospect_02,20.0,3
2024-06-23,Meta,fb_prospect_02,40.0,2
2024-06-23,Meta,fb_prospect_02,63.0,2
2024-06-23,Google App Campaigns,goog_ac_01,0.0,4
2024-06-23,Google App Campaigns,goog_ac_01,5.0,1
2024-06-23,Google App Campaigns,goog_ac_01,10.0,3
2024-06-23,Google App Campaigns,goog_ac_01,20.0,1
2024-06-23,Google App Campaigns,goog_ac_01,63.0,1
2024-06-23,Google App Campaigns,goog_ac_02,0.0,2
2024-06-23,Google App Campaigns,goog_ac_02,5.0,6
2024-06-23,Google App Campaigns,goog_ac_02,10.0,1
2024-06-23,Google App Campaigns,goog_ac_02,20.0,1
2024-06-23,Google App Campaigns,goog_ac_02,40.0,1
2024-06-23,Google Brand Search,goog_brand_01,0.0,2
2024-06-23,Google Brand Search,goog_brand_01,5.0,3
2024-06-23,Google Brand Search,goog_brand_01,10.0,4
2024-06-23,Google Brand Search,goog_brand_01,20.0,2
2024-06-23,Google Brand Search,goog_brand_01,40.0,1
2024-06-23,Google Non-Brand Search,goog_search_01,0.0,6
2024-06-23,Google Non-Brand Search,goog_search_01,5.0,1
2024-06-23,Google Non-Brand Search,goog_search_01,10.0,4
2024-06-23,Google Non-Brand Search,goog_search_01,20.0,6
2024-06-23,Google Non-Brand Search,goog_search_01,40.0,3
2024-06-23,TikTok,tiktok_upper_01,0.0,7
2024-06-23,TikTok,tiktok_upper_01,5.0,4
2024-06-23,TikTok,tiktok_upper_01,20.0,1
2024-06-23,TikTok,tiktok_upper_02,,8
2024-06-24,Meta,fb_prospect_01,0.0,6
2024-06-24,Meta,fb_prospect_01,5.0,7
2024-06-24,Meta,fb_prospect_01,10.0,6
2024-06-24,Meta,fb_prospect_02,0.0,3
2024-06-24,Meta,fb_prospect_02,5.0,2
2024-06-24,Meta,fb_prospect_02,10.0,5
2024-06-24,Meta,fb_prospect_02,20.0,1
2024-06-24,Google App Campaigns,goog_ac_01,,8
2024-06-24,Google App Campaigns,goog_ac_02,0.0,4
2024-06-24,Google App Campaigns,goog_ac_02,5.0,4
2024-06-24,Google App Campaigns,goog_ac_02,10.0,2
2024-06-24,Google App Campaigns,goog_ac_02,20.0,2
2024-06-24,Google App Campaigns,goog_ac_02,40.0,1
2024-06-24,Google App Campaigns,goog_ac_02,63.0,1
2024-06-24,Google Brand Search,goog_brand_01,0.0,2
2024-06-24,Google Brand Search,goog_brand_01,5.0,5
2024-06-24,Google Brand Search,goog_brand_01,10.0,6
2024-06-24,Google Brand Search,goog_brand_01,20.0,1
2024-06-24,Google Brand Search,goog_brand_01,40.0,1
2024-06-24,Google Non-Brand Search,goog_search_01,0.0,3
2024-06-24,Google Non-Brand Search,goog_search_01,5.0,2
2024-06-24,Google Non-Brand Search,goog_search_01,10.0,6
2024-06-24,Google Non-Brand Search,goog_search_01,20.0,7
2024-06-24,Google Non-Brand Search,goog_search_01,40.0,3
2024-06-24,TikTok,tiktok_upper_01,,9
2024-06-24,TikTok,tiktok_upper_02,0.0,9
2024-06-24,TikTok,tiktok_upper_02,5.0,2
2024-06-24,TikTok,tiktok_upper_02,10.0,2
2024-06-24,TikTok,tiktok_upper_02,20.0,1
2024-06-25,Meta,fb_prospect_01,0.0,4
2024-06-25,Meta,fb_prospect_01,5.0,3
2024-06-25,Meta,fb_prospect_01,10.0,5
2024-06-25,Meta,fb_prospect_01,20.0,5
2024-06-25,Meta,fb_prospect_02,0.0,3
2024-06-25,Meta,fb_prospect_02,5.0,5
2024-06-25,Meta,fb_prospect_02,10.0,2
2024-06-25,Meta,fb_prospect_02,20.0,2
2024-06-25,Google App Campaigns,goog_ac_01,0.0,4
2024-06-25,Google App Campaigns,goog_ac_01,5.0,4
2024-06-25,Google App Campaigns,goog_ac_01,20.0,1
2024-06-25,Google App Campaigns,goog_ac_01,40.0,2
2024-06-25,Google App Campaigns,goog_ac_01,63.0,1
2024-06-25,Google App Campaigns,goog_ac_02,,8
2024-06-25,Google Brand Search,goog_brand_01,0.0,2
2024-06-25,Google Brand Search,goog_brand_01,5.0,7
2024-06-25,Google Brand Search,goog_brand_01,10.0,5
2024-06-25,Google Brand Search,goog_brand_01,20.0,2
2024-06-25,Google Brand Search,goog_brand_01,40.0,1
2024-06-25,Google Non-Brand Search,goog_search_01,0.0,7
2024-06-25,Google Non-Brand Search,goog_search_01,5.0,7
2024-06-25,Google Non-Brand Search,goog_search_01,20.0,4
2024-06-25,TikTok,tiktok_upper_01,,5
2024-06-25,TikTok,tiktok_upper_02,,9
2024-06-26,Meta,fb_prospect_01,0.0,5
2024-06-26,Meta,fb_prospect_01,5.0,3
2024-06-26,Meta,fb_prospect_01,10.0,7
2024-06-26,Meta,fb_prospect_01,20.0,4
2024-06-26,Meta,fb_prospect_02,0.0,9
2024-06-26,Meta,fb_prospect_02,5.0,5
2024-06-26,Meta,fb_prospect_02,10.0,2
2024-06-26,Meta,fb_prospect_02,20.0,2
2024-06-26,Meta,fb_prospect_02,63.0,2
2024-06-26,Google App Campaigns,goog_ac_01,,9
2024-06-26,Google App Campaigns,goog_ac_02,0.0,3
2024-06-26,Google App Campaigns,goog_ac_02,5.0,2
2024-06-26,Google App Campaigns,goog_ac_02,10.0,2
2024-06-26,Google App Campaigns,goog_ac_02,20.0,2
2024-06-26,Google App Campaigns,goog_ac_02,63.0,1
2024-06-26,Google Brand Search,goog_brand_01,0.0,2
2024-06-26,Google Brand Search,goog_brand_01,5.0,3
2024-06-26,Google Brand Search,goog_brand_01,10.0,6
2024-06-26,Google Brand Search,goog_brand_01,20.0,1
2024-06-26,Google Non-Brand Search,goog_search_01,0.0,1
2024-06-26,Google Non-Brand Search,goog_search_01,5.0,1
2024-06-26,Google Non-Brand Search,goog_search_01,10.0,5
2024-06-26,Google Non-Brand Search,goog_search_01,20.0,1
2024-06-26,Google Non-Brand Search,goog_search_01,40.0,3
2024-06-26,TikTok,tiktok_upper_01,,7
2024-06-26,TikTok,tiktok_upper_02,,6
2024-06-27,Meta,fb_prospect_01,0.0,5
2024-06-27,Meta,fb_prospect_01,5.0,5
2024-06-27,Meta,fb_prospect_01,10.0,3
2024-06-27,Meta,fb_prospect_01,20.0,4
2024-06-27,Meta,fb_prospect_01,40.0,2
2024-06-27,Meta,fb_prospect_01,63.0,1
2024-06-27,Meta,fb_prospect_02,0.0,1
2024-06-27,Meta,fb_prospect_02,5.0,5
2024-06-27,Meta,fb_prospect_02,10.0,2
2024-06-27,Meta,fb_prospect_02,20.0,3
2024-06-27,Meta,fb_prospect_02,40.0,2
2024-06-27,Google App Campaigns,goog_ac_01,,6
2024-06-27,Google App Campaigns,goog_ac_02,,9
2024-06-27,Google Brand Search,goog_brand_01,5.0,6
2024-06-27,Google Brand Search,goog_brand_01,10.0,2
2024-06-27,Google Brand Search,goog_brand_01,20.0,2
2024-06-27,Google Non-Brand Search,goog_search_01,0.0,1
2024-06-27,Google Non-Brand Search,goog_search_01,5.0,3
2024-06-27,Google Non-Brand Search,goog_search_01,10.0,1
2024-06-27,Google Non-Brand Search,goog_search_01,20.0,6
2024-06-27,Google Non-Brand Search,goog_search_01,40.0,1
2024-06-27,Google Non-Brand Search,goog_search_01,63.0,1
2024-06-27,TikTok,tiktok_upper_01,,5
2024-06-27,TikTok,tiktok_upper_02,,5
2024-06-28,Meta,fb_prospect_01,0.0,1
2024-06-28,Meta,fb_prospect_01,5.0,1
2024-06-28,Meta,fb_prospect_01,10.0,4
2024-06-28,Meta,fb_prospect_01,20.0,3
2024-06-28,Meta,fb_prospect_01,40.0,1
2024-06-28,Meta,fb_prospect_02,0.0,3
2024-06-28,Meta,fb_prospect_02,5.0,2
2024-06-28,Meta,fb_prospect_02,10.0,5
2024-06-28,Meta,fb_prospect_02,20.0,3
2024-06-28,Meta,fb_prospect_02,40.0,1
2024-06-28,Meta,fb_prospect_02,63.0,1
2024-06-28,Google App Campaigns,goog_ac_01,,9
2024-06-28,Google App Campaigns,goog_ac_02,,8
2024-06-28,Google Brand Search,goog_brand_01,0.0,2
2024-06-28,Google Brand Search,goog_brand_01,5.0,3
2024-06-28,Google Brand Search,goog_brand_01,10.0,4
2024-06-28,Google Brand Search,goog_brand_01,20.0,2
2024-06-28,Google Brand Search,goog_brand_01,40.0,2
2024-06-28,Google Brand Search,goog_brand_01,63.0,3
2024-06-28,Google Non-Brand Search,goog_search_01,0.0,5
2024-06-28,Google Non-Brand Search,goog_search_01,5.0,1
2024-06-28,Google Non-Brand Search,goog_search_01,10.0,4
2024-06-28,Google Non-Brand Search,goog_search_01,20.0,3
2024-06-28,Google Non-Brand Search,goog_search_01,40.0,1
2024-06-28,Google Non-Brand Search,goog_search_01,63.0,2
2024-06-28,TikTok,tiktok_upper_01,0.0,7
2024-06-28,TikTok,tiktok_upper_01,5.0,4
2024-06-28,TikTok,tiktok_upper_01,10.0,3
2024-06-28,TikTok,tiktok_upper_01,20.0,1
2024-06-28,TikTok,tiktok_upper_02,0.0,6
2024-06-28,TikTok,tiktok_upper_02,5.0,3
2024-06-28,TikTok,tiktok_upper_02,20.0,3
2024-06-29,Meta,fb_prospect_01,0.0,3
2024-06-29,Meta,fb_prospect_01,5.0,7
2024-06-29,Meta,fb_prospect_01,10.0,3
2024-06-29,Meta,fb_prospect_01,20.0,2
2024-06-29,Meta,fb_prospect_01,40.0,1
2024-06-29,Meta,fb_prospect_02,0.0,4
2024-06-29,Meta,fb_prospect_02,5.0,6
2024-06-29,Meta,fb_prospect_02,10.0,5
2024-06-29,Meta,fb_prospect_02,20.0,5
2024-06-29,Meta,fb_prospect_02,40.0,1
2024-06-29,Google App Campaigns,goog_ac_01,0.0,5
2024-06-29,Google App Campaigns,goog_ac_01,5.0,1
2024-06-29,Google App Campaigns,goog_ac_01,10.0,3
2024-06-29,Google App Campaigns,goog_ac_01,20.0,3
2024-06-29,Google App Campaigns,goog_ac_01,63.0,2
2024-06-29,Google App Campaigns,goog_ac_02,,9
2024-06-29,Google Brand Search,goog_brand_01,0.0,4
2024-06-29,Google Brand Search,goog_brand_01,5.0,3
2024-06-29,Google Brand Search,goog_brand_01,10.0,6
2024-06-29,Google Brand Search,goog_brand_01,20.0,1
2024-06-29,Google Non-Brand Search,goog_search_01,5.0,4
2024-06-29,Google Non-Brand Search,goog_search_01,10.0,5
2024-06-29,Google Non-Brand Search,goog_search_01,20.0,1
2024-06-29,TikTok,tiktok_upper_01,0.0,7
2024-06-29,TikTok,tiktok_upper_01,5.0,5
2024-06-29,TikTok,tiktok_upper_01,20.0,1
2024-06-29,TikTok,tiktok_upper_02,0.0,7
2024-06-29,TikTok,tiktok_upper_02,5.0,2
2024-06-29,TikTok,tiktok_upper_02,10.0,3
2024-06-29,TikTok,tiktok_upper_02,20.0,1
2024-06-30,Meta,fb_prospect_01,0.0,7
2024-06-30,Meta,fb_prospect_01,5.0,5
2024-06-30,Meta,fb_prospect_01,10.0,4
2024-06-30,Meta,fb_prospect_01,20.0,1
2024-06-30,Meta,fb_prospect_01,40.0,1
2024-06-30,Meta,fb_prospect_02,0.0,9
2024-06-30,Meta,fb_prospect_02,5.0,6
2024-06-30,Meta,fb_prospect_02,10.0,6
2024-06-30,Meta,fb_prospect_02,20.0,3
2024-06-30,Meta,fb_prospect_02,40.0,4
2024-06-30,Meta,fb_prospect_02,63.0,1
2024-06-30,Google App Campaigns,goog_ac_01,0.0,5
2024-06-30,Google App Campaigns,goog_ac_01,5.0,1
2024-06-30,Google App Campaigns,goog_ac_01,20.0,4
2024-06-30,Google App Campaigns,goog_ac_02,,9
2024-06-30,Google Brand Search,goog_brand_01,0.0,2
2024-06-30,Google Brand Search,goog_brand_01,5.0,3
2024-06-30,Google Brand Search,goog_brand_01,10.0,6
2024-06-30,Google Brand Search,goog_brand_01,20.0,1
2024-06-30,Google Brand Search,goog_brand_01,40.0,2
2024-06-30,Google Non-Brand Search,goog_search_01,0.0,6
2024-06-30,Google Non-Brand Search,goog_search_01,5.0,3
2024-06-30,Google Non-Brand Search,goog_search_01,10.0,2
2024-06-30,Google Non-Brand Search,goog_search_01,20.0,5
2024-06-30,Google Non-Brand Search,goog_search_01,40.0,2
2024-06-30,TikTok,tiktok_upper_01,,8
2024-06-30,TikTok,tiktok_upper_02,,6
2024-07-01,Meta,fb_prospect_01,0.0,7
2024-07-01,Meta,fb_prospect_01,5.0,5
2024-07-01,Meta,fb_prospect_01,10.0,3
2024-07-01,Meta,fb_prospect_01,20.0,2
2024-07-01,Meta,fb_prospect_02,0.0,5
2024-07-01,Meta,fb_prospect_02,5.0,3
2024-07-01,Meta,fb_prospect_02,10.0,6
2024-07-01,Meta,fb_prospect_02,20.0,3
2024-07-01,Meta,fb_prospect_02,63.0,1
2024-07-01,Google App Campaigns,goog_ac_01,,9
2024-07-01,Google App Campaigns,goog_ac_02,,6
2024-07-01,Google Brand Search,goog_brand_01,5.0,5
2024-07-01,Google Brand Search,goog_brand_01,10.0,3
2024-07-01,Google Brand Search,goog_brand_01,20.0,5
2024-07-01,Google Brand Search,goog_brand_01,63.0,1
2024-07-01,Google Non-Brand Search,goog_search_01,0.0,2
2024-07-01,Google Non-Brand Search,goog_search_01,5.0,3
2024-07-01,Google Non-Brand Search,goog_search_01,20.0,7
2024-07-01,Google Non-Brand Search,goog_search_01,40.0,7
2024-07-01,Google Non-Brand Search,goog_search_01,63.0,1
2024-07-01,TikTok,tiktok_upper_01,,5
2024-07-01,TikTok,tiktok_upper_02,,9
2024-07-02,Meta,fb_prospect_01,0.0,6
2024-07-02,Meta,fb_prospect_01,5.0,3
2024-07-02,Meta,fb_prospect_01,10.0,3
2024-07-02,Meta,fb_prospect_01,20.0,1
2024-07-02,Meta,fb_prospect_01,40.0,1
2024-07-02,Meta,fb_prospect_02,0.0,2
2024-07-02,Meta,fb_prospect_02,5.0,4
2024-07-02,Meta,fb_prospect_02,10.0,5
2024-07-02,Meta,fb_prospect_02,20.0,4
2024-07-02,Meta,fb_prospect_02,40.0,1
2024-07-02,Meta,fb_prospect_02,63.0,3
2024-07-02,Google App Campaigns,goog_ac_01,,7
2024-07-02,Google App Campaigns,goog_ac_02,,5
2024-07-02,Google Brand Search,goog_brand_01,0.0,4
2024-07-02,Google Brand Search,goog_brand_01,5.0,4
2024-07-02,Google Brand Search,goog_brand_01,10.0,3
2024-07-02,Google Brand Search,goog_brand_01,20.0,4
2024-07-02,Google Brand Search,goog_brand_01,63.0,4
2024-07-02,Google Non-Brand Search,goog_search_01,5.0,5
2024-07-02,Google Non-Brand Search,goog_search_01,10.0,4
2024-07-02,Google Non-Brand Search,goog_search_01,20.0,1
2024-07-02,Google Non-Brand Search,goog_search_01,40.0,1
2024-07-02,TikTok,tiktok_upper_01,,7
2024-07-02,TikTok,tiktok_upper_02,,8
2024-07-03,Meta,fb_prospect_01,0.0,9
2024-07-03,Meta,fb_prospect_01,5.0,8
2024-07-03,Meta,fb_prospect_01,10.0,2
2024-07-03,Meta,fb_prospect_01,20.0,4
2024-07-03,Meta,fb_prospect_01,40.0,1
2024-07-03,Meta,fb_prospect_01,63.0,2
2024-07-03,Meta,fb_prospect_02,0.0,4
2024-07-03,Meta,fb_prospect_02,5.0,6
2024-07-03,Meta,fb_prospect_02,10.0,5
2024-07-03,Meta,fb_prospect_02,20.0,1
2024-07-03,Meta,fb_prospect_02,40.0,1
2024-07-03,Meta,fb_prospect_02,63.0,1
2024-07-03,Google App Campaigns,goog_ac_01,,9
2024-07-03,Google App Campaigns,goog_ac_02,,7
2024-07-03,Google Brand Search,goog_brand_01,0.0,2
2024-07-03,Google Brand Search,goog_brand_01,5.0,3
2024-07-03,Google Brand Search,goog_brand_01,10.0,6
2024-07-03,Google Brand Search,goog_brand_01,20.0,4
2024-07-03,Google Brand Search,goog_brand_01,63.0,1
2024-07-03,Google Non-Brand Search,goog_search_01,0.0,5
2024-07-03,Google Non-Brand Search,goog_search_01,5.0,1
2024-07-03,Google Non-Brand Search,goog_search_01,10.0,6
2024-07-03,Google Non-Brand Search,goog_search_01,20.0,1
2024-07-03,Google Non-Brand Search,goog_search_01,40.0,1
2024-07-03,TikTok,tiktok_upper_01,,9
2024-07-03,TikTok,tiktok_upper_02,,5
2024-07-04,Meta,fb_prospect_01,0.0,5
2024-07-04,Meta,fb_prospect_01,5.0,3
2024-07-04,Meta,fb_prospect_01,10.0,3
2024-07-04,Meta,fb_prospect_01,20.0,1
2024-07-04,Meta,fb_prospect_02,0.0,4
2024-07-04,Meta,fb_prospect_02,5.0,6
2024-07-04,Meta,fb_prospect_02,10.0,6
2024-07-04,Meta,fb_prospect_02,20.0,3
2024-07-04,Google App Campaigns,goog_ac_01,0.0,2
2024-07-04,Google App Campaigns,goog_ac_01,5.0,5
2024-07-04,Google App Campaigns,goog_ac_01,10.0,5
2024-07-04,Google App Campaigns,goog_ac_01,20.0,1
2024-07-04,Google App Campaigns,goog_ac_01,40.0,1
2024-07-04,Google App Campaigns,goog_ac_02,,9
2024-07-04,Google Brand Search,goog_brand_01,0.0,3
2024-07-04,Google Brand Search,goog_brand_01,5.0,2
2024-07-04,Google Brand Search,goog_brand_01,10.0,3
2024-07-04,Google Brand Search,goog_brand_01,20.0,4
2024-07-04,Google Brand Search,goog_brand_01,40.0,1
2024-07-04,Google Brand Search,goog_brand_01,63.0,1
2024-07-04,Google Non-Brand Search,goog_search_01,0.0,3
2024-07-04,Google Non-Brand Search,goog_search_01,5.0,3
2024-07-04,Google Non-Brand Search,goog_search_01,10.0,1
2024-07-04,Google Non-Brand Search,goog_search_01,20.0,7
2024-07-04,TikTok,tiktok_upper_01,0.0,3
2024-07-04,TikTok,tiktok_upper_01,5.0,4
2024-07-04,TikTok,tiktok_upper_01,10.0,1
2024-07-04,TikTok,tiktok_upper_01,20.0,2
2024-07-04,TikTok,tiktok_upper_02,,7
2024-07-05,Meta,fb_prospect_01,0.0,9
2024-07-05,Meta,fb_prospect_01,5.0,1
2024-07-05,Meta,fb_prospect_01,10.0,3
2024-07-05,Meta,fb_prospect_01,40.0,1
2024-07-05,Meta,fb_prospect_02,0.0,4
2024-07-05,Meta,fb_prospect_02,5.0,3
2024-07-05,Meta,fb_prospect_02,10.0,8
2024-07-05,Meta,fb_prospect_02,20.0,2
2024-07-05,Meta,fb_prospect_02,40.0,1
2024-07-05,Google App Campaigns,goog_ac_01,,8
2024-07-05,Google App Campaigns,goog_ac_02,0.0,4
2024-07-05,Google App Campaigns,goog_ac_02,5.0,2
2024-07-05,Google App Campaigns,goog_ac_02,10.0,3
2024-07-05,Google App Campaigns,goog_ac_02,20.0,2
2024-07-05,Google Brand Search,goog_brand_01,0.0,4
2024-07-05,Google Brand Search,goog_brand_01,10.0,3
2024-07-05,Google Brand Search,goog_brand_01,20.0,1
2024-07-05,Google Brand Search,goog_brand_01,40.0,2
2024-07-05,Google Brand Search,goog_brand_01,63.0,3
2024-07-05,Google Non-Brand Search,goog_search_01,0.0,4
2024-07-05,Google Non-Brand Search,goog_search_01,5.0,3
2024-07-05,Google Non-Brand Search,goog_search_01,20.0,2
2024-07-05,Google Non-Brand Search,goog_search_01,40.0,1
2024-07-05,Google Non-Brand Search,goog_search_01,63.0,1
2024-07-05,TikTok,tiktok_upper_01,,9
2024-07-05,TikTok,tiktok_upper_02,,5
2024-07-06,Meta,fb_prospect_01,0.0,5
2024-07-06,Meta,fb_prospect_01,5.0,3
2024-07-06,Meta,fb_prospect_01,10.0,3
2024-07-06,Meta,fb_prospect_01,20.0,2
2024-07-06,Meta,fb_prospect_01,40.0,2
2024-07-06,Meta,fb_prospect_02,0.0,9
2024-07-06,Meta,fb_prospect_02,5.0,8
2024-07-06,Meta,fb_prospect_02,10.0,4
2024-07-06,Meta,fb_prospect_02,20.0,2
2024-07-06,Meta,fb_prospect_02,63.0,1
2024-07-06,Google App Campaigns,goog_ac_01,0.0,3
2024-07-06,Google App Campaigns,goog_ac_01,5.0,3
2024-07-06,Google App Campaigns,goog_ac_01,10.0,1
2024-07-06,Google App Campaigns,goog_ac_01,20.0,2
2024-07-06,Google App Campaigns,goog_ac_01,40.0,1
2024-07-06,Google App Campaigns,goog_ac_02,,5
2024-07-06,Google Brand Search,goog_brand_01,0.0,7
2024-07-06,Google Brand Search,goog_brand_01,5.0,3
2024-07-06,Google Brand Search,goog_brand_01,10.0,3
2024-07-06,Google Brand Search,goog_brand_01,20.0,3
2024-07-06,Google Brand Search,goog_brand_01,40.0,1
2024-07-06,Google Non-Brand Search,goog_search_01,0.0,4
2024-07-06,Google Non-Brand Search,goog_search_01,5.0,7
2024-07-06,Google Non-Brand Search,goog_search_01,10.0,1
2024-07-06,Google Non-Brand Search,goog_search_01,20.0,3
2024-07-06,Google Non-Brand Search,goog_search_01,40.0,3
2024-07-06,TikTok,tiktok_upper_01,,8
2024-07-06,TikTok,tiktok_upper_02,0.0,3
2024-07-06,TikTok,tiktok_upper_02,5.0,5
2024-07-06,TikTok,tiktok_upper_02,10.0,2
2024-07-06,TikTok,tiktok_upper_02,20.0,1
2024-07-07,Meta,fb_prospect_01,0.0,5
2024-07-07,Meta,fb_prospect_01,5.0,5
2024-07-07,Meta,fb_prospect_01,10.0,7
2024-07-07,Meta,fb_prospect_01,20.0,5
2024-07-07,Meta,fb_prospect_01,40.0,1
2024-07-07,Meta,fb_prospect_02,0.0,4
2024-07-07,Meta,fb_prospect_02,5.0,8
2024-07-07,Meta,fb_prospect_02,10.0,1
2024-07-07,Meta,fb_prospect_02,20.0,2
2024-07-07,Meta,fb_prospect_02,63.0,1
2024-07-07,Google App Campaigns,goog_ac_01,,8
2024-07-07,Google App Campaigns,goog_ac_02,0.0,3
2024-07-07,Google App Campaigns,goog_ac_02,5.0,3
2024-07-07,Google App Campaigns,goog_ac_02,10.0,5
2024-07-07,Google App Campaigns,goog_ac_02,63.0,1
2024-07-07,Google Brand Search,goog_brand_01,0.0,1
2024-07-07,Google Brand Search,goog_brand_01,5.0,4
2024-07-07,Google Brand Search,goog_brand_01,10.0,4
2024-07-07,Google Brand Search,goog_brand_01,20.0,4
2024-07-07,Google Brand Search,goog_brand_01,40.0,1
2024-07-07,Google Brand Search,goog_brand_01,63.0,2
2024-07-07,Google Non-Brand Search,goog_search_01,0.0,2
2024-07-07,Google Non-Brand Search,goog_search_01,5.0,3
2024-07-07,Google Non-Brand Search,goog_search_01,10.0,8
2024-07-07,Google Non-Brand Search,goog_search_01,20.0,4
2024-07-07,Google Non-Brand Search,goog_search_01,40.0,2
2024-07-07,Google Non-Brand Search,goog_search_01,63.0,3
2024-07-07,TikTok,tiktok_upper_01,0.0,6
2024-07-07,TikTok,tiktok_upper_01,5.0,3
2024-07-07,TikTok,tiktok_upper_01,10.0,1
2024-07-07,TikTok,tiktok_upper_01,40.0,1
2024-07-07,TikTok,tiktok_upper_02,,9
2024-07-08,Meta,fb_prospect_01,0.0,7
2024-07-08,Meta,fb_prospect_01,5.0,1
2024-07-08,Meta,fb_prospect_01,10.0,5
2024-07-08,Meta,fb_prospect_01,20.0,1
2024-07-08,Meta,fb_prospect_01,63.0,1
2024-07-08,Meta,fb_prospect_02,0.0,4
2024-07-08,Meta,fb_prospect_02,5.0,9
2024-07-08,Meta,fb_prospect_02,10.0,5
2024-07-08,Meta,fb_prospect_02,20.0,4
2024-07-08,Meta,fb_prospect_02,40.0,1
2024-07-08,Google App Campaigns,goog_ac_01,0.0,3
2024-07-08,Google App Campaigns,goog_ac_01,5.0,2
2024-07-08,Google App Campaigns,goog_ac_01,10.0,4
2024-07-08,Google App Campaigns,goog_ac_01,20.0,1
2024-07-08,Google App Campaigns,goog_ac_02,0.0,4
2024-07-08,Google App Campaigns,goog_ac_02,5.0,4
2024-07-08,Google App Campaigns,goog_ac_02,10.0,2
2024-07-08,Google App Campaigns,goog_ac_02,20.0,1
2024-07-08,Google App Campaigns,goog_ac_02,63.0,1
2024-07-08,Google Brand Search,goog_brand_01,5.0,4
2024-07-08,Google Brand Search,goog_brand_01,10.0,5
2024-07-08,Google Brand Search,goog_brand_01,20.0,4
2024-07-08,Google Brand Search,goog_brand_01,63.0,1
2024-07-08,Google Non-Brand Search,goog_search_01,0.0,3
2024-07-08,Google Non-Brand Search,goog_search_01,5.0,9
2024-07-08,Google Non-Brand Search,goog_search_01,10.0,3
2024-07-08,Google Non-Brand Search,goog_search_01,20.0,5
2024-07-08,TikTok,tiktok_upper_01,0.0,4
2024-07-08,TikTok,tiktok_upper_01,5.0,5
2024-07-08,TikTok,tiktok_upper_01,10.0,1
2024-07-08,TikTok,tiktok_upper_02,0.0,5
2024-07-08,TikTok,tiktok_upper_02,5.0,6
2024-07-08,TikTok,tiktok_upper_02,10.0,1
2024-07-08,TikTok,tiktok_upper_02,20.0,1
2024-07-09,Meta,fb_prospect_01,0.0,7
2024-07-09,Meta,fb_prospect_01,5.0,5
2024-07-09,Meta,fb_prospect_01,10.0,2
2024-07-09,Meta,fb_prospect_01,63.0,2
2024-07-09,Meta,fb_prospect_02,0.0,6
2024-07-09,Meta,fb_prospect_02,5.0,3
2024-07-09,Meta,fb_prospect_02,10.0,6
2024-07-09,Meta,fb_prospect_02,20.0,1
2024-07-09,Google App Campaigns,goog_ac_01,,7
2024-07-09,Google App Campaigns,goog_ac_02,,7
2024-07-09,Google Brand Search,goog_brand_01,10.0,8
2024-07-09,Google Brand Search,goog_brand_01,20.0,3
2024-07-09,Google Brand Search,goog_brand_01,40.0,3
2024-07-09,Google Brand Search,goog_brand_01,63.0,1
2024-07-09,Google Non-Brand Search,goog_search_01,0.0,6
2024-07-09,Google Non-Brand Search,goog_search_01,5.0,5
2024-07-09,Google Non-Brand Search,goog_search_01,10.0,4
2024-07-09,Google Non-Brand Search,goog_search_01,20.0,2
2024-07-09,Google Non-Brand Search,goog_search_01,63.0,1
2024-07-09,TikTok,tiktok_upper_01,,7
2024-07-09,TikTok,tiktok_upper_02,,8
2024-07-10,Meta,fb_prospect_01,0.0,6
2024-07-10,Meta,fb_prospect_01,5.0,5
2024-07-10,Meta,fb_prospect_01,10.0,4
2024-07-10,Meta,fb_prospect_01,20.0,2
2024-07-10,Meta,fb_prospect_02,0.0,4
2024-07-10,Meta,fb_prospect_02,5.0,4
2024-07-10,Meta,fb_prospect_02,10.0,3
2024-07-10,Meta,fb_prospect_02,63.0,2
2024-07-10,Google App Campaigns,goog_ac_01,0.0,4
2024-07-10,Google App Campaigns,goog_ac_01,5.0,6
2024-07-10,Google App Campaigns,goog_ac_01,10.0,2
2024-07-10,Google App Campaigns,goog_ac_02,0.0,3
2024-07-10,Google App Campaigns,goog_ac_02,5.0,3
2024-07-10,Google App Campaigns,goog_ac_02,10.0,4
2024-07-10,Google App Campaigns,goog_ac_02,20.0,1
2024-07-10,Google Brand Search,goog_brand_01,0.0,3
2024-07-10,Google Brand Search,goog_brand_01,5.0,6
2024-07-10,Google Brand Search,goog_brand_01,10.0,1
2024-07-10,Google Brand Search,goog_brand_01,20.0,2
2024-07-10,Google Brand Search,goog_brand_01,40.0,2
2024-07-10,Google Non-Brand Search,goog_search_01,0.0,2
2024-07-10,Google Non-Brand Search,goog_search_01,5.0,6
2024-07-10,Google Non-Brand Search,goog_search_01,10.0,5
2024-07-10,Google Non-Brand Search,goog_search_01,20.0,1
2024-07-10,Google Non-Brand Search,goog_search_01,63.0,1
2024-07-10,TikTok,tiktok_upper_01,,5
2024-07-10,TikTok,tiktok_upper_02,,7
2024-07-11,Meta,fb_prospect_01,0.0,2
2024-07-11,Meta,fb_prospect_01,5.0,3
2024-07-11,Meta,fb_prospect_01,10.0,5
2024-07-11,Meta,fb_prospect_01,20.0,3
2024-07-11,Meta,fb_prospect_01,40.0,1
2024-07-11,Meta,fb_prospect_01,63.0,1
2024-07-11,Meta,fb_prospect_02,0.0,6
2024-07-11,Meta,fb_prospect_02,5.0,5
2024-07-11,Meta,fb_prospect_02,10.0,2
2024-07-11,Meta,fb_prospect_02,40.0,1
2024-07-11,Google App Campaigns,goog_ac_01,5.0,3
2024-07-11,Google App Campaigns,goog_ac_01,10.0,4
2024-07-11,Google App Campaigns,goog_ac_01,20.0,2
2024-07-11,Google App Campaigns,goog_ac_01,40.0,1
2024-07-11,Google App Campaigns,goog_ac_01,63.0,1
2024-07-11,Google App Campaigns,goog_ac_02,,7
2024-07-11,Google Brand Search,goog_brand_01,0.0,2
2024-07-11,Google Brand Search,goog_brand_01,5.0,4
2024-07-11,Google Brand Search,goog_brand_01,10.0,5
2024-07-11,Google Brand Search,goog_brand_01,20.0,3
2024-07-11,Google Brand Search,goog_brand_01,40.0,1
2024-07-11,Google Brand Search,goog_brand_01,63.0,3
2024-07-11,Google Non-Brand Search,goog_search_01,0.0,5
2024-07-11,Google Non-Brand Search,goog_search_01,5.0,3
2024-07-11,Google Non-Brand Search,goog_search_01,10.0,7
2024-07-11,Google Non-Brand Search,goog_search_01,20.0,5
2024-07-11,Google Non-Brand Search,goog_search_01,40.0,3
2024-07-11,TikTok,tiktok_upper_01,,9
2024-07-11,TikTok,tiktok_upper_02,,8
2024-07-12,Meta,fb_prospect_01,0.0,4
2024-07-12,Meta,fb_prospect_01,5.0,3
2024-07-12,Meta,fb_prospect_01,10.0,3
2024-07-12,Meta,fb_prospect_01,20.0,2
2024-07-12,Meta,fb_prospect_01,63.0,1
2024-07-12,Meta,fb_prospect_02,0.0,7
2024-07-12,Meta,fb_prospect_02,5.0,7
2024-07-12,Meta,fb_prospect_02,10.0,5
2024-07-12,Meta,fb_prospect_02,20.0,2
2024-07-12,Google App Campaigns,goog_ac_01,0.0,2
2024-07-12,Google App Campaigns,goog_ac_01,5.0,5
2024-07-12,Google App Campaigns,goog_ac_01,10.0,3
2024-07-12,Google App Campaigns,goog_ac_01,20.0,3
2024-07-12,Google App Campaigns,goog_ac_02,0.0,4
2024-07-12,Google App Campaigns,goog_ac_02,10.0,5
2024-07-12,Google App Campaigns,goog_ac_02,20.0,1
2024-07-12,Google App Campaigns,goog_ac_02,40.0,1
2024-07-12,Google Brand Search,goog_brand_01,0.0,1
2024-07-12,Google Brand Search,goog_brand_01,5.0,4
2024-07-12,Google Brand Search,goog_brand_01,10.0,4
2024-07-12,Google Brand Search,goog_brand_01,20.0,1
2024-07-12,Google Brand Search,goog_brand_01,63.0,2
2024-07-12,Google Non-Brand Search,goog_search_01,0.0,4
2024-07-12,Google Non-Brand Search,goog_search_01,5.0,4
2024-07-12,Google Non-Brand Search,goog_search_01,10.0,2
2024-07-12,Google Non-Brand Search,goog_search_01,20.0,4
2024-07-12,Google Non-Brand Search,goog_search_01,40.0,2
2024-07-12,Google Non-Brand Search,goog_search_01,63.0,1
2024-07-12,TikTok,tiktok_upper_01,,6
2024-07-12,TikTok,tiktok_upper_02,0.0,4
2024-07-12,TikTok,tiktok_upper_02,5.0,4
2024-07-12,TikTok,tiktok_upper_02,10.0,1
2024-07-12,TikTok,tiktok_upper_02,40.0,1
2024-07-13,Meta,fb_prospect_01,0.0,6
2024-07-13,Meta,fb_prospect_01,5.0,11
2024-07-13,Meta,fb_prospect_01,10.0,9
2024-07-13,Meta,fb_prospect_01,20.0,2
2024-07-13,Meta,fb_prospect_01,63.0,1
2024-07-13,Meta,fb_prospect_02,0.0,11
2024-07-13,Meta,fb_prospect_02,5.0,6
2024-07-13,Meta,fb_prospect_02,10.0,9
2024-07-13,Meta,fb_prospect_02,20.0,1
2024-07-13,Meta,fb_prospect_02,40.0,1
2024-07-13,Google App Campaigns,goog_ac_01,0.0,5
2024-07-13,Google App Campaigns,goog_ac_01,10.0,2
2024-07-13,Google App Campaigns,goog_ac_01,20.0,1
2024-07-13,Google App Campaigns,goog_ac_01,40.0,1
2024-07-13,Google App Campaigns,goog_ac_01,63.0,1
2024-07-13,Google App Campaigns,goog_ac_02,0.0,5
2024-07-13,Google App Campaigns,goog_ac_02,5.0,1
2024-07-13,Google App Campaigns,goog_ac_02,10.0,5
2024-07-13,Google App Campaigns,goog_ac_02,20.0,1
2024-07-13,Google App Campaigns,goog_ac_02,40.0,1
2024-07-13,Google App Campaigns,goog_ac_02,63.0,1
2024-07-13,Google Brand Search,goog_brand_01,0.0,5
2024-07-13,Google Brand Search,goog_brand_01,5.0,3
2024-07-13,Google Brand Search,goog_brand_01,10.0,6
2024-07-13,Google Brand Search,goog_brand_01,20.0,1
2024-07-13,Google Non-Brand Search,goog_search_01,0.0,4
2024-07-13,Google Non-Brand Search,goog_search_01,5.0,5
2024-07-13,Google Non-Brand Search,goog_search_01,10.0,1
2024-07-13,Google Non-Brand Search,goog_search_01,20.0,2
2024-07-13,Google Non-Brand Search,goog_search_01,40.0,2
2024-07-13,Google Non-Brand Search,goog_search_01,63.0,1
2024-07-13,TikTok,tiktok_upper_01,0.0,3
2024-07-13,TikTok,tiktok_upper_01,5.0,4
2024-07-13,TikTok,tiktok_upper_01,10.0,4
2024-07-13,TikTok,tiktok_upper_01,63.0,2
2024-07-13,TikTok,tiktok_upper_02,,9
2024-07-14,Meta,fb_prospect_01,0.0,7
2024-07-14,Meta,fb_prospect_01,5.0,6
2024-07-14,Meta,fb_prospect_01,10.0,9
2024-07-14,Meta,fb_prospect_01,40.0,2
2024-07-14,Meta,fb_prospect_01,63.0,1
2024-07-14,Meta,fb_prospect_02,0.0,3
2024-07-14,Meta,fb_prospect_02,5.0,8
2024-07-14,Meta,fb_prospect_02,10.0,6
2024-07-14,Meta,fb_prospect_02,40.0,2
2024-07-14,Google App Campaigns,goog_ac_01,0.0,3
2024-07-14,Google App Campaigns,goog_ac_01,5.0,2
2024-07-14,Google App Campaigns,goog_ac_01,10.0,5
2024-07-14,Google App Campaigns,goog_ac_01,20.0,3
2024-07-14,Google App Campaigns,goog_ac_02,0.0,2
2024-07-14,Google App Campaigns,goog_ac_02,5.0,4
2024-07-14,Google App Campaigns,goog_ac_02,10.0,3
2024-07-14,Google App Campaigns,goog_ac_02,20.0,1
2024-07-14,Google Brand Search,goog_brand_01,0.0,4
2024-07-14,Google Brand Search,goog_brand_01,5.0,4
2024-07-14,Google Brand Search,goog_brand_01,10.0,4
2024-07-14,Google Brand Search,goog_brand_01,20.0,4
2024-07-14,Google Brand Search,goog_brand_01,40.0,2
2024-07-14,Google Brand Search,goog_brand_01,63.0,1
2024-07-14,Google Non-Brand Search,goog_search_01,0.0,3
2024-07-14,Google Non-Brand Search,goog_search_01,5.0,4
2024-07-14,Google Non-Brand Search,goog_search_01,10.0,5
2024-07-14,Google Non-Brand Search,goog_search_01,20.0,3
2024-07-14,Google Non-Brand Search,goog_search_01,63.0,1
2024-07-14,TikTok,tiktok_upper_01,,9
2024-07-14,TikTok,tiktok_upper_02,,8
2024-07-15,Meta,fb_prospect_01,0.0,8
2024-07-15,Meta,fb_prospect_01,5.0,3
2024-07-15,Meta,fb_prospect_01,10.0,6
2024-07-15,Meta,fb_prospect_01,20.0,1
2024-07-15,Meta,fb_prospect_01,40.0,2
2024-07-15,Meta,fb_prospect_02,0.0,7
2024-07-15,Meta,fb_prospect_02,5.0,5
2024-07-15,Meta,fb_prospect_02,10.0,8
2024-07-15,Meta,fb_prospect_02,20.0,2
2024-07-15,Meta,fb_prospect_02,40.0,4
2024-07-15,Google App Campaigns,goog_ac_01,0.0,5
2024-07-15,Google App Campaigns,goog_ac_01,5.0,1
2024-07-15,Google App Campaigns,goog_ac_01,10.0,4
2024-07-15,Google App Campaigns,goog_ac_01,40.0,3
2024-07-15,Google App Campaigns,goog_ac_02,,9
2024-07-15,Google Brand Search,goog_brand_01,0.0,6
2024-07-15,Google Brand Search,goog_brand_01,5.0,4
2024-07-15,Google Brand Search,goog_brand_01,10.0,5
2024-07-15,Google Brand Search,goog_brand_01,20.0,6
2024-07-15,Google Non-Brand Search,goog_search_01,0.0,3
2024-07-15,Google Non-Brand Search,goog_search_01,5.0,3
2024-07-15,Google Non-Brand Search,goog_search_01,10.0,4
2024-07-15,Google Non-Brand Search,goog_search_01,20.0,2
2024-07-15,Google Non-Brand Search,goog_search_01,40.0,4
2024-07-15,Google Non-Brand Search,goog_search_01,63.0,1
2024-07-15,TikTok,tiktok_upper_01,,9
2024-07-15,TikTok,tiktok_upper_02,0.0,7
2024-07-15,TikTok,tiktok_upper_02,5.0,2
2024-07-15,TikTok,tiktok_upper_02,10.0,4
2024-07-15,TikTok,tiktok_upper_02,20.0,1
2024-07-16,Meta,fb_prospect_01,0.0,5
2024-07-16,Meta,fb_prospect_01,5.0,6
2024-07-16,Meta,fb_prospect_01,10.0,8
2024-07-16,Meta,fb_prospect_01,20.0,2
2024-07-16,Meta,fb_prospect_01,40.0,2
2024-07-16,Meta,fb_prospect_02,0.0,5
2024-07-16,Meta,fb_prospect_02,5.0,3
2024-07-16,Meta,fb_prospect_02,10.0,7
2024-07-16,Meta,fb_prospect_02,20.0,1
2024-07-16,Google App Campaigns,goog_ac_01,0.0,5
2024-07-16,Google App Campaigns,goog_ac_01,5.0,1
2024-07-16,Google App Campaigns,goog_ac_01,10.0,4
2024-07-16,Google App Campaigns,goog_ac_01,20.0,1
2024-07-16,Google App Campaigns,goog_ac_02,0.0,5
2024-07-16,Google App Campaigns,goog_ac_02,10.0,3
2024-07-16,Google App Campaigns,goog_ac_02,20.0,2
2024-07-16,Google App Campaigns,goog_ac_02,40.0,1
2024-07-16,Google Brand Search,goog_brand_01,0.0,2
2024-07-16,Google Brand Search,goog_brand_01,5.0,3
2024-07-16,Google Brand Search,goog_brand_01,10.0,4
2024-07-16,Google Brand Search,goog_brand_01,20.0,1
2024-07-16,Google Brand Search,goog_brand_01,40.0,1
2024-07-16,Google Non-Brand Search,goog_search_01,0.0,3
2024-07-16,Google Non-Brand Search,goog_search_01,5.0,1
2024-07-16,Google Non-Brand Search,goog_search_01,10.0,4
2024-07-16,Google Non-Brand Search,goog_search_01,20.0,3
2024-07-16,Google Non-Brand Search,goog_search_01,40.0,1
2024-07-16,Google Non-Brand Search,goog_search_01,63.0,3
2024-07-16,TikTok,tiktok_upper_01,,5
2024-07-16,TikTok,tiktok_upper_02,,8
2024-07-17,Meta,fb_prospect_01,0.0,7
2024-07-17,Meta,fb_prospect_01,5.0,4
2024-07-17,Meta,fb_prospect_01,10.0,3
2024-07-17,Meta,fb_prospect_02,0.0,7
2024-07-17,Meta,fb_prospect_02,5.0,4
2024-07-17,Meta,fb_prospect_02,10.0,4
2024-07-17,Meta,fb_prospect_02,40.0,2
2024-07-17,Google App Campaigns,goog_ac_01,0.0,5
2024-07-17,Google App Campaigns,goog_ac_01,5.0,1
2024-07-17,Google App Campaigns,goog_ac_01,10.0,5
2024-07-17,Google App Campaigns,goog_ac_01,20.0,1
2024-07-17,Google App Campaigns,goog_ac_02,,9
2024-07-17,Google Brand Search,goog_brand_01,,7
2024-07-17,Google Non-Brand Search,goog_search_01,5.0,3
2024-07-17,Google Non-Brand Search,goog_search_01,10.0,4
2024-07-17,Google Non-Brand Search,goog_search_01,20.0,4
2024-07-17,Google Non-Brand Search,goog_search_01,40.0,2
2024-07-17,Google Non-Brand Search,goog_search_01,63.0,2
2024-07-17,TikTok,tiktok_upper_01,,7
2024-07-17,TikTok,tiktok_upper_02,,5
2024-07-18,Meta,fb_prospect_01,0.0,3
2024-07-18,Meta,fb_prospect_01,5.0,2
2024-07-18,Meta,fb_prospect_01,10.0,2
2024-07-18,Meta,fb_prospect_01,20.0,6
2024-07-18,Meta,fb_prospect_01,63.0,2
2024-07-18,Meta,fb_prospect_02,0.0,6
2024-07-18,Meta,fb_prospect_02,5.0,4
2024-07-18,Meta,fb_prospect_02,10.0,3
2024-07-18,Meta,fb_prospect_02,20.0,3
2024-07-18,Google App Campaigns,goog_ac_01,0.0,4
2024-07-18,Google App Campaigns,goog_ac_01,5.0,4
2024-07-18,Google App Campaigns,goog_ac_01,10.0,3
2024-07-18,Google App Campaigns,goog_ac_01,20.0,1
2024-07-18,Google App Campaigns,goog_ac_02,,8
2024-07-18,Google Brand Search,goog_brand_01,0.0,2
2024-07-18,Google Brand Search,goog_brand_01,5.0,2
2024-07-18,Google Brand Search,goog_brand_01,10.0,6
2024-07-18,Google Brand Search,goog_brand_01,20.0,2
2024-07-18,Google Brand Search,goog_brand_01,40.0,1
2024-07-18,Google Brand Search,goog_brand_01,63.0,1
2024-07-18,Google Non-Brand Search,goog_search_01,0.0,5
2024-07-18,Google Non-Brand Search,goog_search_01,5.0,2
2024-07-18,Google Non-Brand Search,goog_search_01,10.0,5
2024-07-18,Google Non-Brand Search,goog_search_01,20.0,2
2024-07-18,Google Non-Brand Search,goog_search_01,40.0,1
2024-07-18,TikTok,tiktok_upper_01,0.0,4
2024-07-18,TikTok,tiktok_upper_01,5.0,4
2024-07-18,TikTok,tiktok_upper_01,10.0,3
2024-07-18,TikTok,tiktok_upper_02,,5
2024-07-19,Meta,fb_prospect_01,0.0,4
2024-07-19,Meta,fb_prospect_01,5.0,3
2024-07-19,Meta,fb_prospect_01,10.0,5
2024-07-19,Meta,fb_prospect_01,20.0,2
2024-07-19,Meta,fb_prospect_01,63.0,1
2024-07-19,Meta,fb_prospect_02,0.0,7
2024-07-19,Meta,fb_prospect_02,5.0,6
2024-07-19,Meta,fb_prospect_02,10.0,1
2024-07-19,Meta,fb_prospect_02,20.0,3
2024-07-19,Meta,fb_prospect_02,63.0,1
2024-07-19,Google App Campaigns,goog_ac_01,,9
2024-07-19,Google App Campaigns,goog_ac_02,,9
2024-07-19,Google Brand Search,goog_brand_01,0.0,6
2024-07-19,Google Brand Search,goog_brand_01,5.0,3
2024-07-19,Google Brand Search,goog_brand_01,10.0,4
2024-07-19,Google Brand Search,goog_brand_01,20.0,3
2024-07-19,Google Brand Search,goog_brand_01,40.0,1
2024-07-19,Google Brand Search,goog_brand_01,63.0,1
2024-07-19,Google Non-Brand Search,goog_search_01,0.0,2
2024-07-19,Google Non-Brand Search,goog_search_01,5.0,3
2024-07-19,Google Non-Brand Search,goog_search_01,10.0,6
2024-07-19,Google Non-Brand Search,goog_search_01,20.0,3
2024-07-19,Google Non-Brand Search,goog_search_01,40.0,1
2024-07-19,TikTok,tiktok_upper_01,,8
2024-07-19,TikTok,tiktok_upper_02,,6
2024-07-20,Meta,fb_prospect_01,0.0,7
2024-07-20,Meta,fb_prospect_01,5.0,4
2024-07-20,Meta,fb_prospect_01,10.0,3
2024-07-20,Meta,fb_prospect_01,20.0,2
2024-07-20,Meta,fb_prospect_02,0.0,3
2024-07-20,Meta,fb_prospect_02,5.0,7
2024-07-20,Meta,fb_prospect_02,10.0,8
2024-07-20,Meta,fb_prospect_02,20.0,3
2024-07-20,Meta,fb_prospect_02,40.0,1
2024-07-20,Meta,fb_prospect_02,63.0,1
2024-07-20,Google App Campaigns,goog_ac_01,,8
2024-07-20,Google App Campaigns,goog_ac_02,0.0,7
2024-07-20,Google App Campaigns,goog_ac_02,5.0,6
2024-07-20,Google App Campaigns,goog_ac_02,10.0,2
2024-07-20,Google App Campaigns,goog_ac_02,40.0,1
2024-07-20,Google Brand Search,goog_brand_01,0.0,4
2024-07-20,Google Brand Search,goog_brand_01,5.0,2
2024-07-20,Google Brand Search,goog_brand_01,10.0,1
2024-07-20,Google Brand Search,goog_brand_01,20.0,3
2024-07-20,Google Brand Search,goog_brand_01,40.0,2
2024-07-20,Google Brand Search,goog_brand_01,63.0,2
2024-07-20,Google Non-Brand Search,goog_search_01,,8
2024-07-20,TikTok,tiktok_upper_01,0.0,4
2024-07-20,TikTok,tiktok_upper_01,5.0,5
2024-07-20,TikTok,tiktok_upper_01,10.0,1
2024-07-20,TikTok,tiktok_upper_02,,9
2024-07-21,Meta,fb_prospect_01,0.0,4
2024-07-21,Meta,fb_prospect_01,5.0,5
2024-07-21,Meta,fb_prospect_01,10.0,8
2024-07-21,Meta,fb_prospect_01,20.0,1
2024-07-21,Meta,fb_prospect_01,63.0,1
2024-07-21,Meta,fb_prospect_02,0.0,5
2024-07-21,Meta,fb_prospect_02,5.0,5
2024-07-21,Meta,fb_prospect_02,10.0,9
2024-07-21,Meta,fb_prospect_02,40.0,1
2024-07-21,Meta,fb_prospect_02,63.0,2
2024-07-21,Google App Campaigns,goog_ac_01,0.0,2
2024-07-21,Google App Campaigns,goog_ac_01,5.0,4
2024-07-21,Google App Campaigns,goog_ac_01,10.0,3
2024-07-21,Google App Campaigns,goog_ac_01,20.0,1
2024-07-21,Google App Campaigns,goog_ac_01,40.0,1
2024-07-21,Google App Campaigns,goog_ac_01,63.0,1
2024-07-21,Google App Campaigns,goog_ac_02,,9
2024-07-21,Google Brand Search,goog_brand_01,0.0,4
2024-07-21,Google Brand Search,goog_brand_01,5.0,6
2024-07-21,Google Brand Search,goog_brand_01,10.0,2
2024-07-21,Google Brand Search,goog_brand_01,20.0,3
2024-07-21,Google Brand Search,goog_brand_01,40.0,5
2024-07-21,Google Non-Brand Search,goog_search_01,0.0,8
2024-07-21,Google Non-Brand Search,goog_search_01,5.0,2
2024-07-21,Google Non-Brand Search,goog_search_01,10.0,7
2024-07-21,Google Non-Brand Search,goog_search_01,20.0,4
2024-07-21,Google Non-Brand Search,goog_search_01,40.0,3
2024-07-21,Google Non-Brand Search,goog_search_01,63.0,2
2024-07-21,TikTok,tiktok_upper_01,,8
2024-07-21,TikTok,tiktok_upper_02,,7
2024-07-22,Meta,fb_prospect_01,0.0,7
2024-07-22,Meta,fb_prospect_01,5.0,6
2024-07-22,Meta,fb_prospect_01,10.0,4
2024-07-22,Meta,fb_prospect_01,20.0,3
2024-07-22,Meta,fb_prospect_02,0.0,7
2024-07-22,Meta,fb_prospect_02,5.0,10
2024-07-22,Meta,fb_prospect_02,10.0,5
2024-07-22,Meta,fb_prospect_02,20.0,7
2024-07-22,Meta,fb_prospect_02,40.0,1
2024-07-22,Google App Campaigns,goog_ac_01,0.0,1
2024-07-22,Google App Campaigns,goog_ac_01,5.0,4
2024-07-22,Google App Campaigns,goog_ac_01,10.0,5
2024-07-22,Google App Campaigns,goog_ac_01,63.0,3
2024-07-22,Google App Campaigns,goog_ac_02,,9
2024-07-22,Google Brand Search,goog_brand_01,0.0,7
2024-07-22,Google Brand Search,goog_brand_01,5.0,8
2024-07-22,Google Brand Search,goog_brand_01,10.0,3
2024-07-22,Google Brand Search,goog_brand_01,20.0,4
2024-07-22,Google Brand Search,goog_brand_01,40.0,2
2024-07-22,Google Brand Search,goog_brand_01,63.0,1
2024-07-22,Google Non-Brand Search,goog_search_01,0.0,5
2024-07-22,Google Non-Brand Search,goog_search_01,5.0,3
2024-07-22,Google Non-Brand Search,goog_search_01,10.0,5
2024-07-22,Google Non-Brand Search,goog_search_01,20.0,5
2024-07-22,Google Non-Brand Search,goog_search_01,40.0,2
2024-07-22,TikTok,tiktok_upper_01,0.0,8
2024-07-22,TikTok,tiktok_upper_01,5.0,4
2024-07-22,TikTok,tiktok_upper_01,10.0,1
2024-07-22,TikTok,tiktok_upper_02,0.0,6
2024-07-22,TikTok,tiktok_upper_02,5.0,5
2024-07-22,TikTok,tiktok_upper_02,10.0,2
2024-07-23,Meta,fb_prospect_01,0.0,5
2024-07-23,Meta,fb_prospect_01,5.0,4
2024-07-23,Meta,fb_prospect_01,10.0,3
2024-07-23,Meta,fb_prospect_01,20.0,1
2024-07-23,Meta,fb_prospect_01,40.0,2
2024-07-23,Meta,fb_prospect_02,0.0,2
2024-07-23,Meta,fb_prospect_02,5.0,6
2024-07-23,Meta,fb_prospect_02,10.0,9
2024-07-23,Meta,fb_prospect_02,20.0,3
2024-07-23,Meta,fb_prospect_02,63.0,2
2024-07-23,Google App Campaigns,goog_ac_01,0.0,3
2024-07-23,Google App Campaigns,goog_ac_01,5.0,3
2024-07-23,Google App Campaigns,goog_ac_01,10.0,1
2024-07-23,Google App Campaigns,goog_ac_01,20.0,1
2024-07-23,Google App Campaigns,goog_ac_01,40.0,1
2024-07-23,Google App Campaigns,goog_ac_01,63.0,1
2024-07-23,Google App Campaigns,goog_ac_02,0.0,5
2024-07-23,Google App Campaigns,goog_ac_02,5.0,3
2024-07-23,Google App Campaigns,goog_ac_02,10.0,1
2024-07-23,Google App Campaigns,goog_ac_02,40.0,2
2024-07-23,Google Brand Search,goog_brand_01,0.0,4
2024-07-23,Google Brand Search,goog_brand_01,5.0,2
2024-07-23,Google Brand Search,goog_brand_01,10.0,3
2024-07-23,Google Brand Search,goog_brand_01,20.0,1
2024-07-23,Google Non-Brand Search,goog_search_01,0.0,5
2024-07-23,Google Non-Brand Search,goog_search_01,5.0,3
2024-07-23,Google Non-Brand Search,goog_search_01,10.0,2
2024-07-23,Google Non-Brand Search,goog_search_01,20.0,2
2024-07-23,Google Non-Brand Search,goog_search_01,63.0,1
2024-07-23,TikTok,tiktok_upper_01,,4
2024-07-23,TikTok,tiktok_upper_02,,5
2024-07-24,Meta,fb_prospect_01,0.0,2
2024-07-24,Meta,fb_prospect_01,5.0,6
2024-07-24,Meta,fb_prospect_01,10.0,9
2024-07-24,Meta,fb_prospect_01,20.0,1
2024-07-24,Meta,fb_prospect_02,0.0,2
2024-07-24,Meta,fb_prospect_02,5.0,5
2024-07-24,Meta,fb_prospect_02,10.0,6
2024-07-24,Meta,fb_prospect_02,20.0,2
2024-07-24,Google App Campaigns,goog_ac_01,,8
2024-07-24,Google App Campaigns,goog_ac_02,,8
2024-07-24,Google Brand Search,goog_brand_01,0.0,3
2024-07-24,Google Brand Search,goog_brand_01,5.0,3
2024-07-24,Google Brand Search,goog_brand_01,10.0,3
2024-07-24,Google Brand Search,goog_brand_01,20.0,2
2024-07-24,Google Brand Search,goog_brand_01,40.0,1
2024-07-24,Google Brand Search,goog_brand_01,63.0,2
2024-07-24,Google Non-Brand Search,goog_search_01,0.0,3
2024-07-24,Google Non-Brand Search,goog_search_01,5.0,2
2024-07-24,Google Non-Brand Search,goog_search_01,10.0,1
2024-07-24,Google Non-Brand Search,goog_search_01,20.0,4
2024-07-24,Google Non-Brand Search,goog_search_01,40.0,3
2024-07-24,Google Non-Brand Search,goog_search_01,63.0,4
2024-07-24,TikTok,tiktok_upper_01,0.0,4
2024-07-24,TikTok,tiktok_upper_01,5.0,4
2024-07-24,TikTok,tiktok_upper_01,10.0,2
2024-07-24,TikTok,tiktok_upper_02,0.0,6
2024-07-24,TikTok,tiktok_upper_02,5.0,5
2024-07-24,TikTok,tiktok_upper_02,10.0,1
2024-07-24,TikTok,tiktok_upper_02,20.0,1
2024-07-24,TikTok,tiktok_upper_02,40.0,1
2024-07-25,Meta,fb_prospect_01,0.0,4
2024-07-25,Meta,fb_prospect_01,5.0,4
2024-07-25,Meta,fb_prospect_01,10.0,3
2024-07-25,Meta,fb_prospect_01,20.0,1
2024-07-25,Meta,fb_prospect_02,0.0,6
2024-07-25,Meta,fb_prospect_02,5.0,1
2024-07-25,Meta,fb_prospect_02,10.0,5
2024-07-25,Google App Campaigns,goog_ac_01,,7
2024-07-25,Google App Campaigns,goog_ac_02,,9
2024-07-25,Google Brand Search,goog_brand_01,0.0,3
2024-07-25,Google Brand Search,goog_brand_01,5.0,4
2024-07-25,Google Brand Search,goog_brand_01,10.0,2
2024-07-25,Google Brand Search,goog_brand_01,20.0,1
2024-07-25,Google Brand Search,goog_brand_01,40.0,1
2024-07-25,Google Non-Brand Search,goog_search_01,0.0,3
2024-07-25,Google Non-Brand Search,goog_search_01,10.0,7
2024-07-25,Google Non-Brand Search,goog_search_01,20.0,2
2024-07-25,Google Non-Brand Search,goog_search_01,63.0,2
2024-07-25,TikTok,tiktok_upper_01,,6
2024-07-25,TikTok,tiktok_upper_02,0.0,5
2024-07-25,TikTok,tiktok_upper_02,5.0,4
2024-07-25,TikTok,tiktok_upper_02,20.0,1
2024-07-26,Meta,fb_prospect_01,0.0,4
2024-07-26,Meta,fb_prospect_01,5.0,4
2024-07-26,Meta,fb_prospect_01,10.0,7
2024-07-26,Meta,fb_prospect_01,20.0,3
2024-07-26,Meta,fb_prospect_01,40.0,1
2024-07-26,Meta,fb_prospect_02,0.0,2
2024-07-26,Meta,fb_prospect_02,5.0,6
2024-07-26,Meta,fb_prospect_02,10.0,9
2024-07-26,Meta,fb_prospect_02,20.0,2
2024-07-26,Meta,fb_prospect_02,40.0,1
2024-07-26,Google App Campaigns,goog_ac_01,0.0,3
2024-07-26,Google App Campaigns,goog_ac_01,5.0,5
2024-07-26,Google App Campaigns,goog_ac_01,10.0,1
2024-07-26,Google App Campaigns,goog_ac_01,20.0,2
2024-07-26,Google App Campaigns,goog_ac_02,0.0,4
2024-07-26,Google App Campaigns,goog_ac_02,5.0,2
2024-07-26,Google App Campaigns,goog_ac_02,10.0,1
2024-07-26,Google App Campaigns,goog_ac_02,20.0,4
2024-07-26,Google App Campaigns,goog_ac_02,40.0,1
2024-07-26,Google Brand Search,goog_brand_01,0.0,2
2024-07-26,Google Brand Search,goog_brand_01,5.0,8
2024-07-26,Google Brand Search,goog_brand_01,10.0,5
2024-07-26,Google Brand Search,goog_brand_01,20.0,3
2024-07-26,Google Brand Search,goog_brand_01,40.0,2
2024-07-26,Google Non-Brand Search,goog_search_01,0.0,1
2024-07-26,Google Non-Brand Search,goog_search_01,10.0,3
2024-07-26,Google Non-Brand Search,goog_search_01,20.0,6
2024-07-26,Google Non-Brand Search,goog_search_01,40.0,1
2024-07-26,Google Non-Brand Search,goog_search_01,63.0,1
2024-07-26,TikTok,tiktok_upper_01,,8
2024-07-26,TikTok,tiktok_upper_02,0.0,3
2024-07-26,TikTok,tiktok_upper_02,5.0,4
2024-07-26,TikTok,tiktok_upper_02,10.0,3
2024-07-27,Meta,fb_prospect_01,0.0,7
2024-07-27,Meta,fb_prospect_01,5.0,14
2024-07-27,Meta,fb_prospect_01,10.0,5
2024-07-27,Meta,fb_prospect_01,20.0,1
2024-07-27,Meta,fb_prospect_02,0.0,6
2024-07-27,Meta,fb_prospect_02,5.0,6
2024-07-27,Meta,fb_prospect_02,10.0,4
2024-07-27,Meta,fb_prospect_02,20.0,2
2024-07-27,Google App Campaigns,goog_ac_01,0.0,4
2024-07-27,Google App Campaigns,goog_ac_01,5.0,3
2024-07-27,Google App Campaigns,goog_ac_01,10.0,3
2024-07-27,Google App Campaigns,goog_ac_01,20.0,1
2024-07-27,Google App Campaigns,goog_ac_02,,6
2024-07-27,Google Brand Search,goog_brand_01,0.0,2
2024-07-27,Google Brand Search,goog_brand_01,5.0,2
2024-07-27,Google Brand Search,goog_brand_01,10.0,4
2024-07-27,Google Brand Search,goog_brand_01,20.0,3
2024-07-27,Google Brand Search,goog_brand_01,63.0,1
2024-07-27,Google Non-Brand Search,goog_search_01,0.0,3
2024-07-27,Google Non-Brand Search,goog_search_01,5.0,5
2024-07-27,Google Non-Brand Search,goog_search_01,10.0,11
2024-07-27,Google Non-Brand Search,goog_search_01,20.0,5
2024-07-27,Google Non-Brand Search,goog_search_01,40.0,3
2024-07-27,Google Non-Brand Search,goog_search_01,63.0,1
2024-07-27,TikTok,tiktok_upper_01,0.0,6
2024-07-27,TikTok,tiktok_upper_01,5.0,4
2024-07-27,TikTok,tiktok_upper_01,10.0,2
2024-07-27,TikTok,tiktok_upper_01,40.0,1
2024-07-27,TikTok,tiktok_upper_02,0.0,4
2024-07-27,TikTok,tiktok_upper_02,5.0,7
2024-07-27,TikTok,tiktok_upper_02,10.0,1
2024-07-27,TikTok,tiktok_upper_02,40.0,1
2024-07-28,Meta,fb_prospect_01,0.0,4
2024-07-28,Meta,fb_prospect_01,5.0,7
2024-07-28,Meta,fb_prospect_01,10.0,5
2024-07-28,Meta,fb_prospect_02,0.0,3
2024-07-28,Meta,fb_prospect_02,5.0,9
2024-07-28,Meta,fb_prospect_02,10.0,5
2024-07-28,Meta,fb_prospect_02,40.0,1
2024-07-28,Google App Campaigns,goog_ac_01,0.0,3
2024-07-28,Google App Campaigns,goog_ac_01,5.0,2
2024-07-28,Google App Campaigns,goog_ac_01,10.0,4
2024-07-28,Google App Campaigns,goog_ac_01,40.0,1
2024-07-28,Google App Campaigns,goog_ac_02,0.0,3
2024-07-28,Google App Campaigns,goog_ac_02,5.0,5
2024-07-28,Google App Campaigns,goog_ac_02,10.0,3
2024-07-28,Google App Campaigns,goog_ac_02,20.0,1
2024-07-28,Google Brand Search,goog_brand_01,0.0,3
2024-07-28,Google Brand Search,goog_brand_01,5.0,3
2024-07-28,Google Brand Search,goog_brand_01,10.0,5
2024-07-28,Google Brand Search,goog_brand_01,20.0,2
2024-07-28,Google Brand Search,goog_brand_01,63.0,1
2024-07-28,Google Non-Brand Search,goog_search_01,0.0,2
2024-07-28,Google Non-Brand Search,goog_search_01,5.0,5
2024-07-28,Google Non-Brand Search,goog_search_01,10.0,2
2024-07-28,Google Non-Brand Search,goog_search_01,20.0,1
2024-07-28,Google Non-Brand Search,goog_search_01,40.0,3
2024-07-28,Google Non-Brand Search,goog_search_01,63.0,2
2024-07-28,TikTok,tiktok_upper_01,,8
2024-07-28,TikTok,tiktok_upper_02,0.0,7
2024-07-28,TikTok,tiktok_upper_02,5.0,3
2024-07-28,TikTok,tiktok_upper_02,10.0,1
2024-07-28,TikTok,tiktok_upper_02,20.0,1
2024-07-29,Meta,fb_prospect_01,0.0,7
2024-07-29,Meta,fb_prospect_01,5.0,4
2024-07-29,Meta,fb_prospect_01,10.0,11
2024-07-29,Meta,fb_prospect_01,20.0,3
2024-07-29,Meta,fb_prospect_01,40.0,1
2024-07-29,Meta,fb_prospect_01,63.0,1
2024-07-29,Meta,fb_prospect_02,0.0,3
2024-07-29,Meta,fb_prospect_02,5.0,4
2024-07-29,Meta,fb_prospect_02,10.0,6
2024-07-29,Meta,fb_prospect_02,20.0,3
2024-07-29,Meta,fb_prospect_02,40.0,1
2024-07-29,Google App Campaigns,goog_ac_01,0.0,5
2024-07-29,Google App Campaigns,goog_ac_01,5.0,4
2024-07-29,Google App Campaigns,goog_ac_01,10.0,2
2024-07-29,Google App Campaigns,goog_ac_01,40.0,1
2024-07-29,Google App Campaigns,goog_ac_01,63.0,1
2024-07-29,Google App Campaigns,goog_ac_02,0.0,2
2024-07-29,Google App Campaigns,goog_ac_02,5.0,5
2024-07-29,Google App Campaigns,goog_ac_02,10.0,4
2024-07-29,Google App Campaigns,goog_ac_02,63.0,1
2024-07-29,Google Brand Search,goog_brand_01,0.0,4
2024-07-29,Google Brand Search,goog_brand_01,5.0,9
2024-07-29,Google Brand Search,goog_brand_01,10.0,2
2024-07-29,Google Brand Search,goog_brand_01,20.0,6
2024-07-29,Google Brand Search,goog_brand_01,63.0,2
2024-07-29,Google Non-Brand Search,goog_search_01,0.0,2
2024-07-29,Google Non-Brand Search,goog_search_01,5.0,5
2024-07-29,Google Non-Brand Search,goog_search_01,10.0,5
2024-07-29,Google Non-Brand Search,goog_search_01,20.0,8
2024-07-29,Google Non-Brand Search,goog_search_01,40.0,1
2024-07-29,Google Non-Brand Search,goog_search_01,63.0,1
2024-07-29,TikTok,tiktok_upper_01,0.0,5
2024-07-29,TikTok,tiktok_upper_01,5.0,4
2024-07-29,TikTok,tiktok_upper_01,10.0,2
2024-07-29,TikTok,tiktok_upper_01,40.0,1
2024-07-29,TikTok,tiktok_upper_02,0.0,6
2024-07-29,TikTok,tiktok_upper_02,5.0,4
2024-07-29,TikTok,tiktok_upper_02,10.0,1
2024-07-29,TikTok,tiktok_upper_02,20.0,2
2024-07-29,TikTok,tiktok_upper_02,40.0,2
2024-07-30,Meta,fb_prospect_01,0.0,2
2024-07-30,Meta,fb_prospect_01,5.0,3
2024-07-30,Meta,fb_prospect_01,10.0,6
2024-07-30,Meta,fb_prospect_01,20.0,4
2024-07-30,Meta,fb_prospect_01,40.0,1
2024-07-30,Meta,fb_prospect_02,0.0,4
2024-07-30,Meta,fb_prospect_02,5.0,4
2024-07-30,Meta,fb_prospect_02,10.0,4
2024-07-30,Meta,fb_prospect_02,20.0,1
2024-07-30,Meta,fb_prospect_02,63.0,1
2024-07-30,Google App Campaigns,goog_ac_01,,9
2024-07-30,Google App Campaigns,goog_ac_02,0.0,3
2024-07-30,Google App Campaigns,goog_ac_02,5.0,3
2024-07-30,Google App Campaigns,goog_ac_02,10.0,6
2024-07-30,Google App Campaigns,goog_ac_02,20.0,1
2024-07-30,Google App Campaigns,goog_ac_02,63.0,1
2024-07-30,Google Brand Search,goog_brand_01,0.0,2
2024-07-30,Google Brand Search,goog_brand_01,5.0,6
2024-07-30,Google Brand Search,goog_brand_01,10.0,1
2024-07-30,Google Brand Search,goog_brand_01,20.0,1
2024-07-30,Google Brand Search,goog_brand_01,63.0,1
2024-07-30,Google Non-Brand Search,goog_search_01,0.0,2
2024-07-30,Google Non-Brand Search,goog_search_01,5.0,2
2024-07-30,Google Non-Brand Search,goog_search_01,10.0,8
2024-07-30,Google Non-Brand Search,goog_search_01,20.0,1
2024-07-30,Google Non-Brand Search,goog_search_01,63.0,2
2024-07-30,TikTok,tiktok_upper_01,,6
2024-07-30,TikTok,tiktok_upper_02,,7
2024-07-31,Meta,fb_prospect_01,0.0,5
2024-07-31,Meta,fb_prospect_01,5.0,5
2024-07-31,Meta,fb_prospect_01,10.0,5
2024-07-31,Meta,fb_prospect_01,20.0,1
2024-07-31,Meta,fb_prospect_01,63.0,1
2024-07-31,Meta,fb_prospect_02,0.0,5
2024-07-31,Meta,fb_prospect_02,5.0,3
2024-07-31,Meta,fb_prospect_02,10.0,4
2024-07-31,Meta,fb_prospect_02,40.0,1
2024-07-31,Google App Campaigns,goog_ac_01,,7
2024-07-31,Google App Campaigns,goog_ac_02,,9
2024-07-31,Google Brand Search,goog_brand_01,0.0,2
2024-07-31,Google Brand Search,goog_brand_01,5.0,3
2024-07-31,Google Brand Search,goog_brand_01,10.0,7
2024-07-31,Google Brand Search,goog_brand_01,20.0,1
2024-07-31,Google Brand Search,goog_brand_01,63.0,2
2024-07-31,Google Non-Brand Search,goog_search_01,0.0,2
2024-07-31,Google Non-Brand Search,goog_search_01,5.0,4
2024-07-31,Google Non-Brand Search,goog_search_01,10.0,3
2024-07-31,Google Non-Brand Search,goog_search_01,20.0,1
2024-07-31,Google Non-Brand Search,goog_search_01,63.0,1
2024-07-31,TikTok,tiktok_upper_01,,6
2024-07-31,TikTok,tiktok_upper_02,,5
2024-08-01,Meta,fb_prospect_01,0.0,4
2024-08-01,Meta,fb_prospect_01,5.0,5
2024-08-01,Meta,fb_prospect_01,10.0,4
2024-08-01,Meta,fb_prospect_01,20.0,1
2024-08-01,Meta,fb_prospect_01,40.0,1
2024-08-01,Meta,fb_prospect_02,0.0,2
2024-08-01,Meta,fb_prospect_02,5.0,5
2024-08-01,Meta,fb_prospect_02,10.0,5
2024-08-01,Meta,fb_prospect_02,20.0,1
2024-08-01,Google App Campaigns,goog_ac_01,,6
2024-08-01,Google App Campaigns,goog_ac_02,0.0,3
2024-08-01,Google App Campaigns,goog_ac_02,5.0,3
2024-08-01,Google App Campaigns,goog_ac_02,10.0,3
2024-08-01,Google App Campaigns,goog_ac_02,40.0,1
2024-08-01,Google Brand Search,goog_brand_01,0.0,2
2024-08-01,Google Brand Search,goog_brand_01,5.0,5
2024-08-01,Google Brand Search,goog_brand_01,10.0,2
2024-08-01,Google Brand Search,goog_brand_01,20.0,2
2024-08-01,Google Brand Search,goog_brand_01,40.0,1
2024-08-01,Google Non-Brand Search,goog_search_01,0.0,4
2024-08-01,Google Non-Brand Search,goog_search_01,5.0,4
2024-08-01,Google Non-Brand Search,goog_search_01,10.0,4
2024-08-01,Google Non-Brand Search,goog_search_01,20.0,6
2024-08-01,TikTok,tiktok_upper_01,0.0,4
2024-08-01,TikTok,tiktok_upper_01,5.0,1
2024-08-01,TikTok,tiktok_upper_01,10.0,3
2024-08-01,TikTok,tiktok_upper_01,20.0,1
2024-08-01,TikTok,tiktok_upper_01,40.0,1
2024-08-01,TikTok,tiktok_upper_02,,3
2024-08-02,Meta,fb_prospect_01,0.0,4
2024-08-02,Meta,fb_prospect_01,5.0,4
2024-08-02,Meta,fb_prospect_01,10.0,7
2024-08-02,Meta,fb_prospect_01,20.0,1
2024-08-02,Meta,fb_prospect_01,63.0,1
2024-08-02,Meta,fb_prospect_02,0.0,3
2024-08-02,Meta,fb_prospect_02,5.0,4
2024-08-02,Meta,fb_prospect_02,10.0,2
2024-08-02,Meta,fb_prospect_02,20.0,2
2024-08-02,Meta,fb_prospect_02,40.0,1
2024-08-02,Google App Campaigns,goog_ac_01,,9
2024-08-02,Google App Campaigns,goog_ac_02,,6
2024-08-02,Google Brand Search,goog_brand_01,0.0,4
2024-08-02,Google Brand Search,goog_brand_01,5.0,4
2024-08-02,Google Brand Search,goog_brand_01,10.0,3
2024-08-02,Google Non-Brand Search,goog_search_01,0.0,3
2024-08-02,Google Non-Brand Search,goog_search_01,5.0,4
2024-08-02,Google Non-Brand Search,goog_search_01,10.0,4
2024-08-02,Google Non-Brand Search,goog_search_01,20.0,2
2024-08-02,Google Non-Brand Search,goog_search_01,40.0,2
2024-08-02,TikTok,tiktok_upper_01,0.0,3
2024-08-02,TikTok,tiktok_upper_01,5.0,4
2024-08-02,TikTok,tiktok_upper_01,10.0,1
2024-08-02,TikTok,tiktok_upper_01,20.0,2
2024-08-02,TikTok,tiktok_upper_02,,5
2024-08-03,Meta,fb_prospect_01,0.0,3
2024-08-03,Meta,fb_prospect_01,5.0,5
2024-08-03,Meta,fb_prospect_01,10.0,7
2024-08-03,Meta,fb_prospect_01,20.0,1
2024-08-03,Meta,fb_prospect_01,40.0,1
2024-08-03,Meta,fb_prospect_01,63.0,1
2024-08-03,Meta,fb_prospect_02,0.0,8
2024-08-03,Meta,fb_prospect_02,5.0,4
2024-08-03,Meta,fb_prospect_02,10.0,5
2024-08-03,Meta,fb_prospect_02,40.0,2
2024-08-03,Meta,fb_prospect_02,63.0,1
2024-08-03,Google App Campaigns,goog_ac_01,,9
2024-08-03,Google App Campaigns,goog_ac_02,0.0,5
2024-08-03,Google App Campaigns,goog_ac_02,5.0,2
2024-08-03,Google App Campaigns,goog_ac_02,10.0,3
2024-08-03,Google App Campaigns,goog_ac_02,20.0,1
2024-08-03,Google App Campaigns,goog_ac_02,40.0,2
2024-08-03,Google Brand Search,goog_brand_01,0.0,7
2024-08-03,Google Brand Search,goog_brand_01,5.0,3
2024-08-03,Google Brand Search,goog_brand_01,10.0,4
2024-08-03,Google Brand Search,goog_brand_01,20.0,6
2024-08-03,Google Brand Search,goog_brand_01,40.0,1
2024-08-03,Google Brand Search,goog_brand_01,63.0,1
2024-08-03,Google Non-Brand Search,goog_search_01,0.0,5
2024-08-03,Google Non-Brand Search,goog_search_01,5.0,4
2024-08-03,Google Non-Brand Search,goog_search_01,10.0,6
2024-08-03,Google Non-Brand Search,goog_search_01,20.0,2
2024-08-03,Google Non-Brand Search,goog_search_01,40.0,2
2024-08-03,Google Non-Brand Search,goog_search_01,63.0,1
2024-08-03,TikTok,tiktok_upper_01,,7
2024-08-03,TikTok,tiktok_upper_02,,8
2024-08-04,Meta,fb_prospect_01,0.0,11
2024-08-04,Meta,fb_prospect_01,5.0,4
2024-08-04,Meta,fb_prospect_01,10.0,3
2024-08-04,Meta,fb_prospect_01,40.0,3
2024-08-04,Meta,fb_prospect_02,0.0,7
2024-08-04,Meta,fb_prospect_02,5.0,8
2024-08-04,Meta,fb_prospect_02,10.0,6
2024-08-04,Meta,fb_prospect_02,20.0,3
2024-08-04,Meta,fb_prospect_02,40.0,1
2024-08-04,Meta,fb_prospect_02,63.0,1
2024-08-04,Google App Campaigns,goog_ac_01,,9
2024-08-04,Google App Campaigns,goog_ac_02,,8
2024-08-04,Google Brand Search,goog_brand_01,0.0,4
2024-08-04,Google Brand Search,goog_brand_01,5.0,4
2024-08-04,Google Brand Search,goog_brand_01,10.0,4
2024-08-04,Google Brand Search,goog_brand_01,20.0,5
2024-08-04,Google Brand Search,goog_brand_01,40.0,2
2024-08-04,Google Brand Search,goog_brand_01,63.0,1
2024-08-04,Google Non-Brand Search,goog_search_01,0.0,3
2024-08-04,Google Non-Brand Search,goog_search_01,5.0,1
2024-08-04,Google Non-Brand Search,goog_search_01,10.0,8
2024-08-04,Google Non-Brand Search,goog_search_01,20.0,7
2024-08-04,Google Non-Brand Search,goog_search_01,40.0,2
2024-08-04,Google Non-Brand Search,goog_search_01,63.0,2
2024-08-04,TikTok,tiktok_upper_01,,8
2024-08-04,TikTok,tiktok_upper_02,,9
2024-08-05,Meta,fb_prospect_01,0.0,5
2024-08-05,Meta,fb_prospect_01,5.0,4
2024-08-05,Meta,fb_prospect_01,10.0,3
2024-08-05,Meta,fb_prospect_01,20.0,1
2024-08-05,Meta,fb_prospect_01,63.0,1
2024-08-05,Meta,fb_prospect_02,0.0,9
2024-08-05,Meta,fb_prospect_02,5.0,9
2024-08-05,Meta,fb_prospect_02,10.0,5
2024-08-05,Meta,fb_prospect_02,20.0,3
2024-08-05,Meta,fb_prospect_02,40.0,3
2024-08-05,Meta,fb_prospect_02,63.0,1
2024-08-05,Google App Campaigns,goog_ac_01,,7
2024-08-05,Google App Campaigns,goog_ac_02,0.0,2
2024-08-05,Google App Campaigns,goog_ac_02,5.0,5
2024-08-05,Google App Campaigns,goog_ac_02,10.0,2
2024-08-05,Google App Campaigns,goog_ac_02,20.0,2
2024-08-05,Google App Campaigns,goog_ac_02,40.0,3
2024-08-05,Google Brand Search,goog_brand_01,0.0,5
2024-08-05,Google Brand Search,goog_brand_01,5.0,3
2024-08-05,Google Brand Search,goog_brand_01,10.0,4
2024-08-05,Google Brand Search,goog_brand_01,20.0,5
2024-08-05,Google Brand Search,goog_brand_01,40.0,1
2024-08-05,Google Non-Brand Search,goog_search_01,0.0,5
2024-08-05,Google Non-Brand Search,goog_search_01,5.0,5
2024-08-05,Google Non-Brand Search,goog_search_01,10.0,3
2024-08-05,Google Non-Brand Search,goog_search_01,20.0,2
2024-08-05,Google Non-Brand Search,goog_search_01,63.0,1
2024-08-05,TikTok,tiktok_upper_01,0.0,7
2024-08-05,TikTok,tiktok_upper_01,5.0,1
2024-08-05,TikTok,tiktok_upper_01,10.0,3
2024-08-05,TikTok,tiktok_upper_01,20.0,1
2024-08-05,TikTok,tiktok_upper_01,40.0,1
2024-08-05,TikTok,tiktok_upper_02,0.0,5
2024-08-05,TikTok,tiktok_upper_02,5.0,1
2024-08-05,TikTok,tiktok_upper_02,10.0,1
2024-08-05,TikTok,tiktok_upper_02,20.0,3
2024-08-06,Meta,fb_prospect_01,0.0,4
2024-08-06,Meta,fb_prospect_01,5.0,4
2024-08-06,Meta,fb_prospect_01,10.0,4
2024-08-06,Meta,fb_prospect_01,20.0,4
2024-08-06,Meta,fb_prospect_01,40.0,1
2024-08-06,Meta,fb_prospect_02,0.0,3
2024-08-06,Meta,fb_prospect_02,5.0,3
2024-08-06,Meta,fb_prospect_02,10.0,5
2024-08-06,Meta,fb_prospect_02,20.0,1
2024-08-06,Meta,fb_prospect_02,40.0,2
2024-08-06,Meta,fb_prospect_02,63.0,1
2024-08-06,Google App Campaigns,goog_ac_01,,9
2024-08-06,Google App Campaigns,goog_ac_02,,7
2024-08-06,Google Brand Search,goog_brand_01,0.0,4
2024-08-06,Google Brand Search,goog_brand_01,5.0,5
2024-08-06,Google Brand Search,goog_brand_01,10.0,4
2024-08-06,Google Brand Search,goog_brand_01,20.0,1
2024-08-06,Google Brand Search,goog_brand_01,40.0,1
2024-08-06,Google Non-Brand Search,goog_search_01,0.0,3
2024-08-06,Google Non-Brand Search,goog_search_01,5.0,2
2024-08-06,Google Non-Brand Search,goog_search_01,10.0,3
2024-08-06,Google Non-Brand Search,goog_search_01,20.0,4
2024-08-06,Google Non-Brand Search,goog_search_01,40.0,2
2024-08-06,Google Non-Brand Search,goog_search_01,63.0,4
2024-08-06,TikTok,tiktok_upper_01,,7
2024-08-06,TikTok,tiktok_upper_02,,8
2024-08-07,Meta,fb_prospect_01,0.0,6
2024-08-07,Meta,fb_prospect_01,5.0,5
2024-08-07,Meta,fb_prospect_01,10.0,4
2024-08-07,Meta,fb_prospect_01,20.0,3
2024-08-07,Meta,fb_prospect_01,40.0,3
2024-08-07,Meta,fb_prospect_02,0.0,3
2024-08-07,Meta,fb_prospect_02,5.0,5
2024-08-07,Meta,fb_prospect_02,10.0,5
2024-08-07,Meta,fb_prospect_02,20.0,1
2024-08-07,Meta,fb_prospect_02,40.0,1
2024-08-07,Google App Campaigns,goog_ac_01,,8
2024-08-07,Google App Campaigns,goog_ac_02,0.0,4
2024-08-07,Google App Campaigns,goog_ac_02,5.0,3
2024-08-07,Google App Campaigns,goog_ac_02,10.0,4
2024-08-07,Google Brand Search,goog_brand_01,0.0,2
2024-08-07,Google Brand Search,goog_brand_01,5.0,4
2024-08-07,Google Brand Search,goog_brand_01,10.0,6
2024-08-07,Google Brand Search,goog_brand_01,20.0,3
2024-08-07,Google Brand Search,goog_brand_01,40.0,1
2024-08-07,Google Non-Brand Search,goog_search_01,0.0,1
2024-08-07,Google Non-Brand Search,goog_search_01,5.0,3
2024-08-07,Google Non-Brand Search,goog_search_01,10.0,2
2024-08-07,Google Non-Brand Search,goog_search_01,20.0,6
2024-08-07,Google Non-Brand Search,goog_search_01,40.0,2
2024-08-07,TikTok,tiktok_upper_01,0.0,3
2024-08-07,TikTok,tiktok_upper_01,5.0,5
2024-08-07,TikTok,tiktok_upper_01,10.0,2
2024-08-07,TikTok,tiktok_upper_02,,9
2024-08-08,Meta,fb_prospect_01,0.0,5
2024-08-08,Meta,fb_prospect_01,5.0,4
2024-08-08,Meta,fb_prospect_01,10.0,5
2024-08-08,Meta,fb_prospect_01,20.0,1
2024-08-08,Meta,fb_prospect_01,63.0,1
2024-08-08,Meta,fb_prospect_02,0.0,4
2024-08-08,Meta,fb_prospect_02,5.0,5
2024-08-08,Meta,fb_prospect_02,10.0,4
2024-08-08,Meta,fb_prospect_02,20.0,1
2024-08-08,Meta,fb_prospect_02,63.0,1
2024-08-08,Google App Campaigns,goog_ac_01,,9
2024-08-08,Google App Campaigns,goog_ac_02,,8
2024-08-08,Google Brand Search,goog_brand_01,0.0,1
2024-08-08,Google Brand Search,goog_brand_01,5.0,3
2024-08-08,Google Brand Search,goog_brand_01,10.0,5
2024-08-08,Google Brand Search,goog_brand_01,40.0,2
2024-08-08,Google Brand Search,goog_brand_01,63.0,1
2024-08-08,Google Non-Brand Search,goog_search_01,0.0,2
2024-08-08,Google Non-Brand Search,goog_search_01,5.0,4
2024-08-08,Google Non-Brand Search,goog_search_01,10.0,2
2024-08-08,Google Non-Brand Search,goog_search_01,20.0,2
2024-08-08,Google Non-Brand Search,goog_search_01,40.0,1
2024-08-08,TikTok,tiktok_upper_01,,7
2024-08-08,TikTok,tiktok_upper_02,0.0,6
2024-08-08,TikTok,tiktok_upper_02,5.0,6
2024-08-08,TikTok,tiktok_upper_02,10.0,3
2024-08-09,Meta,fb_prospect_01,0.0,5
2024-08-09,Meta,fb_prospect_01,5.0,4
2024-08-09,Meta,fb_prospect_01,10.0,4
2024-08-09,Meta,fb_prospect_01,20.0,5
2024-08-09,Meta,fb_prospect_02,0.0,2
2024-08-09,Meta,fb_prospect_02,5.0,3
2024-08-09,Meta,fb_prospect_02,10.0,4
2024-08-09,Meta,fb_prospect_02,20.0,3
2024-08-09,Meta,fb_prospect_02,40.0,1
2024-08-09,Google App Campaigns,goog_ac_01,,6
2024-08-09,Google App Campaigns,goog_ac_02,,6
2024-08-09,Google Brand Search,goog_brand_01,0.0,6
2024-08-09,Google Brand Search,goog_brand_01,5.0,1
2024-08-09,Google Brand Search,goog_brand_01,10.0,3
2024-08-09,Google Brand Search,goog_brand_01,20.0,2
2024-08-09,Google Brand Search,goog_brand_01,40.0,1
2024-08-09,Google Non-Brand Search,goog_search_01,0.0,2
2024-08-09,Google Non-Brand Search,goog_search_01,5.0,4
2024-08-09,Google Non-Brand Search,goog_search_01,10.0,2
2024-08-09,Google Non-Brand Search,goog_search_01,20.0,3
2024-08-09,Google Non-Brand Search,goog_search_01,63.0,2
2024-08-09,TikTok,tiktok_upper_01,,9
2024-08-09,TikTok,tiktok_upper_02,,8
2024-08-10,Meta,fb_prospect_01,0.0,5
2024-08-10,Meta,fb_prospect_01,5.0,6
2024-08-10,Meta,fb_prospect_01,10.0,2
2024-08-10,Meta,fb_prospect_01,20.0,4
2024-08-10,Meta,fb_prospect_01,63.0,1
2024-08-10,Meta,fb_prospect_02,0.0,7
2024-08-10,Meta,fb_prospect_02,5.0,5
2024-08-10,Meta,fb_prospect_02,10.0,1
2024-08-10,Meta,fb_prospect_02,20.0,2
2024-08-10,Meta,fb_prospect_02,63.0,1
2024-08-10,Google App Campaigns,goog_ac_01,,6
2024-08-10,Google App Campaigns,goog_ac_02,0.0,1
2024-08-10,Google App Campaigns,goog_ac_02,5.0,3
2024-08-10,Google App Campaigns,goog_ac_02,10.0,5
2024-08-10,Google App Campaigns,goog_ac_02,20.0,2
2024-08-10,Google App Campaigns,goog_ac_02,63.0,1
2024-08-10,Google Brand Search,goog_brand_01,0.0,3
2024-08-10,Google Brand Search,goog_brand_01,5.0,4
2024-08-10,Google Brand Search,goog_brand_01,10.0,2
2024-08-10,Google Brand Search,goog_brand_01,20.0,3
2024-08-10,Google Brand Search,goog_brand_01,40.0,1
2024-08-10,Google Non-Brand Search,goog_search_01,0.0,2
2024-08-10,Google Non-Brand Search,goog_search_01,5.0,5
2024-08-10,Google Non-Brand Search,goog_search_01,10.0,4
2024-08-10,Google Non-Brand Search,goog_search_01,63.0,3
2024-08-10,TikTok,tiktok_upper_01,0.0,5
2024-08-10,TikTok,tiktok_upper_01,5.0,3
2024-08-10,TikTok,tiktok_upper_01,10.0,2
2024-08-10,TikTok,tiktok_upper_01,20.0,1
2024-08-10,TikTok,tiktok_upper_02,,8
2024-08-11,Meta,fb_prospect_01,0.0,2
2024-08-11,Meta,fb_prospect_01,5.0,4
2024-08-11,Meta,fb_prospect_01,10.0,4
2024-08-11,Meta,fb_prospect_01,20.0,4
2024-08-11,Meta,fb_prospect_02,0.0,7
2024-08-11,Meta,fb_prospect_02,5.0,4
2024-08-11,Meta,fb_prospect_02,10.0,6
2024-08-11,Meta,fb_prospect_02,20.0,1
2024-08-11,Meta,fb_prospect_02,63.0,1
2024-08-11,Google App Campaigns,goog_ac_01,0.0,3
2024-08-11,Google App Campaigns,goog_ac_01,5.0,2
2024-08-11,Google App Campaigns,goog_ac_01,10.0,1
2024-08-11,Google App Campaigns,goog_ac_01,20.0,3
2024-08-11,Google App Campaigns,goog_ac_01,40.0,1
2024-08-11,Google App Campaigns,goog_ac_02,,8
2024-08-11,Google Brand Search,goog_brand_01,0.0,3
2024-08-11,Google Brand Search,goog_brand_01,5.0,4
2024-08-11,Google Brand Search,goog_brand_01,10.0,3
2024-08-11,Google Brand Search,goog_brand_01,20.0,3
2024-08-11,Google Brand Search,goog_brand_01,40.0,1
2024-08-11,Google Non-Brand Search,goog_search_01,0.0,3
2024-08-11,Google Non-Brand Search,goog_search_01,5.0,5
2024-08-11,Google Non-Brand Search,goog_search_01,10.0,3
2024-08-11,Google Non-Brand Search,goog_search_01,20.0,6
2024-08-11,Google Non-Brand Search,goog_search_01,40.0,2
2024-08-11,TikTok,tiktok_upper_01,,8
2024-08-11,TikTok,tiktok_upper_02,0.0,3
2024-08-11,TikTok,tiktok_upper_02,5.0,6
2024-08-11,TikTok,tiktok_upper_02,10.0,1
2024-08-12,Meta,fb_prospect_01,0.0,6
2024-08-12,Meta,fb_prospect_01,5.0,5
2024-08-12,Meta,fb_prospect_01,10.0,1
2024-08-12,Meta,fb_prospect_01,40.0,3
2024-08-12,Meta,fb_prospect_02,0.0,8
2024-08-12,Meta,fb_prospect_02,5.0,6
2024-08-12,Meta,fb_prospect_02,10.0,6
2024-08-12,Meta,fb_prospect_02,63.0,1
2024-08-12,Google App Campaigns,goog_ac_01,0.0,7
2024-08-12,Google App Campaigns,goog_ac_01,5.0,1
2024-08-12,Google App Campaigns,goog_ac_01,10.0,3
2024-08-12,Google App Campaigns,goog_ac_01,20.0,1
2024-08-12,Google App Campaigns,goog_ac_02,0.0,6
2024-08-12,Google App Campaigns,goog_ac_02,5.0,6
2024-08-12,Google App Campaigns,goog_ac_02,10.0,1
2024-08-12,Google App Campaigns,goog_ac_02,20.0,1
2024-08-12,Google App Campaigns,goog_ac_02,63.0,1
2024-08-12,Google Brand Search,goog_brand_01,0.0,4
2024-08-12,Google Brand Search,goog_brand_01,5.0,6
2024-08-12,Google Brand Search,goog_brand_01,20.0,1
2024-08-12,Google Non-Brand Search,goog_search_01,0.0,5
2024-08-12,Google Non-Brand Search,goog_search_01,5.0,5
2024-08-12,Google Non-Brand Search,goog_search_01,10.0,1
2024-08-12,Google Non-Brand Search,goog_search_01,20.0,4
2024-08-12,Google Non-Brand Search,goog_search_01,40.0,1
2024-08-12,Google Non-Brand Search,goog_search_01,63.0,1
2024-08-12,TikTok,tiktok_upper_01,0.0,6
2024-08-12,TikTok,tiktok_upper_01,5.0,3
2024-08-12,TikTok,tiktok_upper_01,10.0,3
2024-08-12,TikTok,tiktok_upper_01,63.0,1
2024-08-12,TikTok,tiktok_upper_02,0.0,5
2024-08-12,TikTok,tiktok_upper_02,5.0,4
2024-08-12,TikTok,tiktok_upper_02,10.0,1
2024-08-12,TikTok,tiktok_upper_02,20.0,1
2024-08-13,Meta,fb_prospect_01,0.0,6
2024-08-13,Meta,fb_prospect_01,5.0,4
2024-08-13,Meta,fb_prospect_01,10.0,4
2024-08-13,Meta,fb_prospect_01,20.0,2
2024-08-13,Meta,fb_prospect_02,0.0,6
2024-08-13,Meta,fb_prospect_02,5.0,2
2024-08-13,Meta,fb_prospect_02,10.0,3
2024-08-13,Meta,fb_prospect_02,20.0,5
2024-08-13,Meta,fb_prospect_02,63.0,2
2024-08-13,Google App Campaigns,goog_ac_01,,6
2024-08-13,Google App Campaigns,goog_ac_02,0.0,3
2024-08-13,Google App Campaigns,goog_ac_02,5.0,4
2024-08-13,Google App Campaigns,goog_ac_02,10.0,1
2024-08-13,Google App Campaigns,goog_ac_02,20.0,1
2024-08-13,Google App Campaigns,goog_ac_02,40.0,1
2024-08-13,Google App Campaigns,goog_ac_02,63.0,1
2024-08-13,Google Brand Search,goog_brand_01,0.0,2
2024-08-13,Google Brand Search,goog_brand_01,5.0,4
2024-08-13,Google Brand Search,goog_brand_01,10.0,5
2024-08-13,Google Brand Search,goog_brand_01,20.0,1
2024-08-13,Google Brand Search,goog_brand_01,40.0,1
2024-08-13,Google Brand Search,goog_brand_01,63.0,1
2024-08-13,Google Non-Brand Search,goog_search_01,0.0,2
2024-08-13,Google Non-Brand Search,goog_search_01,5.0,2
2024-08-13,Google Non-Brand Search,goog_search_01,10.0,4
2024-08-13,Google Non-Brand Search,goog_search_01,20.0,2
2024-08-13,Google Non-Brand Search,goog_search_01,40.0,1
2024-08-13,Google Non-Brand Search,goog_search_01,63.0,1
2024-08-13,TikTok,tiktok_upper_01,,8
2024-08-13,TikTok,tiktok_upper_02,,9
2024-08-14,Meta,fb_prospect_01,0.0,5
2024-08-14,Meta,fb_prospect_01,5.0,1
2024-08-14,Meta,fb_prospect_01,10.0,5
2024-08-14,Meta,fb_prospect_01,63.0,1
2024-08-14,Meta,fb_prospect_02,,8
2024-08-14,Google App Campaigns,goog_ac_01,0.0,4
2024-08-14,Google App Campaigns,goog_ac_01,10.0,4
2024-08-14,Google App Campaigns,goog_ac_01,20.0,2
2024-08-14,Google App Campaigns,goog_ac_01,40.0,1
2024-08-14,Google App Campaigns,goog_ac_02,,8
2024-08-14,Google Brand Search,goog_brand_01,0.0,4
2024-08-14,Google Brand Search,goog_brand_01,5.0,3
2024-08-14,Google Brand Search,goog_brand_01,10.0,1
2024-08-14,Google Brand Search,goog_brand_01,20.0,4
2024-08-14,Google Brand Search,goog_brand_01,63.0,1
2024-08-14,Google Non-Brand Search,goog_search_01,5.0,4
2024-08-14,Google Non-Brand Search,goog_search_01,10.0,2
2024-08-14,Google Non-Brand Search,goog_search_01,20.0,2
2024-08-14,Google Non-Brand Search,goog_search_01,40.0,2
2024-08-14,Google Non-Brand Search,goog_search_01,63.0,1
2024-08-14,TikTok,tiktok_upper_01,0.0,3
2024-08-14,TikTok,tiktok_upper_01,5.0,5
2024-08-14,TikTok,tiktok_upper_01,10.0,2
2024-08-14,TikTok,tiktok_upper_02,,5
2024-08-15,Meta,fb_prospect_01,,9
2024-08-15,Meta,fb_prospect_02,0.0,5
2024-08-15,Meta,fb_prospect_02,5.0,5
2024-08-15,Meta,fb_prospect_02,10.0,2
2024-08-15,Meta,fb_prospect_02,20.0,3
2024-08-15,Google App Campaigns,goog_ac_01,,9
2024-08-15,Google App Campaigns,goog_ac_02,0.0,3
2024-08-15,Google App Campaigns,goog_ac_02,5.0,3
2024-08-15,Google App Campaigns,goog_ac_02,10.0,1
2024-08-15,Google App Campaigns,goog_ac_02,20.0,2
2024-08-15,Google App Campaigns,goog_ac_02,63.0,1
2024-08-15,Google Brand Search,goog_brand_01,0.0,4
2024-08-15,Google Brand Search,goog_brand_01,5.0,4
2024-08-15,Google Brand Search,goog_brand_01,10.0,3
2024-08-15,Google Brand Search,goog_brand_01,20.0,2
2024-08-15,Google Brand Search,goog_brand_01,40.0,1
2024-08-15,Google Non-Brand Search,goog_search_01,0.0,3
2024-08-15,Google Non-Brand Search,goog_search_01,5.0,4
2024-08-15,Google Non-Brand Search,goog_search_01,10.0,3
2024-08-15,Google Non-Brand Search,goog_search_01,20.0,1
2024-08-15,Google Non-Brand Search,goog_search_01,40.0,1
2024-08-15,TikTok,tiktok_upper_01,,9
2024-08-15,TikTok,tiktok_upper_02,,7
2024-08-16,Meta,fb_prospect_01,0.0,6
2024-08-16,Meta,fb_prospect_01,5.0,8
2024-08-16,Meta,fb_prospect_01,10.0,4
2024-08-16,Meta,fb_prospect_01,20.0,2
2024-08-16,Meta,fb_prospect_01,63.0,1
2024-08-16,Meta,fb_prospect_02,0.0,2
2024-08-16,Meta,fb_prospect_02,5.0,4
2024-08-16,Meta,fb_prospect_02,10.0,5
2024-08-16,Meta,fb_prospect_02,20.0,1
2024-08-16,Meta,fb_prospect_02,40.0,1
2024-08-16,Meta,fb_prospect_02,63.0,1
2024-08-16,Google App Campaigns,goog_ac_01,,6
2024-08-16,Google App Campaigns,goog_ac_02,,4
2024-08-16,Google Brand Search,goog_brand_01,0.0,1
2024-08-16,Google Brand Search,goog_brand_01,5.0,4
2024-08-16,Google Brand Search,goog_brand_01,10.0,1
2024-08-16,Google Brand Search,goog_brand_01,20.0,5
2024-08-16,Google Brand Search,goog_brand_01,40.0,1
2024-08-16,Google Brand Search,goog_brand_01,63.0,2
2024-08-16,Google Non-Brand Search,goog_search_01,0.0,3
2024-08-16,Google Non-Brand Search,goog_search_01,5.0,4
2024-08-16,Google Non-Brand Search,goog_search_01,10.0,5
2024-08-16,Google Non-Brand Search,goog_search_01,40.0,3
2024-08-16,Google Non-Brand Search,goog_search_01,63.0,2
2024-08-16,TikTok,tiktok_upper_01,0.0,4
2024-08-16,TikTok,tiktok_upper_01,5.0,3
2024-08-16,TikTok,tiktok_upper_01,10.0,2
2024-08-16,TikTok,tiktok_upper_01,20.0,1
2024-08-16,TikTok,tiktok_upper_02,,7
2024-08-17,Meta,fb_prospect_01,0.0,9
2024-08-17,Meta,fb_prospect_01,5.0,6
2024-08-17,Meta,fb_prospect_01,10.0,1
2024-08-17,Meta,fb_prospect_01,40.0,2
2024-08-17,Meta,fb_prospect_02,0.0,2
2024-08-17,Meta,fb_prospect_02,5.0,9
2024-08-17,Meta,fb_prospect_02,10.0,9
2024-08-17,Meta,fb_prospect_02,20.0,2
2024-08-17,Meta,fb_prospect_02,40.0,1
2024-08-17,Google App Campaigns,goog_ac_01,5.0,4
2024-08-17,Google App Campaigns,goog_ac_01,10.0,7
2024-08-17,Google App Campaigns,goog_ac_01,20.0,1
2024-08-17,Google App Campaigns,goog_ac_01,40.0,2
2024-08-17,Google App Campaigns,goog_ac_01,63.0,1
2024-08-17,Google App Campaigns,goog_ac_02,,8
2024-08-17,Google Brand Search,goog_brand_01,0.0,6
2024-08-17,Google Brand Search,goog_brand_01,5.0,4
2024-08-17,Google Brand Search,goog_brand_01,10.0,1
2024-08-17,Google Brand Search,goog_brand_01,20.0,2
2024-08-17,Google Brand Search,goog_brand_01,63.0,1
2024-08-17,Google Non-Brand Search,goog_search_01,0.0,1
2024-08-17,Google Non-Brand Search,goog_search_01,5.0,4
2024-08-17,Google Non-Brand Search,goog_search_01,10.0,6
2024-08-17,Google Non-Brand Search,goog_search_01,20.0,3
2024-08-17,Google Non-Brand Search,goog_search_01,40.0,1
2024-08-17,TikTok,tiktok_upper_01,0.0,4
2024-08-17,TikTok,tiktok_upper_01,5.0,8
2024-08-17,TikTok,tiktok_upper_01,10.0,3
2024-08-17,TikTok,tiktok_upper_01,20.0,2
2024-08-17,TikTok,tiktok_upper_02,,5
2024-08-18,Meta,fb_prospect_01,0.0,6
2024-08-18,Meta,fb_prospect_01,5.0,4
2024-08-18,Meta,fb_prospect_01,10.0,3
2024-08-18,Meta,fb_prospect_01,20.0,2
2024-08-18,Meta,fb_prospect_01,40.0,3
2024-08-18,Meta,fb_prospect_02,0.0,4
2024-08-18,Meta,fb_prospect_02,5.0,4
2024-08-18,Meta,fb_prospect_02,10.0,3
2024-08-18,Meta,fb_prospect_02,20.0,1
2024-08-18,Meta,fb_prospect_02,40.0,1
2024-08-18,Google App Campaigns,goog_ac_01,0.0,2
2024-08-18,Google App Campaigns,goog_ac_01,5.0,3
2024-08-18,Google App Campaigns,goog_ac_01,10.0,2
2024-08-18,Google App Campaigns,goog_ac_01,20.0,1
2024-08-18,Google App Campaigns,goog_ac_01,40.0,1
2024-08-18,Google App Campaigns,goog_ac_01,63.0,1
2024-08-18,Google App Campaigns,goog_ac_02,0.0,3
2024-08-18,Google App Campaigns,goog_ac_02,5.0,8
2024-08-18,Google App Campaigns,goog_ac_02,10.0,2
2024-08-18,Google App Campaigns,goog_ac_02,20.0,1
2024-08-18,Google App Campaigns,goog_ac_02,40.0,1
2024-08-18,Google Brand Search,goog_brand_01,0.0,6
2024-08-18,Google Brand Search,goog_brand_01,5.0,6
2024-08-18,Google Brand Search,goog_brand_01,10.0,2
2024-08-18,Google Brand Search,goog_brand_01,20.0,3
2024-08-18,Google Non-Brand Search,goog_search_01,0.0,2
2024-08-18,Google Non-Brand Search,goog_search_01,5.0,4
2024-08-18,Google Non-Brand Search,goog_search_01,10.0,2
2024-08-18,Google Non-Brand Search,goog_search_01,20.0,3
2024-08-18,Google Non-Brand Search,goog_search_01,40.0,2
2024-08-18,TikTok,tiktok_upper_01,,9
2024-08-18,TikTok,tiktok_upper_02,,9
2024-08-19,Meta,fb_prospect_01,0.0,5
2024-08-19,Meta,fb_prospect_01,5.0,9
2024-08-19,Meta,fb_prospect_01,10.0,4
2024-08-19,Meta,fb_prospect_01,20.0,5
2024-08-19,Meta,fb_prospect_01,63.0,1
2024-08-19,Meta,fb_prospect_02,0.0,7
2024-08-19,Meta,fb_prospect_02,5.0,5
2024-08-19,Meta,fb_prospect_02,10.0,4
2024-08-19,Meta,fb_prospect_02,20.0,1
2024-08-19,Google App Campaigns,goog_ac_01,0.0,2
2024-08-19,Google App Campaigns,goog_ac_01,5.0,2
2024-08-19,Google App Campaigns,goog_ac_01,10.0,2
2024-08-19,Google App Campaigns,goog_ac_01,20.0,2
2024-08-19,Google App Campaigns,goog_ac_01,63.0,2
2024-08-19,Google App Campaigns,goog_ac_02,0.0,4
2024-08-19,Google App Campaigns,goog_ac_02,5.0,2
2024-08-19,Google App Campaigns,goog_ac_02,10.0,4
2024-08-19,Google App Campaigns,goog_ac_02,20.0,2
2024-08-19,Google App Campaigns,goog_ac_02,40.0,1
2024-08-19,Google Brand Search,goog_brand_01,0.0,5
2024-08-19,Google Brand Search,goog_brand_01,5.0,1
2024-08-19,Google Brand Search,goog_brand_01,10.0,1
2024-08-19,Google Brand Search,goog_brand_01,20.0,2
2024-08-19,Google Brand Search,goog_brand_01,63.0,3
2024-08-19,Google Non-Brand Search,goog_search_01,0.0,3
2024-08-19,Google Non-Brand Search,goog_search_01,5.0,4
2024-08-19,Google Non-Brand Search,goog_search_01,10.0,5
2024-08-19,Google Non-Brand Search,goog_search_01,20.0,1
2024-08-19,TikTok,tiktok_upper_01,0.0,4
2024-08-19,TikTok,tiktok_upper_01,5.0,5
2024-08-19,TikTok,tiktok_upper_01,10.0,2
2024-08-19,TikTok,tiktok_upper_01,20.0,1
2024-08-19,TikTok,tiktok_upper_02,0.0,2
2024-08-19,TikTok,tiktok_upper_02,5.0,2
2024-08-19,TikTok,tiktok_upper_02,10.0,3
2024-08-19,TikTok,tiktok_upper_02,20.0,2
2024-08-19,TikTok,tiktok_upper_02,40.0,2
2024-08-20,Meta,fb_prospect_01,0.0,4
2024-08-20,Meta,fb_prospect_01,5.0,5
2024-08-20,Meta,fb_prospect_01,10.0,3
2024-08-20,Meta,fb_prospect_02,0.0,6
2024-08-20,Meta,fb_prospect_02,5.0,5
2024-08-20,Meta,fb_prospect_02,10.0,4
2024-08-20,Meta,fb_prospect_02,20.0,1
2024-08-20,Google App Campaigns,goog_ac_01,,8
2024-08-20,Google App Campaigns,goog_ac_02,0.0,4
2024-08-20,Google App Campaigns,goog_ac_02,5.0,4
2024-08-20,Google App Campaigns,goog_ac_02,10.0,1
2024-08-20,Google App Campaigns,goog_ac_02,20.0,1
2024-08-20,Google App Campaigns,goog_ac_02,40.0,1
2024-08-20,Google Brand Search,goog_brand_01,,9
2024-08-20,Google Non-Brand Search,goog_search_01,0.0,1
2024-08-20,Google Non-Brand Search,goog_search_01,5.0,5
2024-08-20,Google Non-Brand Search,goog_search_01,10.0,3
2024-08-20,Google Non-Brand Search,goog_search_01,20.0,3
2024-08-20,Google Non-Brand Search,goog_search_01,40.0,1
2024-08-20,Google Non-Brand Search,goog_search_01,63.0,2
2024-08-20,TikTok,tiktok_upper_01,,6
2024-08-20,TikTok,tiktok_upper_02,,5
2024-08-21,Meta,fb_prospect_01,0.0,7
2024-08-21,Meta,fb_prospect_01,5.0,4
2024-08-21,Meta,fb_prospect_01,10.0,4
2024-08-21,Meta,fb_prospect_01,20.0,1
2024-08-21,Meta,fb_prospect_02,0.0,4
2024-08-21,Meta,fb_prospect_02,5.0,5
2024-08-21,Meta,fb_prospect_02,10.0,1
2024-08-21,Meta,fb_prospect_02,20.0,1
2024-08-21,Meta,fb_prospect_02,63.0,1
2024-08-21,Google App Campaigns,goog_ac_01,0.0,5
2024-08-21,Google App Campaigns,goog_ac_01,5.0,1
2024-08-21,Google App Campaigns,goog_ac_01,10.0,3
2024-08-21,Google App Campaigns,goog_ac_01,63.0,1
2024-08-21,Google App Campaigns,goog_ac_02,0.0,6
2024-08-21,Google App Campaigns,goog_ac_02,5.0,2
2024-08-21,Google App Campaigns,goog_ac_02,10.0,2
2024-08-21,Google App Campaigns,goog_ac_02,20.0,2
2024-08-21,Google App Campaigns,goog_ac_02,40.0,2
2024-08-21,Google App Campaigns,goog_ac_02,63.0,1
2024-08-21,Google Brand Search,goog_brand_01,0.0,2
2024-08-21,Google Brand Search,goog_brand_01,5.0,3
2024-08-21,Google Brand Search,goog_brand_01,10.0,2
2024-08-21,Google Brand Search,goog_brand_01,20.0,1
2024-08-21,Google Brand Search,goog_brand_01,40.0,3
2024-08-21,Google Brand Search,goog_brand_01,63.0,1
2024-08-21,Google Non-Brand Search,goog_search_01,,7
2024-08-21,TikTok,tiktok_upper_01,,4
2024-08-21,TikTok,tiktok_upper_02,0.0,6
2024-08-21,TikTok,tiktok_upper_02,5.0,3
2024-08-21,TikTok,tiktok_upper_02,10.0,1
2024-08-22,Meta,fb_prospect_01,0.0,4
2024-08-22,Meta,fb_prospect_01,5.0,3
2024-08-22,Meta,fb_prospect_01,10.0,7
2024-08-22,Meta,fb_prospect_02,0.0,2
2024-08-22,Meta,fb_prospect_02,5.0,4
2024-08-22,Meta,fb_prospect_02,10.0,4
2024-08-22,Meta,fb_prospect_02,63.0,1
2024-08-22,Google App Campaigns,goog_ac_01,0.0,4
2024-08-22,Google App Campaigns,goog_ac_01,5.0,2
2024-08-22,Google App Campaigns,goog_ac_01,10.0,3
2024-08-22,Google App Campaigns,goog_ac_01,20.0,2
2024-08-22,Google App Campaigns,goog_ac_02,0.0,2
2024-08-22,Google App Campaigns,goog_ac_02,5.0,3
2024-08-22,Google App Campaigns,goog_ac_02,10.0,5
2024-08-22,Google App Campaigns,goog_ac_02,63.0,1
2024-08-22,Google Brand Search,goog_brand_01,0.0,4
2024-08-22,Google Brand Search,goog_brand_01,5.0,1
2024-08-22,Google Brand Search,goog_brand_01,10.0,4
2024-08-22,Google Brand Search,goog_brand_01,20.0,2
2024-08-22,Google Brand Search,goog_brand_01,63.0,1
2024-08-22,Google Non-Brand Search,goog_search_01,0.0,2
2024-08-22,Google Non-Brand Search,goog_search_01,5.0,2
2024-08-22,Google Non-Brand Search,goog_search_01,10.0,6
2024-08-22,Google Non-Brand Search,goog_search_01,20.0,5
2024-08-22,Google Non-Brand Search,goog_search_01,40.0,2
2024-08-22,Google Non-Brand Search,goog_search_01,63.0,1
2024-08-22,TikTok,tiktok_upper_01,,8
2024-08-22,TikTok,tiktok_upper_02,0.0,5
2024-08-22,TikTok,tiktok_upper_02,5.0,4
2024-08-22,TikTok,tiktok_upper_02,10.0,3
2024-08-22,TikTok,tiktok_upper_02,20.0,1
2024-08-23,Meta,fb_prospect_01,0.0,4
2024-08-23,Meta,fb_prospect_01,5.0,3
2024-08-23,Meta,fb_prospect_01,10.0,5
2024-08-23,Meta,fb_prospect_01,20.0,2
2024-08-23,Meta,fb_prospect_01,63.0,1
2024-08-23,Meta,fb_prospect_02,0.0,7
2024-08-23,Meta,fb_prospect_02,5.0,4
2024-08-23,Meta,fb_prospect_02,10.0,6
2024-08-23,Meta,fb_prospect_02,20.0,4
2024-08-23,Meta,fb_prospect_02,40.0,2
2024-08-23,Google App Campaigns,goog_ac_01,,7
2024-08-23,Google App Campaigns,goog_ac_02,,8
2024-08-23,Google Brand Search,goog_brand_01,0.0,2
2024-08-23,Google Brand Search,goog_brand_01,5.0,2
2024-08-23,Google Brand Search,goog_brand_01,10.0,3
2024-08-23,Google Brand Search,goog_brand_01,20.0,5
2024-08-23,Google Brand Search,goog_brand_01,40.0,2
2024-08-23,Google Non-Brand Search,goog_search_01,0.0,1
2024-08-23,Google Non-Brand Search,goog_search_01,5.0,4
2024-08-23,Google Non-Brand Search,goog_search_01,10.0,6
2024-08-23,Google Non-Brand Search,goog_search_01,20.0,1
2024-08-23,Google Non-Brand Search,goog_search_01,40.0,2
2024-08-23,Google Non-Brand Search,goog_search_01,63.0,3
2024-08-23,TikTok,tiktok_upper_01,,7
2024-08-23,TikTok,tiktok_upper_02,0.0,4
2024-08-23,TikTok,tiktok_upper_02,5.0,3
2024-08-23,TikTok,tiktok_upper_02,10.0,3
2024-08-23,TikTok,tiktok_upper_02,40.0,1
2024-08-24,Meta,fb_prospect_01,0.0,6
2024-08-24,Meta,fb_prospect_01,5.0,4
2024-08-24,Meta,fb_prospect_01,10.0,5
2024-08-24,Meta,fb_prospect_01,20.0,2
2024-08-24,Meta,fb_prospect_02,0.0,5
2024-08-24,Meta,fb_prospect_02,5.0,6
2024-08-24,Meta,fb_prospect_02,10.0,5
2024-08-24,Meta,fb_prospect_02,20.0,2
2024-08-24,Google App Campaigns,goog_ac_01,0.0,7
2024-08-24,Google App Campaigns,goog_ac_01,5.0,3
2024-08-24,Google App Campaigns,goog_ac_01,10.0,2
2024-08-24,Google App Campaigns,goog_ac_01,40.0,2
2024-08-24,Google App Campaigns,goog_ac_01,63.0,1
2024-08-24,Google App Campaigns,goog_ac_02,,9
2024-08-24,Google Brand Search,goog_brand_01,0.0,5
2024-08-24,Google Brand Search,goog_brand_01,5.0,2
2024-08-24,Google Brand Search,goog_brand_01,10.0,5
2024-08-24,Google Brand Search,goog_brand_01,20.0,6
2024-08-24,Google Brand Search,goog_brand_01,40.0,2
2024-08-24,Google Brand Search,goog_brand_01,63.0,3
2024-08-24,Google Non-Brand Search,goog_search_01,0.0,3
2024-08-24,Google Non-Brand Search,goog_search_01,5.0,2
2024-08-24,Google Non-Brand Search,goog_search_01,10.0,3
2024-08-24,Google Non-Brand Search,goog_search_01,20.0,3
2024-08-24,Google Non-Brand Search,goog_search_01,63.0,1
2024-08-24,TikTok,tiktok_upper_01,0.0,7
2024-08-24,TikTok,tiktok_upper_01,5.0,4
2024-08-24,TikTok,tiktok_upper_01,10.0,1
2024-08-24,TikTok,tiktok_upper_02,,8
2024-08-25,Meta,fb_prospect_01,0.0,6
2024-08-25,Meta,fb_prospect_01,5.0,7
2024-08-25,Meta,fb_prospect_01,10.0,3
2024-08-25,Meta,fb_prospect_01,20.0,3
2024-08-25,Meta,fb_prospect_01,63.0,2
2024-08-25,Meta,fb_prospect_02,0.0,5
2024-08-25,Meta,fb_prospect_02,5.0,4
2024-08-25,Meta,fb_prospect_02,10.0,6
2024-08-25,Meta,fb_prospect_02,20.0,2
2024-08-25,Meta,fb_prospect_02,40.0,1
2024-08-25,Meta,fb_prospect_02,63.0,1
2024-08-25,Google App Campaigns,goog_ac_01,,8
2024-08-25,Google App Campaigns,goog_ac_02,0.0,2
2024-08-25,Google App Campaigns,goog_ac_02,5.0,4
2024-08-25,Google App Campaigns,goog_ac_02,10.0,2
2024-08-25,Google App Campaigns,goog_ac_02,20.0,3
2024-08-25,Google Brand Search,goog_brand_01,0.0,3
2024-08-25,Google Brand Search,goog_brand_01,5.0,4
2024-08-25,Google Brand Search,goog_brand_01,10.0,6
2024-08-25,Google Brand Search,goog_brand_01,20.0,7
2024-08-25,Google Brand Search,goog_brand_01,63.0,1
2024-08-25,Google Non-Brand Search,goog_search_01,0.0,2
2024-08-25,Google Non-Brand Search,goog_search_01,5.0,2
2024-08-25,Google Non-Brand Search,goog_search_01,10.0,6
2024-08-25,Google Non-Brand Search,goog_search_01,20.0,3
2024-08-25,TikTok,tiktok_upper_01,,7
2024-08-25,TikTok,tiktok_upper_02,,6
2024-08-26,Meta,fb_prospect_01,0.0,3
2024-08-26,Meta,fb_prospect_01,5.0,6
2024-08-26,Meta,fb_prospect_01,10.0,5
2024-08-26,Meta,fb_prospect_01,20.0,2
2024-08-26,Meta,fb_prospect_02,0.0,8
2024-08-26,Meta,fb_prospect_02,5.0,10
2024-08-26,Meta,fb_prospect_02,10.0,5
2024-08-26,Meta,fb_prospect_02,20.0,1
2024-08-26,Google App Campaigns,goog_ac_01,,8
2024-08-26,Google App Campaigns,goog_ac_02,,8
2024-08-26,Google Brand Search,goog_brand_01,0.0,7
2024-08-26,Google Brand Search,goog_brand_01,5.0,4
2024-08-26,Google Brand Search,goog_brand_01,10.0,9
2024-08-26,Google Brand Search,goog_brand_01,20.0,2
2024-08-26,Google Brand Search,goog_brand_01,40.0,2
2024-08-26,Google Brand Search,goog_brand_01,63.0,1
2024-08-26,Google Non-Brand Search,goog_search_01,0.0,3
2024-08-26,Google Non-Brand Search,goog_search_01,5.0,2
2024-08-26,Google Non-Brand Search,goog_search_01,20.0,5
2024-08-26,Google Non-Brand Search,goog_search_01,40.0,2
2024-08-26,Google Non-Brand Search,goog_search_01,63.0,1
2024-08-26,TikTok,tiktok_upper_01,0.0,4
2024-08-26,TikTok,tiktok_upper_01,5.0,3
2024-08-26,TikTok,tiktok_upper_01,10.0,2
2024-08-26,TikTok,tiktok_upper_01,20.0,3
2024-08-26,TikTok,tiktok_upper_02,,8
2024-08-27,Meta,fb_prospect_01,0.0,4
2024-08-27,Meta,fb_prospect_01,5.0,4
2024-08-27,Meta,fb_prospect_01,10.0,4
2024-08-27,Meta,fb_prospect_01,20.0,3
2024-08-27,Meta,fb_prospect_01,63.0,1
2024-08-27,Meta,fb_prospect_02,0.0,5
2024-08-27,Meta,fb_prospect_02,5.0,8
2024-08-27,Meta,fb_prospect_02,10.0,5
2024-08-27,Meta,fb_prospect_02,20.0,1
2024-08-27,Google App Campaigns,goog_ac_01,,9
2024-08-27,Google App Campaigns,goog_ac_02,0.0,1
2024-08-27,Google App Campaigns,goog_ac_02,5.0,2
2024-08-27,Google App Campaigns,goog_ac_02,10.0,5
2024-08-27,Google App Campaigns,goog_ac_02,40.0,2
2024-08-27,Google Brand Search,goog_brand_01,0.0,2
2024-08-27,Google Brand Search,goog_brand_01,5.0,5
2024-08-27,Google Brand Search,goog_brand_01,10.0,3
2024-08-27,Google Brand Search,goog_brand_01,20.0,5
2024-08-27,Google Non-Brand Search,goog_search_01,0.0,3
2024-08-27,Google Non-Brand Search,goog_search_01,5.0,2
2024-08-27,Google Non-Brand Search,goog_search_01,10.0,5
2024-08-27,Google Non-Brand Search,goog_search_01,20.0,3
2024-08-27,Google Non-Brand Search,goog_search_01,40.0,1
2024-08-27,TikTok,tiktok_upper_01,,9
2024-08-27,TikTok,tiktok_upper_02,,9
2024-08-28,Meta,fb_prospect_01,0.0,4
2024-08-28,Meta,fb_prospect_01,5.0,3
2024-08-28,Meta,fb_prospect_01,10.0,3
2024-08-28,Meta,fb_prospect_01,20.0,3
2024-08-28,Meta,fb_prospect_02,0.0,3
2024-08-28,Meta,fb_prospect_02,5.0,3
2024-08-28,Meta,fb_prospect_02,10.0,4
2024-08-28,Meta,fb_prospect_02,20.0,2
2024-08-28,Meta,fb_prospect_02,40.0,1
2024-08-28,Google App Campaigns,goog_ac_01,0.0,2
2024-08-28,Google App Campaigns,goog_ac_01,5.0,4
2024-08-28,Google App Campaigns,goog_ac_01,10.0,1
2024-08-28,Google App Campaigns,goog_ac_01,20.0,3
2024-08-28,Google App Campaigns,goog_ac_01,63.0,1
2024-08-28,Google App Campaigns,goog_ac_02,,9
2024-08-28,Google Brand Search,goog_brand_01,0.0,5
2024-08-28,Google Brand Search,goog_brand_01,5.0,1
2024-08-28,Google Brand Search,goog_brand_01,10.0,3
2024-08-28,Google Brand Search,goog_brand_01,20.0,4
2024-08-28,Google Brand Search,goog_brand_01,40.0,1
2024-08-28,Google Non-Brand Search,goog_search_01,0.0,1
2024-08-28,Google Non-Brand Search,goog_search_01,5.0,2
2024-08-28,Google Non-Brand Search,goog_search_01,10.0,5
2024-08-28,Google Non-Brand Search,goog_search_01,20.0,4
2024-08-28,Google Non-Brand Search,goog_search_01,40.0,3
2024-08-28,TikTok,tiktok_upper_01,,6
2024-08-28,TikTok,tiktok_upper_02,,7
2024-08-29,Meta,fb_prospect_01,0.0,11
2024-08-29,Meta,fb_prospect_01,5.0,5
2024-08-29,Meta,fb_prospect_01,10.0,3
2024-08-29,Meta,fb_prospect_01,20.0,2
2024-08-29,Meta,fb_prospect_02,0.0,2
2024-08-29,Meta,fb_prospect_02,5.0,7
2024-08-29,Meta,fb_prospect_02,10.0,5
2024-08-29,Meta,fb_prospect_02,20.0,2
2024-08-29,Google App Campaigns,goog_ac_01,,6
2024-08-29,Google App Campaigns,goog_ac_02,,8
2024-08-29,Google Brand Search,goog_brand_01,0.0,2
2024-08-29,Google Brand Search,goog_brand_01,5.0,6
2024-08-29,Google Brand Search,goog_brand_01,10.0,2
2024-08-29,Google Brand Search,goog_brand_01,20.0,3
2024-08-29,Google Non-Brand Search,goog_search_01,0.0,9
2024-08-29,Google Non-Brand Search,goog_search_01,5.0,1
2024-08-29,Google Non-Brand Search,goog_search_01,10.0,2
2024-08-29,Google Non-Brand Search,goog_search_01,20.0,3
2024-08-29,Google Non-Brand Search,goog_search_01,40.0,3
2024-08-29,Google Non-Brand Search,goog_search_01,63.0,1
2024-08-29,TikTok,tiktok_upper_01,0.0,3
2024-08-29,TikTok,tiktok_upper_01,5.0,4
2024-08-29,TikTok,tiktok_upper_01,10.0,1
2024-08-29,TikTok,tiktok_upper_01,20.0,1
2024-08-29,TikTok,tiktok_upper_01,40.0,2
2024-08-29,TikTok,tiktok_upper_02,,6
2024-08-30,Meta,fb_prospect_01,0.0,7
2024-08-30,Meta,fb_prospect_01,5.0,1
2024-08-30,Meta,fb_prospect_01,10.0,4
2024-08-30,Meta,fb_prospect_01,20.0,1
2024-08-30,Meta,fb_prospect_01,63.0,1
2024-08-30,Meta,fb_prospect_02,0.0,5
2024-08-30,Meta,fb_prospect_02,5.0,2
2024-08-30,Meta,fb_prospect_02,10.0,2
2024-08-30,Meta,fb_prospect_02,20.0,1
2024-08-30,Meta,fb_prospect_02,40.0,1
2024-08-30,Meta,fb_prospect_02,63.0,3
2024-08-30,Google App Campaigns,goog_ac_01,,6
2024-08-30,Google App Campaigns,goog_ac_02,,7
2024-08-30,Google Brand Search,goog_brand_01,5.0,5
2024-08-30,Google Brand Search,goog_brand_01,10.0,4
2024-08-30,Google Brand Search,goog_brand_01,20.0,1
2024-08-30,Google Brand Search,goog_brand_01,40.0,1
2024-08-30,Google Brand Search,goog_brand_01,63.0,1
2024-08-30,Google Non-Brand Search,goog_search_01,0.0,1
2024-08-30,Google Non-Brand Search,goog_search_01,5.0,3
2024-08-30,Google Non-Brand Search,goog_search_01,10.0,3
2024-08-30,Google Non-Brand Search,goog_search_01,20.0,1
2024-08-30,Google Non-Brand Search,goog_search_01,40.0,3
2024-08-30,TikTok,tiktok_upper_01,,9
2024-08-30,TikTok,tiktok_upper_02,,9
2024-08-31,Meta,fb_prospect_01,0.0,1
2024-08-31,Meta,fb_prospect_01,5.0,8
2024-08-31,Meta,fb_prospect_01,10.0,4
2024-08-31,Meta,fb_prospect_01,20.0,3
2024-08-31,Meta,fb_prospect_01,40.0,2
2024-08-31,Meta,fb_prospect_01,63.0,1
2024-08-31,Meta,fb_prospect_02,0.0,5
2024-08-31,Meta,fb_prospect_02,5.0,5
2024-08-31,Meta,fb_prospect_02,10.0,4
2024-08-31,Meta,fb_prospect_02,20.0,2
2024-08-31,Meta,fb_prospect_02,63.0,2
2024-08-31,Google App Campaigns,goog_ac_01,0.0,3
2024-08-31,Google App Campaigns,goog_ac_01,5.0,3
2024-08-31,Google App Campaigns,goog_ac_01,10.0,7
2024-08-31,Google App Campaigns,goog_ac_01,20.0,1
2024-08-31,Google App Campaigns,goog_ac_01,63.0,1
2024-08-31,Google App Campaigns,goog_ac_02,0.0,6
2024-08-31,Google App Campaigns,goog_ac_02,5.0,2
2024-08-31,Google App Campaigns,goog_ac_02,10.0,3
2024-08-31,Google App Campaigns,goog_ac_02,20.0,3
2024-08-31,Google Brand Search,goog_brand_01,0.0,2
2024-08-31,Google Brand Search,goog_brand_01,5.0,7
2024-08-31,Google Brand Search,goog_brand_01,10.0,2
2024-08-31,Google Brand Search,goog_brand_01,20.0,5
2024-08-31,Google Brand Search,goog_brand_01,40.0,3
2024-08-31,Google Non-Brand Search,goog_search_01,0.0,1
2024-08-31,Google Non-Brand Search,goog_search_01,5.0,10
2024-08-31,Google Non-Brand Search,goog_search_01,10.0,9
2024-08-31,Google Non-Brand Search,goog_search_01,20.0,7
2024-08-31,TikTok,tiktok_upper_01,0.0,5
2024-08-31,TikTok,tiktok_upper_01,5.0,2
2024-08-31,TikTok,tiktok_upper_01,20.0,1
2024-08-31,TikTok,tiktok_upper_01,40.0,2
2024-08-31,TikTok,tiktok_upper_01,63.0,1
2024-08-31,TikTok,tiktok_upper_02,,8
2024-09-01,Meta,fb_prospect_01,0.0,4
2024-09-01,Meta,fb_prospect_01,5.0,6
2024-09-01,Meta,fb_prospect_01,10.0,7
2024-09-01,Meta,fb_prospect_01,20.0,2
2024-09-01,Meta,fb_prospect_01,40.0,1
2024-09-01,Meta,fb_prospect_02,0.0,6
2024-09-01,Meta,fb_prospect_02,5.0,7
2024-09-01,Meta,fb_prospect_02,10.0,5
2024-09-01,Google App Campaigns,goog_ac_01,0.0,2
2024-09-01,Google App Campaigns,goog_ac_01,5.0,5
2024-09-01,Google App Campaigns,goog_ac_01,10.0,2
2024-09-01,Google App Campaigns,goog_ac_01,20.0,1
2024-09-01,Google App Campaigns,goog_ac_01,63.0,1
2024-09-01,Google App Campaigns,goog_ac_02,0.0,2
2024-09-01,Google App Campaigns,goog_ac_02,5.0,3
2024-09-01,Google App Campaigns,goog_ac_02,10.0,1
2024-09-01,Google App Campaigns,goog_ac_02,20.0,4
2024-09-01,Google Brand Search,goog_brand_01,0.0,2
2024-09-01,Google Brand Search,goog_brand_01,5.0,4
2024-09-01,Google Brand Search,goog_brand_01,10.0,4
2024-09-01,Google Non-Brand Search,goog_search_01,0.0,3
2024-09-01,Google Non-Brand Search,goog_search_01,5.0,2
2024-09-01,Google Non-Brand Search,goog_search_01,10.0,3
2024-09-01,Google Non-Brand Search,goog_search_01,20.0,4
2024-09-01,Google Non-Brand Search,goog_search_01,40.0,3
2024-09-01,Google Non-Brand Search,goog_search_01,63.0,1
2024-09-01,TikTok,tiktok_upper_01,,8
2024-09-01,TikTok,tiktok_upper_02,0.0,8
2024-09-01,TikTok,tiktok_upper_02,5.0,1
2024-09-01,TikTok,tiktok_upper_02,10.0,3
2024-09-02,Meta,fb_prospect_01,0.0,4
2024-09-02,Meta,fb_prospect_01,5.0,8
2024-09-02,Meta,fb_prospect_01,10.0,10
2024-09-02,Meta,fb_prospect_01,20.0,2
2024-09-02,Meta,fb_prospect_02,0.0,6
2024-09-02,Meta,fb_prospect_02,5.0,2
2024-09-02,Meta,fb_prospect_02,10.0,5
2024-09-02,Meta,fb_prospect_02,20.0,2
2024-09-02,Meta,fb_prospect_02,63.0,1
2024-09-02,Google App Campaigns,goog_ac_01,,8
2024-09-02,Google App Campaigns,goog_ac_02,,7
2024-09-02,Google Brand Search,goog_brand_01,0.0,3
2024-09-02,Google Brand Search,goog_brand_01,5.0,1
2024-09-02,Google Brand Search,goog_brand_01,10.0,6
2024-09-02,Google Brand Search,goog_brand_01,20.0,3
2024-09-02,Google Brand Search,goog_brand_01,40.0,2
2024-09-02,Google Brand Search,goog_brand_01,63.0,3
2024-09-02,Google Non-Brand Search,goog_search_01,0.0,5
2024-09-02,Google Non-Brand Search,goog_search_01,5.0,2
2024-09-02,Google Non-Brand Search,goog_search_01,10.0,5
2024-09-02,Google Non-Brand Search,goog_search_01,20.0,2
2024-09-02,Google Non-Brand Search,goog_search_01,40.0,1
2024-09-02,Google Non-Brand Search,goog_search_01,63.0,2
2024-09-02,TikTok,tiktok_upper_01,0.0,4
2024-09-02,TikTok,tiktok_upper_01,5.0,6
2024-09-02,TikTok,tiktok_upper_01,10.0,2
2024-09-02,TikTok,tiktok_upper_01,20.0,1
2024-09-02,TikTok,tiktok_upper_01,40.0,2
2024-09-02,TikTok,tiktok_upper_02,0.0,4
2024-09-02,TikTok,tiktok_upper_02,5.0,3
2024-09-02,TikTok,tiktok_upper_02,10.0,3
2024-09-02,TikTok,tiktok_upper_02,40.0,1
2024-09-03,Meta,fb_prospect_01,0.0,5
2024-09-03,Meta,fb_prospect_01,5.0,6
2024-09-03,Meta,fb_prospect_01,10.0,2
2024-09-03,Meta,fb_prospect_01,20.0,2
2024-09-03,Meta,fb_prospect_02,0.0,3
2024-09-03,Meta,fb_prospect_02,5.0,6
2024-09-03,Meta,fb_prospect_02,20.0,1
2024-09-03,Google App Campaigns,goog_ac_01,,4
2024-09-03,Google App Campaigns,goog_ac_02,0.0,5
2024-09-03,Google App Campaigns,goog_ac_02,5.0,4
2024-09-03,Google App Campaigns,goog_ac_02,10.0,3
2024-09-03,Google App Campaigns,goog_ac_02,63.0,2
2024-09-03,Google Brand Search,goog_brand_01,0.0,4
2024-09-03,Google Brand Search,goog_brand_01,5.0,5
2024-09-03,Google Brand Search,goog_brand_01,10.0,1
2024-09-03,Google Brand Search,goog_brand_01,20.0,4
2024-09-03,Google Brand Search,goog_brand_01,40.0,1
2024-09-03,Google Brand Search,goog_brand_01,63.0,1
2024-09-03,Google Non-Brand Search,goog_search_01,0.0,4
2024-09-03,Google Non-Brand Search,goog_search_01,5.0,5
2024-09-03,Google Non-Brand Search,goog_search_01,10.0,2
2024-09-03,Google Non-Brand Search,goog_search_01,20.0,4
2024-09-03,Google Non-Brand Search,goog_search_01,40.0,2
2024-09-03,Google Non-Brand Search,goog_search_01,63.0,1
2024-09-03,TikTok,tiktok_upper_01,,7
2024-09-03,TikTok,tiktok_upper_02,0.0,3
2024-09-03,TikTok,tiktok_upper_02,5.0,3
2024-09-03,TikTok,tiktok_upper_02,10.0,4
2024-09-04,Meta,fb_prospect_01,0.0,4
2024-09-04,Meta,fb_prospect_01,5.0,9
2024-09-04,Meta,fb_prospect_01,10.0,6
2024-09-04,Meta,fb_prospect_02,0.0,6
2024-09-04,Meta,fb_prospect_02,5.0,4
2024-09-04,Meta,fb_prospect_02,10.0,6
2024-09-04,Meta,fb_prospect_02,20.0,2
2024-09-04,Meta,fb_prospect_02,63.0,1
2024-09-04,Google App Campaigns,goog_ac_01,0.0,4
2024-09-04,Google App Campaigns,goog_ac_01,5.0,4
2024-09-04,Google App Campaigns,goog_ac_01,10.0,1
2024-09-04,Google App Campaigns,goog_ac_01,40.0,1
2024-09-04,Google App Campaigns,goog_ac_01,63.0,1
2024-09-04,Google App Campaigns,goog_ac_02,0.0,3
2024-09-04,Google App Campaigns,goog_ac_02,5.0,3
2024-09-04,Google App Campaigns,goog_ac_02,10.0,3
2024-09-04,Google App Campaigns,goog_ac_02,20.0,3
2024-09-04,Google App Campaigns,goog_ac_02,63.0,1
2024-09-04,Google Brand Search,goog_brand_01,0.0,3
2024-09-04,Google Brand Search,goog_brand_01,5.0,4
2024-09-04,Google Brand Search,goog_brand_01,10.0,7
2024-09-04,Google Brand Search,goog_brand_01,20.0,3
2024-09-04,Google Brand Search,goog_brand_01,40.0,1
2024-09-04,Google Non-Brand Search,goog_search_01,,8
2024-09-04,TikTok,tiktok_upper_01,,5
2024-09-04,TikTok,tiktok_upper_02,0.0,5
2024-09-04,TikTok,tiktok_upper_02,5.0,4
2024-09-04,TikTok,tiktok_upper_02,10.0,1
2024-09-05,Meta,fb_prospect_01,0.0,4
2024-09-05,Meta,fb_prospect_01,5.0,4
2024-09-05,Meta,fb_prospect_01,10.0,7
2024-09-05,Meta,fb_prospect_01,40.0,1
2024-09-05,Meta,fb_prospect_01,63.0,1
2024-09-05,Meta,fb_prospect_02,0.0,6
2024-09-05,Meta,fb_prospect_02,5.0,4
2024-09-05,Meta,fb_prospect_02,10.0,5
2024-09-05,Meta,fb_prospect_02,20.0,3
2024-09-05,Google App Campaigns,goog_ac_01,0.0,1
2024-09-05,Google App Campaigns,goog_ac_01,5.0,2
2024-09-05,Google App Campaigns,goog_ac_01,10.0,4
2024-09-05,Google App Campaigns,goog_ac_01,20.0,5
2024-09-05,Google App Campaigns,goog_ac_01,40.0,1
2024-09-05,Google App Campaigns,goog_ac_02,,6
2024-09-05,Google Brand Search,goog_brand_01,0.0,2
2024-09-05,Google Brand Search,goog_brand_01,5.0,2
2024-09-05,Google Brand Search,goog_brand_01,10.0,4
2024-09-05,Google Brand Search,goog_brand_01,20.0,2
2024-09-05,Google Non-Brand Search,goog_search_01,0.0,1
2024-09-05,Google Non-Brand Search,goog_search_01,5.0,3
2024-09-05,Google Non-Brand Search,goog_search_01,10.0,5
2024-09-05,Google Non-Brand Search,goog_search_01,20.0,3
2024-09-05,Google Non-Brand Search,goog_search_01,40.0,3
2024-09-05,TikTok,tiktok_upper_01,0.0,7
2024-09-05,TikTok,tiktok_upper_01,5.0,2
2024-09-05,TikTok,tiktok_upper_01,10.0,3
2024-09-05,TikTok,tiktok_upper_02,0.0,2
2024-09-05,TikTok,tiktok_upper_02,5.0,6
2024-09-05,TikTok,tiktok_upper_02,10.0,3
2024-09-05,TikTok,tiktok_upper_02,40.0,2
2024-09-06,Meta,fb_prospect_01,0.0,6
2024-09-06,Meta,fb_prospect_01,5.0,5
2024-09-06,Meta,fb_prospect_01,10.0,4
2024-09-06,Meta,fb_prospect_01,20.0,1
2024-09-06,Meta,fb_prospect_01,40.0,1
2024-09-06,Meta,fb_prospect_02,,8
2024-09-06,Google App Campaigns,goog_ac_01,0.0,4
2024-09-06,Google App Campaigns,goog_ac_01,5.0,2
2024-09-06,Google App Campaigns,goog_ac_01,10.0,1
2024-09-06,Google App Campaigns,goog_ac_01,20.0,1
2024-09-06,Google App Campaigns,goog_ac_01,63.0,2
2024-09-06,Google App Campaigns,goog_ac_02,,8
2024-09-06,Google Brand Search,goog_brand_01,0.0,3
2024-09-06,Google Brand Search,goog_brand_01,5.0,1
2024-09-06,Google Brand Search,goog_brand_01,10.0,3
2024-09-06,Google Brand Search,goog_brand_01,20.0,6
2024-09-06,Google Brand Search,goog_brand_01,63.0,1
2024-09-06,Google Non-Brand Search,goog_search_01,0.0,1
2024-09-06,Google Non-Brand Search,goog_search_01,5.0,6
2024-09-06,Google Non-Brand Search,goog_search_01,10.0,2
2024-09-06,Google Non-Brand Search,goog_search_01,20.0,4
2024-09-06,Google Non-Brand Search,goog_search_01,40.0,1
2024-09-06,Google Non-Brand Search,goog_search_01,63.0,1
2024-09-06,TikTok,tiktok_upper_01,0.0,6
2024-09-06,TikTok,tiktok_upper_01,5.0,2
2024-09-06,TikTok,tiktok_upper_01,10.0,2
2024-09-06,TikTok,tiktok_upper_01,20.0,1
2024-09-06,TikTok,tiktok_upper_02,,8
2024-09-07,Meta,fb_prospect_01,0.0,5
2024-09-07,Meta,fb_prospect_01,5.0,4
2024-09-07,Meta,fb_prospect_01,10.0,9
2024-09-07,Meta,fb_prospect_01,20.0,2
2024-09-07,Meta,fb_prospect_01,63.0,3
2024-09-07,Meta,fb_prospect_02,0.0,4
2024-09-07,Meta,fb_prospect_02,5.0,4
2024-09-07,Meta,fb_prospect_02,10.0,7
2024-09-07,Meta,fb_prospect_02,20.0,2
2024-09-07,Meta,fb_prospect_02,40.0,1
2024-09-07,Google App Campaigns,goog_ac_01,0.0,5
2024-09-07,Google App Campaigns,goog_ac_01,5.0,3
2024-09-07,Google App Campaigns,goog_ac_01,10.0,6
2024-09-07,Google App Campaigns,goog_ac_01,20.0,2
2024-09-07,Google App Campaigns,goog_ac_02,0.0,2
2024-09-07,Google App Campaigns,goog_ac_02,5.0,2
2024-09-07,Google App Campaigns,goog_ac_02,10.0,4
2024-09-07,Google App Campaigns,goog_ac_02,40.0,2
2024-09-07,Google App Campaigns,goog_ac_02,63.0,1
2024-09-07,Google Brand Search,goog_brand_01,0.0,3
2024-09-07,Google Brand Search,goog_brand_01,5.0,3
2024-09-07,Google Brand Search,goog_brand_01,10.0,1
2024-09-07,Google Brand Search,goog_brand_01,20.0,2
2024-09-07,Google Brand Search,goog_brand_01,40.0,1
2024-09-07,Google Non-Brand Search,goog_search_01,0.0,4
2024-09-07,Google Non-Brand Search,goog_search_01,5.0,2
2024-09-07,Google Non-Brand Search,goog_search_01,10.0,1
2024-09-07,Google Non-Brand Search,goog_search_01,20.0,5
2024-09-07,Google Non-Brand Search,goog_search_01,63.0,3
2024-09-07,TikTok,tiktok_upper_01,0.0,4
2024-09-07,TikTok,tiktok_upper_01,5.0,2
2024-09-07,TikTok,tiktok_upper_01,10.0,3
2024-09-07,TikTok,tiktok_upper_01,63.0,1
2024-09-07,TikTok,tiktok_upper_02,,9
2024-09-08,Meta,fb_prospect_01,0.0,4
2024-09-08,Meta,fb_prospect_01,5.0,5
2024-09-08,Meta,fb_prospect_01,10.0,7
2024-09-08,Meta,fb_prospect_01,20.0,2
2024-09-08,Meta,fb_prospect_02,0.0,4
2024-09-08,Meta,fb_prospect_02,5.0,3
2024-09-08,Meta,fb_prospect_02,10.0,8
2024-09-08,Meta,fb_prospect_02,40.0,3
2024-09-08,Google App Campaigns,goog_ac_01,5.0,1
2024-09-08,Google App Campaigns,goog_ac_01,10.0,6
2024-09-08,Google App Campaigns,goog_ac_01,20.0,3
2024-09-08,Google App Campaigns,goog_ac_02,0.0,6
2024-09-08,Google App Campaigns,goog_ac_02,5.0,6
2024-09-08,Google App Campaigns,goog_ac_02,20.0,1
2024-09-08,Google App Campaigns,goog_ac_02,63.0,2
2024-09-08,Google Brand Search,goog_brand_01,0.0,2
2024-09-08,Google Brand Search,goog_brand_01,10.0,7
2024-09-08,Google Brand Search,goog_brand_01,20.0,4
2024-09-08,Google Brand Search,goog_brand_01,40.0,1
2024-09-08,Google Brand Search,goog_brand_01,63.0,2
2024-09-08,Google Non-Brand Search,goog_search_01,0.0,1
2024-09-08,Google Non-Brand Search,goog_search_01,5.0,3
2024-09-08,Google Non-Brand Search,goog_search_01,10.0,4
2024-09-08,Google Non-Brand Search,goog_search_01,20.0,3
2024-09-08,TikTok,tiktok_upper_01,0.0,6
2024-09-08,TikTok,tiktok_upper_01,5.0,5
2024-09-08,TikTok,tiktok_upper_01,10.0,3
2024-09-08,TikTok,tiktok_upper_02,0.0,3
2024-09-08,TikTok,tiktok_upper_02,5.0,8
2024-09-08,TikTok,tiktok_upper_02,20.0,1
2024-09-09,Meta,fb_prospect_01,0.0,10
2024-09-09,Meta,fb_prospect_01,5.0,3
2024-09-09,Meta,fb_prospect_01,10.0,9
2024-09-09,Meta,fb_prospect_01,20.0,2
2024-09-09,Meta,fb_prospect_01,40.0,1
2024-09-09,Meta,fb_prospect_01,63.0,2
2024-09-09,Meta,fb_prospect_02,0.0,7
2024-09-09,Meta,fb_prospect_02,5.0,13
2024-09-09,Meta,fb_prospect_02,10.0,10
2024-09-09,Meta,fb_prospect_02,20.0,2
2024-09-09,Meta,fb_prospect_02,40.0,1
2024-09-09,Google App Campaigns,goog_ac_01,5.0,5
2024-09-09,Google App Campaigns,goog_ac_01,10.0,2
2024-09-09,Google App Campaigns,goog_ac_01,20.0,4
2024-09-09,Google App Campaigns,goog_ac_01,40.0,2
2024-09-09,Google App Campaigns,goog_ac_01,63.0,1
2024-09-09,Google App Campaigns,goog_ac_02,0.0,3
2024-09-09,Google App Campaigns,goog_ac_02,5.0,3
2024-09-09,Google App Campaigns,goog_ac_02,10.0,3
2024-09-09,Google App Campaigns,goog_ac_02,20.0,2
2024-09-09,Google App Campaigns,goog_ac_02,63.0,1
2024-09-09,Google Brand Search,goog_brand_01,0.0,5
2024-09-09,Google Brand Search,goog_brand_01,5.0,5
2024-09-09,Google Brand Search,goog_brand_01,10.0,3
2024-09-09,Google Brand Search,goog_brand_01,20.0,3
2024-09-09,Google Brand Search,goog_brand_01,40.0,1
2024-09-09,Google Non-Brand Search,goog_search_01,0.0,3
2024-09-09,Google Non-Brand Search,goog_search_01,5.0,2
2024-09-09,Google Non-Brand Search,goog_search_01,10.0,5
2024-09-09,Google Non-Brand Search,goog_search_01,20.0,5
2024-09-09,Google Non-Brand Search,goog_search_01,40.0,2
2024-09-09,TikTok,tiktok_upper_01,,5
2024-09-09,TikTok,tiktok_upper_02,,7
2024-09-10,Meta,fb_prospect_01,0.0,7
2024-09-10,Meta,fb_prospect_01,5.0,2
2024-09-10,Meta,fb_prospect_01,10.0,3
2024-09-10,Meta,fb_prospect_01,20.0,2
2024-09-10,Meta,fb_prospect_02,0.0,4
2024-09-10,Meta,fb_prospect_02,5.0,7
2024-09-10,Meta,fb_prospect_02,10.0,4
2024-09-10,Meta,fb_prospect_02,20.0,1
2024-09-10,Meta,fb_prospect_02,40.0,2
2024-09-10,Meta,fb_prospect_02,63.0,1
2024-09-10,Google App Campaigns,goog_ac_01,,7
2024-09-10,Google App Campaigns,goog_ac_02,0.0,2
2024-09-10,Google App Campaigns,goog_ac_02,5.0,1
2024-09-10,Google App Campaigns,goog_ac_02,10.0,6
2024-09-10,Google App Campaigns,goog_ac_02,20.0,1
2024-09-10,Google App Campaigns,goog_ac_02,40.0,1
2024-09-10,Google Brand Search,goog_brand_01,5.0,2
2024-09-10,Google Brand Search,goog_brand_01,10.0,3
2024-09-10,Google Brand Search,goog_brand_01,20.0,4
2024-09-10,Google Brand Search,goog_brand_01,40.0,2
2024-09-10,Google Brand Search,goog_brand_01,63.0,2
2024-09-10,Google Non-Brand Search,goog_search_01,0.0,3
2024-09-10,Google Non-Brand Search,goog_search_01,5.0,1
2024-09-10,Google Non-Brand Search,goog_search_01,10.0,9
2024-09-10,Google Non-Brand Search,goog_search_01,20.0,6
2024-09-10,Google Non-Brand Search,goog_search_01,40.0,2
2024-09-10,Google Non-Brand Search,goog_search_01,63.0,1
2024-09-10,TikTok,tiktok_upper_01,,7
2024-09-10,TikTok,tiktok_upper_02,,8
2024-09-11,Meta,fb_prospect_01,0.0,3
2024-09-11,Meta,fb_prospect_01,5.0,4
2024-09-11,Meta,fb_prospect_01,10.0,5
2024-09-11,Meta,fb_prospect_01,20.0,1
2024-09-11,Meta,fb_prospect_01,40.0,1
2024-09-11,Meta,fb_prospect_02,0.0,3
2024-09-11,Meta,fb_prospect_02,5.0,7
2024-09-11,Meta,fb_prospect_02,10.0,5
2024-09-11,Meta,fb_prospect_02,20.0,2
2024-09-11,Meta,fb_prospect_02,40.0,1
2024-09-11,Meta,fb_prospect_02,63.0,2
2024-09-11,Google App Campaigns,goog_ac_01,,8
2024-09-11,Google App Campaigns,goog_ac_02,0.0,2
2024-09-11,Google App Campaigns,goog_ac_02,5.0,3
2024-09-11,Google App Campaigns,goog_ac_02,10.0,1
2024-09-11,Google App Campaigns,goog_ac_02,20.0,2
2024-09-11,Google App Campaigns,goog_ac_02,40.0,2
2024-09-11,Google Brand Search,goog_brand_01,0.0,5
2024-09-11,Google Brand Search,goog_brand_01,5.0,2
2024-09-11,Google Brand Search,goog_brand_01,10.0,1
2024-09-11,Google Brand Search,goog_brand_01,20.0,3
2024-09-11,Google Brand Search,goog_brand_01,40.0,1
2024-09-11,Google Non-Brand Search,goog_search_01,0.0,1
2024-09-11,Google Non-Brand Search,goog_search_01,5.0,4
2024-09-11,Google Non-Brand Search,goog_search_01,10.0,4
2024-09-11,Google Non-Brand Search,goog_search_01,20.0,1
2024-09-11,TikTok,tiktok_upper_01,0.0,5
2024-09-11,TikTok,tiktok_upper_01,5.0,5
2024-09-11,TikTok,tiktok_upper_01,63.0,1
2024-09-11,TikTok,tiktok_upper_02,0.0,6
2024-09-11,TikTok,tiktok_upper_02,5.0,4
2024-09-11,TikTok,tiktok_upper_02,10.0,1
2024-09-11,TikTok,tiktok_upper_02,40.0,1
2024-09-12,Meta,fb_prospect_01,0.0,4
2024-09-12,Meta,fb_prospect_01,5.0,7
2024-09-12,Meta,fb_prospect_01,10.0,5
2024-09-12,Meta,fb_prospect_01,20.0,1
2024-09-12,Meta,fb_prospect_01,40.0,2
2024-09-12,Meta,fb_prospect_02,0.0,4
2024-09-12,Meta,fb_prospect_02,5.0,2
2024-09-12,Meta,fb_prospect_02,10.0,6
2024-09-12,Meta,fb_prospect_02,20.0,1
2024-09-12,Meta,fb_prospect_02,40.0,2
2024-09-12,Google App Campaigns,goog_ac_01,0.0,2
2024-09-12,Google App Campaigns,goog_ac_01,5.0,4
2024-09-12,Google App Campaigns,goog_ac_01,10.0,2
2024-09-12,Google App Campaigns,goog_ac_01,20.0,2
2024-09-12,Google App Campaigns,goog_ac_02,0.0,5
2024-09-12,Google App Campaigns,goog_ac_02,5.0,5
2024-09-12,Google App Campaigns,goog_ac_02,40.0,1
2024-09-12,Google Brand Search,goog_brand_01,,4
2024-09-12,Google Non-Brand Search,goog_search_01,0.0,4
2024-09-12,Google Non-Brand Search,goog_search_01,5.0,4
2024-09-12,Google Non-Brand Search,goog_search_01,10.0,6
2024-09-12,Google Non-Brand Search,goog_search_01,20.0,3
2024-09-12,Google Non-Brand Search,goog_search_01,40.0,1
2024-09-12,Google Non-Brand Search,goog_search_01,63.0,2
2024-09-12,TikTok,tiktok_upper_01,,4
2024-09-12,TikTok,tiktok_upper_02,0.0,6
2024-09-12,TikTok,tiktok_upper_02,5.0,3
2024-09-12,TikTok,tiktok_upper_02,20.0,1
2024-09-13,Meta,fb_prospect_01,0.0,3
2024-09-13,Meta,fb_prospect_01,5.0,3
2024-09-13,Meta,fb_prospect_01,10.0,5
2024-09-13,Meta,fb_prospect_01,20.0,3
2024-09-13,Meta,fb_prospect_01,40.0,2
2024-09-13,Meta,fb_prospect_02,0.0,8
2024-09-13,Meta,fb_prospect_02,5.0,3
2024-09-13,Meta,fb_prospect_02,10.0,4
2024-09-13,Meta,fb_prospect_02,20.0,1
2024-09-13,Meta,fb_prospect_02,40.0,2
2024-09-13,Meta,fb_prospect_02,63.0,1
2024-09-13,Google App Campaigns,goog_ac_01,,9
2024-09-13,Google App Campaigns,goog_ac_02,0.0,5
2024-09-13,Google App Campaigns,goog_ac_02,5.0,3
2024-09-13,Google App Campaigns,goog_ac_02,20.0,2
2024-09-13,Google App Campaigns,goog_ac_02,63.0,1
2024-09-13,Google Brand Search,goog_brand_01,0.0,2
2024-09-13,Google Brand Search,goog_brand_01,5.0,5
2024-09-13,Google Brand Search,goog_brand_01,10.0,4
2024-09-13,Google Brand Search,goog_brand_01,20.0,2
2024-09-13,Google Brand Search,goog_brand_01,40.0,1
2024-09-13,Google Brand Search,goog_brand_01,63.0,1
2024-09-13,Google Non-Brand Search,goog_search_01,0.0,4
2024-09-13,Google Non-Brand Search,goog_search_01,5.0,2
2024-09-13,Google Non-Brand Search,goog_search_01,10.0,5
2024-09-13,Google Non-Brand Search,goog_search_01,20.0,5
2024-09-13,Google Non-Brand Search,goog_search_01,40.0,1
2024-09-13,TikTok,tiktok_upper_01,0.0,6
2024-09-13,TikTok,tiktok_upper_01,5.0,4
2024-09-13,TikTok,tiktok_upper_02,,8
2024-09-14,Meta,fb_prospect_01,0.0,10
2024-09-14,Meta,fb_prospect_01,5.0,3
2024-09-14,Meta,fb_prospect_01,10.0,11
2024-09-14,Meta,fb_prospect_01,20.0,3
2024-09-14,Meta,fb_prospect_01,63.0,2
2024-09-14,Meta,fb_prospect_02,0.0,6
2024-09-14,Meta,fb_prospect_02,5.0,2
2024-09-14,Meta,fb_prospect_02,10.0,9
2024-09-14,Meta,fb_prospect_02,20.0,1
2024-09-14,Meta,fb_prospect_02,40.0,2
2024-09-14,Google App Campaigns,goog_ac_01,,7
2024-09-14,Google App Campaigns,goog_ac_02,0.0,4
2024-09-14,Google App Campaigns,goog_ac_02,5.0,5
2024-09-14,Google App Campaigns,goog_ac_02,10.0,6
2024-09-14,Google Brand Search,goog_brand_01,0.0,3
2024-09-14,Google Brand Search,goog_brand_01,5.0,4
2024-09-14,Google Brand Search,goog_brand_01,10.0,4
2024-09-14,Google Brand Search,goog_brand_01,20.0,3
2024-09-14,Google Brand Search,goog_brand_01,40.0,2
2024-09-14,Google Brand Search,goog_brand_01,63.0,1
2024-09-14,Google Non-Brand Search,goog_search_01,0.0,1
2024-09-14,Google Non-Brand Search,goog_search_01,5.0,3
2024-09-14,Google Non-Brand Search,goog_search_01,10.0,2
2024-09-14,Google Non-Brand Search,goog_search_01,20.0,5
2024-09-14,Google Non-Brand Search,goog_search_01,63.0,1
2024-09-14,TikTok,tiktok_upper_01,0.0,5
2024-09-14,TikTok,tiktok_upper_01,5.0,4
2024-09-14,TikTok,tiktok_upper_01,10.0,1
2024-09-14,TikTok,tiktok_upper_01,63.0,1
2024-09-14,TikTok,tiktok_upper_02,0.0,3
2024-09-14,TikTok,tiktok_upper_02,5.0,5
2024-09-14,TikTok,tiktok_upper_02,10.0,2
2024-09-15,Meta,fb_prospect_01,0.0,6
2024-09-15,Meta,fb_prospect_01,5.0,4
2024-09-15,Meta,fb_prospect_01,10.0,5
2024-09-15,Meta,fb_prospect_01,40.0,1
2024-09-15,Meta,fb_prospect_01,63.0,1
2024-09-15,Meta,fb_prospect_02,0.0,6
2024-09-15,Meta,fb_prospect_02,5.0,11
2024-09-15,Meta,fb_prospect_02,10.0,5
2024-09-15,Meta,fb_prospect_02,20.0,1
2024-09-15,Meta,fb_prospect_02,40.0,1
2024-09-15,Meta,fb_prospect_02,63.0,1
2024-09-15,Google App Campaigns,goog_ac_01,0.0,3
2024-09-15,Google App Campaigns,goog_ac_01,10.0,5
2024-09-15,Google App Campaigns,goog_ac_01,40.0,2
2024-09-15,Google App Campaigns,goog_ac_02,,7
2024-09-15,Google Brand Search,goog_brand_01,0.0,4
2024-09-15,Google Brand Search,goog_brand_01,5.0,2
2024-09-15,Google Brand Search,goog_brand_01,10.0,1
2024-09-15,Google Brand Search,goog_brand_01,20.0,3
2024-09-15,Google Brand Search,goog_brand_01,40.0,1
2024-09-15,Google Brand Search,goog_brand_01,63.0,1
2024-09-15,Google Non-Brand Search,goog_search_01,0.0,2
2024-09-15,Google Non-Brand Search,goog_search_01,5.0,5
2024-09-15,Google Non-Brand Search,goog_search_01,10.0,2
2024-09-15,Google Non-Brand Search,goog_search_01,20.0,2
2024-09-15,Google Non-Brand Search,goog_search_01,40.0,1
2024-09-15,Google Non-Brand Search,goog_search_01,63.0,2
2024-09-15,TikTok,tiktok_upper_01,,7
2024-09-15,TikTok,tiktok_upper_02,,5
2024-09-16,Meta,fb_prospect_01,0.0,3
2024-09-16,Meta,fb_prospect_01,5.0,8
2024-09-16,Meta,fb_prospect_01,10.0,5
2024-09-16,Meta,fb_prospect_01,20.0,1
2024-09-16,Meta,fb_prospect_01,40.0,1
2024-09-16,Meta,fb_prospect_01,63.0,2
2024-09-16,Meta,fb_prospect_02,0.0,9
2024-09-16,Meta,fb_prospect_02,5.0,7
2024-09-16,Meta,fb_prospect_02,10.0,10
2024-09-16,Meta,fb_prospect_02,20.0,2
2024-09-16,Meta,fb_prospect_02,63.0,2
2024-09-16,Google App Campaigns,goog_ac_01,0.0,6
2024-09-16,Google App Campaigns,goog_ac_01,5.0,2
2024-09-16,Google App Campaigns,goog_ac_01,10.0,3
2024-09-16,Google App Campaigns,goog_ac_01,20.0,1
2024-09-16,Google App Campaigns,goog_ac_01,40.0,1
2024-09-16,Google App Campaigns,goog_ac_02,0.0,4
2024-09-16,Google App Campaigns,goog_ac_02,5.0,3
2024-09-16,Google App Campaigns,goog_ac_02,10.0,1
2024-09-16,Google App Campaigns,goog_ac_02,20.0,3
2024-09-16,Google App Campaigns,goog_ac_02,40.0,3
2024-09-16,Google App Campaigns,goog_ac_02,63.0,1
2024-09-16,Google Brand Search,goog_brand_01,0.0,7
2024-09-16,Google Brand Search,goog_brand_01,5.0,1
2024-09-16,Google Brand Search,goog_brand_01,10.0,7
2024-09-16,Google Brand Search,goog_brand_01,20.0,2
2024-09-16,Google Brand Search,goog_brand_01,40.0,3
2024-09-16,Google Brand Search,goog_brand_01,63.0,1
2024-09-16,Google Non-Brand Search,goog_search_01,5.0,3
2024-09-16,Google Non-Brand Search,goog_search_01,10.0,2
2024-09-16,Google Non-Brand Search,goog_search_01,20.0,4
2024-09-16,Google Non-Brand Search,goog_search_01,40.0,1
2024-09-16,Google Non-Brand Search,goog_search_01,63.0,1
2024-09-16,TikTok,tiktok_upper_01,0.0,3
2024-09-16,TikTok,tiktok_upper_01,5.0,8
2024-09-16,TikTok,tiktok_upper_01,10.0,2
2024-09-16,TikTok,tiktok_upper_01,20.0,1
2024-09-16,TikTok,tiktok_upper_02,0.0,5
2024-09-16,TikTok,tiktok_upper_02,5.0,3
2024-09-16,TikTok,tiktok_upper_02,10.0,1
2024-09-16,TikTok,tiktok_upper_02,40.0,1
2024-09-17,Meta,fb_prospect_01,0.0,4
2024-09-17,Meta,fb_prospect_01,5.0,4
2024-09-17,Meta,fb_prospect_01,10.0,3
2024-09-17,Meta,fb_prospect_01,20.0,3
2024-09-17,Meta,fb_prospect_01,63.0,2
2024-09-17,Meta,fb_prospect_02,0.0,7
2024-09-17,Meta,fb_prospect_02,5.0,4
2024-09-17,Meta,fb_prospect_02,10.0,3
2024-09-17,Meta,fb_prospect_02,20.0,3
2024-09-17,Meta,fb_prospect_02,40.0,1
2024-09-17,Google App Campaigns,goog_ac_01,,8
2024-09-17,Google App Campaigns,goog_ac_02,,8
2024-09-17,Google Brand Search,goog_brand_01,0.0,4
2024-09-17,Google Brand Search,goog_brand_01,5.0,7
2024-09-17,Google Brand Search,goog_brand_01,10.0,7
2024-09-17,Google Brand Search,goog_brand_01,20.0,1
2024-09-17,Google Non-Brand Search,goog_search_01,0.0,2
2024-09-17,Google Non-Brand Search,goog_search_01,5.0,5
2024-09-17,Google Non-Brand Search,goog_search_01,10.0,2
2024-09-17,Google Non-Brand Search,goog_search_01,20.0,1
2024-09-17,Google Non-Brand Search,goog_search_01,40.0,1
2024-09-17,TikTok,tiktok_upper_01,,8
2024-09-17,TikTok,tiktok_upper_02,,5
2024-09-18,Meta,fb_prospect_01,0.0,4
2024-09-18,Meta,fb_prospect_01,5.0,5
2024-09-18,Meta,fb_prospect_01,10.0,3
2024-09-18,Meta,fb_prospect_01,20.0,2
2024-09-18,Meta,fb_prospect_01,40.0,1
2024-09-18,Meta,fb_prospect_02,0.0,6
2024-09-18,Meta,fb_prospect_02,5.0,4
2024-09-18,Meta,fb_prospect_02,10.0,3
2024-09-18,Meta,fb_prospect_02,20.0,1
2024-09-18,Meta,fb_prospect_02,63.0,2
2024-09-18,Google App Campaigns,goog_ac_01,,9
2024-09-18,Google App Campaigns,goog_ac_02,,9
2024-09-18,Google Brand Search,goog_brand_01,0.0,6
2024-09-18,Google Brand Search,goog_brand_01,5.0,4
2024-09-18,Google Brand Search,goog_brand_01,10.0,5
2024-09-18,Google Brand Search,goog_brand_01,20.0,1
2024-09-18,Google Brand Search,goog_brand_01,40.0,1
2024-09-18,Google Brand Search,goog_brand_01,63.0,1
2024-09-18,Google Non-Brand Search,goog_search_01,0.0,3
2024-09-18,Google Non-Brand Search,goog_search_01,5.0,1
2024-09-18,Google Non-Brand Search,goog_search_01,10.0,4
2024-09-18,Google Non-Brand Search,goog_search_01,20.0,4
2024-09-18,Google Non-Brand Search,goog_search_01,40.0,1
2024-09-18,Google Non-Brand Search,goog_search_01,63.0,2
2024-09-18,TikTok,tiktok_upper_01,,7
2024-09-18,TikTok,tiktok_upper_02,,6
2024-09-19,Meta,fb_prospect_01,0.0,6
2024-09-19,Meta,fb_prospect_01,5.0,1
2024-09-19,Meta,fb_prospect_01,10.0,2
2024-09-19,Meta,fb_prospect_01,20.0,3
2024-09-19,Meta,fb_prospect_02,0.0,4
2024-09-19,Meta,fb_prospect_02,5.0,5
2024-09-19,Meta,fb_prospect_02,10.0,5
2024-09-19,Meta,fb_prospect_02,20.0,3
2024-09-19,Meta,fb_prospect_02,63.0,1
2024-09-19,Google App Campaigns,goog_ac_01,0.0,4
2024-09-19,Google App Campaigns,goog_ac_01,5.0,3
2024-09-19,Google App Campaigns,goog_ac_01,10.0,2
2024-09-19,Google App Campaigns,goog_ac_01,40.0,1
2024-09-19,Google App Campaigns,goog_ac_02,,8
2024-09-19,Google Brand Search,goog_brand_01,0.0,3
2024-09-19,Google Brand Search,goog_brand_01,5.0,5
2024-09-19,Google Brand Search,goog_brand_01,20.0,3
2024-09-19,Google Brand Search,goog_brand_01,63.0,1
2024-09-19,Google Non-Brand Search,goog_search_01,,6
2024-09-19,TikTok,tiktok_upper_01,0.0,2
2024-09-19,TikTok,tiktok_upper_01,5.0,3
2024-09-19,TikTok,tiktok_upper_01,10.0,2
2024-09-19,TikTok,tiktok_upper_01,20.0,4
2024-09-19,TikTok,tiktok_upper_02,,5
2024-09-20,Meta,fb_prospect_01,0.0,2
2024-09-20,Meta,fb_prospect_01,5.0,3
2024-09-20,Meta,fb_prospect_01,10.0,3
2024-09-20,Meta,fb_prospect_01,40.0,1
2024-09-20,Meta,fb_prospect_01,63.0,1
2024-09-20,Meta,fb_prospect_02,0.0,4
2024-09-20,Meta,fb_prospect_02,5.0,4
2024-09-20,Meta,fb_prospect_02,10.0,3
2024-09-20,Meta,fb_prospect_02,40.0,1
2024-09-20,Google App Campaigns,goog_ac_01,,9
2024-09-20,Google App Campaigns,goog_ac_02,0.0,3
2024-09-20,Google App Campaigns,goog_ac_02,5.0,2
2024-09-20,Google App Campaigns,goog_ac_02,10.0,3
2024-09-20,Google App Campaigns,goog_ac_02,20.0,4
2024-09-20,Google Brand Search,goog_brand_01,0.0,2
2024-09-20,Google Brand Search,goog_brand_01,5.0,6
2024-09-20,Google Brand Search,goog_brand_01,10.0,2
2024-09-20,Google Brand Search,goog_brand_01,20.0,2
2024-09-20,Google Brand Search,goog_brand_01,40.0,3
2024-09-20,Google Brand Search,goog_brand_01,63.0,1
2024-09-20,Google Non-Brand Search,goog_search_01,0.0,2
2024-09-20,Google Non-Brand Search,goog_search_01,5.0,5
2024-09-20,Google Non-Brand Search,goog_search_01,10.0,4
2024-09-20,Google Non-Brand Search,goog_search_01,20.0,2
2024-09-20,Google Non-Brand Search,goog_search_01,40.0,1
2024-09-20,TikTok,tiktok_upper_01,0.0,3
2024-09-20,TikTok,tiktok_upper_01,5.0,6
2024-09-20,TikTok,tiktok_upper_01,10.0,1
2024-09-20,TikTok,tiktok_upper_01,20.0,2
2024-09-20,TikTok,tiktok_upper_02,0.0,3
2024-09-20,TikTok,tiktok_upper_02,5.0,4
2024-09-20,TikTok,tiktok_upper_02,10.0,1
2024-09-20,TikTok,tiktok_upper_02,20.0,2
2024-09-21,Meta,fb_prospect_01,0.0,5
2024-09-21,Meta,fb_prospect_01,5.0,6
2024-09-21,Meta,fb_prospect_01,10.0,6
2024-09-21,Meta,fb_prospect_01,20.0,1
2024-09-21,Meta,fb_prospect_01,63.0,1
2024-09-21,Meta,fb_prospect_02,0.0,9
2024-09-21,Meta,fb_prospect_02,5.0,5
2024-09-21,Meta,fb_prospect_02,10.0,9
2024-09-21,Meta,fb_prospect_02,20.0,3
2024-09-21,Meta,fb_prospect_02,63.0,1
2024-09-21,Google App Campaigns,goog_ac_01,0.0,5
2024-09-21,Google App Campaigns,goog_ac_01,5.0,3
2024-09-21,Google App Campaigns,goog_ac_01,10.0,5
2024-09-21,Google App Campaigns,goog_ac_01,40.0,1
2024-09-21,Google App Campaigns,goog_ac_02,0.0,3
2024-09-21,Google App Campaigns,goog_ac_02,5.0,2
2024-09-21,Google App Campaigns,goog_ac_02,10.0,3
2024-09-21,Google App Campaigns,goog_ac_02,20.0,1
2024-09-21,Google App Campaigns,goog_ac_02,40.0,1
2024-09-21,Google App Campaigns,goog_ac_02,63.0,1
2024-09-21,Google Brand Search,goog_brand_01,0.0,2
2024-09-21,Google Brand Search,goog_brand_01,5.0,3
2024-09-21,Google Brand Search,goog_brand_01,10.0,1
2024-09-21,Google Brand Search,goog_brand_01,20.0,4
2024-09-21,Google Non-Brand Search,goog_search_01,0.0,1
2024-09-21,Google Non-Brand Search,goog_search_01,5.0,5
2024-09-21,Google Non-Brand Search,goog_search_01,10.0,5
2024-09-21,Google Non-Brand Search,goog_search_01,40.0,2
2024-09-21,Google Non-Brand Search,goog_search_01,63.0,2
2024-09-21,TikTok,tiktok_upper_01,,9
2024-09-21,TikTok,tiktok_upper_02,,7
2024-09-22,Meta,fb_prospect_01,0.0,8
2024-09-22,Meta,fb_prospect_01,5.0,3
2024-09-22,Meta,fb_prospect_01,10.0,2
2024-09-22,Meta,fb_prospect_01,20.0,2
2024-09-22,Meta,fb_prospect_01,40.0,1
2024-09-22,Meta,fb_prospect_02,0.0,4
2024-09-22,Meta,fb_prospect_02,5.0,1
2024-09-22,Meta,fb_prospect_02,10.0,5
2024-09-22,Meta,fb_prospect_02,20.0,2
2024-09-22,Meta,fb_prospect_02,63.0,1
2024-09-22,Google App Campaigns,goog_ac_01,,8
2024-09-22,Google App Campaigns,goog_ac_02,,9
2024-09-22,Google Brand Search,goog_brand_01,0.0,5
2024-09-22,Google Brand Search,goog_brand_01,10.0,3
2024-09-22,Google Brand Search,goog_brand_01,20.0,7
2024-09-22,Google Brand Search,goog_brand_01,40.0,1
2024-09-22,Google Brand Search,goog_brand_01,63.0,2
2024-09-22,Google Non-Brand Search,goog_search_01,0.0,2
2024-09-22,Google Non-Brand Search,goog_search_01,5.0,4
2024-09-22,Google Non-Brand Search,goog_search_01,10.0,3
2024-09-22,Google Non-Brand Search,goog_search_01,20.0,1
2024-09-22,Google Non-Brand Search,goog_search_01,40.0,1
2024-09-22,Google Non-Brand Search,goog_search_01,63.0,1
2024-09-22,TikTok,tiktok_upper_01,,9
2024-09-22,TikTok,tiktok_upper_02,,9
2024-09-23,Meta,fb_prospect_01,0.0,4
2024-09-23,Meta,fb_prospect_01,5.0,4
2024-09-23,Meta,fb_prospect_01,10.0,4
2024-09-23,Meta,fb_prospect_01,20.0,3
2024-09-23,Meta,fb_prospect_02,0.0,7
2024-09-23,Meta,fb_prospect_02,5.0,6
2024-09-23,Meta,fb_prospect_02,10.0,3
2024-09-23,Meta,fb_prospect_02,20.0,2
2024-09-23,Google App Campaigns,goog_ac_01,0.0,2
2024-09-23,Google App Campaigns,goog_ac_01,5.0,3
2024-09-23,Google App Campaigns,goog_ac_01,10.0,4
2024-09-23,Google App Campaigns,goog_ac_01,20.0,1
2024-09-23,Google App Campaigns,goog_ac_01,40.0,1
2024-09-23,Google App Campaigns,goog_ac_01,63.0,1
2024-09-23,Google App Campaigns,goog_ac_02,,8
2024-09-23,Google Brand Search,goog_brand_01,0.0,5
2024-09-23,Google Brand Search,goog_brand_01,5.0,4
2024-09-23,Google Brand Search,goog_brand_01,10.0,8
2024-09-23,Google Brand Search,goog_brand_01,20.0,4
2024-09-23,Google Brand Search,goog_brand_01,40.0,3
2024-09-23,Google Brand Search,goog_brand_01,63.0,2
2024-09-23,Google Non-Brand Search,goog_search_01,0.0,4
2024-09-23,Google Non-Brand Search,goog_search_01,5.0,1
2024-09-23,Google Non-Brand Search,goog_search_01,10.0,4
2024-09-23,Google Non-Brand Search,goog_search_01,20.0,3
2024-09-23,Google Non-Brand Search,goog_search_01,63.0,1
2024-09-23,TikTok,tiktok_upper_01,,7
2024-09-23,TikTok,tiktok_upper_02,0.0,4
2024-09-23,TikTok,tiktok_upper_02,5.0,3
2024-09-23,TikTok,tiktok_upper_02,10.0,2
2024-09-23,TikTok,tiktok_upper_02,20.0,1
2024-09-24,Meta,fb_prospect_01,0.0,4
2024-09-24,Meta,fb_prospect_01,5.0,4
2024-09-24,Meta,fb_prospect_01,10.0,4
2024-09-24,Meta,fb_prospect_01,20.0,1
2024-09-24,Meta,fb_prospect_02,0.0,2
2024-09-24,Meta,fb_prospect_02,5.0,6
2024-09-24,Meta,fb_prospect_02,10.0,3
2024-09-24,Meta,fb_prospect_02,20.0,2
2024-09-24,Google App Campaigns,goog_ac_01,0.0,5
2024-09-24,Google App Campaigns,goog_ac_01,10.0,4
2024-09-24,Google App Campaigns,goog_ac_01,40.0,1
2024-09-24,Google App Campaigns,goog_ac_02,0.0,2
2024-09-24,Google App Campaigns,goog_ac_02,5.0,3
2024-09-24,Google App Campaigns,goog_ac_02,10.0,2
2024-09-24,Google App Campaigns,goog_ac_02,20.0,3
2024-09-24,Google App Campaigns,goog_ac_02,63.0,1
2024-09-24,Google Brand Search,goog_brand_01,0.0,6
2024-09-24,Google Brand Search,goog_brand_01,5.0,2
2024-09-24,Google Brand Search,goog_brand_01,10.0,2
2024-09-24,Google Brand Search,goog_brand_01,20.0,4
2024-09-24,Google Brand Search,goog_brand_01,40.0,2
2024-09-24,Google Non-Brand Search,goog_search_01,,9
2024-09-24,TikTok,tiktok_upper_01,,5
2024-09-24,TikTok,tiktok_upper_02,,9
2024-09-25,Meta,fb_prospect_01,0.0,3
2024-09-25,Meta,fb_prospect_01,5.0,6
2024-09-25,Meta,fb_prospect_01,10.0,6
2024-09-25,Meta,fb_prospect_01,20.0,1
2024-09-25,Meta,fb_prospect_01,40.0,1
2024-09-25,Meta,fb_prospect_01,63.0,2
2024-09-25,Meta,fb_prospect_02,0.0,3
2024-09-25,Meta,fb_prospect_02,5.0,7
2024-09-25,Meta,fb_prospect_02,10.0,3
2024-09-25,Meta,fb_prospect_02,20.0,1
2024-09-25,Meta,fb_prospect_02,40.0,1
2024-09-25,Google App Campaigns,goog_ac_01,,7
2024-09-25,Google App Campaigns,goog_ac_02,0.0,3
2024-09-25,Google App Campaigns,goog_ac_02,5.0,4
2024-09-25,Google App Campaigns,goog_ac_02,10.0,1
2024-09-25,Google App Campaigns,goog_ac_02,20.0,1
2024-09-25,Google App Campaigns,goog_ac_02,63.0,1
2024-09-25,Google Brand Search,goog_brand_01,0.0,2
2024-09-25,Google Brand Search,goog_brand_01,5.0,4
2024-09-25,Google Brand Search,goog_brand_01,10.0,3
2024-09-25,Google Brand Search,goog_brand_01,20.0,3
2024-09-25,Google Brand Search,goog_brand_01,40.0,1
2024-09-25,Google Non-Brand Search,goog_search_01,0.0,2
2024-09-25,Google Non-Brand Search,goog_search_01,10.0,4
2024-09-25,Google Non-Brand Search,goog_search_01,20.0,2
2024-09-25,Google Non-Brand Search,goog_search_01,40.0,3
2024-09-25,Google Non-Brand Search,goog_search_01,63.0,1
2024-09-25,TikTok,tiktok_upper_01,,8
2024-09-25,TikTok,tiktok_upper_02,,8
2024-09-26,Meta,fb_prospect_01,0.0,7
2024-09-26,Meta,fb_prospect_01,5.0,6
2024-09-26,Meta,fb_prospect_01,10.0,3
2024-09-26,Meta,fb_prospect_01,40.0,1
2024-09-26,Meta,fb_prospect_02,0.0,5
2024-09-26,Meta,fb_prospect_02,5.0,5
2024-09-26,Meta,fb_prospect_02,10.0,3
2024-09-26,Meta,fb_prospect_02,20.0,1
2024-09-26,Meta,fb_prospect_02,40.0,2
2024-09-26,Google App Campaigns,goog_ac_01,,9
2024-09-26,Google App Campaigns,goog_ac_02,,6
2024-09-26,Google Brand Search,goog_brand_01,0.0,3
2024-09-26,Google Brand Search,goog_brand_01,5.0,5
2024-09-26,Google Brand Search,goog_brand_01,10.0,7
2024-09-26,Google Brand Search,goog_brand_01,20.0,1
2024-09-26,Google Brand Search,goog_brand_01,40.0,1
2024-09-26,Google Brand Search,goog_brand_01,63.0,3
2024-09-26,Google Non-Brand Search,goog_search_01,0.0,7
2024-09-26,Google Non-Brand Search,goog_search_01,5.0,1
2024-09-26,Google Non-Brand Search,goog_search_01,10.0,2
2024-09-26,Google Non-Brand Search,goog_search_01,20.0,1
2024-09-26,Google Non-Brand Search,goog_search_01,63.0,1
2024-09-26,TikTok,tiktok_upper_01,,2
2024-09-26,TikTok,tiktok_upper_02,,5
2024-09-27,Meta,fb_prospect_01,0.0,3
2024-09-27,Meta,fb_prospect_01,5.0,7
2024-09-27,Meta,fb_prospect_01,10.0,7
2024-09-27,Meta,fb_prospect_01,20.0,2
2024-09-27,Meta,fb_prospect_02,0.0,4
2024-09-27,Meta,fb_prospect_02,5.0,4
2024-09-27,Meta,fb_prospect_02,10.0,2
2024-09-27,Meta,fb_prospect_02,20.0,2
2024-09-27,Google App Campaigns,goog_ac_01,,6
2024-09-27,Google App Campaigns,goog_ac_02,,9
2024-09-27,Google Brand Search,goog_brand_01,0.0,4
2024-09-27,Google Brand Search,goog_brand_01,5.0,3
2024-09-27,Google Brand Search,goog_brand_01,10.0,5
2024-09-27,Google Brand Search,goog_brand_01,20.0,2
2024-09-27,Google Non-Brand Search,goog_search_01,10.0,3
2024-09-27,Google Non-Brand Search,goog_search_01,20.0,5
2024-09-27,Google Non-Brand Search,goog_search_01,40.0,2
2024-09-27,Google Non-Brand Search,goog_search_01,63.0,1
2024-09-27,TikTok,tiktok_upper_01,,4
2024-09-27,TikTok,tiktok_upper_02,,7
2024-09-28,Meta,fb_prospect_01,0.0,3
2024-09-28,Meta,fb_prospect_01,5.0,3
2024-09-28,Meta,fb_prospect_01,10.0,7
2024-09-28,Meta,fb_prospect_01,20.0,6
2024-09-28,Meta,fb_prospect_02,0.0,2
2024-09-28,Meta,fb_prospect_02,5.0,5
2024-09-28,Meta,fb_prospect_02,10.0,7
2024-09-28,Meta,fb_prospect_02,20.0,3
2024-09-28,Meta,fb_prospect_02,63.0,1
2024-09-28,Google App Campaigns,goog_ac_01,0.0,4
2024-09-28,Google App Campaigns,goog_ac_01,5.0,2
2024-09-28,Google App Campaigns,goog_ac_01,10.0,3
2024-09-28,Google App Campaigns,goog_ac_01,20.0,2
2024-09-28,Google App Campaigns,goog_ac_01,40.0,3
2024-09-28,Google App Campaigns,goog_ac_01,63.0,1
2024-09-28,Google App Campaigns,goog_ac_02,0.0,3
2024-09-28,Google App Campaigns,goog_ac_02,5.0,5
2024-09-28,Google App Campaigns,goog_ac_02,10.0,5
2024-09-28,Google App Campaigns,goog_ac_02,20.0,1
2024-09-28,Google App Campaigns,goog_ac_02,63.0,1
2024-09-28,Google Brand Search,goog_brand_01,0.0,4
2024-09-28,Google Brand Search,goog_brand_01,5.0,7
2024-09-28,Google Brand Search,goog_brand_01,10.0,4
2024-09-28,Google Brand Search,goog_brand_01,20.0,4
2024-09-28,Google Brand Search,goog_brand_01,40.0,1
2024-09-28,Google Brand Search,goog_brand_01,63.0,1
2024-09-28,Google Non-Brand Search,goog_search_01,0.0,3
2024-09-28,Google Non-Brand Search,goog_search_01,10.0,4
2024-09-28,Google Non-Brand Search,goog_search_01,20.0,3
2024-09-28,Google Non-Brand Search,goog_search_01,40.0,1
2024-09-28,TikTok,tiktok_upper_01,,8
2024-09-28,TikTok,tiktok_upper_02,,8
2024-09-29,Meta,fb_prospect_01,0.0,5
2024-09-29,Meta,fb_prospect_01,5.0,3
2024-09-29,Meta,fb_prospect_01,10.0,9
2024-09-29,Meta,fb_prospect_01,20.0,1
2024-09-29,Meta,fb_prospect_01,63.0,1
2024-09-29,Meta,fb_prospect_02,0.0,6
2024-09-29,Meta,fb_prospect_02,5.0,9
2024-09-29,Meta,fb_prospect_02,10.0,1
2024-09-29,Meta,fb_prospect_02,20.0,3
2024-09-29,Meta,fb_prospect_02,40.0,1
2024-09-29,Google App Campaigns,goog_ac_01,0.0,6
2024-09-29,Google App Campaigns,goog_ac_01,5.0,3
2024-09-29,Google App Campaigns,goog_ac_01,10.0,1
2024-09-29,Google App Campaigns,goog_ac_02,5.0,4
2024-09-29,Google App Campaigns,goog_ac_02,10.0,4
2024-09-29,Google App Campaigns,goog_ac_02,20.0,2
2024-09-29,Google App Campaigns,goog_ac_02,63.0,1
2024-09-29,Google Brand Search,goog_brand_01,5.0,7
2024-09-29,Google Brand Search,goog_brand_01,10.0,8
2024-09-29,Google Brand Search,goog_brand_01,20.0,2
2024-09-29,Google Brand Search,goog_brand_01,63.0,2
2024-09-29,Google Non-Brand Search,goog_search_01,0.0,2
2024-09-29,Google Non-Brand Search,goog_search_01,5.0,4
2024-09-29,Google Non-Brand Search,goog_search_01,10.0,3
2024-09-29,Google Non-Brand Search,goog_search_01,20.0,1
2024-09-29,Google Non-Brand Search,goog_search_01,40.0,1
2024-09-29,TikTok,tiktok_upper_01,,9
2024-09-29,TikTok,tiktok_upper_02,0.0,4
2024-09-29,TikTok,tiktok_upper_02,5.0,2
2024-09-29,TikTok,tiktok_upper_02,10.0,1
2024-09-29,TikTok,tiktok_upper_02,20.0,2
2024-09-29,TikTok,tiktok_upper_02,40.0,1
2024-09-29,TikTok,tiktok_upper_02,63.0,1
2024-09-30,Meta,fb_prospect_01,0.0,5
2024-09-30,Meta,fb_prospect_01,5.0,6
2024-09-30,Meta,fb_prospect_01,10.0,2
2024-09-30,Meta,fb_prospect_01,20.0,1
2024-09-30,Meta,fb_prospect_01,40.0,2
2024-09-30,Meta,fb_prospect_02,0.0,3
2024-09-30,Meta,fb_prospect_02,5.0,6
2024-09-30,Meta,fb_prospect_02,10.0,5
2024-09-30,Meta,fb_prospect_02,20.0,1
2024-09-30,Meta,fb_prospect_02,40.0,2
2024-09-30,Google App Campaigns,goog_ac_01,0.0,3
2024-09-30,Google App Campaigns,goog_ac_01,5.0,4
2024-09-30,Google App Campaigns,goog_ac_01,10.0,1
2024-09-30,Google App Campaigns,goog_ac_01,20.0,2
2024-09-30,Google App Campaigns,goog_ac_02,,8
2024-09-30,Google Brand Search,goog_brand_01,0.0,6
2024-09-30,Google Brand Search,goog_brand_01,5.0,3
2024-09-30,Google Brand Search,goog_brand_01,10.0,2
2024-09-30,Google Brand Search,goog_brand_01,20.0,2
2024-09-30,Google Brand Search,goog_brand_01,40.0,4
2024-09-30,Google Non-Brand Search,goog_search_01,0.0,3
2024-09-30,Google Non-Brand Search,goog_search_01,5.0,5
2024-09-30,Google Non-Brand Search,goog_search_01,10.0,4
2024-09-30,Google Non-Brand Search,goog_search_01,20.0,1
2024-09-30,Google Non-Brand Search,goog_search_01,40.0,2
2024-09-30,Google Non-Brand Search,goog_search_01,63.0,1
2024-09-30,TikTok,tiktok_upper_01,0.0,4
2024-09-30,TikTok,tiktok_upper_01,5.0,2
2024-09-30,TikTok,tiktok_upper_01,10.0,5
2024-09-30,TikTok,tiktok_upper_01,20.0,1
2024-09-30,TikTok,tiktok_upper_02,,8
2024-10-01,Meta,fb_prospect_01,0.0,4
2024-10-01,Meta,fb_prospect_01,5.0,5
2024-10-01,Meta,fb_prospect_01,10.0,5
2024-10-01,Meta,fb_prospect_01,20.0,4
2024-10-01,Meta,fb_prospect_01,40.0,2
2024-10-01,Meta,fb_prospect_01,63.0,1
2024-10-01,Meta,fb_prospect_02,0.0,9
2024-10-01,Meta,fb_prospect_02,5.0,4
2024-10-01,Meta,fb_prospect_02,10.0,2
2024-10-01,Meta,fb_prospect_02,20.0,2
2024-10-01,Meta,fb_prospect_02,40.0,1
2024-10-01,Google App Campaigns,goog_ac_01,0.0,3
2024-10-01,Google App Campaigns,goog_ac_01,5.0,1
2024-10-01,Google App Campaigns,goog_ac_01,10.0,3
2024-10-01,Google App Campaigns,goog_ac_01,20.0,1
2024-10-01,Google App Campaigns,goog_ac_01,40.0,2
2024-10-01,Google App Campaigns,goog_ac_02,,6
2024-10-01,Google Brand Search,goog_brand_01,0.0,4
2024-10-01,Google Brand Search,goog_brand_01,5.0,6
2024-10-01,Google Brand Search,goog_brand_01,10.0,5
2024-10-01,Google Brand Search,goog_brand_01,40.0,1
2024-10-01,Google Non-Brand Search,goog_search_01,0.0,4
2024-10-01,Google Non-Brand Search,goog_search_01,5.0,4
2024-10-01,Google Non-Brand Search,goog_search_01,10.0,4
2024-10-01,Google Non-Brand Search,goog_search_01,20.0,4
2024-10-01,Google Non-Brand Search,goog_search_01,40.0,1
2024-10-01,Google Non-Brand Search,goog_search_01,63.0,2
2024-10-01,TikTok,tiktok_upper_01,0.0,4
2024-10-01,TikTok,tiktok_upper_01,5.0,6
2024-10-01,TikTok,tiktok_upper_01,10.0,2
2024-10-01,TikTok,tiktok_upper_01,20.0,1
2024-10-01,TikTok,tiktok_upper_02,,8
2024-10-02,Meta,fb_prospect_01,0.0,5
2024-10-02,Meta,fb_prospect_01,5.0,5
2024-10-02,Meta,fb_prospect_01,10.0,3
2024-10-02,Meta,fb_prospect_01,20.0,2
2024-10-02,Meta,fb_prospect_01,40.0,1
2024-10-02,Meta,fb_prospect_02,0.0,4
2024-10-02,Meta,fb_prospect_02,5.0,4
2024-10-02,Meta,fb_prospect_02,10.0,4
2024-10-02,Meta,fb_prospect_02,20.0,2
2024-10-02,Meta,fb_prospect_02,40.0,2
2024-10-02,Google App Campaigns,goog_ac_01,0.0,3
2024-10-02,Google App Campaigns,goog_ac_01,5.0,4
2024-10-02,Google App Campaigns,goog_ac_01,10.0,2
2024-10-02,Google App Campaigns,goog_ac_01,20.0,1
2024-10-02,Google App Campaigns,goog_ac_02,,6
2024-10-02,Google Brand Search,goog_brand_01,0.0,1
2024-10-02,Google Brand Search,goog_brand_01,5.0,3
2024-10-02,Google Brand Search,goog_brand_01,10.0,3
2024-10-02,Google Brand Search,goog_brand_01,20.0,3
2024-10-02,Google Brand Search,goog_brand_01,40.0,2
2024-10-02,Google Non-Brand Search,goog_search_01,0.0,3
2024-10-02,Google Non-Brand Search,goog_search_01,5.0,6
2024-10-02,Google Non-Brand Search,goog_search_01,10.0,1
2024-10-02,Google Non-Brand Search,goog_search_01,20.0,5
2024-10-02,TikTok,tiktok_upper_01,,7
2024-10-02,TikTok,tiktok_upper_02,,4
2024-10-03,Meta,fb_prospect_01,0.0,3
2024-10-03,Meta,fb_prospect_01,5.0,4
2024-10-03,Meta,fb_prospect_01,10.0,9
2024-10-03,Meta,fb_prospect_01,40.0,1
2024-10-03,Meta,fb_prospect_02,0.0,2
2024-10-03,Meta,fb_prospect_02,5.0,3
2024-10-03,Meta,fb_prospect_02,10.0,6
2024-10-03,Meta,fb_prospect_02,20.0,2
2024-10-03,Google App Campaigns,goog_ac_01,0.0,3
2024-10-03,Google App Campaigns,goog_ac_01,5.0,7
2024-10-03,Google App Campaigns,goog_ac_01,10.0,2
2024-10-03,Google App Campaigns,goog_ac_01,20.0,1
2024-10-03,Google App Campaigns,goog_ac_02,0.0,3
2024-10-03,Google App Campaigns,goog_ac_02,5.0,1
2024-10-03,Google App Campaigns,goog_ac_02,10.0,7
2024-10-03,Google App Campaigns,goog_ac_02,40.0,1
2024-10-03,Google App Campaigns,goog_ac_02,63.0,1
2024-10-03,Google Brand Search,goog_brand_01,0.0,1
2024-10-03,Google Brand Search,goog_brand_01,5.0,1
2024-10-03,Google Brand Search,goog_brand_01,10.0,5
2024-10-03,Google Brand Search,goog_brand_01,20.0,3
2024-10-03,Google Brand Search,goog_brand_01,40.0,1
2024-10-03,Google Brand Search,goog_brand_01,63.0,1
2024-10-03,Google Non-Brand Search,goog_search_01,0.0,4
2024-10-03,Google Non-Brand Search,goog_search_01,5.0,3
2024-10-03,Google Non-Brand Search,goog_search_01,10.0,3
2024-10-03,Google Non-Brand Search,goog_search_01,20.0,3
2024-10-03,TikTok,tiktok_upper_01,0.0,2
2024-10-03,TikTok,tiktok_upper_01,5.0,6
2024-10-03,TikTok,tiktok_upper_01,10.0,2
2024-10-03,TikTok,tiktok_upper_01,20.0,1
2024-10-03,TikTok,tiktok_upper_02,,5
2024-10-04,Meta,fb_prospect_01,0.0,5
2024-10-04,Meta,fb_prospect_01,5.0,4
2024-10-04,Meta,fb_prospect_01,10.0,4
2024-10-04,Meta,fb_prospect_01,20.0,2
2024-10-04,Meta,fb_prospect_02,0.0,4
2024-10-04,Meta,fb_prospect_02,5.0,5
2024-10-04,Meta,fb_prospect_02,10.0,3
2024-10-04,Meta,fb_prospect_02,20.0,1
2024-10-04,Meta,fb_prospect_02,40.0,1
2024-10-04,Google App Campaigns,goog_ac_01,,7
2024-10-04,Google App Campaigns,goog_ac_02,,8
2024-10-04,Google Brand Search,goog_brand_01,0.0,1
2024-10-04,Google Brand Search,goog_brand_01,10.0,2
2024-10-04,Google Brand Search,goog_brand_01,20.0,4
2024-10-04,Google Brand Search,goog_brand_01,40.0,2
2024-10-04,Google Brand Search,goog_brand_01,63.0,1
2024-10-04,Google Non-Brand Search,goog_search_01,5.0,5
2024-10-04,Google Non-Brand Search,goog_search_01,10.0,2
2024-10-04,Google Non-Brand Search,goog_search_01,20.0,5
2024-10-04,Google Non-Brand Search,goog_search_01,40.0,1
2024-10-04,TikTok,tiktok_upper_01,,8
2024-10-04,TikTok,tiktok_upper_02,,6
2024-10-05,Meta,fb_prospect_01,0.0,4
2024-10-05,Meta,fb_prospect_01,5.0,8
2024-10-05,Meta,fb_prospect_01,10.0,10
2024-10-05,Meta,fb_prospect_01,40.0,1
2024-10-05,Meta,fb_prospect_02,0.0,7
2024-10-05,Meta,fb_prospect_02,5.0,8
2024-10-05,Meta,fb_prospect_02,10.0,5
2024-10-05,Meta,fb_prospect_02,20.0,3
2024-10-05,Google App Campaigns,goog_ac_01,0.0,3
2024-10-05,Google App Campaigns,goog_ac_01,5.0,4
2024-10-05,Google App Campaigns,goog_ac_01,10.0,4
2024-10-05,Google App Campaigns,goog_ac_01,40.0,1
2024-10-05,Google App Campaigns,goog_ac_02,0.0,2
2024-10-05,Google App Campaigns,goog_ac_02,5.0,4
2024-10-05,Google App Campaigns,goog_ac_02,10.0,4
2024-10-05,Google App Campaigns,goog_ac_02,20.0,4
2024-10-05,Google App Campaigns,goog_ac_02,63.0,1
2024-10-05,Google Brand Search,goog_brand_01,0.0,3
2024-10-05,Google Brand Search,goog_brand_01,5.0,1
2024-10-05,Google Brand Search,goog_brand_01,10.0,1
2024-10-05,Google Brand Search,goog_brand_01,20.0,2
2024-10-05,Google Brand Search,goog_brand_01,40.0,4
2024-10-05,Google Brand Search,goog_brand_01,63.0,1
2024-10-05,Google Non-Brand Search,goog_search_01,0.0,5
2024-10-05,Google Non-Brand Search,goog_search_01,5.0,2
2024-10-05,Google Non-Brand Search,goog_search_01,10.0,3
2024-10-05,Google Non-Brand Search,goog_search_01,20.0,5
2024-10-05,Google Non-Brand Search,goog_search_01,40.0,1
2024-10-05,TikTok,tiktok_upper_01,0.0,4
2024-10-05,TikTok,tiktok_upper_01,5.0,2
2024-10-05,TikTok,tiktok_upper_01,10.0,3
2024-10-05,TikTok,tiktok_upper_01,20.0,1
2024-10-05,TikTok,tiktok_upper_02,0.0,2
2024-10-05,TikTok,tiktok_upper_02,5.0,3
2024-10-05,TikTok,tiktok_upper_02,10.0,3
2024-10-05,TikTok,tiktok_upper_02,20.0,1
2024-10-05,TikTok,tiktok_upper_02,63.0,1
2024-10-06,Meta,fb_prospect_01,0.0,3
2024-10-06,Meta,fb_prospect_01,5.0,2
2024-10-06,Meta,fb_prospect_01,10.0,2
2024-10-06,Meta,fb_prospect_01,20.0,4
2024-10-06,Meta,fb_prospect_01,40.0,2
2024-10-06,Meta,fb_prospect_02,0.0,6
2024-10-06,Meta,fb_prospect_02,5.0,4
2024-10-06,Meta,fb_prospect_02,10.0,3
2024-10-06,Meta,fb_prospect_02,20.0,2
2024-10-06,Meta,fb_prospect_02,40.0,1
2024-10-06,Google App Campaigns,goog_ac_01,,8
2024-10-06,Google App Campaigns,goog_ac_02,0.0,2
2024-10-06,Google App Campaigns,goog_ac_02,5.0,3
2024-10-06,Google App Campaigns,goog_ac_02,10.0,2
2024-10-06,Google App Campaigns,goog_ac_02,20.0,2
2024-10-06,Google App Campaigns,goog_ac_02,40.0,1
2024-10-06,Google Brand Search,goog_brand_01,0.0,3
2024-10-06,Google Brand Search,goog_brand_01,5.0,3
2024-10-06,Google Brand Search,goog_brand_01,10.0,4
2024-10-06,Google Brand Search,goog_brand_01,20.0,3
2024-10-06,Google Brand Search,goog_brand_01,40.0,1
2024-10-06,Google Brand Search,goog_brand_01,63.0,5
2024-10-06,Google Non-Brand Search,goog_search_01,0.0,2
2024-10-06,Google Non-Brand Search,goog_search_01,5.0,2
2024-10-06,Google Non-Brand Search,goog_search_01,10.0,4
2024-10-06,Google Non-Brand Search,goog_search_01,20.0,3
2024-10-06,Google Non-Brand Search,goog_search_01,40.0,3
2024-10-06,TikTok,tiktok_upper_01,0.0,3
2024-10-06,TikTok,tiktok_upper_01,5.0,4
2024-10-06,TikTok,tiktok_upper_01,10.0,1
2024-10-06,TikTok,tiktok_upper_01,20.0,3
2024-10-06,TikTok,tiktok_upper_02,0.0,6
2024-10-06,TikTok,tiktok_upper_02,5.0,3
2024-10-06,TikTok,tiktok_upper_02,20.0,1
2024-10-07,Meta,fb_prospect_01,0.0,8
2024-10-07,Meta,fb_prospect_01,5.0,6
2024-10-07,Meta,fb_prospect_01,10.0,3
2024-10-07,Meta,fb_prospect_01,20.0,2
2024-10-07,Meta,fb_prospect_01,40.0,2
2024-10-07,Meta,fb_prospect_02,0.0,7
2024-10-07,Meta,fb_prospect_02,5.0,7
2024-10-07,Meta,fb_prospect_02,10.0,9
2024-10-07,Meta,fb_prospect_02,20.0,2
2024-10-07,Google App Campaigns,goog_ac_01,0.0,4
2024-10-07,Google App Campaigns,goog_ac_01,5.0,5
2024-10-07,Google App Campaigns,goog_ac_01,10.0,1
2024-10-07,Google App Campaigns,goog_ac_02,0.0,4
2024-10-07,Google App Campaigns,goog_ac_02,5.0,2
2024-10-07,Google App Campaigns,goog_ac_02,10.0,5
2024-10-07,Google App Campaigns,goog_ac_02,20.0,1
2024-10-07,Google App Campaigns,goog_ac_02,40.0,1
2024-10-07,Google Brand Search,goog_brand_01,0.0,8
2024-10-07,Google Brand Search,goog_brand_01,5.0,6
2024-10-07,Google Brand Search,goog_brand_01,10.0,2
2024-10-07,Google Brand Search,goog_brand_01,20.0,3
2024-10-07,Google Brand Search,goog_brand_01,40.0,5
2024-10-07,Google Brand Search,goog_brand_01,63.0,1
2024-10-07,Google Non-Brand Search,goog_search_01,0.0,4
2024-10-07,Google Non-Brand Search,goog_search_01,5.0,5
2024-10-07,Google Non-Brand Search,goog_search_01,10.0,3
2024-10-07,Google Non-Brand Search,goog_search_01,20.0,1
2024-10-07,Google Non-Brand Search,goog_search_01,63.0,1
2024-10-07,TikTok,tiktok_upper_01,,8
2024-10-07,TikTok,tiktok_upper_02,,9
2024-10-08,Meta,fb_prospect_01,0.0,3
2024-10-08,Meta,fb_prospect_01,5.0,7
2024-10-08,Meta,fb_prospect_01,10.0,3
2024-10-08,Meta,fb_prospect_01,20.0,3
2024-10-08,Meta,fb_prospect_01,40.0,1
2024-10-08,Meta,fb_prospect_01,63.0,1
2024-10-08,Meta,fb_prospect_02,0.0,1
2024-10-08,Meta,fb_prospect_02,5.0,4
2024-10-08,Meta,fb_prospect_02,10.0,5
2024-10-08,Meta,fb_prospect_02,20.0,1
2024-10-08,Meta,fb_prospect_02,63.0,2
2024-10-08,Google App Campaigns,goog_ac_01,0.0,3
2024-10-08,Google App Campaigns,goog_ac_01,5.0,3
2024-10-08,Google App Campaigns,goog_ac_01,10.0,4
2024-10-08,Google App Campaigns,goog_ac_01,20.0,1
2024-10-08,Google App Campaigns,goog_ac_01,63.0,2
2024-10-08,Google App Campaigns,goog_ac_02,,6
2024-10-08,Google Brand Search,goog_brand_01,0.0,4
2024-10-08,Google Brand Search,goog_brand_01,5.0,3
2024-10-08,Google Brand Search,goog_brand_01,10.0,2
2024-10-08,Google Brand Search,goog_brand_01,20.0,2
2024-10-08,Google Brand Search,goog_brand_01,63.0,2
2024-10-08,Google Non-Brand Search,goog_search_01,0.0,2
2024-10-08,Google Non-Brand Search,goog_search_01,5.0,3
2024-10-08,Google Non-Brand Search,goog_search_01,10.0,5
2024-10-08,Google Non-Brand Search,goog_search_01,20.0,5
2024-10-08,Google Non-Brand Search,goog_search_01,40.0,1
2024-10-08,TikTok,tiktok_upper_01,0.0,7
2024-10-08,TikTok,tiktok_upper_01,5.0,4
2024-10-08,TikTok,tiktok_upper_01,20.0,1
2024-10-08,TikTok,tiktok_upper_02,0.0,2
2024-10-08,TikTok,tiktok_upper_02,5.0,4
2024-10-08,TikTok,tiktok_upper_02,10.0,2
2024-10-08,TikTok,tiktok_upper_02,20.0,1
2024-10-08,TikTok,tiktok_upper_02,63.0,1
2024-10-09,Meta,fb_prospect_01,0.0,7
2024-10-09,Meta,fb_prospect_01,5.0,4
2024-10-09,Meta,fb_prospect_01,10.0,4
2024-10-09,Meta,fb_prospect_01,20.0,1
2024-10-09,Meta,fb_prospect_01,40.0,2
2024-10-09,Meta,fb_prospect_02,0.0,2
2024-10-09,Meta,fb_prospect_02,5.0,4
2024-10-09,Meta,fb_prospect_02,10.0,5
2024-10-09,Meta,fb_prospect_02,20.0,1
2024-10-09,Meta,fb_prospect_02,40.0,2
2024-10-09,Meta,fb_prospect_02,63.0,1
2024-10-09,Google App Campaigns,goog_ac_01,,7
2024-10-09,Google App Campaigns,goog_ac_02,,6
2024-10-09,Google Brand Search,goog_brand_01,0.0,5
2024-10-09,Google Brand Search,goog_brand_01,5.0,4
2024-10-09,Google Brand Search,goog_brand_01,10.0,5
2024-10-09,Google Brand Search,goog_brand_01,20.0,1
2024-10-09,Google Brand Search,goog_brand_01,63.0,2
2024-10-09,Google Non-Brand Search,goog_search_01,0.0,4
2024-10-09,Google Non-Brand Search,goog_search_01,5.0,2
2024-10-09,Google Non-Brand Search,goog_search_01,10.0,2
2024-10-09,Google Non-Brand Search,goog_search_01,20.0,2
2024-10-09,Google Non-Brand Search,goog_search_01,63.0,3
2024-10-09,TikTok,tiktok_upper_01,,7
2024-10-09,TikTok,tiktok_upper_02,0.0,5
2024-10-09,TikTok,tiktok_upper_02,5.0,4
2024-10-09,TikTok,tiktok_upper_02,10.0,2
2024-10-10,Meta,fb_prospect_01,0.0,7
2024-10-10,Meta,fb_prospect_01,10.0,4
2024-10-10,Meta,fb_prospect_01,20.0,1
2024-10-10,Meta,fb_prospect_01,40.0,2
2024-10-10,Meta,fb_prospect_02,0.0,7
2024-10-10,Meta,fb_prospect_02,5.0,1
2024-10-10,Meta,fb_prospect_02,10.0,5
2024-10-10,Meta,fb_prospect_02,40.0,1
2024-10-10,Google App Campaigns,goog_ac_01,,4
2024-10-10,Google App Campaigns,goog_ac_02,,8
2024-10-10,Google Brand Search,goog_brand_01,0.0,4
2024-10-10,Google Brand Search,goog_brand_01,10.0,2
2024-10-10,Google Brand Search,goog_brand_01,20.0,3
2024-10-10,Google Brand Search,goog_brand_01,40.0,3
2024-10-10,Google Non-Brand Search,goog_search_01,0.0,5
2024-10-10,Google Non-Brand Search,goog_search_01,10.0,2
2024-10-10,Google Non-Brand Search,goog_search_01,20.0,7
2024-10-10,Google Non-Brand Search,goog_search_01,63.0,2
2024-10-10,TikTok,tiktok_upper_01,0.0,6
2024-10-10,TikTok,tiktok_upper_01,5.0,2
2024-10-10,TikTok,tiktok_upper_01,10.0,1
2024-10-10,TikTok,tiktok_upper_01,20.0,1
2024-10-10,TikTok,tiktok_upper_02,,6
2024-10-11,Meta,fb_prospect_01,0.0,2
2024-10-11,Meta,fb_prospect_01,5.0,4
2024-10-11,Meta,fb_prospect_01,10.0,5
2024-10-11,Meta,fb_prospect_01,20.0,2
2024-10-11,Meta,fb_prospect_01,40.0,1
2024-10-11,Meta,fb_prospect_01,63.0,1
2024-10-11,Meta,fb_prospect_02,0.0,3
2024-10-11,Meta,fb_prospect_02,5.0,6
2024-10-11,Meta,fb_prospect_02,10.0,3
2024-10-11,Meta,fb_prospect_02,20.0,1
2024-10-11,Meta,fb_prospect_02,40.0,2
2024-10-11,Google App Campaigns,goog_ac_01,0.0,8
2024-10-11,Google App Campaigns,goog_ac_01,10.0,1
2024-10-11,Google App Campaigns,goog_ac_01,40.0,1
2024-10-11,Google App Campaigns,goog_ac_02,0.0,2
2024-10-11,Google App Campaigns,goog_ac_02,5.0,3
2024-10-11,Google App Campaigns,goog_ac_02,10.0,2
2024-10-11,Google App Campaigns,goog_ac_02,20.0,1
2024-10-11,Google App Campaigns,goog_ac_02,40.0,1
2024-10-11,Google App Campaigns,goog_ac_02,63.0,1
2024-10-11,Google Brand Search,goog_brand_01,,9
2024-10-11,Google Non-Brand Search,goog_search_01,0.0,2
2024-10-11,Google Non-Brand Search,goog_search_01,5.0,3
2024-10-11,Google Non-Brand Search,goog_search_01,10.0,4
2024-10-11,Google Non-Brand Search,goog_search_01,20.0,3
2024-10-11,Google Non-Brand Search,goog_search_01,40.0,2
2024-10-11,TikTok,tiktok_upper_01,,7
2024-10-11,TikTok,tiktok_upper_02,,9
2024-10-12,Meta,fb_prospect_01,0.0,5
2024-10-12,Meta,fb_prospect_01,5.0,2
2024-10-12,Meta,fb_prospect_01,10.0,6
2024-10-12,Meta,fb_prospect_02,0.0,5
2024-10-12,Meta,fb_prospect_02,5.0,4
2024-10-12,Meta,fb_prospect_02,10.0,6
2024-10-12,Meta,fb_prospect_02,20.0,3
2024-10-12,Google App Campaigns,goog_ac_01,0.0,2
2024-10-12,Google App Campaigns,goog_ac_01,5.0,2
2024-10-12,Google App Campaigns,goog_ac_01,10.0,3
2024-10-12,Google App Campaigns,goog_ac_01,20.0,2
2024-10-12,Google App Campaigns,goog_ac_01,40.0,1
2024-10-12,Google App Campaigns,goog_ac_02,,8
2024-10-12,Google Brand Search,goog_brand_01,0.0,1
2024-10-12,Google Brand Search,goog_brand_01,5.0,1
2024-10-12,Google Brand Search,goog_brand_01,10.0,4
2024-10-12,Google Brand Search,goog_brand_01,20.0,2
2024-10-12,Google Brand Search,goog_brand_01,40.0,3
2024-10-12,Google Non-Brand Search,goog_search_01,0.0,2
2024-10-12,Google Non-Brand Search,goog_search_01,5.0,3
2024-10-12,Google Non-Brand Search,goog_search_01,10.0,7
2024-10-12,Google Non-Brand Search,goog_search_01,20.0,2
2024-10-12,Google Non-Brand Search,goog_search_01,40.0,3
2024-10-12,Google Non-Brand Search,goog_search_01,63.0,3
2024-10-12,TikTok,tiktok_upper_01,0.0,3
2024-10-12,TikTok,tiktok_upper_01,5.0,3
2024-10-12,TikTok,tiktok_upper_01,10.0,2
2024-10-12,TikTok,tiktok_upper_01,20.0,1
2024-10-12,TikTok,tiktok_upper_01,40.0,2
2024-10-12,TikTok,tiktok_upper_02,,7
2024-10-13,Meta,fb_prospect_01,0.0,5
2024-10-13,Meta,fb_prospect_01,5.0,4
2024-10-13,Meta,fb_prospect_01,10.0,6
2024-10-13,Meta,fb_prospect_01,40.0,3
2024-10-13,Meta,fb_prospect_01,63.0,2
2024-10-13,Meta,fb_prospect_02,0.0,6
2024-10-13,Meta,fb_prospect_02,5.0,5
2024-10-13,Meta,fb_prospect_02,10.0,2
2024-10-13,Meta,fb_prospect_02,20.0,2
2024-10-13,Google App Campaigns,goog_ac_01,,9
2024-10-13,Google App Campaigns,goog_ac_02,0.0,1
2024-10-13,Google App Campaigns,goog_ac_02,5.0,1
2024-10-13,Google App Campaigns,goog_ac_02,10.0,2
2024-10-13,Google App Campaigns,goog_ac_02,20.0,3
2024-10-13,Google App Campaigns,goog_ac_02,40.0,1
2024-10-13,Google App Campaigns,goog_ac_02,63.0,2
2024-10-13,Google Brand Search,goog_brand_01,0.0,4
2024-10-13,Google Brand Search,goog_brand_01,5.0,7
2024-10-13,Google Brand Search,goog_brand_01,10.0,1
2024-10-13,Google Brand Search,goog_brand_01,20.0,3
2024-10-13,Google Brand Search,goog_brand_01,40.0,1
2024-10-13,Google Brand Search,goog_brand_01,63.0,2
2024-10-13,Google Non-Brand Search,goog_search_01,0.0,3
2024-10-13,Google Non-Brand Search,goog_search_01,5.0,7
2024-10-13,Google Non-Brand Search,goog_search_01,10.0,4
2024-10-13,Google Non-Brand Search,goog_search_01,20.0,3
2024-10-13,Google Non-Brand Search,goog_search_01,40.0,1
2024-10-13,Google Non-Brand Search,goog_search_01,63.0,3
2024-10-13,TikTok,tiktok_upper_01,0.0,9
2024-10-13,TikTok,tiktok_upper_01,5.0,4
2024-10-13,TikTok,tiktok_upper_01,10.0,2
2024-10-13,TikTok,tiktok_upper_02,,7
2024-10-14,Meta,fb_prospect_01,0.0,3
2024-10-14,Meta,fb_prospect_01,5.0,14
2024-10-14,Meta,fb_prospect_01,10.0,7
2024-10-14,Meta,fb_prospect_01,20.0,1
2024-10-14,Meta,fb_prospect_01,40.0,1
2024-10-14,Meta,fb_prospect_02,0.0,7
2024-10-14,Meta,fb_prospect_02,5.0,6
2024-10-14,Meta,fb_prospect_02,10.0,8
2024-10-14,Meta,fb_prospect_02,20.0,2
2024-10-14,Meta,fb_prospect_02,40.0,1
2024-10-14,Meta,fb_prospect_02,63.0,1
2024-10-14,Google App Campaigns,goog_ac_01,,7
2024-10-14,Google App Campaigns,goog_ac_02,0.0,7
2024-10-14,Google App Campaigns,goog_ac_02,5.0,2
2024-10-14,Google App Campaigns,goog_ac_02,10.0,2
2024-10-14,Google App Campaigns,goog_ac_02,20.0,1
2024-10-14,Google App Campaigns,goog_ac_02,63.0,1
2024-10-14,Google Brand Search,goog_brand_01,0.0,3
2024-10-14,Google Brand Search,goog_brand_01,5.0,4
2024-10-14,Google Brand Search,goog_brand_01,10.0,1
2024-10-14,Google Brand Search,goog_brand_01,20.0,1
2024-10-14,Google Brand Search,goog_brand_01,40.0,3
2024-10-14,Google Brand Search,goog_brand_01,63.0,1
2024-10-14,Google Non-Brand Search,goog_search_01,5.0,6
2024-10-14,Google Non-Brand Search,goog_search_01,10.0,3
2024-10-14,Google Non-Brand Search,goog_search_01,40.0,2
2024-10-14,TikTok,tiktok_upper_01,0.0,7
2024-10-14,TikTok,tiktok_upper_01,5.0,2
2024-10-14,TikTok,tiktok_upper_01,10.0,3
2024-10-14,TikTok,tiktok_upper_01,20.0,2
2024-10-14,TikTok,tiktok_upper_02,,8
2024-10-15,Meta,fb_prospect_01,0.0,2
2024-10-15,Meta,fb_prospect_01,5.0,4
2024-10-15,Meta,fb_prospect_01,10.0,6
2024-10-15,Meta,fb_prospect_01,20.0,4
2024-10-15,Meta,fb_prospect_01,63.0,3
2024-10-15,Meta,fb_prospect_02,0.0,5
2024-10-15,Meta,fb_prospect_02,5.0,10
2024-10-15,Meta,fb_prospect_02,10.0,1
2024-10-15,Meta,fb_prospect_02,20.0,6
2024-10-15,Meta,fb_prospect_02,40.0,1
2024-10-15,Meta,fb_prospect_02,63.0,1
2024-10-15,Google App Campaigns,goog_ac_01,0.0,3
2024-10-15,Google App Campaigns,goog_ac_01,5.0,2
2024-10-15,Google App Campaigns,goog_ac_01,10.0,3
2024-10-15,Google App Campaigns,goog_ac_01,20.0,2
2024-10-15,Google App Campaigns,goog_ac_01,40.0,1
2024-10-15,Google App Campaigns,goog_ac_02,,6
2024-10-15,Google Brand Search,goog_brand_01,0.0,3
2024-10-15,Google Brand Search,goog_brand_01,5.0,2
2024-10-15,Google Brand Search,goog_brand_01,10.0,6
2024-10-15,Google Brand Search,goog_brand_01,20.0,3
2024-10-15,Google Brand Search,goog_brand_01,40.0,2
2024-10-15,Google Brand Search,goog_brand_01,63.0,1
2024-10-15,Google Non-Brand Search,goog_search_01,0.0,1
2024-10-15,Google Non-Brand Search,goog_search_01,5.0,3
2024-10-15,Google Non-Brand Search,goog_search_01,10.0,8
2024-10-15,Google Non-Brand Search,goog_search_01,20.0,6
2024-10-15,Google Non-Brand Search,goog_search_01,63.0,4
2024-10-15,TikTok,tiktok_upper_01,0.0,5
2024-10-15,TikTok,tiktok_upper_01,5.0,5
2024-10-15,TikTok,tiktok_upper_01,10.0,4
2024-10-15,TikTok,tiktok_upper_02,0.0,3
2024-10-15,TikTok,tiktok_upper_02,5.0,5
2024-10-15,TikTok,tiktok_upper_02,10.0,1
2024-10-15,TikTok,tiktok_upper_02,63.0,1
2024-10-16,Meta,fb_prospect_01,0.0,5
2024-10-16,Meta,fb_prospect_01,5.0,3
2024-10-16,Meta,fb_prospect_01,10.0,4
2024-10-16,Meta,fb_prospect_01,40.0,1
2024-10-16,Meta,fb_prospect_01,63.0,1
2024-10-16,Meta,fb_prospect_02,0.0,4
2024-10-16,Meta,fb_prospect_02,5.0,3
2024-10-16,Meta,fb_prospect_02,10.0,3
2024-10-16,Google App Campaigns,goog_ac_01,,6
2024-10-16,Google App Campaigns,goog_ac_02,,6
2024-10-16,Google Brand Search,goog_brand_01,0.0,3
2024-10-16,Google Brand Search,goog_brand_01,5.0,4
2024-10-16,Google Brand Search,goog_brand_01,10.0,5
2024-10-16,Google Brand Search,goog_brand_01,20.0,1
2024-10-16,Google Brand Search,goog_brand_01,40.0,1
2024-10-16,Google Brand Search,goog_brand_01,63.0,3
2024-10-16,Google Non-Brand Search,goog_search_01,0.0,5
2024-10-16,Google Non-Brand Search,goog_search_01,5.0,1
2024-10-16,Google Non-Brand Search,goog_search_01,10.0,3
2024-10-16,Google Non-Brand Search,goog_search_01,20.0,1
2024-10-16,TikTok,tiktok_upper_01,,6
2024-10-16,TikTok,tiktok_upper_02,,5
2024-10-17,Meta,fb_prospect_01,0.0,5
2024-10-17,Meta,fb_prospect_01,5.0,4
2024-10-17,Meta,fb_prospect_01,10.0,6
2024-10-17,Meta,fb_prospect_01,20.0,1
2024-10-17,Meta,fb_prospect_01,40.0,2
2024-10-17,Meta,fb_prospect_02,0.0,3
2024-10-17,Meta,fb_prospect_02,5.0,5
2024-10-17,Meta,fb_prospect_02,10.0,4
2024-10-17,Meta,fb_prospect_02,20.0,1
2024-10-17,Google App Campaigns,goog_ac_01,0.0,5
2024-10-17,Google App Campaigns,goog_ac_01,5.0,3
2024-10-17,Google App Campaigns,goog_ac_01,10.0,2
2024-10-17,Google App Campaigns,goog_ac_01,20.0,1
2024-10-17,Google App Campaigns,goog_ac_01,63.0,1
2024-10-17,Google App Campaigns,goog_ac_02,,8
2024-10-17,Google Brand Search,goog_brand_01,0.0,4
2024-10-17,Google Brand Search,goog_brand_01,5.0,3
2024-10-17,Google Brand Search,goog_brand_01,10.0,3
2024-10-17,Google Brand Search,goog_brand_01,40.0,1
2024-10-17,Google Brand Search,goog_brand_01,63.0,3
2024-10-17,Google Non-Brand Search,goog_search_01,0.0,3
2024-10-17,Google Non-Brand Search,goog_search_01,5.0,2
2024-10-17,Google Non-Brand Search,goog_search_01,10.0,3
2024-10-17,Google Non-Brand Search,goog_search_01,20.0,3
2024-10-17,Google Non-Brand Search,goog_search_01,40.0,1
2024-10-17,TikTok,tiktok_upper_01,,5
2024-10-17,TikTok,tiktok_upper_02,0.0,7
2024-10-17,TikTok,tiktok_upper_02,5.0,5
2024-10-17,TikTok,tiktok_upper_02,20.0,1
2024-10-17,TikTok,tiktok_upper_02,63.0,1
2024-10-18,Meta,fb_prospect_01,0.0,4
2024-10-18,Meta,fb_prospect_01,5.0,7
2024-10-18,Meta,fb_prospect_01,10.0,1
2024-10-18,Meta,fb_prospect_01,40.0,2
2024-10-18,Meta,fb_prospect_02,0.0,7
2024-10-18,Meta,fb_prospect_02,5.0,3
2024-10-18,Meta,fb_prospect_02,10.0,4
2024-10-18,Meta,fb_prospect_02,20.0,2
2024-10-18,Google App Campaigns,goog_ac_01,0.0,7
2024-10-18,Google App Campaigns,goog_ac_01,5.0,6
2024-10-18,Google App Campaigns,goog_ac_01,10.0,1
2024-10-18,Google App Campaigns,goog_ac_01,20.0,1
2024-10-18,Google App Campaigns,goog_ac_01,40.0,1
2024-10-18,Google App Campaigns,goog_ac_02,,5
2024-10-18,Google Brand Search,goog_brand_01,0.0,4
2024-10-18,Google Brand Search,goog_brand_01,5.0,2
2024-10-18,Google Brand Search,goog_brand_01,10.0,1
2024-10-18,Google Brand Search,goog_brand_01,20.0,1
2024-10-18,Google Brand Search,goog_brand_01,40.0,2
2024-10-18,Google Brand Search,goog_brand_01,63.0,3
2024-10-18,Google Non-Brand Search,goog_search_01,0.0,6
2024-10-18,Google Non-Brand Search,goog_search_01,5.0,3
2024-10-18,Google Non-Brand Search,goog_search_01,10.0,7
2024-10-18,Google Non-Brand Search,goog_search_01,20.0,4
2024-10-18,Google Non-Brand Search,goog_search_01,40.0,1
2024-10-18,TikTok,tiktok_upper_01,,6
2024-10-18,TikTok,tiktok_upper_02,0.0,5
2024-10-18,TikTok,tiktok_upper_02,5.0,3
2024-10-18,TikTok,tiktok_upper_02,20.0,2
2024-10-19,Meta,fb_prospect_01,0.0,6
2024-10-19,Meta,fb_prospect_01,5.0,3
2024-10-19,Meta,fb_prospect_01,10.0,9
2024-10-19,Meta,fb_prospect_01,20.0,2
2024-10-19,Meta,fb_prospect_01,40.0,1
2024-10-19,Meta,fb_prospect_01,63.0,1
2024-10-19,Meta,fb_prospect_02,0.0,7
2024-10-19,Meta,fb_prospect_02,5.0,3
2024-10-19,Meta,fb_prospect_02,10.0,8
2024-10-19,Meta,fb_prospect_02,20.0,2
2024-10-19,Meta,fb_prospect_02,40.0,1
2024-10-19,Meta,fb_prospect_02,63.0,1
2024-10-19,Google App Campaigns,goog_ac_01,0.0,2
2024-10-19,Google App Campaigns,goog_ac_01,5.0,4
2024-10-19,Google App Campaigns,goog_ac_01,10.0,1
2024-10-19,Google App Campaigns,goog_ac_01,20.0,3
2024-10-19,Google App Campaigns,goog_ac_01,40.0,1
2024-10-19,Google App Campaigns,goog_ac_02,0.0,3
2024-10-19,Google App Campaigns,goog_ac_02,5.0,4
2024-10-19,Google App Campaigns,goog_ac_02,10.0,3
2024-10-19,Google App Campaigns,goog_ac_02,20.0,2
2024-10-19,Google App Campaigns,goog_ac_02,63.0,2
2024-10-19,Google Brand Search,goog_brand_01,0.0,2
2024-10-19,Google Brand Search,goog_brand_01,5.0,3
2024-10-19,Google Brand Search,goog_brand_01,10.0,6
2024-10-19,Google Brand Search,goog_brand_01,20.0,3
2024-10-19,Google Brand Search,goog_brand_01,40.0,1
2024-10-19,Google Brand Search,goog_brand_01,63.0,1
2024-10-19,Google Non-Brand Search,goog_search_01,0.0,4
2024-10-19,Google Non-Brand Search,goog_search_01,5.0,5
2024-10-19,Google Non-Brand Search,goog_search_01,10.0,6
2024-10-19,Google Non-Brand Search,goog_search_01,20.0,5
2024-10-19,Google Non-Brand Search,goog_search_01,63.0,1
2024-10-19,TikTok,tiktok_upper_01,0.0,3
2024-10-19,TikTok,tiktok_upper_01,5.0,7
2024-10-19,TikTok,tiktok_upper_01,10.0,1
2024-10-19,TikTok,tiktok_upper_02,,6
2024-10-20,Meta,fb_prospect_01,0.0,8
2024-10-20,Meta,fb_prospect_01,5.0,2
2024-10-20,Meta,fb_prospect_01,10.0,6
2024-10-20,Meta,fb_prospect_01,20.0,1
2024-10-20,Meta,fb_prospect_02,0.0,2
2024-10-20,Meta,fb_prospect_02,5.0,9
2024-10-20,Meta,fb_prospect_02,10.0,6
2024-10-20,Meta,fb_prospect_02,20.0,5
2024-10-20,Meta,fb_prospect_02,40.0,2
2024-10-20,Google App Campaigns,goog_ac_01,0.0,4
2024-10-20,Google App Campaigns,goog_ac_01,5.0,4
2024-10-20,Google App Campaigns,goog_ac_01,10.0,1
2024-10-20,Google App Campaigns,goog_ac_01,40.0,1
2024-10-20,Google App Campaigns,goog_ac_01,63.0,2
2024-10-20,Google App Campaigns,goog_ac_02,0.0,6
2024-10-20,Google App Campaigns,goog_ac_02,5.0,8
2024-10-20,Google App Campaigns,goog_ac_02,10.0,4
2024-10-20,Google App Campaigns,goog_ac_02,20.0,2
2024-10-20,Google App Campaigns,goog_ac_02,63.0,1
2024-10-20,Google Brand Search,goog_brand_01,0.0,3
2024-10-20,Google Brand Search,goog_brand_01,5.0,1
2024-10-20,Google Brand Search,goog_brand_01,10.0,1
2024-10-20,Google Brand Search,goog_brand_01,20.0,5
2024-10-20,Google Brand Search,goog_brand_01,40.0,2
2024-10-20,Google Non-Brand Search,goog_search_01,0.0,1
2024-10-20,Google Non-Brand Search,goog_search_01,5.0,5
2024-10-20,Google Non-Brand Search,goog_search_01,10.0,7
2024-10-20,Google Non-Brand Search,goog_search_01,20.0,4
2024-10-20,Google Non-Brand Search,goog_search_01,40.0,2
2024-10-20,Google Non-Brand Search,goog_search_01,63.0,2
2024-10-20,TikTok,tiktok_upper_01,,4
2024-10-20,TikTok,tiktok_upper_02,,7
2024-10-21,Meta,fb_prospect_01,0.0,5
2024-10-21,Meta,fb_prospect_01,5.0,6
2024-10-21,Meta,fb_prospect_01,10.0,8
2024-10-21,Meta,fb_prospect_01,20.0,1
2024-10-21,Meta,fb_prospect_02,0.0,1
2024-10-21,Meta,fb_prospect_02,5.0,5
2024-10-21,Meta,fb_prospect_02,10.0,8
2024-10-21,Meta,fb_prospect_02,20.0,5
2024-10-21,Google App Campaigns,goog_ac_01,0.0,4
2024-10-21,Google App Campaigns,goog_ac_01,5.0,3
2024-10-21,Google App Campaigns,goog_ac_01,10.0,7
2024-10-21,Google App Campaigns,goog_ac_01,20.0,1
2024-10-21,Google App Campaigns,goog_ac_01,63.0,1
2024-10-21,Google App Campaigns,goog_ac_02,0.0,2
2024-10-21,Google App Campaigns,goog_ac_02,5.0,1
2024-10-21,Google App Campaigns,goog_ac_02,10.0,3
2024-10-21,Google App Campaigns,goog_ac_02,20.0,3
2024-10-21,Google App Campaigns,goog_ac_02,40.0,1
2024-10-21,Google Brand Search,goog_brand_01,0.0,6
2024-10-21,Google Brand Search,goog_brand_01,5.0,4
2024-10-21,Google Brand Search,goog_brand_01,10.0,8
2024-10-21,Google Brand Search,goog_brand_01,20.0,3
2024-10-21,Google Brand Search,goog_brand_01,40.0,2
2024-10-21,Google Non-Brand Search,goog_search_01,0.0,3
2024-10-21,Google Non-Brand Search,goog_search_01,5.0,7
2024-10-21,Google Non-Brand Search,goog_search_01,10.0,4
2024-10-21,Google Non-Brand Search,goog_search_01,20.0,3
2024-10-21,Google Non-Brand Search,goog_search_01,40.0,1
2024-10-21,Google Non-Brand Search,goog_search_01,63.0,3
2024-10-21,TikTok,tiktok_upper_01,,9
2024-10-21,TikTok,tiktok_upper_02,0.0,4
2024-10-21,TikTok,tiktok_upper_02,5.0,4
2024-10-21,TikTok,tiktok_upper_02,10.0,1
2024-10-21,TikTok,tiktok_upper_02,40.0,1
2024-10-22,Meta,fb_prospect_01,0.0,4
2024-10-22,Meta,fb_prospect_01,5.0,7
2024-10-22,Meta,fb_prospect_01,10.0,3
2024-10-22,Meta,fb_prospect_01,20.0,2
2024-10-22,Meta,fb_prospect_01,63.0,4
2024-10-22,Meta,fb_prospect_02,0.0,3
2024-10-22,Meta,fb_prospect_02,5.0,2
2024-10-22,Meta,fb_prospect_02,10.0,3
2024-10-22,Meta,fb_prospect_02,20.0,4
2024-10-22,Meta,fb_prospect_02,40.0,1
2024-10-22,Meta,fb_prospect_02,63.0,1
2024-10-22,Google App Campaigns,goog_ac_01,0.0,2
2024-10-22,Google App Campaigns,goog_ac_01,5.0,4
2024-10-22,Google App Campaigns,goog_ac_01,10.0,2
2024-10-22,Google App Campaigns,goog_ac_01,40.0,2
2024-10-22,Google App Campaigns,goog_ac_02,,5
2024-10-22,Google Brand Search,goog_brand_01,0.0,1
2024-10-22,Google Brand Search,goog_brand_01,5.0,2
2024-10-22,Google Brand Search,goog_brand_01,10.0,1
2024-10-22,Google Brand Search,goog_brand_01,20.0,6
2024-10-22,Google Brand Search,goog_brand_01,40.0,2
2024-10-22,Google Brand Search,goog_brand_01,63.0,1
2024-10-22,Google Non-Brand Search,goog_search_01,0.0,3
2024-10-22,Google Non-Brand Search,goog_search_01,5.0,1
2024-10-22,Google Non-Brand Search,goog_search_01,10.0,3
2024-10-22,Google Non-Brand Search,goog_search_01,20.0,3
2024-10-22,Google Non-Brand Search,goog_search_01,40.0,1
2024-10-22,TikTok,tiktok_upper_01,0.0,3
2024-10-22,TikTok,tiktok_upper_01,5.0,2
2024-10-22,TikTok,tiktok_upper_01,10.0,5
2024-10-22,TikTok,tiktok_upper_02,,4
2024-10-23,Meta,fb_prospect_01,0.0,4
2024-10-23,Meta,fb_prospect_01,5.0,4
2024-10-23,Meta,fb_prospect_01,10.0,3
2024-10-23,Meta,fb_prospect_01,20.0,1
2024-10-23,Meta,fb_prospect_02,,8
2024-10-23,Google App Campaigns,goog_ac_01,0.0,2
2024-10-23,Google App Campaigns,goog_ac_01,5.0,8
2024-10-23,Google App Campaigns,goog_ac_01,10.0,2
2024-10-23,Google App Campaigns,goog_ac_01,20.0,1
2024-10-23,Google App Campaigns,goog_ac_02,0.0,3
2024-10-23,Google App Campaigns,goog_ac_02,5.0,2
2024-10-23,Google App Campaigns,goog_ac_02,10.0,5
2024-10-23,Google App Campaigns,goog_ac_02,63.0,2
2024-10-23,Google Brand Search,goog_brand_01,0.0,4
2024-10-23,Google Brand Search,goog_brand_01,5.0,3
2024-10-23,Google Brand Search,goog_brand_01,10.0,6
2024-10-23,Google Brand Search,goog_brand_01,20.0,2
2024-10-23,Google Brand Search,goog_brand_01,40.0,1
2024-10-23,Google Non-Brand Search,goog_search_01,0.0,1
2024-10-23,Google Non-Brand Search,goog_search_01,5.0,4
2024-10-23,Google Non-Brand Search,goog_search_01,10.0,4
2024-10-23,Google Non-Brand Search,goog_search_01,20.0,2
2024-10-23,Google Non-Brand Search,goog_search_01,40.0,1
2024-10-23,Google Non-Brand Search,goog_search_01,63.0,3
2024-10-23,TikTok,tiktok_upper_01,0.0,5
2024-10-23,TikTok,tiktok_upper_01,5.0,4
2024-10-23,TikTok,tiktok_upper_01,10.0,1
2024-10-23,TikTok,tiktok_upper_02,0.0,3
2024-10-23,TikTok,tiktok_upper_02,5.0,4
2024-10-23,TikTok,tiktok_upper_02,10.0,5
2024-10-24,Meta,fb_prospect_01,0.0,2
2024-10-24,Meta,fb_prospect_01,5.0,6
2024-10-24,Meta,fb_prospect_01,10.0,4
2024-10-24,Meta,fb_prospect_01,20.0,1
2024-10-24,Meta,fb_prospect_01,40.0,1
2024-10-24,Meta,fb_prospect_01,63.0,1
2024-10-24,Meta,fb_prospect_02,0.0,4
2024-10-24,Meta,fb_prospect_02,5.0,5
2024-10-24,Meta,fb_prospect_02,10.0,1
2024-10-24,Google App Campaigns,goog_ac_01,0.0,2
2024-10-24,Google App Campaigns,goog_ac_01,5.0,2
2024-10-24,Google App Campaigns,goog_ac_01,10.0,2
2024-10-24,Google App Campaigns,goog_ac_01,20.0,2
2024-10-24,Google App Campaigns,goog_ac_01,40.0,2
2024-10-24,Google App Campaigns,goog_ac_01,63.0,1
2024-10-24,Google App Campaigns,goog_ac_02,0.0,2
2024-10-24,Google App Campaigns,goog_ac_02,5.0,4
2024-10-24,Google App Campaigns,goog_ac_02,10.0,3
2024-10-24,Google App Campaigns,goog_ac_02,20.0,2
2024-10-24,Google Brand Search,goog_brand_01,0.0,1
2024-10-24,Google Brand Search,goog_brand_01,5.0,4
2024-10-24,Google Brand Search,goog_brand_01,10.0,6
2024-10-24,Google Brand Search,goog_brand_01,63.0,2
2024-10-24,Google Non-Brand Search,goog_search_01,0.0,2
2024-10-24,Google Non-Brand Search,goog_search_01,10.0,1
2024-10-24,Google Non-Brand Search,goog_search_01,20.0,2
2024-10-24,Google Non-Brand Search,goog_search_01,40.0,3
2024-10-24,Google Non-Brand Search,goog_search_01,63.0,2
2024-10-24,TikTok,tiktok_upper_01,,6
2024-10-24,TikTok,tiktok_upper_02,,8
2024-10-25,Meta,fb_prospect_01,0.0,5
2024-10-25,Meta,fb_prospect_01,5.0,4
2024-10-25,Meta,fb_prospect_01,10.0,5
2024-10-25,Meta,fb_prospect_01,20.0,3
2024-10-25,Meta,fb_prospect_01,40.0,1
2024-10-25,Meta,fb_prospect_02,0.0,4
2024-10-25,Meta,fb_prospect_02,5.0,12
2024-10-25,Meta,fb_prospect_02,10.0,5
2024-10-25,Meta,fb_prospect_02,20.0,1
2024-10-25,Google App Campaigns,goog_ac_01,,3
2024-10-25,Google App Campaigns,goog_ac_02,,4
2024-10-25,Google Brand Search,goog_brand_01,0.0,2
2024-10-25,Google Brand Search,goog_brand_01,5.0,3
2024-10-25,Google Brand Search,goog_brand_01,10.0,6
2024-10-25,Google Brand Search,goog_brand_01,20.0,2
2024-10-25,Google Non-Brand Search,goog_search_01,0.0,1
2024-10-25,Google Non-Brand Search,goog_search_01,5.0,3
2024-10-25,Google Non-Brand Search,goog_search_01,10.0,6
2024-10-25,Google Non-Brand Search,goog_search_01,20.0,3
2024-10-25,Google Non-Brand Search,goog_search_01,40.0,1
2024-10-25,Google Non-Brand Search,goog_search_01,63.0,2
2024-10-25,TikTok,tiktok_upper_01,,7
2024-10-25,TikTok,tiktok_upper_02,,8
2024-10-26,Meta,fb_prospect_01,0.0,9
2024-10-26,Meta,fb_prospect_01,5.0,3
2024-10-26,Meta,fb_prospect_01,10.0,2
2024-10-26,Meta,fb_prospect_01,40.0,1
2024-10-26,Meta,fb_prospect_02,0.0,7
2024-10-26,Meta,fb_prospect_02,5.0,3
2024-10-26,Meta,fb_prospect_02,10.0,5
2024-10-26,Meta,fb_prospect_02,20.0,1
2024-10-26,Google App Campaigns,goog_ac_01,0.0,6
2024-10-26,Google App Campaigns,goog_ac_01,5.0,4
2024-10-26,Google App Campaigns,goog_ac_01,10.0,2
2024-10-26,Google App Campaigns,goog_ac_01,40.0,1
2024-10-26,Google App Campaigns,goog_ac_02,,5
2024-10-26,Google Brand Search,goog_brand_01,0.0,4
2024-10-26,Google Brand Search,goog_brand_01,5.0,4
2024-10-26,Google Brand Search,goog_brand_01,10.0,6
2024-10-26,Google Brand Search,goog_brand_01,20.0,2
2024-10-26,Google Non-Brand Search,goog_search_01,0.0,2
2024-10-26,Google Non-Brand Search,goog_search_01,5.0,4
2024-10-26,Google Non-Brand Search,goog_search_01,10.0,5
2024-10-26,Google Non-Brand Search,goog_search_01,20.0,2
2024-10-26,Google Non-Brand Search,goog_search_01,40.0,2
2024-10-26,Google Non-Brand Search,goog_search_01,63.0,3
2024-10-26,TikTok,tiktok_upper_01,0.0,8
2024-10-26,TikTok,tiktok_upper_01,5.0,4
2024-10-26,TikTok,tiktok_upper_01,20.0,2
2024-10-26,TikTok,tiktok_upper_01,63.0,1
2024-10-26,TikTok,tiktok_upper_02,0.0,3
2024-10-26,TikTok,tiktok_upper_02,5.0,4
2024-10-26,TikTok,tiktok_upper_02,10.0,2
2024-10-26,TikTok,tiktok_upper_02,20.0,1
2024-10-26,TikTok,tiktok_upper_02,40.0,1
2024-10-27,Meta,fb_prospect_01,0.0,4
2024-10-27,Meta,fb_prospect_01,5.0,1
2024-10-27,Meta,fb_prospect_01,10.0,3
2024-10-27,Meta,fb_prospect_01,20.0,1
2024-10-27,Meta,fb_prospect_01,40.0,2
2024-10-27,Meta,fb_prospect_02,0.0,5
2024-10-27,Meta,fb_prospect_02,5.0,9
2024-10-27,Meta,fb_prospect_02,10.0,6
2024-10-27,Meta,fb_prospect_02,20.0,2
2024-10-27,Meta,fb_prospect_02,40.0,1
2024-10-27,Google App Campaigns,goog_ac_01,0.0,1
2024-10-27,Google App Campaigns,goog_ac_01,5.0,3
2024-10-27,Google App Campaigns,goog_ac_01,10.0,4
2024-10-27,Google App Campaigns,goog_ac_01,20.0,2
2024-10-27,Google App Campaigns,goog_ac_02,,6
2024-10-27,Google Brand Search,goog_brand_01,0.0,2
2024-10-27,Google Brand Search,goog_brand_01,5.0,7
2024-10-27,Google Brand Search,goog_brand_01,10.0,5
2024-10-27,Google Brand Search,goog_brand_01,20.0,1
2024-10-27,Google Brand Search,goog_brand_01,40.0,2
2024-10-27,Google Brand Search,goog_brand_01,63.0,1
2024-10-27,Google Non-Brand Search,goog_search_01,0.0,5
2024-10-27,Google Non-Brand Search,goog_search_01,5.0,4
2024-10-27,Google Non-Brand Search,goog_search_01,10.0,5
2024-10-27,Google Non-Brand Search,goog_search_01,20.0,5
2024-10-27,Google Non-Brand Search,goog_search_01,63.0,1
2024-10-27,TikTok,tiktok_upper_01,,7
2024-10-27,TikTok,tiktok_upper_02,,8
2024-10-28,Meta,fb_prospect_01,0.0,4
2024-10-28,Meta,fb_prospect_01,5.0,3
2024-10-28,Meta,fb_prospect_01,10.0,2
2024-10-28,Meta,fb_prospect_01,20.0,1
2024-10-28,Meta,fb_prospect_02,0.0,6
2024-10-28,Meta,fb_prospect_02,5.0,6
2024-10-28,Meta,fb_prospect_02,10.0,1
2024-10-28,Google App Campaigns,goog_ac_01,0.0,4
2024-10-28,Google App Campaigns,goog_ac_01,5.0,6
2024-10-28,Google App Campaigns,goog_ac_01,10.0,2
2024-10-28,Google App Campaigns,goog_ac_02,,8
2024-10-28,Google Brand Search,goog_brand_01,0.0,2
2024-10-28,Google Brand Search,goog_brand_01,5.0,3
2024-10-28,Google Brand Search,goog_brand_01,10.0,6
2024-10-28,Google Brand Search,goog_brand_01,20.0,1
2024-10-28,Google Brand Search,goog_brand_01,40.0,1
2024-10-28,Google Brand Search,goog_brand_01,63.0,1
2024-10-28,Google Non-Brand Search,goog_search_01,0.0,5
2024-10-28,Google Non-Brand Search,goog_search_01,5.0,6
2024-10-28,Google Non-Brand Search,goog_search_01,10.0,4
2024-10-28,Google Non-Brand Search,goog_search_01,20.0,3
2024-10-28,Google Non-Brand Search,goog_search_01,40.0,1
2024-10-28,TikTok,tiktok_upper_01,,8
2024-10-28,TikTok,tiktok_upper_02,,9
2024-10-29,Meta,fb_prospect_01,0.0,5
2024-10-29,Meta,fb_prospect_01,5.0,3
2024-10-29,Meta,fb_prospect_01,10.0,5
2024-10-29,Meta,fb_prospect_01,40.0,1
2024-10-29,Meta,fb_prospect_02,0.0,4
2024-10-29,Meta,fb_prospect_02,5.0,2
2024-10-29,Meta,fb_prospect_02,10.0,7
2024-10-29,Meta,fb_prospect_02,20.0,1
2024-10-29,Meta,fb_prospect_02,63.0,1
2024-10-29,Google App Campaigns,goog_ac_01,,7
2024-10-29,Google App Campaigns,goog_ac_02,0.0,2
2024-10-29,Google App Campaigns,goog_ac_02,5.0,3
2024-10-29,Google App Campaigns,goog_ac_02,10.0,3
2024-10-29,Google App Campaigns,goog_ac_02,20.0,2
2024-10-29,Google Brand Search,goog_brand_01,0.0,1
2024-10-29,Google Brand Search,goog_brand_01,5.0,2
2024-10-29,Google Brand Search,goog_brand_01,10.0,3
2024-10-29,Google Brand Search,goog_brand_01,20.0,3
2024-10-29,Google Brand Search,goog_brand_01,63.0,1
2024-10-29,Google Non-Brand Search,goog_search_01,0.0,4
2024-10-29,Google Non-Brand Search,goog_search_01,5.0,4
2024-10-29,Google Non-Brand Search,goog_search_01,10.0,6
2024-10-29,Google Non-Brand Search,goog_search_01,20.0,1
2024-10-29,Google Non-Brand Search,goog_search_01,40.0,4
2024-10-29,Google Non-Brand Search,goog_search_01,63.0,1
2024-10-29,TikTok,tiktok_upper_01,,7
2024-10-29,TikTok,tiktok_upper_02,,7
2024-10-30,Meta,fb_prospect_01,0.0,8
2024-10-30,Meta,fb_prospect_01,5.0,3
2024-10-30,Meta,fb_prospect_01,10.0,4
2024-10-30,Meta,fb_prospect_01,40.0,1
2024-10-30,Meta,fb_prospect_01,63.0,1
2024-10-30,Meta,fb_prospect_02,0.0,7
2024-10-30,Meta,fb_prospect_02,5.0,1
2024-10-30,Meta,fb_prospect_02,10.0,1
2024-10-30,Meta,fb_prospect_02,20.0,2
2024-10-30,Google App Campaigns,goog_ac_01,,6
2024-10-30,Google App Campaigns,goog_ac_02,,6
2024-10-30,Google Brand Search,goog_brand_01,0.0,5
2024-10-30,Google Brand Search,goog_brand_01,5.0,4
2024-10-30,Google Brand Search,goog_brand_01,10.0,6
2024-10-30,Google Brand Search,goog_brand_01,20.0,2
2024-10-30,Google Brand Search,goog_brand_01,40.0,1
2024-10-30,Google Non-Brand Search,goog_search_01,0.0,3
2024-10-30,Google Non-Brand Search,goog_search_01,5.0,5
2024-10-30,Google Non-Brand Search,goog_search_01,10.0,1
2024-10-30,Google Non-Brand Search,goog_search_01,20.0,3
2024-10-30,TikTok,tiktok_upper_01,,5
2024-10-30,TikTok,tiktok_upper_02,,4
2024-10-31,Meta,fb_prospect_01,0.0,3
2024-10-31,Meta,fb_prospect_01,5.0,7
2024-10-31,Meta,fb_prospect_01,10.0,4
2024-10-31,Meta,fb_prospect_02,0.0,3
2024-10-31,Meta,fb_prospect_02,5.0,4
2024-10-31,Meta,fb_prospect_02,10.0,2
2024-10-31,Meta,fb_prospect_02,20.0,2
2024-10-31,Google App Campaigns,goog_ac_01,,8
2024-10-31,Google App Campaigns,goog_ac_02,,5
2024-10-31,Google Brand Search,goog_brand_01,0.0,3
2024-10-31,Google Brand Search,goog_brand_01,5.0,2
2024-10-31,Google Brand Search,goog_brand_01,10.0,3
2024-10-31,Google Brand Search,goog_brand_01,20.0,2
2024-10-31,Google Brand Search,goog_brand_01,40.0,2
2024-10-31,Google Non-Brand Search,goog_search_01,0.0,1
2024-10-31,Google Non-Brand Search,goog_search_01,5.0,3
2024-10-31,Google Non-Brand Search,goog_search_01,10.0,5
2024-10-31,Google Non-Brand Search,goog_search_01,20.0,2
2024-10-31,Google Non-Brand Search,goog_search_01,40.0,2
2024-10-31,TikTok,tiktok_upper_01,0.0,7
2024-10-31,TikTok,tiktok_upper_01,5.0,5
2024-10-31,TikTok,tiktok_upper_01,20.0,1
2024-10-31,TikTok,tiktok_upper_02,,7
2024-11-01,Meta,fb_prospect_01,0.0,12
2024-11-01,Meta,fb_prospect_01,5.0,3
2024-11-01,Meta,fb_prospect_01,10.0,4
2024-11-01,Meta,fb_prospect_01,20.0,2
2024-11-01,Meta,fb_prospect_01,40.0,2
2024-11-01,Meta,fb_prospect_02,0.0,3
2024-11-01,Meta,fb_prospect_02,5.0,7
2024-11-01,Meta,fb_prospect_02,10.0,5
2024-11-01,Meta,fb_prospect_02,20.0,1
2024-11-01,Meta,fb_prospect_02,40.0,1
2024-11-01,Google App Campaigns,goog_ac_01,0.0,1
2024-11-01,Google App Campaigns,goog_ac_01,5.0,6
2024-11-01,Google App Campaigns,goog_ac_01,10.0,2
2024-11-01,Google App Campaigns,goog_ac_01,63.0,2
2024-11-01,Google App Campaigns,goog_ac_02,0.0,5
2024-11-01,Google App Campaigns,goog_ac_02,5.0,2
2024-11-01,Google App Campaigns,goog_ac_02,10.0,2
2024-11-01,Google App Campaigns,goog_ac_02,20.0,1
2024-11-01,Google App Campaigns,goog_ac_02,40.0,1
2024-11-01,Google Brand Search,goog_brand_01,0.0,5
2024-11-01,Google Brand Search,goog_brand_01,5.0,3
2024-11-01,Google Brand Search,goog_brand_01,10.0,2
2024-11-01,Google Brand Search,goog_brand_01,20.0,4
2024-11-01,Google Brand Search,goog_brand_01,40.0,1
2024-11-01,Google Non-Brand Search,goog_search_01,0.0,3
2024-11-01,Google Non-Brand Search,goog_search_01,5.0,1
2024-11-01,Google Non-Brand Search,goog_search_01,10.0,6
2024-11-01,Google Non-Brand Search,goog_search_01,20.0,2
2024-11-01,Google Non-Brand Search,goog_search_01,40.0,1
2024-11-01,Google Non-Brand Search,goog_search_01,63.0,1
2024-11-01,TikTok,tiktok_upper_01,0.0,3
2024-11-01,TikTok,tiktok_upper_01,5.0,4
2024-11-01,TikTok,tiktok_upper_01,10.0,1
2024-11-01,TikTok,tiktok_upper_01,20.0,1
2024-11-01,TikTok,tiktok_upper_01,63.0,1
2024-11-01,TikTok,tiktok_upper_02,,5
2024-11-02,Meta,fb_prospect_01,0.0,3
2024-11-02,Meta,fb_prospect_01,5.0,4
2024-11-02,Meta,fb_prospect_01,10.0,9
2024-11-02,Meta,fb_prospect_01,20.0,3
2024-11-02,Meta,fb_prospect_01,63.0,1
2024-11-02,Meta,fb_prospect_02,0.0,2
2024-11-02,Meta,fb_prospect_02,5.0,4
2024-11-02,Meta,fb_prospect_02,10.0,5
2024-11-02,Meta,fb_prospect_02,63.0,1
2024-11-02,Google App Campaigns,goog_ac_01,,8
2024-11-02,Google App Campaigns,goog_ac_02,0.0,5
2024-11-02,Google App Campaigns,goog_ac_02,5.0,4
2024-11-02,Google App Campaigns,goog_ac_02,10.0,4
2024-11-02,Google App Campaigns,goog_ac_02,20.0,1
2024-11-02,Google Brand Search,goog_brand_01,0.0,4
2024-11-02,Google Brand Search,goog_brand_01,5.0,2
2024-11-02,Google Brand Search,goog_brand_01,10.0,5
2024-11-02,Google Brand Search,goog_brand_01,20.0,2
2024-11-02,Google Brand Search,goog_brand_01,40.0,3
2024-11-02,Google Brand Search,goog_brand_01,63.0,1
2024-11-02,Google Non-Brand Search,goog_search_01,0.0,7
2024-11-02,Google Non-Brand Search,goog_search_01,5.0,4
2024-11-02,Google Non-Brand Search,goog_search_01,10.0,3
2024-11-02,Google Non-Brand Search,goog_search_01,20.0,1
2024-11-02,Google Non-Brand Search,goog_search_01,40.0,1
2024-11-02,Google Non-Brand Search,goog_search_01,63.0,2
2024-11-02,TikTok,tiktok_upper_01,,6
2024-11-02,TikTok,tiktok_upper_02,,8
2024-11-03,Meta,fb_prospect_01,0.0,8
2024-11-03,Meta,fb_prospect_01,5.0,5
2024-11-03,Meta,fb_prospect_01,20.0,1
2024-11-03,Meta,fb_prospect_02,0.0,3
2024-11-03,Meta,fb_prospect_02,5.0,6
2024-11-03,Meta,fb_prospect_02,10.0,6
2024-11-03,Meta,fb_prospect_02,20.0,3
2024-11-03,Meta,fb_prospect_02,40.0,3
2024-11-03,Google App Campaigns,goog_ac_01,0.0,6
2024-11-03,Google App Campaigns,goog_ac_01,5.0,7
2024-11-03,Google App Campaigns,goog_ac_01,10.0,1
2024-11-03,Google App Campaigns,goog_ac_01,63.0,1
2024-11-03,Google App Campaigns,goog_ac_02,0.0,7
2024-11-03,Google App Campaigns,goog_ac_02,5.0,2
2024-11-03,Google App Campaigns,goog_ac_02,10.0,2
2024-11-03,Google App Campaigns,goog_ac_02,20.0,1
2024-11-03,Google App Campaigns,goog_ac_02,40.0,1
2024-11-03,Google App Campaigns,goog_ac_02,63.0,1
2024-11-03,Google Brand Search,goog_brand_01,0.0,6
2024-11-03,Google Brand Search,goog_brand_01,5.0,3
2024-11-03,Google Brand Search,goog_brand_01,10.0,8
2024-11-03,Google Brand Search,goog_brand_01,20.0,3
2024-11-03,Google Brand Search,goog_brand_01,40.0,2
2024-11-03,Google Non-Brand Search,goog_search_01,0.0,3
2024-11-03,Google Non-Brand Search,goog_search_01,5.0,3
2024-11-03,Google Non-Brand Search,goog_search_01,10.0,6
2024-11-03,Google Non-Brand Search,goog_search_01,20.0,1
2024-11-03,Google Non-Brand Search,goog_search_01,40.0,3
2024-11-03,Google Non-Brand Search,goog_search_01,63.0,1
2024-11-03,TikTok,tiktok_upper_01,,7
2024-11-03,TikTok,tiktok_upper_02,0.0,5
2024-11-03,TikTok,tiktok_upper_02,5.0,2
2024-11-03,TikTok,tiktok_upper_02,10.0,4
2024-11-04,Meta,fb_prospect_01,0.0,9
2024-11-04,Meta,fb_prospect_01,5.0,1
2024-11-04,Meta,fb_prospect_01,10.0,6
2024-11-04,Meta,fb_prospect_01,20.0,3
2024-11-04,Meta,fb_prospect_01,40.0,1
2024-11-04,Meta,fb_prospect_02,0.0,9
2024-11-04,Meta,fb_prospect_02,5.0,2
2024-11-04,Meta,fb_prospect_02,10.0,4
2024-11-04,Meta,fb_prospect_02,20.0,2
2024-11-04,Meta,fb_prospect_02,40.0,2
2024-11-04,Google App Campaigns,goog_ac_01,0.0,3
2024-11-04,Google App Campaigns,goog_ac_01,5.0,6
2024-11-04,Google App Campaigns,goog_ac_01,10.0,3
2024-11-04,Google App Campaigns,goog_ac_01,20.0,1
2024-11-04,Google App Campaigns,goog_ac_02,,9
2024-11-04,Google Brand Search,goog_brand_01,,8
2024-11-04,Google Non-Brand Search,goog_search_01,0.0,3
2024-11-04,Google Non-Brand Search,goog_search_01,5.0,2
2024-11-04,Google Non-Brand Search,goog_search_01,10.0,3
2024-11-04,Google Non-Brand Search,goog_search_01,20.0,2
2024-11-04,Google Non-Brand Search,goog_search_01,63.0,2
2024-11-04,TikTok,tiktok_upper_01,0.0,7
2024-11-04,TikTok,tiktok_upper_01,5.0,2
2024-11-04,TikTok,tiktok_upper_01,10.0,3
2024-11-04,TikTok,tiktok_upper_02,0.0,7
2024-11-04,TikTok,tiktok_upper_02,5.0,3
2024-11-04,TikTok,tiktok_upper_02,10.0,1
2024-11-05,Meta,fb_prospect_01,0.0,4
2024-11-05,Meta,fb_prospect_01,5.0,5
2024-11-05,Meta,fb_prospect_01,20.0,1
2024-11-05,Meta,fb_prospect_01,40.0,1
2024-11-05,Meta,fb_prospect_01,63.0,1
2024-11-05,Meta,fb_prospect_02,0.0,3
2024-11-05,Meta,fb_prospect_02,5.0,6
2024-11-05,Meta,fb_prospect_02,10.0,6
2024-11-05,Google App Campaigns,goog_ac_01,0.0,3
2024-11-05,Google App Campaigns,goog_ac_01,5.0,3
2024-11-05,Google App Campaigns,goog_ac_01,20.0,1
2024-11-05,Google App Campaigns,goog_ac_01,40.0,1
2024-11-05,Google App Campaigns,goog_ac_01,63.0,2
2024-11-05,Google App Campaigns,goog_ac_02,,8
2024-11-05,Google Brand Search,goog_brand_01,0.0,7
2024-11-05,Google Brand Search,goog_brand_01,5.0,3
2024-11-05,Google Brand Search,goog_brand_01,10.0,3
2024-11-05,Google Brand Search,goog_brand_01,20.0,2
2024-11-05,Google Brand Search,goog_brand_01,40.0,1
2024-11-05,Google Brand Search,goog_brand_01,63.0,1
2024-11-05,Google Non-Brand Search,goog_search_01,0.0,5
2024-11-05,Google Non-Brand Search,goog_search_01,5.0,3
2024-11-05,Google Non-Brand Search,goog_search_01,10.0,4
2024-11-05,Google Non-Brand Search,goog_search_01,20.0,4
2024-11-05,Google Non-Brand Search,goog_search_01,63.0,1
2024-11-05,TikTok,tiktok_upper_01,,9
2024-11-05,TikTok,tiktok_upper_02,,5
2024-11-06,Meta,fb_prospect_01,0.0,5
2024-11-06,Meta,fb_prospect_01,5.0,5
2024-11-06,Meta,fb_prospect_01,10.0,3
2024-11-06,Meta,fb_prospect_01,20.0,4
2024-11-06,Meta,fb_prospect_01,40.0,1
2024-11-06,Meta,fb_prospect_02,0.0,7
2024-11-06,Meta,fb_prospect_02,5.0,3
2024-11-06,Meta,fb_prospect_02,10.0,5
2024-11-06,Meta,fb_prospect_02,20.0,3
2024-11-06,Meta,fb_prospect_02,40.0,1
2024-11-06,Google App Campaigns,goog_ac_01,,5
2024-11-06,Google App Campaigns,goog_ac_02,,9
2024-11-06,Google Brand Search,goog_brand_01,0.0,2
2024-11-06,Google Brand Search,goog_brand_01,5.0,4
2024-11-06,Google Brand Search,goog_brand_01,10.0,1
2024-11-06,Google Brand Search,goog_brand_01,20.0,3
2024-11-06,Google Brand Search,goog_brand_01,63.0,4
2024-11-06,Google Non-Brand Search,goog_search_01,0.0,4
2024-11-06,Google Non-Brand Search,goog_search_01,5.0,6
2024-11-06,Google Non-Brand Search,goog_search_01,10.0,4
2024-11-06,Google Non-Brand Search,goog_search_01,20.0,4
2024-11-06,TikTok,tiktok_upper_01,,7
2024-11-06,TikTok,tiktok_upper_02,0.0,5
2024-11-06,TikTok,tiktok_upper_02,5.0,4
2024-11-06,TikTok,tiktok_upper_02,63.0,1
2024-11-07,Meta,fb_prospect_01,0.0,5
2024-11-07,Meta,fb_prospect_01,5.0,6
2024-11-07,Meta,fb_prospect_01,10.0,4
2024-11-07,Meta,fb_prospect_01,20.0,2
2024-11-07,Meta,fb_prospect_01,40.0,1
2024-11-07,Meta,fb_prospect_02,0.0,7
2024-11-07,Meta,fb_prospect_02,5.0,6
2024-11-07,Meta,fb_prospect_02,10.0,2
2024-11-07,Meta,fb_prospect_02,40.0,1
2024-11-07,Google App Campaigns,goog_ac_01,0.0,3
2024-11-07,Google App Campaigns,goog_ac_01,10.0,4
2024-11-07,Google App Campaigns,goog_ac_01,20.0,1
2024-11-07,Google App Campaigns,goog_ac_01,40.0,1
2024-11-07,Google App Campaigns,goog_ac_01,63.0,1
2024-11-07,Google App Campaigns,goog_ac_02,0.0,2
2024-11-07,Google App Campaigns,goog_ac_02,5.0,4
2024-11-07,Google App Campaigns,goog_ac_02,10.0,4
2024-11-07,Google App Campaigns,goog_ac_02,20.0,1
2024-11-07,Google Brand Search,goog_brand_01,0.0,2
2024-11-07,Google Brand Search,goog_brand_01,5.0,5
2024-11-07,Google Brand Search,goog_brand_01,10.0,3
2024-11-07,Google Brand Search,goog_brand_01,20.0,3
2024-11-07,Google Brand Search,goog_brand_01,40.0,1
2024-11-07,Google Brand Search,goog_brand_01,63.0,2
2024-11-07,Google Non-Brand Search,goog_search_01,0.0,1
2024-11-07,Google Non-Brand Search,goog_search_01,5.0,3
2024-11-07,Google Non-Brand Search,goog_search_01,10.0,5
2024-11-07,Google Non-Brand Search,goog_search_01,20.0,1
2024-11-07,Google Non-Brand Search,goog_search_01,40.0,1
2024-11-07,Google Non-Brand Search,goog_search_01,63.0,2
2024-11-07,TikTok,tiktok_upper_01,0.0,7
2024-11-07,TikTok,tiktok_upper_01,5.0,3
2024-11-07,TikTok,tiktok_upper_01,20.0,1
2024-11-07,TikTok,tiktok_upper_02,,7
2024-11-08,Meta,fb_prospect_01,0.0,6
2024-11-08,Meta,fb_prospect_01,5.0,6
2024-11-08,Meta,fb_prospect_01,10.0,5
2024-11-08,Meta,fb_prospect_01,20.0,2
2024-11-08,Meta,fb_prospect_02,0.0,7
2024-11-08,Meta,fb_prospect_02,5.0,3
2024-11-08,Meta,fb_prospect_02,10.0,5
2024-11-08,Meta,fb_prospect_02,20.0,1
2024-11-08,Google App Campaigns,goog_ac_01,0.0,2
2024-11-08,Google App Campaigns,goog_ac_01,5.0,6
2024-11-08,Google App Campaigns,goog_ac_01,10.0,3
2024-11-08,Google App Campaigns,goog_ac_01,20.0,1
2024-11-08,Google App Campaigns,goog_ac_02,,9
2024-11-08,Google Brand Search,goog_brand_01,0.0,2
2024-11-08,Google Brand Search,goog_brand_01,5.0,4
2024-11-08,Google Brand Search,goog_brand_01,10.0,9
2024-11-08,Google Brand Search,goog_brand_01,20.0,1
2024-11-08,Google Brand Search,goog_brand_01,63.0,1
2024-11-08,Google Non-Brand Search,goog_search_01,,9
2024-11-08,TikTok,tiktok_upper_01,,4
2024-11-08,TikTok,tiktok_upper_02,0.0,4
2024-11-08,TikTok,tiktok_upper_02,5.0,3
2024-11-08,TikTok,tiktok_upper_02,10.0,2
2024-11-08,TikTok,tiktok_upper_02,20.0,2
2024-11-09,Meta,fb_prospect_01,0.0,1
2024-11-09,Meta,fb_prospect_01,5.0,1
2024-11-09,Meta,fb_prospect_01,10.0,8
2024-11-09,Meta,fb_prospect_01,20.0,1
2024-11-09,Meta,fb_prospect_01,40.0,1
2024-11-09,Meta,fb_prospect_01,63.0,1
2024-11-09,Meta,fb_prospect_02,0.0,4
2024-11-09,Meta,fb_prospect_02,5.0,5
2024-11-09,Meta,fb_prospect_02,10.0,4
2024-11-09,Meta,fb_prospect_02,20.0,4
2024-11-09,Meta,fb_prospect_02,40.0,1
2024-11-09,Meta,fb_prospect_02,63.0,1
2024-11-09,Google App Campaigns,goog_ac_01,0.0,7
2024-11-09,Google App Campaigns,goog_ac_01,5.0,4
2024-11-09,Google App Campaigns,goog_ac_02,,8
2024-11-09,Google Brand Search,goog_brand_01,0.0,2
2024-11-09,Google Brand Search,goog_brand_01,5.0,2
2024-11-09,Google Brand Search,goog_brand_01,10.0,3
2024-11-09,Google Brand Search,goog_brand_01,20.0,3
2024-11-09,Google Brand Search,goog_brand_01,40.0,2
2024-11-09,Google Brand Search,goog_brand_01,63.0,2
2024-11-09,Google Non-Brand Search,goog_search_01,0.0,3
2024-11-09,Google Non-Brand Search,goog_search_01,5.0,6
2024-11-09,Google Non-Brand Search,goog_search_01,10.0,3
2024-11-09,Google Non-Brand Search,goog_search_01,20.0,5
2024-11-09,TikTok,tiktok_upper_01,0.0,4
2024-11-09,TikTok,tiktok_upper_01,5.0,2
2024-11-09,TikTok,tiktok_upper_01,10.0,3
2024-11-09,TikTok,tiktok_upper_01,20.0,3
2024-11-09,TikTok,tiktok_upper_02,,7
2024-11-10,Meta,fb_prospect_01,0.0,6
2024-11-10,Meta,fb_prospect_01,5.0,3
2024-11-10,Meta,fb_prospect_01,10.0,2
2024-11-10,Meta,fb_prospect_01,20.0,2
2024-11-10,Meta,fb_prospect_01,40.0,1
2024-11-10,Meta,fb_prospect_02,0.0,8
2024-11-10,Meta,fb_prospect_02,5.0,5
2024-11-10,Meta,fb_prospect_02,10.0,6
2024-11-10,Meta,fb_prospect_02,63.0,2
2024-11-10,Google App Campaigns,goog_ac_01,0.0,5
2024-11-10,Google App Campaigns,goog_ac_01,5.0,1
2024-11-10,Google App Campaigns,goog_ac_01,10.0,4
2024-11-10,Google App Campaigns,goog_ac_01,40.0,1
2024-11-10,Google App Campaigns,goog_ac_02,0.0,2
2024-11-10,Google App Campaigns,goog_ac_02,5.0,2
2024-11-10,Google App Campaigns,goog_ac_02,10.0,4
2024-11-10,Google App Campaigns,goog_ac_02,20.0,2
2024-11-10,Google App Campaigns,goog_ac_02,63.0,1
2024-11-10,Google Brand Search,goog_brand_01,0.0,4
2024-11-10,Google Brand Search,goog_brand_01,5.0,4
2024-11-10,Google Brand Search,goog_brand_01,10.0,4
2024-11-10,Google Brand Search,goog_brand_01,20.0,2
2024-11-10,Google Brand Search,goog_brand_01,40.0,2
2024-11-10,Google Brand Search,goog_brand_01,63.0,1
2024-11-10,Google Non-Brand Search,goog_search_01,0.0,4
2024-11-10,Google Non-Brand Search,goog_search_01,5.0,4
2024-11-10,Google Non-Brand Search,goog_search_01,10.0,6
2024-11-10,Google Non-Brand Search,goog_search_01,20.0,4
2024-11-10,Google Non-Brand Search,goog_search_01,63.0,2
2024-11-10,TikTok,tiktok_upper_01,,8
2024-11-10,TikTok,tiktok_upper_02,,9
2024-11-11,Meta,fb_prospect_01,0.0,5
2024-11-11,Meta,fb_prospect_01,5.0,2
2024-11-11,Meta,fb_prospect_01,10.0,7
2024-11-11,Meta,fb_prospect_01,20.0,3
2024-11-11,Meta,fb_prospect_01,63.0,2
2024-11-11,Meta,fb_prospect_02,0.0,3
2024-11-11,Meta,fb_prospect_02,5.0,6
2024-11-11,Meta,fb_prospect_02,10.0,6
2024-11-11,Meta,fb_prospect_02,40.0,2
2024-11-11,Meta,fb_prospect_02,63.0,1
2024-11-11,Google App Campaigns,goog_ac_01,,9
2024-11-11,Google App Campaigns,goog_ac_02,,9
2024-11-11,Google Brand Search,goog_brand_01,0.0,3
2024-11-11,Google Brand Search,goog_brand_01,5.0,2
2024-11-11,Google Brand Search,goog_brand_01,10.0,4
2024-11-11,Google Brand Search,goog_brand_01,20.0,6
2024-11-11,Google Brand Search,goog_brand_01,40.0,2
2024-11-11,Google Non-Brand Search,goog_search_01,0.0,4
2024-11-11,Google Non-Brand Search,goog_search_01,5.0,2
2024-11-11,Google Non-Brand Search,goog_search_01,10.0,3
2024-11-11,Google Non-Brand Search,goog_search_01,20.0,4
2024-11-11,Google Non-Brand Search,goog_search_01,40.0,5
2024-11-11,Google Non-Brand Search,goog_search_01,63.0,1
2024-11-11,TikTok,tiktok_upper_01,,8
2024-11-11,TikTok,tiktok_upper_02,0.0,5
2024-11-11,TikTok,tiktok_upper_02,5.0,5
2024-11-11,TikTok,tiktok_upper_02,10.0,2
2024-11-11,TikTok,tiktok_upper_02,20.0,2
2024-11-12,Meta,fb_prospect_01,0.0,4
2024-11-12,Meta,fb_prospect_01,5.0,3
2024-11-12,Meta,fb_prospect_01,10.0,5
2024-11-12,Meta,fb_prospect_01,20.0,4
2024-11-12,Meta,fb_prospect_01,40.0,1
2024-11-12,Meta,fb_prospect_02,0.0,7
2024-11-12,Meta,fb_prospect_02,5.0,7
2024-11-12,Meta,fb_prospect_02,10.0,6
2024-11-12,Meta,fb_prospect_02,20.0,4
2024-11-12,Meta,fb_prospect_02,40.0,1
2024-11-12,Meta,fb_prospect_02,63.0,1
2024-11-12,Google App Campaigns,goog_ac_01,0.0,6
2024-11-12,Google App Campaigns,goog_ac_01,5.0,4
2024-11-12,Google App Campaigns,goog_ac_01,20.0,1
2024-11-12,Google App Campaigns,goog_ac_01,40.0,1
2024-11-12,Google App Campaigns,goog_ac_02,0.0,5
2024-11-12,Google App Campaigns,goog_ac_02,5.0,1
2024-11-12,Google App Campaigns,goog_ac_02,10.0,3
2024-11-12,Google App Campaigns,goog_ac_02,20.0,1
2024-11-12,Google App Campaigns,goog_ac_02,63.0,1
2024-11-12,Google Brand Search,goog_brand_01,0.0,4
2024-11-12,Google Brand Search,goog_brand_01,5.0,1
2024-11-12,Google Brand Search,goog_brand_01,10.0,2
2024-11-12,Google Brand Search,goog_brand_01,20.0,5
2024-11-12,Google Brand Search,goog_brand_01,40.0,1
2024-11-12,Google Brand Search,goog_brand_01,63.0,2
2024-11-12,Google Non-Brand Search,goog_search_01,0.0,1
2024-11-12,Google Non-Brand Search,goog_search_01,5.0,1
2024-11-12,Google Non-Brand Search,goog_search_01,10.0,9
2024-11-12,Google Non-Brand Search,goog_search_01,20.0,4
2024-11-12,Google Non-Brand Search,goog_search_01,63.0,1
2024-11-12,TikTok,tiktok_upper_01,,7
2024-11-12,TikTok,tiktok_upper_02,,8
2024-11-13,Meta,fb_prospect_01,0.0,3
2024-11-13,Meta,fb_prospect_01,5.0,1
2024-11-13,Meta,fb_prospect_01,10.0,2
2024-11-13,Meta,fb_prospect_01,20.0,3
2024-11-13,Meta,fb_prospect_01,40.0,2
2024-11-13,Meta,fb_prospect_01,63.0,1
2024-11-13,Meta,fb_prospect_02,0.0,8
2024-11-13,Meta,fb_prospect_02,5.0,7
2024-11-13,Meta,fb_prospect_02,10.0,4
2024-11-13,Meta,fb_prospect_02,20.0,1
2024-11-13,Meta,fb_prospect_02,40.0,2
2024-11-13,Meta,fb_prospect_02,63.0,1
2024-11-13,Google App Campaigns,goog_ac_01,0.0,1
2024-11-13,Google App Campaigns,goog_ac_01,5.0,2
2024-11-13,Google App Campaigns,goog_ac_01,10.0,4
2024-11-13,Google App Campaigns,goog_ac_01,20.0,1
2024-11-13,Google App Campaigns,goog_ac_01,40.0,2
2024-11-13,Google App Campaigns,goog_ac_02,0.0,3
2024-11-13,Google App Campaigns,goog_ac_02,5.0,5
2024-11-13,Google App Campaigns,goog_ac_02,10.0,3
2024-11-13,Google App Campaigns,goog_ac_02,40.0,2
2024-11-13,Google Brand Search,goog_brand_01,0.0,2
2024-11-13,Google Brand Search,goog_brand_01,5.0,1
2024-11-13,Google Brand Search,goog_brand_01,10.0,4
2024-11-13,Google Brand Search,goog_brand_01,20.0,3
2024-11-13,Google Brand Search,goog_brand_01,40.0,2
2024-11-13,Google Brand Search,goog_brand_01,63.0,2
2024-11-13,Google Non-Brand Search,goog_search_01,0.0,3
2024-11-13,Google Non-Brand Search,goog_search_01,5.0,3
2024-11-13,Google Non-Brand Search,goog_search_01,10.0,3
2024-11-13,Google Non-Brand Search,goog_search_01,20.0,5
2024-11-13,TikTok,tiktok_upper_01,0.0,1
2024-11-13,TikTok,tiktok_upper_01,5.0,5
2024-11-13,TikTok,tiktok_upper_01,10.0,5
2024-11-13,TikTok,tiktok_upper_01,20.0,1
2024-11-13,TikTok,tiktok_upper_02,,9
2024-11-14,Meta,fb_prospect_01,0.0,1
2024-11-14,Meta,fb_prospect_01,5.0,5
2024-11-14,Meta,fb_prospect_01,10.0,2
2024-11-14,Meta,fb_prospect_01,20.0,1
2024-11-14,Meta,fb_prospect_01,40.0,1
2024-11-14,Meta,fb_prospect_01,63.0,2
2024-11-14,Meta,fb_prospect_02,0.0,7
2024-11-14,Meta,fb_prospect_02,5.0,3
2024-11-14,Meta,fb_prospect_02,10.0,2
2024-11-14,Meta,fb_prospect_02,20.0,3
2024-11-14,Google App Campaigns,goog_ac_01,,6
2024-11-14,Google App Campaigns,goog_ac_02,,8
2024-11-14,Google Brand Search,goog_brand_01,0.0,6
2024-11-14,Google Brand Search,goog_brand_01,5.0,4
2024-11-14,Google Brand Search,goog_brand_01,10.0,5
2024-11-14,Google Brand Search,goog_brand_01,40.0,1
2024-11-14,Google Non-Brand Search,goog_search_01,0.0,2
2024-11-14,Google Non-Brand Search,goog_search_01,5.0,5
2024-11-14,Google Non-Brand Search,goog_search_01,10.0,6
2024-11-14,Google Non-Brand Search,goog_search_01,20.0,5
2024-11-14,Google Non-Brand Search,goog_search_01,40.0,2
2024-11-14,TikTok,tiktok_upper_01,,6
2024-11-14,TikTok,tiktok_upper_02,,9
2024-11-15,Meta,fb_prospect_01,0.0,4
2024-11-15,Meta,fb_prospect_01,5.0,5
2024-11-15,Meta,fb_prospect_01,10.0,1
2024-11-15,Meta,fb_prospect_01,20.0,1
2024-11-15,Meta,fb_prospect_01,40.0,1
2024-11-15,Meta,fb_prospect_01,63.0,1
2024-11-15,Meta,fb_prospect_02,0.0,3
2024-11-15,Meta,fb_prospect_02,5.0,5
2024-11-15,Meta,fb_prospect_02,10.0,3
2024-11-15,Meta,fb_prospect_02,20.0,1
2024-11-15,Meta,fb_prospect_02,63.0,2
2024-11-15,Google App Campaigns,goog_ac_01,5.0,5
2024-11-15,Google App Campaigns,goog_ac_01,10.0,2
2024-11-15,Google App Campaigns,goog_ac_01,40.0,1
2024-11-15,Google App Campaigns,goog_ac_01,63.0,2
2024-11-15,Google App Campaigns,goog_ac_02,,9
2024-11-15,Google Brand Search,goog_brand_01,,8
2024-11-15,Google Non-Brand Search,goog_search_01,0.0,3
2024-11-15,Google Non-Brand Search,goog_search_01,10.0,3
2024-11-15,Google Non-Brand Search,goog_search_01,20.0,6
2024-11-15,TikTok,tiktok_upper_01,0.0,8
2024-11-15,TikTok,tiktok_upper_01,5.0,1
2024-11-15,TikTok,tiktok_upper_01,10.0,2
2024-11-15,TikTok,tiktok_upper_02,,9
2024-11-16,Meta,fb_prospect_01,0.0,4
2024-11-16,Meta,fb_prospect_01,5.0,1
2024-11-16,Meta,fb_prospect_01,10.0,7
2024-11-16,Meta,fb_prospect_01,40.0,3
2024-11-16,Meta,fb_prospect_01,63.0,1
2024-11-16,Meta,fb_prospect_02,0.0,5
2024-11-16,Meta,fb_prospect_02,5.0,3
2024-11-16,Meta,fb_prospect_02,10.0,4
2024-11-16,Meta,fb_prospect_02,40.0,1
2024-11-16,Meta,fb_prospect_02,63.0,1
2024-11-16,Google App Campaigns,goog_ac_01,0.0,2
2024-11-16,Google App Campaigns,goog_ac_01,5.0,5
2024-11-16,Google App Campaigns,goog_ac_01,10.0,4
2024-11-16,Google App Campaigns,goog_ac_01,20.0,1
2024-11-16,Google App Campaigns,goog_ac_01,63.0,1
2024-11-16,Google App Campaigns,goog_ac_02,0.0,4
2024-11-16,Google App Campaigns,goog_ac_02,5.0,6
2024-11-16,Google App Campaigns,goog_ac_02,20.0,1
2024-11-16,Google Brand Search,goog_brand_01,0.0,4
2024-11-16,Google Brand Search,goog_brand_01,5.0,3
2024-11-16,Google Brand Search,goog_brand_01,10.0,4
2024-11-16,Google Brand Search,goog_brand_01,20.0,1
2024-11-16,Google Brand Search,goog_brand_01,40.0,1
2024-11-16,Google Brand Search,goog_brand_01,63.0,1
2024-11-16,Google Non-Brand Search,goog_search_01,0.0,2
2024-11-16,Google Non-Brand Search,goog_search_01,5.0,5
2024-11-16,Google Non-Brand Search,goog_search_01,10.0,1
2024-11-16,Google Non-Brand Search,goog_search_01,20.0,4
2024-11-16,Google Non-Brand Search,goog_search_01,40.0,1
2024-11-16,TikTok,tiktok_upper_01,,9
2024-11-16,TikTok,tiktok_upper_02,0.0,7
2024-11-16,TikTok,tiktok_upper_02,5.0,6
2024-11-17,Meta,fb_prospect_01,0.0,6
2024-11-17,Meta,fb_prospect_01,5.0,4
2024-11-17,Meta,fb_prospect_01,10.0,6
2024-11-17,Meta,fb_prospect_01,20.0,5
2024-11-17,Meta,fb_prospect_01,40.0,1
2024-11-17,Meta,fb_prospect_02,0.0,4
2024-11-17,Meta,fb_prospect_02,5.0,3
2024-11-17,Meta,fb_prospect_02,10.0,3
2024-11-17,Meta,fb_prospect_02,20.0,2
2024-11-17,Meta,fb_prospect_02,40.0,3
2024-11-17,Google App Campaigns,goog_ac_01,0.0,6
2024-11-17,Google App Campaigns,goog_ac_01,5.0,2
2024-11-17,Google App Campaigns,goog_ac_01,10.0,2
2024-11-17,Google App Campaigns,goog_ac_02,0.0,2
2024-11-17,Google App Campaigns,goog_ac_02,5.0,3
2024-11-17,Google App Campaigns,goog_ac_02,10.0,1
2024-11-17,Google App Campaigns,goog_ac_02,20.0,4
2024-11-17,Google Brand Search,goog_brand_01,0.0,2
2024-11-17,Google Brand Search,goog_brand_01,5.0,4
2024-11-17,Google Brand Search,goog_brand_01,10.0,1
2024-11-17,Google Brand Search,goog_brand_01,20.0,2
2024-11-17,Google Brand Search,goog_brand_01,63.0,1
2024-11-17,Google Non-Brand Search,goog_search_01,0.0,4
2024-11-17,Google Non-Brand Search,goog_search_01,5.0,4
2024-11-17,Google Non-Brand Search,goog_search_01,10.0,5
2024-11-17,Google Non-Brand Search,goog_search_01,20.0,5
2024-11-17,Google Non-Brand Search,goog_search_01,40.0,2
2024-11-17,TikTok,tiktok_upper_01,,7
2024-11-17,TikTok,tiktok_upper_02,,6
2024-11-18,Meta,fb_prospect_01,0.0,11
2024-11-18,Meta,fb_prospect_01,5.0,6
2024-11-18,Meta,fb_prospect_01,10.0,2
2024-11-18,Meta,fb_prospect_01,40.0,1
2024-11-18,Meta,fb_prospect_02,0.0,3
2024-11-18,Meta,fb_prospect_02,5.0,10
2024-11-18,Meta,fb_prospect_02,10.0,4
2024-11-18,Meta,fb_prospect_02,20.0,1
2024-11-18,Google App Campaigns,goog_ac_01,0.0,5
2024-11-18,Google App Campaigns,goog_ac_01,5.0,5
2024-11-18,Google App Campaigns,goog_ac_01,10.0,1
2024-11-18,Google App Campaigns,goog_ac_01,20.0,2
2024-11-18,Google App Campaigns,goog_ac_01,40.0,1
2024-11-18,Google App Campaigns,goog_ac_01,63.0,1
2024-11-18,Google App Campaigns,goog_ac_02,0.0,3
2024-11-18,Google App Campaigns,goog_ac_02,5.0,2
2024-11-18,Google App Campaigns,goog_ac_02,10.0,4
2024-11-18,Google App Campaigns,goog_ac_02,20.0,1
2024-11-18,Google App Campaigns,goog_ac_02,40.0,1
2024-11-18,Google Brand Search,goog_brand_01,0.0,2
2024-11-18,Google Brand Search,goog_brand_01,5.0,9
2024-11-18,Google Brand Search,goog_brand_01,10.0,3
2024-11-18,Google Brand Search,goog_brand_01,20.0,2
2024-11-18,Google Non-Brand Search,goog_search_01,0.0,2
2024-11-18,Google Non-Brand Search,goog_search_01,5.0,4
2024-11-18,Google Non-Brand Search,goog_search_01,10.0,3
2024-11-18,Google Non-Brand Search,goog_search_01,20.0,2
2024-11-18,Google Non-Brand Search,goog_search_01,40.0,2
2024-11-18,TikTok,tiktok_upper_01,0.0,7
2024-11-18,TikTok,tiktok_upper_01,5.0,2
2024-11-18,TikTok,tiktok_upper_01,10.0,3
2024-11-18,TikTok,tiktok_upper_01,20.0,1
2024-11-18,TikTok,tiktok_upper_01,40.0,1
2024-11-18,TikTok,tiktok_upper_02,,9
2024-11-19,Meta,fb_prospect_01,0.0,6
2024-11-19,Meta,fb_prospect_01,5.0,3
2024-11-19,Meta,fb_prospect_01,10.0,3
2024-11-19,Meta,fb_prospect_01,20.0,2
2024-11-19,Meta,fb_prospect_01,40.0,1
2024-11-19,Meta,fb_prospect_02,0.0,4
2024-11-19,Meta,fb_prospect_02,5.0,2
2024-11-19,Meta,fb_prospect_02,10.0,2
2024-11-19,Meta,fb_prospect_02,20.0,2
2024-11-19,Meta,fb_prospect_02,40.0,1
2024-11-19,Meta,fb_prospect_02,63.0,2
2024-11-19,Google App Campaigns,goog_ac_01,,7
2024-11-19,Google App Campaigns,goog_ac_02,0.0,2
2024-11-19,Google App Campaigns,goog_ac_02,5.0,3
2024-11-19,Google App Campaigns,goog_ac_02,10.0,5
2024-11-19,Google App Campaigns,goog_ac_02,20.0,4
2024-11-19,Google App Campaigns,goog_ac_02,40.0,1
2024-11-19,Google Brand Search,goog_brand_01,,8
2024-11-19,Google Non-Brand Search,goog_search_01,0.0,1
2024-11-19,Google Non-Brand Search,goog_search_01,10.0,7
2024-11-19,Google Non-Brand Search,goog_search_01,40.0,1
2024-11-19,Google Non-Brand Search,goog_search_01,63.0,2
2024-11-19,TikTok,tiktok_upper_01,,5
2024-11-19,TikTok,tiktok_upper_02,,7
2024-11-20,Meta,fb_prospect_01,0.0,5
2024-11-20,Meta,fb_prospect_01,5.0,7
2024-11-20,Meta,fb_prospect_01,10.0,2
2024-11-20,Meta,fb_prospect_01,20.0,4
2024-11-20,Meta,fb_prospect_02,0.0,3
2024-11-20,Meta,fb_prospect_02,5.0,3
2024-11-20,Meta,fb_prospect_02,10.0,4
2024-11-20,Meta,fb_prospect_02,20.0,1
2024-11-20,Google App Campaigns,goog_ac_01,0.0,3
2024-11-20,Google App Campaigns,goog_ac_01,5.0,5
2024-11-20,Google App Campaigns,goog_ac_01,10.0,1
2024-11-20,Google App Campaigns,goog_ac_01,20.0,2
2024-11-20,Google App Campaigns,goog_ac_02,,9
2024-11-20,Google Brand Search,goog_brand_01,0.0,2
2024-11-20,Google Brand Search,goog_brand_01,10.0,3
2024-11-20,Google Brand Search,goog_brand_01,20.0,4
2024-11-20,Google Brand Search,goog_brand_01,63.0,2
2024-11-20,Google Non-Brand Search,goog_search_01,,9
2024-11-20,TikTok,tiktok_upper_01,,8
2024-11-20,TikTok,tiktok_upper_02,0.0,4
2024-11-20,TikTok,tiktok_upper_02,5.0,6
2024-11-20,TikTok,tiktok_upper_02,10.0,2
2024-11-20,TikTok,tiktok_upper_02,63.0,1
2024-11-21,Meta,fb_prospect_01,0.0,5
2024-11-21,Meta,fb_prospect_01,5.0,3
2024-11-21,Meta,fb_prospect_01,10.0,5
2024-11-21,Meta,fb_prospect_02,0.0,5
2024-11-21,Meta,fb_prospect_02,5.0,4
2024-11-21,Meta,fb_prospect_02,10.0,5
2024-11-21,Meta,fb_prospect_02,20.0,1
2024-11-21,Meta,fb_prospect_02,63.0,1
2024-11-21,Google App Campaigns,goog_ac_01,,8
2024-11-21,Google App Campaigns,goog_ac_02,0.0,3
2024-11-21,Google App Campaigns,goog_ac_02,5.0,2
2024-11-21,Google App Campaigns,goog_ac_02,10.0,4
2024-11-21,Google App Campaigns,goog_ac_02,20.0,2
2024-11-21,Google App Campaigns,goog_ac_02,63.0,1
2024-11-21,Google Brand Search,goog_brand_01,0.0,3
2024-11-21,Google Brand Search,goog_brand_01,5.0,4
2024-11-21,Google Brand Search,goog_brand_01,10.0,5
2024-11-21,Google Brand Search,goog_brand_01,20.0,2
2024-11-21,Google Brand Search,goog_brand_01,40.0,3
2024-11-21,Google Non-Brand Search,goog_search_01,0.0,3
2024-11-21,Google Non-Brand Search,goog_search_01,5.0,1
2024-11-21,Google Non-Brand Search,goog_search_01,10.0,4
2024-11-21,Google Non-Brand Search,goog_search_01,20.0,5
2024-11-21,Google Non-Brand Search,goog_search_01,40.0,3
2024-11-21,TikTok,tiktok_upper_01,0.0,6
2024-11-21,TikTok,tiktok_upper_01,5.0,3
2024-11-21,TikTok,tiktok_upper_01,10.0,2
2024-11-21,TikTok,tiktok_upper_01,20.0,2
2024-11-21,TikTok,tiktok_upper_02,,9
2024-11-22,Meta,fb_prospect_01,0.0,5
2024-11-22,Meta,fb_prospect_01,5.0,6
2024-11-22,Meta,fb_prospect_01,10.0,2
2024-11-22,Meta,fb_prospect_01,20.0,1
2024-11-22,Meta,fb_prospect_02,0.0,5
2024-11-22,Meta,fb_prospect_02,5.0,5
2024-11-22,Meta,fb_prospect_02,10.0,5
2024-11-22,Meta,fb_prospect_02,40.0,1
2024-11-22,Meta,fb_prospect_02,63.0,1
2024-11-22,Google App Campaigns,goog_ac_01,0.0,4
2024-11-22,Google App Campaigns,goog_ac_01,5.0,4
2024-11-22,Google App Campaigns,goog_ac_01,10.0,3
2024-11-22,Google App Campaigns,goog_ac_01,20.0,2
2024-11-22,Google App Campaigns,goog_ac_02,0.0,9
2024-11-22,Google App Campaigns,goog_ac_02,5.0,1
2024-11-22,Google App Campaigns,goog_ac_02,10.0,3
2024-11-22,Google Brand Search,goog_brand_01,0.0,1
2024-11-22,Google Brand Search,goog_brand_01,5.0,4
2024-11-22,Google Brand Search,goog_brand_01,10.0,4
2024-11-22,Google Brand Search,goog_brand_01,20.0,1
2024-11-22,Google Brand Search,goog_brand_01,40.0,1
2024-11-22,Google Non-Brand Search,goog_search_01,0.0,8
2024-11-22,Google Non-Brand Search,goog_search_01,5.0,3
2024-11-22,Google Non-Brand Search,goog_search_01,10.0,6
2024-11-22,Google Non-Brand Search,goog_search_01,20.0,3
2024-11-22,Google Non-Brand Search,goog_search_01,40.0,1
2024-11-22,Google Non-Brand Search,goog_search_01,63.0,2
2024-11-22,TikTok,tiktok_upper_01,,8
2024-11-22,TikTok,tiktok_upper_02,,9
2024-11-23,Meta,fb_prospect_01,0.0,4
2024-11-23,Meta,fb_prospect_01,5.0,3
2024-11-23,Meta,fb_prospect_01,10.0,6
2024-11-23,Meta,fb_prospect_01,20.0,2
2024-11-23,Meta,fb_prospect_01,40.0,2
2024-11-23,Meta,fb_prospect_01,63.0,1
2024-11-23,Meta,fb_prospect_02,0.0,6
2024-11-23,Meta,fb_prospect_02,5.0,8
2024-11-23,Meta,fb_prospect_02,10.0,3
2024-11-23,Meta,fb_prospect_02,40.0,2
2024-11-23,Google App Campaigns,goog_ac_01,0.0,3
2024-11-23,Google App Campaigns,goog_ac_01,5.0,2
2024-11-23,Google App Campaigns,goog_ac_01,10.0,6
2024-11-23,Google App Campaigns,goog_ac_01,20.0,1
2024-11-23,Google App Campaigns,goog_ac_02,0.0,3
2024-11-23,Google App Campaigns,goog_ac_02,5.0,5
2024-11-23,Google App Campaigns,goog_ac_02,10.0,2
2024-11-23,Google App Campaigns,goog_ac_02,40.0,1
2024-11-23,Google Brand Search,goog_brand_01,0.0,4
2024-11-23,Google Brand Search,goog_brand_01,5.0,3
2024-11-23,Google Brand Search,goog_brand_01,10.0,4
2024-11-23,Google Brand Search,goog_brand_01,20.0,2
2024-11-23,Google Brand Search,goog_brand_01,40.0,2
2024-11-23,Google Non-Brand Search,goog_search_01,0.0,3
2024-11-23,Google Non-Brand Search,goog_search_01,5.0,5
2024-11-23,Google Non-Brand Search,goog_search_01,10.0,7
2024-11-23,Google Non-Brand Search,goog_search_01,20.0,3
2024-11-23,Google Non-Brand Search,goog_search_01,40.0,1
2024-11-23,TikTok,tiktok_upper_01,0.0,5
2024-11-23,TikTok,tiktok_upper_01,5.0,6
2024-11-23,TikTok,tiktok_upper_01,10.0,1
2024-11-23,TikTok,tiktok_upper_01,40.0,1
2024-11-23,TikTok,tiktok_upper_02,,8
2024-11-24,Meta,fb_prospect_01,0.0,7
2024-11-24,Meta,fb_prospect_01,5.0,1
2024-11-24,Meta,fb_prospect_01,10.0,6
2024-11-24,Meta,fb_prospect_01,20.0,1
2024-11-24,Meta,fb_prospect_01,40.0,1
2024-11-24,Meta,fb_prospect_02,0.0,5
2024-11-24,Meta,fb_prospect_02,5.0,9
2024-11-24,Meta,fb_prospect_02,10.0,8
2024-11-24,Meta,fb_prospect_02,40.0,1
2024-11-24,Google App Campaigns,goog_ac_01,,8
2024-11-24,Google App Campaigns,goog_ac_02,0.0,3
2024-11-24,Google App Campaigns,goog_ac_02,5.0,2
2024-11-24,Google App Campaigns,goog_ac_02,10.0,4
2024-11-24,Google App Campaigns,goog_ac_02,20.0,2
2024-11-24,Google Brand Search,goog_brand_01,0.0,2
2024-11-24,Google Brand Search,goog_brand_01,5.0,4
2024-11-24,Google Brand Search,goog_brand_01,20.0,5
2024-11-24,Google Brand Search,goog_brand_01,63.0,2
2024-11-24,Google Non-Brand Search,goog_search_01,0.0,4
2024-11-24,Google Non-Brand Search,goog_search_01,5.0,1
2024-11-24,Google Non-Brand Search,goog_search_01,10.0,5
2024-11-24,Google Non-Brand Search,goog_search_01,20.0,3
2024-11-24,Google Non-Brand Search,goog_search_01,40.0,4
2024-11-24,Google Non-Brand Search,goog_search_01,63.0,2
2024-11-24,TikTok,tiktok_upper_01,0.0,7
2024-11-24,TikTok,tiktok_upper_01,5.0,1
2024-11-24,TikTok,tiktok_upper_01,10.0,1
2024-11-24,TikTok,tiktok_upper_01,20.0,1
2024-11-24,TikTok,tiktok_upper_02,,8
2024-11-25,Meta,fb_prospect_01,0.0,5
2024-11-25,Meta,fb_prospect_01,5.0,4
2024-11-25,Meta,fb_prospect_01,10.0,7
2024-11-25,Meta,fb_prospect_01,20.0,1
2024-11-25,Meta,fb_prospect_01,40.0,1
2024-11-25,Meta,fb_prospect_01,63.0,1
2024-11-25,Meta,fb_prospect_02,0.0,5
2024-11-25,Meta,fb_prospect_02,5.0,9
2024-11-25,Meta,fb_prospect_02,10.0,4
2024-11-25,Meta,fb_prospect_02,63.0,1
2024-11-25,Google App Campaigns,goog_ac_01,0.0,1
2024-11-25,Google App Campaigns,goog_ac_01,5.0,4
2024-11-25,Google App Campaigns,goog_ac_01,10.0,2
2024-11-25,Google App Campaigns,goog_ac_01,20.0,3
2024-11-25,Google App Campaigns,goog_ac_01,63.0,1
2024-11-25,Google App Campaigns,goog_ac_02,,8
2024-11-25,Google Brand Search,goog_brand_01,0.0,3
2024-11-25,Google Brand Search,goog_brand_01,5.0,5
2024-11-25,Google Brand Search,goog_brand_01,10.0,7
2024-11-25,Google Brand Search,goog_brand_01,20.0,1
2024-11-25,Google Brand Search,goog_brand_01,40.0,1
2024-11-25,Google Non-Brand Search,goog_search_01,0.0,5
2024-11-25,Google Non-Brand Search,goog_search_01,5.0,3
2024-11-25,Google Non-Brand Search,goog_search_01,10.0,3
2024-11-25,Google Non-Brand Search,goog_search_01,20.0,4
2024-11-25,Google Non-Brand Search,goog_search_01,63.0,1
2024-11-25,TikTok,tiktok_upper_01,,6
2024-11-25,TikTok,tiktok_upper_02,,8
2024-11-26,Meta,fb_prospect_01,0.0,3
2024-11-26,Meta,fb_prospect_01,5.0,3
2024-11-26,Meta,fb_prospect_01,10.0,6
2024-11-26,Meta,fb_prospect_01,20.0,2
2024-11-26,Meta,fb_prospect_01,40.0,2
2024-11-26,Meta,fb_prospect_01,63.0,1
2024-11-26,Meta,fb_prospect_02,0.0,7
2024-11-26,Meta,fb_prospect_02,5.0,2
2024-11-26,Meta,fb_prospect_02,10.0,8
2024-11-26,Meta,fb_prospect_02,20.0,1
2024-11-26,Meta,fb_prospect_02,40.0,1
2024-11-26,Google App Campaigns,goog_ac_01,0.0,4
2024-11-26,Google App Campaigns,goog_ac_01,5.0,2
2024-11-26,Google App Campaigns,goog_ac_01,10.0,4
2024-11-26,Google App Campaigns,goog_ac_01,20.0,2
2024-11-26,Google App Campaigns,goog_ac_01,40.0,1
2024-11-26,Google App Campaigns,goog_ac_02,,9
2024-11-26,Google Brand Search,goog_brand_01,0.0,1
2024-11-26,Google Brand Search,goog_brand_01,5.0,3
2024-11-26,Google Brand Search,goog_brand_01,10.0,6
2024-11-26,Google Brand Search,goog_brand_01,20.0,9
2024-11-26,Google Brand Search,goog_brand_01,63.0,1
2024-11-26,Google Non-Brand Search,goog_search_01,0.0,1
2024-11-26,Google Non-Brand Search,goog_search_01,5.0,2
2024-11-26,Google Non-Brand Search,goog_search_01,10.0,4
2024-11-26,Google Non-Brand Search,goog_search_01,20.0,7
2024-11-26,Google Non-Brand Search,goog_search_01,40.0,2
2024-11-26,TikTok,tiktok_upper_01,,7
2024-11-26,TikTok,tiktok_upper_02,0.0,3
2024-11-26,TikTok,tiktok_upper_02,5.0,4
2024-11-26,TikTok,tiktok_upper_02,10.0,2
2024-11-26,TikTok,tiktok_upper_02,20.0,1
2024-11-27,Meta,fb_prospect_01,0.0,3
2024-11-27,Meta,fb_prospect_01,5.0,2
2024-11-27,Meta,fb_prospect_01,10.0,6
2024-11-27,Meta,fb_prospect_01,20.0,1
2024-11-27,Meta,fb_prospect_02,0.0,4
2024-11-27,Meta,fb_prospect_02,5.0,3
2024-11-27,Meta,fb_prospect_02,10.0,2
2024-11-27,Meta,fb_prospect_02,20.0,3
2024-11-27,Google App Campaigns,goog_ac_01,,8
2024-11-27,Google App Campaigns,goog_ac_02,0.0,4
2024-11-27,Google App Campaigns,goog_ac_02,5.0,5
2024-11-27,Google App Campaigns,goog_ac_02,20.0,3
2024-11-27,Google Brand Search,goog_brand_01,,8
2024-11-27,Google Non-Brand Search,goog_search_01,0.0,2
2024-11-27,Google Non-Brand Search,goog_search_01,5.0,6
2024-11-27,Google Non-Brand Search,goog_search_01,10.0,4
2024-11-27,Google Non-Brand Search,goog_search_01,20.0,2
2024-11-27,Google Non-Brand Search,goog_search_01,40.0,1
2024-11-27,Google Non-Brand Search,goog_search_01,63.0,3
2024-11-27,TikTok,tiktok_upper_01,0.0,6
2024-11-27,TikTok,tiktok_upper_01,5.0,3
2024-11-27,TikTok,tiktok_upper_01,10.0,1
2024-11-27,TikTok,tiktok_upper_01,20.0,1
2024-11-27,TikTok,tiktok_upper_01,63.0,1
2024-11-27,TikTok,tiktok_upper_02,0.0,4
2024-11-27,TikTok,tiktok_upper_02,5.0,5
2024-11-27,TikTok,tiktok_upper_02,10.0,1
2024-11-28,Meta,fb_prospect_01,0.0,3
2024-11-28,Meta,fb_prospect_01,5.0,5
2024-11-28,Meta,fb_prospect_01,10.0,3
2024-11-28,Meta,fb_prospect_01,20.0,1
2024-11-28,Meta,fb_prospect_01,63.0,1
2024-11-28,Meta,fb_prospect_02,0.0,4
2024-11-28,Meta,fb_prospect_02,5.0,6
2024-11-28,Meta,fb_prospect_02,10.0,3
2024-11-28,Meta,fb_prospect_02,20.0,1
2024-11-28,Google App Campaigns,goog_ac_01,,7
2024-11-28,Google App Campaigns,goog_ac_02,,9
2024-11-28,Google Brand Search,goog_brand_01,0.0,2
2024-11-28,Google Brand Search,goog_brand_01,5.0,5
2024-11-28,Google Brand Search,goog_brand_01,10.0,5
2024-11-28,Google Brand Search,goog_brand_01,20.0,2
2024-11-28,Google Brand Search,goog_brand_01,40.0,2
2024-11-28,Google Brand Search,goog_brand_01,63.0,1
2024-11-28,Google Non-Brand Search,goog_search_01,0.0,3
2024-11-28,Google Non-Brand Search,goog_search_01,5.0,4
2024-11-28,Google Non-Brand Search,goog_search_01,10.0,4
2024-11-28,Google Non-Brand Search,goog_search_01,20.0,1
2024-11-28,Google Non-Brand Search,goog_search_01,63.0,2
2024-11-28,TikTok,tiktok_upper_01,,5
2024-11-28,TikTok,tiktok_upper_02,0.0,3
2024-11-28,TikTok,tiktok_upper_02,5.0,2
2024-11-28,TikTok,tiktok_upper_02,10.0,5
2024-11-28,TikTok,tiktok_upper_02,20.0,2
2024-11-28,TikTok,tiktok_upper_02,40.0,1
2024-11-29,Meta,fb_prospect_01,0.0,3
2024-11-29,Meta,fb_prospect_01,5.0,3
2024-11-29,Meta,fb_prospect_01,10.0,2
2024-11-29,Meta,fb_prospect_01,20.0,2
2024-11-29,Meta,fb_prospect_01,40.0,2
2024-11-29,Meta,fb_prospect_01,63.0,1
2024-11-29,Meta,fb_prospect_02,0.0,7
2024-11-29,Meta,fb_prospect_02,5.0,3
2024-11-29,Meta,fb_prospect_02,10.0,8
2024-11-29,Meta,fb_prospect_02,63.0,1
2024-11-29,Google App Campaigns,goog_ac_01,,9
2024-11-29,Google App Campaigns,goog_ac_02,,8
2024-11-29,Google Brand Search,goog_brand_01,0.0,1
2024-11-29,Google Brand Search,goog_brand_01,5.0,2
2024-11-29,Google Brand Search,goog_brand_01,10.0,5
2024-11-29,Google Brand Search,goog_brand_01,20.0,2
2024-11-29,Google Brand Search,goog_brand_01,40.0,1
2024-11-29,Google Brand Search,goog_brand_01,63.0,3
2024-11-29,Google Non-Brand Search,goog_search_01,5.0,2
2024-11-29,Google Non-Brand Search,goog_search_01,10.0,5
2024-11-29,Google Non-Brand Search,goog_search_01,20.0,2
2024-11-29,Google Non-Brand Search,goog_search_01,63.0,2
2024-11-29,TikTok,tiktok_upper_01,0.0,5
2024-11-29,TikTok,tiktok_upper_01,5.0,4
2024-11-29,TikTok,tiktok_upper_01,10.0,1
2024-11-29,TikTok,tiktok_upper_01,20.0,1
2024-11-29,TikTok,tiktok_upper_01,40.0,1
2024-11-29,TikTok,tiktok_upper_02,,9
2024-11-30,Meta,fb_prospect_01,0.0,3
2024-11-30,Meta,fb_prospect_01,5.0,6
2024-11-30,Meta,fb_prospect_01,10.0,4
2024-11-30,Meta,fb_prospect_01,20.0,1
2024-11-30,Meta,fb_prospect_01,40.0,1
2024-11-30,Meta,fb_prospect_01,63.0,1
2024-11-30,Meta,fb_prospect_02,0.0,4
2024-11-30,Meta,fb_prospect_02,5.0,9
2024-11-30,Meta,fb_prospect_02,10.0,5
2024-11-30,Meta,fb_prospect_02,20.0,1
2024-11-30,Google App Campaigns,goog_ac_01,,7
2024-11-30,Google App Campaigns,goog_ac_02,,8
2024-11-30,Google Brand Search,goog_brand_01,0.0,2
2024-11-30,Google Brand Search,goog_brand_01,5.0,4
2024-11-30,Google Brand Search,goog_brand_01,10.0,11
2024-11-30,Google Brand Search,goog_brand_01,20.0,5
2024-11-30,Google Brand Search,goog_brand_01,40.0,1
2024-11-30,Google Brand Search,goog_brand_01,63.0,1
2024-11-30,Google Non-Brand Search,goog_search_01,0.0,4
2024-11-30,Google Non-Brand Search,goog_search_01,5.0,8
2024-11-30,Google Non-Brand Search,goog_search_01,10.0,1
2024-11-30,Google Non-Brand Search,goog_search_01,20.0,4
2024-11-30,Google Non-Brand Search,goog_search_01,40.0,2
2024-11-30,Google Non-Brand Search,goog_search_01,63.0,2
2024-11-30,TikTok,tiktok_upper_01,,5
2024-11-30,TikTok,tiktok_upper_02,,7
2024-12-01,Meta,fb_prospect_01,0.0,11
2024-12-01,Meta,fb_prospect_01,5.0,3
2024-12-01,Meta,fb_prospect_01,10.0,7
2024-12-01,Meta,fb_prospect_01,20.0,1
2024-12-01,Meta,fb_prospect_02,0.0,5
2024-12-01,Meta,fb_prospect_02,5.0,10
2024-12-01,Meta,fb_prospect_02,10.0,7
2024-12-01,Meta,fb_prospect_02,20.0,1
2024-12-01,Meta,fb_prospect_02,63.0,1
2024-12-01,Google App Campaigns,goog_ac_01,,8
2024-12-01,Google App Campaigns,goog_ac_02,0.0,4
2024-12-01,Google App Campaigns,goog_ac_02,5.0,6
2024-12-01,Google App Campaigns,goog_ac_02,10.0,1
2024-12-01,Google App Campaigns,goog_ac_02,40.0,2
2024-12-01,Google Brand Search,goog_brand_01,0.0,4
2024-12-01,Google Brand Search,goog_brand_01,5.0,1
2024-12-01,Google Brand Search,goog_brand_01,10.0,4
2024-12-01,Google Brand Search,goog_brand_01,20.0,4
2024-12-01,Google Brand Search,goog_brand_01,63.0,4
2024-12-01,Google Non-Brand Search,goog_search_01,0.0,5
2024-12-01,Google Non-Brand Search,goog_search_01,5.0,3
2024-12-01,Google Non-Brand Search,goog_search_01,10.0,8
2024-12-01,Google Non-Brand Search,goog_search_01,20.0,2
2024-12-01,Google Non-Brand Search,goog_search_01,40.0,1
2024-12-01,Google Non-Brand Search,goog_search_01,63.0,1
2024-12-01,TikTok,tiktok_upper_01,0.0,1
2024-12-01,TikTok,tiktok_upper_01,5.0,6
2024-12-01,TikTok,tiktok_upper_01,10.0,4
2024-12-01,TikTok,tiktok_upper_01,20.0,1
2024-12-01,TikTok,tiktok_upper_02,0.0,5
2024-12-01,TikTok,tiktok_upper_02,5.0,2
2024-12-01,TikTok,tiktok_upper_02,10.0,2
2024-12-01,TikTok,tiktok_upper_02,40.0,1
2024-12-02,Meta,fb_prospect_01,0.0,9
2024-12-02,Meta,fb_prospect_01,5.0,8
2024-12-02,Meta,fb_prospect_01,10.0,4
2024-12-02,Meta,fb_prospect_01,20.0,1
2024-12-02,Meta,fb_prospect_02,0.0,6
2024-12-02,Meta,fb_prospect_02,5.0,7
2024-12-02,Meta,fb_prospect_02,10.0,5
2024-12-02,Meta,fb_prospect_02,20.0,2
2024-12-02,Google App Campaigns,goog_ac_01,,9
2024-12-02,Google App Campaigns,goog_ac_02,0.0,3
2024-12-02,Google App Campaigns,goog_ac_02,5.0,4
2024-12-02,Google App Campaigns,goog_ac_02,10.0,4
2024-12-02,Google App Campaigns,goog_ac_02,20.0,2
2024-12-02,Google App Campaigns,goog_ac_02,63.0,1
2024-12-02,Google Brand Search,goog_brand_01,0.0,4
2024-12-02,Google Brand Search,goog_brand_01,5.0,6
2024-12-02,Google Brand Search,goog_brand_01,10.0,4
2024-12-02,Google Brand Search,goog_brand_01,20.0,4
2024-12-02,Google Brand Search,goog_brand_01,63.0,1
2024-12-02,Google Non-Brand Search,goog_search_01,0.0,2
2024-12-02,Google Non-Brand Search,goog_search_01,5.0,5
2024-12-02,Google Non-Brand Search,goog_search_01,10.0,6
2024-12-02,Google Non-Brand Search,goog_search_01,20.0,5
2024-12-02,TikTok,tiktok_upper_01,0.0,4
2024-12-02,TikTok,tiktok_upper_01,5.0,4
2024-12-02,TikTok,tiktok_upper_01,10.0,2
2024-12-02,TikTok,tiktok_upper_02,0.0,4
2024-12-02,TikTok,tiktok_upper_02,5.0,3
2024-12-02,TikTok,tiktok_upper_02,10.0,4
2024-12-02,TikTok,tiktok_upper_02,63.0,1
2024-12-03,Meta,fb_prospect_01,0.0,3
2024-12-03,Meta,fb_prospect_01,5.0,4
2024-12-03,Meta,fb_prospect_01,10.0,3
2024-12-03,Meta,fb_prospect_01,20.0,5
2024-12-03,Meta,fb_prospect_02,0.0,6
2024-12-03,Meta,fb_prospect_02,5.0,3
2024-12-03,Meta,fb_prospect_02,10.0,6
2024-12-03,Meta,fb_prospect_02,20.0,1
2024-12-03,Google App Campaigns,goog_ac_01,,9
2024-12-03,Google App Campaigns,goog_ac_02,0.0,3
2024-12-03,Google App Campaigns,goog_ac_02,5.0,5
2024-12-03,Google App Campaigns,goog_ac_02,10.0,1
2024-12-03,Google App Campaigns,goog_ac_02,20.0,1
2024-12-03,Google App Campaigns,goog_ac_02,63.0,1
2024-12-03,Google Brand Search,goog_brand_01,0.0,3
2024-12-03,Google Brand Search,goog_brand_01,5.0,5
2024-12-03,Google Brand Search,goog_brand_01,10.0,2
2024-12-03,Google Brand Search,goog_brand_01,20.0,5
2024-12-03,Google Brand Search,goog_brand_01,40.0,1
2024-12-03,Google Non-Brand Search,goog_search_01,0.0,1
2024-12-03,Google Non-Brand Search,goog_search_01,5.0,2
2024-12-03,Google Non-Brand Search,goog_search_01,10.0,5
2024-12-03,Google Non-Brand Search,goog_search_01,20.0,6
2024-12-03,Google Non-Brand Search,goog_search_01,63.0,1
2024-12-03,TikTok,tiktok_upper_01,,7
2024-12-03,TikTok,tiktok_upper_02,,5
2024-12-04,Meta,fb_prospect_01,0.0,2
2024-12-04,Meta,fb_prospect_01,5.0,6
2024-12-04,Meta,fb_prospect_01,10.0,6
2024-12-04,Meta,fb_prospect_01,40.0,2
2024-12-04,Meta,fb_prospect_02,0.0,6
2024-12-04,Meta,fb_prospect_02,5.0,3
2024-12-04,Meta,fb_prospect_02,10.0,9
2024-12-04,Meta,fb_prospect_02,20.0,3
2024-12-04,Meta,fb_prospect_02,40.0,1
2024-12-04,Meta,fb_prospect_02,63.0,1
2024-12-04,Google App Campaigns,goog_ac_01,0.0,2
2024-12-04,Google App Campaigns,goog_ac_01,5.0,5
2024-12-04,Google App Campaigns,goog_ac_01,20.0,2
2024-12-04,Google App Campaigns,goog_ac_01,40.0,1
2024-12-04,Google App Campaigns,goog_ac_02,,7
2024-12-04,Google Brand Search,goog_brand_01,0.0,2
2024-12-04,Google Brand Search,goog_brand_01,5.0,6
2024-12-04,Google Brand Search,goog_brand_01,10.0,5
2024-12-04,Google Brand Search,goog_brand_01,20.0,3
2024-12-04,Google Brand Search,goog_brand_01,40.0,1
2024-12-04,Google Brand Search,goog_brand_01,63.0,3
2024-12-04,Google Non-Brand Search,goog_search_01,0.0,3
2024-12-04,Google Non-Brand Search,goog_search_01,5.0,4
2024-12-04,Google Non-Brand Search,goog_search_01,10.0,4
2024-12-04,Google Non-Brand Search,goog_search_01,20.0,4
2024-12-04,Google Non-Brand Search,goog_search_01,40.0,1
2024-12-04,Google Non-Brand Search,goog_search_01,63.0,3
2024-12-04,TikTok,tiktok_upper_01,,5
2024-12-04,TikTok,tiktok_upper_02,,8
2024-12-05,Meta,fb_prospect_01,0.0,3
2024-12-05,Meta,fb_prospect_01,5.0,4
2024-12-05,Meta,fb_prospect_01,10.0,5
2024-12-05,Meta,fb_prospect_01,20.0,2
2024-12-05,Meta,fb_prospect_01,63.0,1
2024-12-05,Meta,fb_prospect_02,0.0,6
2024-12-05,Meta,fb_prospect_02,5.0,4
2024-12-05,Meta,fb_prospect_02,10.0,3
2024-12-05,Meta,fb_prospect_02,20.0,1
2024-12-05,Meta,fb_prospect_02,40.0,1
2024-12-05,Meta,fb_prospect_02,63.0,1
2024-12-05,Google App Campaigns,goog_ac_01,0.0,2
2024-12-05,Google App Campaigns,goog_ac_01,5.0,5
2024-12-05,Google App Campaigns,goog_ac_01,10.0,2
2024-12-05,Google App Campaigns,goog_ac_01,40.0,1
2024-12-05,Google App Campaigns,goog_ac_02,0.0,2
2024-12-05,Google App Campaigns,goog_ac_02,5.0,2
2024-12-05,Google App Campaigns,goog_ac_02,10.0,2
2024-12-05,Google App Campaigns,goog_ac_02,20.0,4
2024-12-05,Google Brand Search,goog_brand_01,0.0,5
2024-12-05,Google Brand Search,goog_brand_01,5.0,4
2024-12-05,Google Brand Search,goog_brand_01,10.0,4
2024-12-05,Google Brand Search,goog_brand_01,20.0,4
2024-12-05,Google Brand Search,goog_brand_01,63.0,1
2024-12-05,Google Non-Brand Search,goog_search_01,0.0,5
2024-12-05,Google Non-Brand Search,goog_search_01,5.0,4
2024-12-05,Google Non-Brand Search,goog_search_01,10.0,2
2024-12-05,Google Non-Brand Search,goog_search_01,20.0,1
2024-12-05,Google Non-Brand Search,goog_search_01,63.0,2
2024-12-05,TikTok,tiktok_upper_01,,5
2024-12-05,TikTok,tiktok_upper_02,,9
2024-12-06,Meta,fb_prospect_01,0.0,2
2024-12-06,Meta,fb_prospect_01,5.0,6
2024-12-06,Meta,fb_prospect_01,10.0,4
2024-12-06,Meta,fb_prospect_01,20.0,2
2024-12-06,Meta,fb_prospect_01,40.0,1
2024-12-06,Meta,fb_prospect_02,0.0,4
2024-12-06,Meta,fb_prospect_02,5.0,3
2024-12-06,Meta,fb_prospect_02,10.0,3
2024-12-06,Meta,fb_prospect_02,20.0,2
2024-12-06,Meta,fb_prospect_02,40.0,3
2024-12-06,Meta,fb_prospect_02,63.0,1
2024-12-06,Google App Campaigns,goog_ac_01,,8
2024-12-06,Google App Campaigns,goog_ac_02,0.0,3
2024-12-06,Google App Campaigns,goog_ac_02,5.0,3
2024-12-06,Google App Campaigns,goog_ac_02,10.0,2
2024-12-06,Google App Campaigns,goog_ac_02,20.0,1
2024-12-06,Google App Campaigns,goog_ac_02,40.0,2
2024-12-06,Google App Campaigns,goog_ac_02,63.0,1
2024-12-06,Google Brand Search,goog_brand_01,,9
2024-12-06,Google Non-Brand Search,goog_search_01,0.0,1
2024-12-06,Google Non-Brand Search,goog_search_01,5.0,1
2024-12-06,Google Non-Brand Search,goog_search_01,10.0,2
2024-12-06,Google Non-Brand Search,goog_search_01,20.0,6
2024-12-06,Google Non-Brand Search,goog_search_01,40.0,1
2024-12-06,Google Non-Brand Search,goog_search_01,63.0,1
2024-12-06,TikTok,tiktok_upper_01,,6
2024-12-06,TikTok,tiktok_upper_02,0.0,2
2024-12-06,TikTok,tiktok_upper_02,5.0,5
2024-12-06,TikTok,tiktok_upper_02,10.0,1
2024-12-06,TikTok,tiktok_upper_02,20.0,1
2024-12-06,TikTok,tiktok_upper_02,40.0,1
2024-12-07,Meta,fb_prospect_01,0.0,6
2024-12-07,Meta,fb_prospect_01,5.0,3
2024-12-07,Meta,fb_prospect_01,10.0,2
2024-12-07,Meta,fb_prospect_01,20.0,2
2024-12-07,Meta,fb_prospect_01,40.0,1
2024-12-07,Meta,fb_prospect_02,0.0,2
2024-12-07,Meta,fb_prospect_02,5.0,5
2024-12-07,Meta,fb_prospect_02,10.0,6
2024-12-07,Meta,fb_prospect_02,20.0,3
2024-12-07,Meta,fb_prospect_02,40.0,2
2024-12-07,Google App Campaigns,goog_ac_01,0.0,4
2024-12-07,Google App Campaigns,goog_ac_01,5.0,1
2024-12-07,Google App Campaigns,goog_ac_01,10.0,2
2024-12-07,Google App Campaigns,goog_ac_01,20.0,4
2024-12-07,Google App Campaigns,goog_ac_01,40.0,2
2024-12-07,Google App Campaigns,goog_ac_02,,7
2024-12-07,Google Brand Search,goog_brand_01,0.0,1
2024-12-07,Google Brand Search,goog_brand_01,5.0,6
2024-12-07,Google Brand Search,goog_brand_01,10.0,3
2024-12-07,Google Brand Search,goog_brand_01,20.0,4
2024-12-07,Google Non-Brand Search,goog_search_01,0.0,3
2024-12-07,Google Non-Brand Search,goog_search_01,5.0,4
2024-12-07,Google Non-Brand Search,goog_search_01,10.0,6
2024-12-07,Google Non-Brand Search,goog_search_01,20.0,3
2024-12-07,Google Non-Brand Search,goog_search_01,63.0,2
2024-12-07,TikTok,tiktok_upper_01,,6
2024-12-07,TikTok,tiktok_upper_02,0.0,4
2024-12-07,TikTok,tiktok_upper_02,5.0,4
2024-12-07,TikTok,tiktok_upper_02,10.0,3
2024-12-08,Meta,fb_prospect_01,0.0,6
2024-12-08,Meta,fb_prospect_01,5.0,5
2024-12-08,Meta,fb_prospect_01,10.0,2
2024-12-08,Meta,fb_prospect_01,20.0,5
2024-12-08,Meta,fb_prospect_01,63.0,1
2024-12-08,Meta,fb_prospect_02,0.0,2
2024-12-08,Meta,fb_prospect_02,5.0,6
2024-12-08,Meta,fb_prospect_02,10.0,6
2024-12-08,Meta,fb_prospect_02,20.0,2
2024-12-08,Meta,fb_prospect_02,63.0,1
2024-12-08,Google App Campaigns,goog_ac_01,0.0,6
2024-12-08,Google App Campaigns,goog_ac_01,5.0,1
2024-12-08,Google App Campaigns,goog_ac_01,10.0,3
2024-12-08,Google App Campaigns,goog_ac_01,40.0,1
2024-12-08,Google App Campaigns,goog_ac_02,,7
2024-12-08,Google Brand Search,goog_brand_01,0.0,2
2024-12-08,Google Brand Search,goog_brand_01,10.0,6
2024-12-08,Google Brand Search,goog_brand_01,20.0,4
2024-12-08,Google Non-Brand Search,goog_search_01,5.0,3
2024-12-08,Google Non-Brand Search,goog_search_01,10.0,8
2024-12-08,Google Non-Brand Search,goog_search_01,20.0,5
2024-12-08,Google Non-Brand Search,goog_search_01,40.0,2
2024-12-08,TikTok,tiktok_upper_01,0.0,4
2024-12-08,TikTok,tiktok_upper_01,5.0,5
2024-12-08,TikTok,tiktok_upper_01,10.0,3
2024-12-08,TikTok,tiktok_upper_02,,8
2024-12-09,Meta,fb_prospect_01,0.0,5
2024-12-09,Meta,fb_prospect_01,5.0,3
2024-12-09,Meta,fb_prospect_01,10.0,7
2024-12-09,Meta,fb_prospect_01,20.0,2
2024-12-09,Meta,fb_prospect_02,0.0,6
2024-12-09,Meta,fb_prospect_02,5.0,5
2024-12-09,Meta,fb_prospect_02,10.0,4
2024-12-09,Meta,fb_prospect_02,40.0,2
2024-12-09,Meta,fb_prospect_02,63.0,1
2024-12-09,Google App Campaigns,goog_ac_01,0.0,5
2024-12-09,Google App Campaigns,goog_ac_01,5.0,3
2024-12-09,Google App Campaigns,goog_ac_01,63.0,2
2024-12-09,Google App Campaigns,goog_ac_02,0.0,4
2024-12-09,Google App Campaigns,goog_ac_02,5.0,5
2024-12-09,Google App Campaigns,goog_ac_02,10.0,2
2024-12-09,Google App Campaigns,goog_ac_02,63.0,1
2024-12-09,Google Brand Search,goog_brand_01,0.0,3
2024-12-09,Google Brand Search,goog_brand_01,5.0,2
2024-12-09,Google Brand Search,goog_brand_01,10.0,4
2024-12-09,Google Brand Search,goog_brand_01,40.0,2
2024-12-09,Google Non-Brand Search,goog_search_01,0.0,2
2024-12-09,Google Non-Brand Search,goog_search_01,5.0,5
2024-12-09,Google Non-Brand Search,goog_search_01,10.0,3
2024-12-09,Google Non-Brand Search,goog_search_01,20.0,7
2024-12-09,Google Non-Brand Search,goog_search_01,40.0,1
2024-12-09,Google Non-Brand Search,goog_search_01,63.0,3
2024-12-09,TikTok,tiktok_upper_01,0.0,6
2024-12-09,TikTok,tiktok_upper_01,5.0,4
2024-12-09,TikTok,tiktok_upper_01,10.0,4
2024-12-09,TikTok,tiktok_upper_01,20.0,2
2024-12-09,TikTok,tiktok_upper_02,,7
2024-12-10,Meta,fb_prospect_01,0.0,6
2024-12-10,Meta,fb_prospect_01,5.0,5
2024-12-10,Meta,fb_prospect_01,10.0,8
2024-12-10,Meta,fb_prospect_01,40.0,2
2024-12-10,Meta,fb_prospect_02,0.0,6
2024-12-10,Meta,fb_prospect_02,5.0,6
2024-12-10,Meta,fb_prospect_02,10.0,7
2024-12-10,Meta,fb_prospect_02,20.0,1
2024-12-10,Google App Campaigns,goog_ac_01,,6
2024-12-10,Google App Campaigns,goog_ac_02,0.0,2
2024-12-10,Google App Campaigns,goog_ac_02,5.0,3
2024-12-10,Google App Campaigns,goog_ac_02,10.0,3
2024-12-10,Google App Campaigns,goog_ac_02,20.0,2
2024-12-10,Google App Campaigns,goog_ac_02,40.0,1
2024-12-10,Google Brand Search,goog_brand_01,5.0,5
2024-12-10,Google Brand Search,goog_brand_01,10.0,4
2024-12-10,Google Brand Search,goog_brand_01,20.0,3
2024-12-10,Google Brand Search,goog_brand_01,40.0,1
2024-12-10,Google Brand Search,goog_brand_01,63.0,2
2024-12-10,Google Non-Brand Search,goog_search_01,0.0,3
2024-12-10,Google Non-Brand Search,goog_search_01,5.0,3
2024-12-10,Google Non-Brand Search,goog_search_01,10.0,7
2024-12-10,Google Non-Brand Search,goog_search_01,20.0,5
2024-12-10,Google Non-Brand Search,goog_search_01,40.0,2
2024-12-10,Google Non-Brand Search,goog_search_01,63.0,1
2024-12-10,TikTok,tiktok_upper_01,,8
2024-12-10,TikTok,tiktok_upper_02,,7
2024-12-11,Meta,fb_prospect_01,0.0,6
2024-12-11,Meta,fb_prospect_01,5.0,6
2024-12-11,Meta,fb_prospect_01,10.0,3
2024-12-11,Meta,fb_prospect_01,20.0,1
2024-12-11,Meta,fb_prospect_01,40.0,1
2024-12-11,Meta,fb_prospect_02,0.0,1
2024-12-11,Meta,fb_prospect_02,5.0,5
2024-12-11,Meta,fb_prospect_02,10.0,5
2024-12-11,Meta,fb_prospect_02,20.0,2
2024-12-11,Google App Campaigns,goog_ac_01,,9
2024-12-11,Google App Campaigns,goog_ac_02,0.0,1
2024-12-11,Google App Campaigns,goog_ac_02,5.0,3
2024-12-11,Google App Campaigns,goog_ac_02,10.0,6
2024-12-11,Google App Campaigns,goog_ac_02,20.0,1
2024-12-11,Google App Campaigns,goog_ac_02,40.0,1
2024-12-11,Google Brand Search,goog_brand_01,5.0,5
2024-12-11,Google Brand Search,goog_brand_01,10.0,6
2024-12-11,Google Brand Search,goog_brand_01,20.0,4
2024-12-11,Google Brand Search,goog_brand_01,40.0,1
2024-12-11,Google Brand Search,goog_brand_01,63.0,1
2024-12-11,Google Non-Brand Search,goog_search_01,0.0,3
2024-12-11,Google Non-Brand Search,goog_search_01,10.0,5
2024-12-11,Google Non-Brand Search,goog_search_01,20.0,2
2024-12-11,Google Non-Brand Search,goog_search_01,40.0,3
2024-12-11,Google Non-Brand Search,goog_search_01,63.0,2
2024-12-11,TikTok,tiktok_upper_01,0.0,6
2024-12-11,TikTok,tiktok_upper_01,5.0,5
2024-12-11,TikTok,tiktok_upper_02,0.0,2
2024-12-11,TikTok,tiktok_upper_02,5.0,7
2024-12-11,TikTok,tiktok_upper_02,10.0,1
2024-12-12,Meta,fb_prospect_01,0.0,3
2024-12-12,Meta,fb_prospect_01,5.0,4
2024-12-12,Meta,fb_prospect_01,10.0,1
2024-12-12,Meta,fb_prospect_01,20.0,2
2024-12-12,Meta,fb_prospect_02,0.0,4
2024-12-12,Meta,fb_prospect_02,5.0,6
2024-12-12,Meta,fb_prospect_02,10.0,6
2024-12-12,Meta,fb_prospect_02,20.0,2
2024-12-12,Meta,fb_prospect_02,40.0,1
2024-12-12,Meta,fb_prospect_02,63.0,1
2024-12-12,Google App Campaigns,goog_ac_01,0.0,1
2024-12-12,Google App Campaigns,goog_ac_01,5.0,4
2024-12-12,Google App Campaigns,goog_ac_01,10.0,4
2024-12-12,Google App Campaigns,goog_ac_01,20.0,3
2024-12-12,Google App Campaigns,goog_ac_02,,6
2024-12-12,Google Brand Search,goog_brand_01,0.0,2
2024-12-12,Google Brand Search,goog_brand_01,5.0,1
2024-12-12,Google Brand Search,goog_brand_01,10.0,3
2024-12-12,Google Brand Search,goog_brand_01,20.0,6
2024-12-12,Google Brand Search,goog_brand_01,40.0,1
2024-12-12,Google Brand Search,goog_brand_01,63.0,1
2024-12-12,Google Non-Brand Search,goog_search_01,0.0,1
2024-12-12,Google Non-Brand Search,goog_search_01,5.0,3
2024-12-12,Google Non-Brand Search,goog_search_01,10.0,6
2024-12-12,Google Non-Brand Search,goog_search_01,20.0,1
2024-12-12,TikTok,tiktok_upper_01,,7
2024-12-12,TikTok,tiktok_upper_02,,9
2024-12-13,Meta,fb_prospect_01,0.0,2
2024-12-13,Meta,fb_prospect_01,5.0,2
2024-12-13,Meta,fb_prospect_01,10.0,6
2024-12-13,Meta,fb_prospect_01,20.0,3
2024-12-13,Meta,fb_prospect_01,63.0,2
2024-12-13,Meta,fb_prospect_02,0.0,2
2024-12-13,Meta,fb_prospect_02,5.0,4
2024-12-13,Meta,fb_prospect_02,10.0,5
2024-12-13,Meta,fb_prospect_02,20.0,1
2024-12-13,Google App Campaigns,goog_ac_01,0.0,2
2024-12-13,Google App Campaigns,goog_ac_01,5.0,2
2024-12-13,Google App Campaigns,goog_ac_01,10.0,4
2024-12-13,Google App Campaigns,goog_ac_01,20.0,2
2024-12-13,Google App Campaigns,goog_ac_02,,9
2024-12-13,Google Brand Search,goog_brand_01,0.0,4
2024-12-13,Google Brand Search,goog_brand_01,5.0,4
2024-12-13,Google Brand Search,goog_brand_01,10.0,4
2024-12-13,Google Brand Search,goog_brand_01,20.0,3
2024-12-13,Google Brand Search,goog_brand_01,40.0,1
2024-12-13,Google Non-Brand Search,goog_search_01,0.0,2
2024-12-13,Google Non-Brand Search,goog_search_01,5.0,2
2024-12-13,Google Non-Brand Search,goog_search_01,10.0,8
2024-12-13,Google Non-Brand Search,goog_search_01,20.0,4
2024-12-13,TikTok,tiktok_upper_01,,8
2024-12-13,TikTok,tiktok_upper_02,,3
2024-12-14,Meta,fb_prospect_01,0.0,4
2024-12-14,Meta,fb_prospect_01,5.0,4
2024-12-14,Meta,fb_prospect_01,10.0,6
2024-12-14,Meta,fb_prospect_01,20.0,1
2024-12-14,Meta,fb_prospect_01,40.0,1
2024-12-14,Meta,fb_prospect_01,63.0,1
2024-12-14,Meta,fb_prospect_02,0.0,3
2024-12-14,Meta,fb_prospect_02,5.0,10
2024-12-14,Meta,fb_prospect_02,10.0,3
2024-12-14,Meta,fb_prospect_02,20.0,1
2024-12-14,Meta,fb_prospect_02,63.0,1
2024-12-14,Google App Campaigns,goog_ac_01,5.0,4
2024-12-14,Google App Campaigns,goog_ac_01,10.0,8
2024-12-14,Google App Campaigns,goog_ac_01,20.0,1
2024-12-14,Google App Campaigns,goog_ac_01,40.0,1
2024-12-14,Google App Campaigns,goog_ac_02,0.0,5
2024-12-14,Google App Campaigns,goog_ac_02,5.0,2
2024-12-14,Google App Campaigns,goog_ac_02,10.0,1
2024-12-14,Google App Campaigns,goog_ac_02,63.0,2
2024-12-14,Google Brand Search,goog_brand_01,0.0,2
2024-12-14,Google Brand Search,goog_brand_01,5.0,6
2024-12-14,Google Brand Search,goog_brand_01,10.0,6
2024-12-14,Google Brand Search,goog_brand_01,20.0,3
2024-12-14,Google Brand Search,goog_brand_01,63.0,2
2024-12-14,Google Non-Brand Search,goog_search_01,0.0,2
2024-12-14,Google Non-Brand Search,goog_search_01,5.0,3
2024-12-14,Google Non-Brand Search,goog_search_01,10.0,6
2024-12-14,Google Non-Brand Search,goog_search_01,20.0,5
2024-12-14,Google Non-Brand Search,goog_search_01,40.0,3
2024-12-14,TikTok,tiktok_upper_01,,5
2024-12-14,TikTok,tiktok_upper_02,0.0,4
2024-12-14,TikTok,tiktok_upper_02,5.0,5
2024-12-14,TikTok,tiktok_upper_02,10.0,1
2024-12-14,TikTok,tiktok_upper_02,20.0,1
2024-12-14,TikTok,tiktok_upper_02,40.0,1
2024-12-15,Meta,fb_prospect_01,0.0,5
2024-12-15,Meta,fb_prospect_01,5.0,3
2024-12-15,Meta,fb_prospect_01,10.0,5
2024-12-15,Meta,fb_prospect_01,20.0,5
2024-12-15,Meta,fb_prospect_02,0.0,4
2024-12-15,Meta,fb_prospect_02,5.0,6
2024-12-15,Meta,fb_prospect_02,10.0,8
2024-12-15,Meta,fb_prospect_02,20.0,2
2024-12-15,Meta,fb_prospect_02,40.0,2
2024-12-15,Google App Campaigns,goog_ac_01,5.0,5
2024-12-15,Google App Campaigns,goog_ac_01,10.0,2
2024-12-15,Google App Campaigns,goog_ac_01,20.0,3
2024-12-15,Google App Campaigns,goog_ac_01,40.0,2
2024-12-15,Google App Campaigns,goog_ac_02,0.0,1
2024-12-15,Google App Campaigns,goog_ac_02,5.0,5
2024-12-15,Google App Campaigns,goog_ac_02,10.0,5
2024-12-15,Google App Campaigns,goog_ac_02,20.0,2
2024-12-15,Google Brand Search,goog_brand_01,0.0,2
2024-12-15,Google Brand Search,goog_brand_01,5.0,2
2024-12-15,Google Brand Search,goog_brand_01,10.0,8
2024-12-15,Google Brand Search,goog_brand_01,20.0,3
2024-12-15,Google Brand Search,goog_brand_01,40.0,1
2024-12-15,Google Non-Brand Search,goog_search_01,0.0,3
2024-12-15,Google Non-Brand Search,goog_search_01,5.0,4
2024-12-15,Google Non-Brand Search,goog_search_01,10.0,3
2024-12-15,Google Non-Brand Search,goog_search_01,20.0,3
2024-12-15,Google Non-Brand Search,goog_search_01,40.0,2
2024-12-15,Google Non-Brand Search,goog_search_01,63.0,2
2024-12-15,TikTok,tiktok_upper_01,0.0,5
2024-12-15,TikTok,tiktok_upper_01,5.0,4
2024-12-15,TikTok,tiktok_upper_01,10.0,1
2024-12-15,TikTok,tiktok_upper_02,0.0,2
2024-12-15,TikTok,tiktok_upper_02,5.0,5
2024-12-15,TikTok,tiktok_upper_02,10.0,2
2024-12-15,TikTok,tiktok_upper_02,20.0,1
2024-12-16,Meta,fb_prospect_01,0.0,5
2024-12-16,Meta,fb_prospect_01,5.0,3
2024-12-16,Meta,fb_prospect_01,10.0,3
2024-12-16,Meta,fb_prospect_01,20.0,2
2024-12-16,Meta,fb_prospect_01,40.0,1
2024-12-16,Meta,fb_prospect_01,63.0,1
2024-12-16,Meta,fb_prospect_02,0.0,9
2024-12-16,Meta,fb_prospect_02,5.0,6
2024-12-16,Meta,fb_prospect_02,10.0,5
2024-12-16,Meta,fb_prospect_02,20.0,5
2024-12-16,Meta,fb_prospect_02,40.0,1
2024-12-16,Meta,fb_prospect_02,63.0,1
2024-12-16,Google App Campaigns,goog_ac_01,0.0,3
2024-12-16,Google App Campaigns,goog_ac_01,5.0,4
2024-12-16,Google App Campaigns,goog_ac_01,10.0,7
2024-12-16,Google App Campaigns,goog_ac_01,20.0,2
2024-12-16,Google App Campaigns,goog_ac_01,40.0,1
2024-12-16,Google App Campaigns,goog_ac_02,0.0,3
2024-12-16,Google App Campaigns,goog_ac_02,5.0,5
2024-12-16,Google App Campaigns,goog_ac_02,10.0,4
2024-12-16,Google App Campaigns,goog_ac_02,20.0,1
2024-12-16,Google App Campaigns,goog_ac_02,40.0,1
2024-12-16,Google App Campaigns,goog_ac_02,63.0,1
2024-12-16,Google Brand Search,goog_brand_01,0.0,3
2024-12-16,Google Brand Search,goog_brand_01,5.0,5
2024-12-16,Google Brand Search,goog_brand_01,10.0,2
2024-12-16,Google Brand Search,goog_brand_01,20.0,2
2024-12-16,Google Brand Search,goog_brand_01,40.0,2
2024-12-16,Google Non-Brand Search,goog_search_01,0.0,4
2024-12-16,Google Non-Brand Search,goog_search_01,5.0,2
2024-12-16,Google Non-Brand Search,goog_search_01,10.0,2
2024-12-16,Google Non-Brand Search,goog_search_01,20.0,4
2024-12-16,Google Non-Brand Search,goog_search_01,40.0,1
2024-12-16,Google Non-Brand Search,goog_search_01,63.0,1
2024-12-16,TikTok,tiktok_upper_01,,8
2024-12-16,TikTok,tiktok_upper_02,0.0,3
2024-12-16,TikTok,tiktok_upper_02,5.0,5
2024-12-16,TikTok,tiktok_upper_02,10.0,3
2024-12-16,TikTok,tiktok_upper_02,20.0,1
2024-12-17,Meta,fb_prospect_01,0.0,4
2024-12-17,Meta,fb_prospect_01,5.0,5
2024-12-17,Meta,fb_prospect_01,10.0,5
2024-12-17,Meta,fb_prospect_01,20.0,2
2024-12-17,Meta,fb_prospect_02,0.0,5
2024-12-17,Meta,fb_prospect_02,5.0,3
2024-12-17,Meta,fb_prospect_02,10.0,6
2024-12-17,Meta,fb_prospect_02,20.0,2
2024-12-17,Meta,fb_prospect_02,63.0,2
2024-12-17,Google App Campaigns,goog_ac_01,,8
2024-12-17,Google App Campaigns,goog_ac_02,,7
2024-12-17,Google Brand Search,goog_brand_01,,7
2024-12-17,Google Non-Brand Search,goog_search_01,0.0,4
2024-12-17,Google Non-Brand Search,goog_search_01,5.0,4
2024-12-17,Google Non-Brand Search,goog_search_01,10.0,3
2024-12-17,Google Non-Brand Search,goog_search_01,20.0,4
2024-12-17,Google Non-Brand Search,goog_search_01,40.0,2
2024-12-17,Google Non-Brand Search,goog_search_01,63.0,3
2024-12-17,TikTok,tiktok_upper_01,,7
2024-12-17,TikTok,tiktok_upper_02,,6
2024-12-18,Meta,fb_prospect_01,0.0,5
2024-12-18,Meta,fb_prospect_01,5.0,6
2024-12-18,Meta,fb_prospect_01,10.0,3
2024-12-18,Meta,fb_prospect_01,20.0,3
2024-12-18,Meta,fb_prospect_02,0.0,3
2024-12-18,Meta,fb_prospect_02,5.0,8
2024-12-18,Meta,fb_prospect_02,10.0,3
2024-12-18,Meta,fb_prospect_02,20.0,2
2024-12-18,Meta,fb_prospect_02,40.0,1
2024-12-18,Meta,fb_prospect_02,63.0,1
2024-12-18,Google App Campaigns,goog_ac_01,,9
2024-12-18,Google App Campaigns,goog_ac_02,0.0,4
2024-12-18,Google App Campaigns,goog_ac_02,5.0,4
2024-12-18,Google App Campaigns,goog_ac_02,10.0,2
2024-12-18,Google App Campaigns,goog_ac_02,20.0,1
2024-12-18,Google Brand Search,goog_brand_01,0.0,3
2024-12-18,Google Brand Search,goog_brand_01,5.0,3
2024-12-18,Google Brand Search,goog_brand_01,10.0,3
2024-12-18,Google Brand Search,goog_brand_01,20.0,6
2024-12-18,Google Brand Search,goog_brand_01,40.0,1
2024-12-18,Google Brand Search,goog_brand_01,63.0,1
2024-12-18,Google Non-Brand Search,goog_search_01,0.0,4
2024-12-18,Google Non-Brand Search,goog_search_01,5.0,5
2024-12-18,Google Non-Brand Search,goog_search_01,10.0,3
2024-12-18,Google Non-Brand Search,goog_search_01,20.0,4
2024-12-18,Google Non-Brand Search,goog_search_01,63.0,2
2024-12-18,TikTok,tiktok_upper_01,,6
2024-12-18,TikTok,tiktok_upper_02,0.0,5
2024-12-18,TikTok,tiktok_upper_02,5.0,3
2024-12-18,TikTok,tiktok_upper_02,10.0,2
2024-12-19,Meta,fb_prospect_01,0.0,7
2024-12-19,Meta,fb_prospect_01,5.0,4
2024-12-19,Meta,fb_prospect_01,10.0,5
2024-12-19,Meta,fb_prospect_01,20.0,3
2024-12-19,Meta,fb_prospect_01,40.0,2
2024-12-19,Meta,fb_prospect_02,,9
2024-12-19,Google App Campaigns,goog_ac_01,,8
2024-12-19,Google App Campaigns,goog_ac_02,0.0,4
2024-12-19,Google App Campaigns,goog_ac_02,5.0,6
2024-12-19,Google App Campaigns,goog_ac_02,10.0,1
2024-12-19,Google Brand Search,goog_brand_01,0.0,1
2024-12-19,Google Brand Search,goog_brand_01,5.0,2
2024-12-19,Google Brand Search,goog_brand_01,10.0,6
2024-12-19,Google Brand Search,goog_brand_01,20.0,2
2024-12-19,Google Brand Search,goog_brand_01,40.0,2
2024-12-19,Google Brand Search,goog_brand_01,63.0,1
2024-12-19,Google Non-Brand Search,goog_search_01,0.0,3
2024-12-19,Google Non-Brand Search,goog_search_01,5.0,6
2024-12-19,Google Non-Brand Search,goog_search_01,10.0,6
2024-12-19,Google Non-Brand Search,goog_search_01,20.0,1
2024-12-19,TikTok,tiktok_upper_01,,8
2024-12-19,TikTok,tiktok_upper_02,,8
2024-12-20,Meta,fb_prospect_01,0.0,5
2024-12-20,Meta,fb_prospect_01,5.0,7
2024-12-20,Meta,fb_prospect_01,10.0,2
2024-12-20,Meta,fb_prospect_01,40.0,1
2024-12-20,Meta,fb_prospect_02,0.0,4
2024-12-20,Meta,fb_prospect_02,5.0,6
2024-12-20,Meta,fb_prospect_02,10.0,7
2024-12-20,Meta,fb_prospect_02,20.0,1
2024-12-20,Google App Campaigns,goog_ac_01,,9
2024-12-20,Google App Campaigns,goog_ac_02,,9
2024-12-20,Google Brand Search,goog_brand_01,0.0,6
2024-12-20,Google Brand Search,goog_brand_01,5.0,3
2024-12-20,Google Brand Search,goog_brand_01,10.0,2
2024-12-20,Google Brand Search,goog_brand_01,20.0,1
2024-12-20,Google Brand Search,goog_brand_01,40.0,1
2024-12-20,Google Brand Search,goog_brand_01,63.0,1
2024-12-20,Google Non-Brand Search,goog_search_01,0.0,2
2024-12-20,Google Non-Brand Search,goog_search_01,5.0,2
2024-12-20,Google Non-Brand Search,goog_search_01,10.0,2
2024-12-20,Google Non-Brand Search,goog_search_01,20.0,3
2024-12-20,Google Non-Brand Search,goog_search_01,40.0,2
2024-12-20,Google Non-Brand Search,goog_search_01,63.0,2
2024-12-20,TikTok,tiktok_upper_01,,7
2024-12-20,TikTok,tiktok_upper_02,,9
2024-12-21,Meta,fb_prospect_01,0.0,6
2024-12-21,Meta,fb_prospect_01,5.0,5
2024-12-21,Meta,fb_prospect_01,10.0,3
2024-12-21,Meta,fb_prospect_01,40.0,1
2024-12-21,Meta,fb_prospect_02,0.0,11
2024-12-21,Meta,fb_prospect_02,5.0,4
2024-12-21,Meta,fb_prospect_02,10.0,3
2024-12-21,Meta,fb_prospect_02,20.0,1
2024-12-21,Google App Campaigns,goog_ac_01,0.0,4
2024-12-21,Google App Campaigns,goog_ac_01,5.0,1
2024-12-21,Google App Campaigns,goog_ac_01,10.0,3
2024-12-21,Google App Campaigns,goog_ac_01,20.0,1
2024-12-21,Google App Campaigns,goog_ac_01,40.0,3
2024-12-21,Google App Campaigns,goog_ac_02,0.0,2
2024-12-21,Google App Campaigns,goog_ac_02,5.0,4
2024-12-21,Google App Campaigns,goog_ac_02,10.0,4
2024-12-21,Google App Campaigns,goog_ac_02,40.0,1
2024-12-21,Google Brand Search,goog_brand_01,0.0,1
2024-12-21,Google Brand Search,goog_brand_01,5.0,8
2024-12-21,Google Brand Search,goog_brand_01,10.0,3
2024-12-21,Google Brand Search,goog_brand_01,20.0,3
2024-12-21,Google Brand Search,goog_brand_01,40.0,1
2024-12-21,Google Non-Brand Search,goog_search_01,0.0,2
2024-12-21,Google Non-Brand Search,goog_search_01,5.0,1
2024-12-21,Google Non-Brand Search,goog_search_01,10.0,4
2024-12-21,Google Non-Brand Search,goog_search_01,20.0,6
2024-12-21,Google Non-Brand Search,goog_search_01,63.0,1
2024-12-21,TikTok,tiktok_upper_01,0.0,4
2024-12-21,TikTok,tiktok_upper_01,5.0,5
2024-12-21,TikTok,tiktok_upper_01,10.0,1
2024-12-21,TikTok,tiktok_upper_02,,5
2024-12-22,Meta,fb_prospect_01,0.0,7
2024-12-22,Meta,fb_prospect_01,5.0,13
2024-12-22,Meta,fb_prospect_01,10.0,2
2024-12-22,Meta,fb_prospect_01,20.0,2
2024-12-22,Meta,fb_prospect_02,0.0,2
2024-12-22,Meta,fb_prospect_02,5.0,3
2024-12-22,Meta,fb_prospect_02,10.0,6
2024-12-22,Meta,fb_prospect_02,20.0,4
2024-12-22,Meta,fb_prospect_02,63.0,1
2024-12-22,Google App Campaigns,goog_ac_01,0.0,2
2024-12-22,Google App Campaigns,goog_ac_01,5.0,3
2024-12-22,Google App Campaigns,goog_ac_01,20.0,5
2024-12-22,Google App Campaigns,goog_ac_01,63.0,1
2024-12-22,Google App Campaigns,goog_ac_02,,9
2024-12-22,Google Brand Search,goog_brand_01,0.0,7
2024-12-22,Google Brand Search,goog_brand_01,5.0,6
2024-12-22,Google Brand Search,goog_brand_01,10.0,2
2024-12-22,Google Brand Search,goog_brand_01,20.0,1
2024-12-22,Google Brand Search,goog_brand_01,40.0,1
2024-12-22,Google Brand Search,goog_brand_01,63.0,3
2024-12-22,Google Non-Brand Search,goog_search_01,0.0,4
2024-12-22,Google Non-Brand Search,goog_search_01,5.0,6
2024-12-22,Google Non-Brand Search,goog_search_01,10.0,6
2024-12-22,Google Non-Brand Search,goog_search_01,20.0,3
2024-12-22,Google Non-Brand Search,goog_search_01,40.0,1
2024-12-22,TikTok,tiktok_upper_01,0.0,7
2024-12-22,TikTok,tiktok_upper_01,5.0,5
2024-12-22,TikTok,tiktok_upper_02,0.0,3
2024-12-22,TikTok,tiktok_upper_02,5.0,5
2024-12-22,TikTok,tiktok_upper_02,10.0,4
2024-12-23,Meta,fb_prospect_01,0.0,4
2024-12-23,Meta,fb_prospect_01,5.0,9
2024-12-23,Meta,fb_prospect_01,10.0,4
2024-12-23,Meta,fb_prospect_01,20.0,2
2024-12-23,Meta,fb_prospect_01,63.0,1
2024-12-23,Meta,fb_prospect_02,0.0,3
2024-12-23,Meta,fb_prospect_02,5.0,8
2024-12-23,Meta,fb_prospect_02,10.0,4
2024-12-23,Meta,fb_prospect_02,20.0,1
2024-12-23,Meta,fb_prospect_02,63.0,1
2024-12-23,Google App Campaigns,goog_ac_01,,9
2024-12-23,Google App Campaigns,goog_ac_02,,7
2024-12-23,Google Brand Search,goog_brand_01,0.0,4
2024-12-23,Google Brand Search,goog_brand_01,5.0,6
2024-12-23,Google Brand Search,goog_brand_01,10.0,6
2024-12-23,Google Brand Search,goog_brand_01,20.0,3
2024-12-23,Google Brand Search,goog_brand_01,40.0,1
2024-12-23,Google Brand Search,goog_brand_01,63.0,1
2024-12-23,Google Non-Brand Search,goog_search_01,0.0,2
2024-12-23,Google Non-Brand Search,goog_search_01,5.0,1
2024-12-23,Google Non-Brand Search,goog_search_01,10.0,3
2024-12-23,Google Non-Brand Search,goog_search_01,20.0,3
2024-12-23,Google Non-Brand Search,goog_search_01,63.0,2
2024-12-23,TikTok,tiktok_upper_01,,6
2024-12-23,TikTok,tiktok_upper_02,,7
2024-12-24,Meta,fb_prospect_01,0.0,4
2024-12-24,Meta,fb_prospect_01,5.0,7
2024-12-24,Meta,fb_prospect_01,10.0,8
2024-12-24,Meta,fb_prospect_01,20.0,1
2024-12-24,Meta,fb_prospect_01,40.0,1
2024-12-24,Meta,fb_prospect_02,0.0,5
2024-12-24,Meta,fb_prospect_02,5.0,5
2024-12-24,Meta,fb_prospect_02,10.0,5
2024-12-24,Meta,fb_prospect_02,20.0,2
2024-12-24,Meta,fb_prospect_02,63.0,2
2024-12-24,Google App Campaigns,goog_ac_01,0.0,2
2024-12-24,Google App Campaigns,goog_ac_01,5.0,5
2024-12-24,Google App Campaigns,goog_ac_01,10.0,2
2024-12-24,Google App Campaigns,goog_ac_01,20.0,2
2024-12-24,Google App Campaigns,goog_ac_02,0.0,2
2024-12-24,Google App Campaigns,goog_ac_02,5.0,4
2024-12-24,Google App Campaigns,goog_ac_02,10.0,5
2024-12-24,Google Brand Search,goog_brand_01,0.0,1
2024-12-24,Google Brand Search,goog_brand_01,5.0,4
2024-12-24,Google Brand Search,goog_brand_01,10.0,3
2024-12-24,Google Brand Search,goog_brand_01,20.0,1
2024-12-24,Google Brand Search,goog_brand_01,40.0,1
2024-12-24,Google Brand Search,goog_brand_01,63.0,1
2024-12-24,Google Non-Brand Search,goog_search_01,0.0,1
2024-12-24,Google Non-Brand Search,goog_search_01,5.0,2
2024-12-24,Google Non-Brand Search,goog_search_01,10.0,1
2024-12-24,Google Non-Brand Search,goog_search_01,20.0,1
2024-12-24,Google Non-Brand Search,goog_search_01,40.0,4
2024-12-24,Google Non-Brand Search,goog_search_01,63.0,2
2024-12-24,TikTok,tiktok_upper_01,,6
2024-12-24,TikTok,tiktok_upper_02,,6
2024-12-25,Meta,fb_prospect_01,0.0,6
2024-12-25,Meta,fb_prospect_01,10.0,4
2024-12-25,Meta,fb_prospect_01,20.0,4
2024-12-25,Meta,fb_prospect_02,0.0,10
2024-12-25,Meta,fb_prospect_02,5.0,4
2024-12-25,Meta,fb_prospect_02,10.0,6
2024-12-25,Google App Campaigns,goog_ac_01,,8
2024-12-25,Google App Campaigns,goog_ac_02,0.0,4
2024-12-25,Google App Campaigns,goog_ac_02,5.0,5
2024-12-25,Google App Campaigns,goog_ac_02,20.0,4
2024-12-25,Google App Campaigns,goog_ac_02,63.0,1
2024-12-25,Google Brand Search,goog_brand_01,,8
2024-12-25,Google Non-Brand Search,goog_search_01,0.0,3
2024-12-25,Google Non-Brand Search,goog_search_01,5.0,2
2024-12-25,Google Non-Brand Search,goog_search_01,10.0,6
2024-12-25,Google Non-Brand Search,goog_search_01,20.0,2
2024-12-25,Google Non-Brand Search,goog_search_01,40.0,1
2024-12-25,Google Non-Brand Search,goog_search_01,63.0,1
2024-12-25,TikTok,tiktok_upper_01,,7
2024-12-25,TikTok,tiktok_upper_02,,8
2024-12-26,Meta,fb_prospect_01,0.0,2
2024-12-26,Meta,fb_prospect_01,5.0,4
2024-12-26,Meta,fb_prospect_01,10.0,4
2024-12-26,Meta,fb_prospect_01,20.0,2
2024-12-26,Meta,fb_prospect_01,40.0,3
2024-12-26,Meta,fb_prospect_01,63.0,2
2024-12-26,Meta,fb_prospect_02,0.0,2
2024-12-26,Meta,fb_prospect_02,5.0,2
2024-12-26,Meta,fb_prospect_02,10.0,4
2024-12-26,Meta,fb_prospect_02,20.0,2
2024-12-26,Meta,fb_prospect_02,63.0,1
2024-12-26,Google App Campaigns,goog_ac_01,0.0,5
2024-12-26,Google App Campaigns,goog_ac_01,5.0,5
2024-12-26,Google App Campaigns,goog_ac_01,20.0,1
2024-12-26,Google App Campaigns,goog_ac_01,63.0,1
2024-12-26,Google App Campaigns,goog_ac_02,0.0,2
2024-12-26,Google App Campaigns,goog_ac_02,5.0,5
2024-12-26,Google App Campaigns,goog_ac_02,10.0,3
2024-12-26,Google App Campaigns,goog_ac_02,20.0,2
2024-12-26,Google App Campaigns,goog_ac_02,40.0,1
2024-12-26,Google Brand Search,goog_brand_01,0.0,1
2024-12-26,Google Brand Search,goog_brand_01,5.0,3
2024-12-26,Google Brand Search,goog_brand_01,10.0,1
2024-12-26,Google Brand Search,goog_brand_01,20.0,3
2024-12-26,Google Brand Search,goog_brand_01,63.0,5
2024-12-26,Google Non-Brand Search,goog_search_01,0.0,4
2024-12-26,Google Non-Brand Search,goog_search_01,5.0,3
2024-12-26,Google Non-Brand Search,goog_search_01,10.0,5
2024-12-26,Google Non-Brand Search,goog_search_01,20.0,4
2024-12-26,Google Non-Brand Search,goog_search_01,63.0,1
2024-12-26,TikTok,tiktok_upper_01,,8
2024-12-26,TikTok,tiktok_upper_02,0.0,9
2024-12-26,TikTok,tiktok_upper_02,5.0,5
2024-12-26,TikTok,tiktok_upper_02,10.0,1
2024-12-27,Meta,fb_prospect_01,0.0,2
2024-12-27,Meta,fb_prospect_01,5.0,5
2024-12-27,Meta,fb_prospect_01,10.0,3
2024-12-27,Meta,fb_prospect_01,20.0,1
2024-12-27,Meta,fb_prospect_02,0.0,5
2024-12-27,Meta,fb_prospect_02,5.0,5
2024-12-27,Meta,fb_prospect_02,10.0,6
2024-12-27,Meta,fb_prospect_02,20.0,2
2024-12-27,Google App Campaigns,goog_ac_01,,6
2024-12-27,Google App Campaigns,goog_ac_02,,7
2024-12-27,Google Brand Search,goog_brand_01,0.0,1
2024-12-27,Google Brand Search,goog_brand_01,5.0,4
2024-12-27,Google Brand Search,goog_brand_01,10.0,3
2024-12-27,Google Brand Search,goog_brand_01,20.0,2
2024-12-27,Google Brand Search,goog_brand_01,40.0,2
2024-12-27,Google Non-Brand Search,goog_search_01,0.0,3
2024-12-27,Google Non-Brand Search,goog_search_01,5.0,4
2024-12-27,Google Non-Brand Search,goog_search_01,10.0,1
2024-12-27,Google Non-Brand Search,goog_search_01,20.0,2
2024-12-27,Google Non-Brand Search,goog_search_01,40.0,1
2024-12-27,Google Non-Brand Search,goog_search_01,63.0,2
2024-12-27,TikTok,tiktok_upper_01,,5
2024-12-27,TikTok,tiktok_upper_02,0.0,2
2024-12-27,TikTok,tiktok_upper_02,5.0,9
2024-12-27,TikTok,tiktok_upper_02,10.0,4
2024-12-28,Meta,fb_prospect_01,0.0,7
2024-12-28,Meta,fb_prospect_01,5.0,3
2024-12-28,Meta,fb_prospect_01,10.0,4
2024-12-28,Meta,fb_prospect_01,20.0,3
2024-12-28,Meta,fb_prospect_02,0.0,4
2024-12-28,Meta,fb_prospect_02,5.0,8
2024-12-28,Meta,fb_prospect_02,10.0,2
2024-12-28,Meta,fb_prospect_02,20.0,3
2024-12-28,Google App Campaigns,goog_ac_01,,8
2024-12-28,Google App Campaigns,goog_ac_02,0.0,4
2024-12-28,Google App Campaigns,goog_ac_02,5.0,1
2024-12-28,Google App Campaigns,goog_ac_02,10.0,3
2024-12-28,Google App Campaigns,goog_ac_02,20.0,2
2024-12-28,Google App Campaigns,goog_ac_02,40.0,1
2024-12-28,Google App Campaigns,goog_ac_02,63.0,1
2024-12-28,Google Brand Search,goog_brand_01,0.0,4
2024-12-28,Google Brand Search,goog_brand_01,5.0,5
2024-12-28,Google Brand Search,goog_brand_01,10.0,3
2024-12-28,Google Brand Search,goog_brand_01,20.0,4
2024-12-28,Google Brand Search,goog_brand_01,40.0,1
2024-12-28,Google Brand Search,goog_brand_01,63.0,2
2024-12-28,Google Non-Brand Search,goog_search_01,0.0,5
2024-12-28,Google Non-Brand Search,goog_search_01,5.0,8
2024-12-28,Google Non-Brand Search,goog_search_01,10.0,2
2024-12-28,Google Non-Brand Search,goog_search_01,20.0,1
2024-12-28,Google Non-Brand Search,goog_search_01,40.0,4
2024-12-28,Google Non-Brand Search,goog_search_01,63.0,1
2024-12-28,TikTok,tiktok_upper_01,0.0,4
2024-12-28,TikTok,tiktok_upper_01,5.0,4
2024-12-28,TikTok,tiktok_upper_01,10.0,1
2024-12-28,TikTok,tiktok_upper_01,20.0,1
2024-12-28,TikTok,tiktok_upper_02,0.0,3
2024-12-28,TikTok,tiktok_upper_02,5.0,4
2024-12-28,TikTok,tiktok_upper_02,10.0,2
2024-12-28,TikTok,tiktok_upper_02,20.0,1
2024-12-29,Meta,fb_prospect_01,0.0,3
2024-12-29,Meta,fb_prospect_01,5.0,6
2024-12-29,Meta,fb_prospect_01,10.0,5
2024-12-29,Meta,fb_prospect_01,20.0,2
2024-12-29,Meta,fb_prospect_01,63.0,1
2024-12-29,Meta,fb_prospect_02,0.0,9
2024-12-29,Meta,fb_prospect_02,5.0,4
2024-12-29,Meta,fb_prospect_02,10.0,2
2024-12-29,Meta,fb_prospect_02,20.0,1
2024-12-29,Meta,fb_prospect_02,40.0,4
2024-12-29,Meta,fb_prospect_02,63.0,1
2024-12-29,Google App Campaigns,goog_ac_01,0.0,3
2024-12-29,Google App Campaigns,goog_ac_01,5.0,4
2024-12-29,Google App Campaigns,goog_ac_01,10.0,3
2024-12-29,Google App Campaigns,goog_ac_01,20.0,1
2024-12-29,Google App Campaigns,goog_ac_01,63.0,1
2024-12-29,Google App Campaigns,goog_ac_02,0.0,3
2024-12-29,Google App Campaigns,goog_ac_02,5.0,5
2024-12-29,Google App Campaigns,goog_ac_02,10.0,2
2024-12-29,Google App Campaigns,goog_ac_02,20.0,1
2024-12-29,Google App Campaigns,goog_ac_02,63.0,1
2024-12-29,Google Brand Search,goog_brand_01,0.0,5
2024-12-29,Google Brand Search,goog_brand_01,5.0,5
2024-12-29,Google Brand Search,goog_brand_01,10.0,5
2024-12-29,Google Brand Search,goog_brand_01,20.0,3
2024-12-29,Google Brand Search,goog_brand_01,40.0,2
2024-12-29,Google Brand Search,goog_brand_01,63.0,1
2024-12-29,Google Non-Brand Search,goog_search_01,0.0,1
2024-12-29,Google Non-Brand Search,goog_search_01,5.0,2
2024-12-29,Google Non-Brand Search,goog_search_01,10.0,4
2024-12-29,Google Non-Brand Search,goog_search_01,20.0,2
2024-12-29,Google Non-Brand Search,goog_search_01,40.0,2
2024-12-29,TikTok,tiktok_upper_01,0.0,4
2024-12-29,TikTok,tiktok_upper_01,5.0,4
2024-12-29,TikTok,tiktok_upper_01,10.0,1
2024-12-29,TikTok,tiktok_upper_01,20.0,1
2024-12-29,TikTok,tiktok_upper_02,0.0,7
2024-12-29,TikTok,tiktok_upper_02,5.0,3
2024-12-30,Meta,fb_prospect_01,0.0,4
2024-12-30,Meta,fb_prospect_01,5.0,5
2024-12-30,Meta,fb_prospect_01,10.0,5
2024-12-30,Meta,fb_prospect_02,0.0,4
2024-12-30,Meta,fb_prospect_02,5.0,11
2024-12-30,Meta,fb_prospect_02,10.0,10
2024-12-30,Meta,fb_prospect_02,20.0,3
2024-12-30,Meta,fb_prospect_02,40.0,1
2024-12-30,Meta,fb_prospect_02,63.0,1
2024-12-30,Google App Campaigns,goog_ac_01,0.0,5
2024-12-30,Google App Campaigns,goog_ac_01,5.0,5
2024-12-30,Google App Campaigns,goog_ac_01,10.0,1
2024-12-30,Google App Campaigns,goog_ac_02,0.0,2
2024-12-30,Google App Campaigns,goog_ac_02,5.0,5
2024-12-30,Google App Campaigns,goog_ac_02,10.0,2
2024-12-30,Google App Campaigns,goog_ac_02,20.0,2
2024-12-30,Google App Campaigns,goog_ac_02,63.0,1
2024-12-30,Google Brand Search,goog_brand_01,0.0,4
2024-12-30,Google Brand Search,goog_brand_01,5.0,5
2024-12-30,Google Brand Search,goog_brand_01,10.0,9
2024-12-30,Google Brand Search,goog_brand_01,20.0,1
2024-12-30,Google Brand Search,goog_brand_01,40.0,1
2024-12-30,Google Non-Brand Search,goog_search_01,0.0,3
2024-12-30,Google Non-Brand Search,goog_search_01,5.0,5
2024-12-30,Google Non-Brand Search,goog_search_01,10.0,4
2024-12-30,Google Non-Brand Search,goog_search_01,20.0,3
2024-12-30,Google Non-Brand Search,goog_search_01,40.0,2
2024-12-30,Google Non-Brand Search,goog_search_01,63.0,3
2024-12-30,TikTok,tiktok_upper_01,0.0,2
2024-12-30,TikTok,tiktok_upper_01,5.0,7
2024-12-30,TikTok,tiktok_upper_01,10.0,2
2024-12-30,TikTok,tiktok_upper_02,0.0,10
2024-12-30,TikTok,tiktok_upper_02,5.0,6
2024-12-31,Meta,fb_prospect_01,0.0,4
2024-12-31,Meta,fb_prospect_01,5.0,3
2024-12-31,Meta,fb_prospect_01,10.0,4
2024-12-31,Meta,fb_prospect_01,20.0,1
2024-12-31,Meta,fb_prospect_01,40.0,1
2024-12-31,Meta,fb_prospect_01,63.0,1
2024-12-31,Meta,fb_prospect_02,0.0,8
2024-12-31,Meta,fb_prospect_02,5.0,5
2024-12-31,Meta,fb_prospect_02,10.0,3
2024-12-31,Meta,fb_prospect_02,20.0,3
2024-12-31,Meta,fb_prospect_02,40.0,2
2024-12-31,Google App Campaigns,goog_ac_01,0.0,1
2024-12-31,Google App Campaigns,goog_ac_01,5.0,4
2024-12-31,Google App Campaigns,goog_ac_01,10.0,3
2024-12-31,Google App Campaigns,goog_ac_01,20.0,3
2024-12-31,Google App Campaigns,goog_ac_01,63.0,1
2024-12-31,Google App Campaigns,goog_ac_02,,9
2024-12-31,Google Brand Search,goog_brand_01,0.0,2
2024-12-31,Google Brand Search,goog_brand_01,5.0,2
2024-12-31,Google Brand Search,goog_brand_01,10.0,5
2024-12-31,Google Brand Search,goog_brand_01,20.0,1
2024-12-31,Google Brand Search,goog_brand_01,40.0,2
2024-12-31,Google Brand Search,goog_brand_01,63.0,1
2024-12-31,Google Non-Brand Search,goog_search_01,0.0,4
2024-12-31,Google Non-Brand Search,goog_search_01,5.0,10
2024-12-31,Google Non-Brand Search,goog_search_01,10.0,6
2024-12-31,Google Non-Brand Search,goog_search_01,20.0,2
2024-12-31,Google Non-Brand Search,goog_search_01,40.0,1
2024-12-31,TikTok,tiktok_upper_01,0.0,5
2024-12-31,TikTok,tiktok_upper_01,5.0,4
2024-12-31,TikTok,tiktok_upper_01,10.0,2
2024-12-31,TikTok,tiktok_upper_02,,9
2025-01-01,Meta,fb_prospect_01,0.0,3
2025-01-01,Meta,fb_prospect_01,5.0,6
2025-01-01,Meta,fb_prospect_01,10.0,4
2025-01-01,Meta,fb_prospect_01,20.0,3
2025-01-01,Meta,fb_prospect_02,0.0,5
2025-01-01,Meta,fb_prospect_02,5.0,9
2025-01-01,Meta,fb_prospect_02,10.0,2
2025-01-01,Meta,fb_prospect_02,20.0,3
2025-01-01,Google App Campaigns,goog_ac_01,,6
2025-01-01,Google App Campaigns,goog_ac_02,,5
2025-01-01,Google Brand Search,goog_brand_01,0.0,2
2025-01-01,Google Brand Search,goog_brand_01,5.0,3
2025-01-01,Google Brand Search,goog_brand_01,10.0,3
2025-01-01,Google Brand Search,goog_brand_01,20.0,2
2025-01-01,Google Brand Search,goog_brand_01,63.0,1
2025-01-01,Google Non-Brand Search,goog_search_01,0.0,4
2025-01-01,Google Non-Brand Search,goog_search_01,5.0,5
2025-01-01,Google Non-Brand Search,goog_search_01,10.0,3
2025-01-01,Google Non-Brand Search,goog_search_01,20.0,2
2025-01-01,Google Non-Brand Search,goog_search_01,40.0,4
2025-01-01,Google Non-Brand Search,goog_search_01,63.0,1
2025-01-01,TikTok,tiktok_upper_01,,4
2025-01-01,TikTok,tiktok_upper_02,,9
2025-01-02,Meta,fb_prospect_01,0.0,7
2025-01-02,Meta,fb_prospect_01,5.0,5
2025-01-02,Meta,fb_prospect_01,10.0,6
2025-01-02,Meta,fb_prospect_01,20.0,3
2025-01-02,Meta,fb_prospect_01,40.0,5
2025-01-02,Meta,fb_prospect_01,63.0,1
2025-01-02,Meta,fb_prospect_02,0.0,3
2025-01-02,Meta,fb_prospect_02,5.0,4
2025-01-02,Meta,fb_prospect_02,10.0,7
2025-01-02,Meta,fb_prospect_02,20.0,2
2025-01-02,Meta,fb_prospect_02,63.0,1
2025-01-02,Google App Campaigns,goog_ac_01,0.0,3
2025-01-02,Google App Campaigns,goog_ac_01,5.0,2
2025-01-02,Google App Campaigns,goog_ac_01,10.0,6
2025-01-02,Google App Campaigns,goog_ac_01,20.0,3
2025-01-02,Google App Campaigns,goog_ac_01,40.0,1
2025-01-02,Google App Campaigns,goog_ac_02,0.0,3
2025-01-02,Google App Campaigns,goog_ac_02,5.0,2
2025-01-02,Google App Campaigns,goog_ac_02,10.0,6
2025-01-02,Google Brand Search,goog_brand_01,0.0,7
2025-01-02,Google Brand Search,goog_brand_01,5.0,6
2025-01-02,Google Brand Search,goog_brand_01,10.0,3
2025-01-02,Google Brand Search,goog_brand_01,20.0,8
2025-01-02,Google Brand Search,goog_brand_01,40.0,1
2025-01-02,Google Brand Search,goog_brand_01,63.0,2
2025-01-02,Google Non-Brand Search,goog_search_01,0.0,2
2025-01-02,Google Non-Brand Search,goog_search_01,5.0,1
2025-01-02,Google Non-Brand Search,goog_search_01,10.0,5
2025-01-02,Google Non-Brand Search,goog_search_01,20.0,4
2025-01-02,Google Non-Brand Search,goog_search_01,40.0,1
2025-01-02,Google Non-Brand Search,goog_search_01,63.0,1
2025-01-02,TikTok,tiktok_upper_01,0.0,1
2025-01-02,TikTok,tiktok_upper_01,5.0,1
2025-01-02,TikTok,tiktok_upper_01,10.0,6
2025-01-02,TikTok,tiktok_upper_01,20.0,2
2025-01-02,TikTok,tiktok_upper_01,40.0,1
2025-01-02,TikTok,tiktok_upper_02,0.0,7
2025-01-02,TikTok,tiktok_upper_02,5.0,2
2025-01-02,TikTok,tiktok_upper_02,10.0,1
2025-01-03,Meta,fb_prospect_01,0.0,6
2025-01-03,Meta,fb_prospect_01,5.0,3
2025-01-03,Meta,fb_prospect_01,10.0,4
2025-01-03,Meta,fb_prospect_01,20.0,4
2025-01-03,Meta,fb_prospect_01,40.0,2
2025-01-03,Meta,fb_prospect_01,63.0,1
2025-01-03,Meta,fb_prospect_02,0.0,8
2025-01-03,Meta,fb_prospect_02,5.0,8
2025-01-03,Meta,fb_prospect_02,10.0,7
2025-01-03,Meta,fb_prospect_02,40.0,1
2025-01-03,Google App Campaigns,goog_ac_01,0.0,3
2025-01-03,Google App Campaigns,goog_ac_01,5.0,2
2025-01-03,Google App Campaigns,goog_ac_01,10.0,5
2025-01-03,Google App Campaigns,goog_ac_01,20.0,2
2025-01-03,Google App Campaigns,goog_ac_02,0.0,5
2025-01-03,Google App Campaigns,goog_ac_02,5.0,6
2025-01-03,Google App Campaigns,goog_ac_02,10.0,1
2025-01-03,Google Brand Search,goog_brand_01,0.0,4
2025-01-03,Google Brand Search,goog_brand_01,5.0,5
2025-01-03,Google Brand Search,goog_brand_01,10.0,2
2025-01-03,Google Brand Search,goog_brand_01,20.0,4
2025-01-03,Google Brand Search,goog_brand_01,40.0,1
2025-01-03,Google Brand Search,goog_brand_01,63.0,1
2025-01-03,Google Non-Brand Search,goog_search_01,0.0,2
2025-01-03,Google Non-Brand Search,goog_search_01,5.0,3
2025-01-03,Google Non-Brand Search,goog_search_01,10.0,3
2025-01-03,Google Non-Brand Search,goog_search_01,20.0,7
2025-01-03,Google Non-Brand Search,goog_search_01,63.0,1
2025-01-03,TikTok,tiktok_upper_01,0.0,6
2025-01-03,TikTok,tiktok_upper_01,5.0,3
2025-01-03,TikTok,tiktok_upper_01,10.0,4
2025-01-03,TikTok,tiktok_upper_02,0.0,7
2025-01-03,TikTok,tiktok_upper_02,5.0,8
2025-01-03,TikTok,tiktok_upper_02,10.0,1
2025-01-04,Meta,fb_prospect_01,0.0,7
2025-01-04,Meta,fb_prospect_01,5.0,12
2025-01-04,Meta,fb_prospect_01,10.0,7
2025-01-04,Meta,fb_prospect_01,20.0,1
2025-01-04,Meta,fb_prospect_02,0.0,3
2025-01-04,Meta,fb_prospect_02,5.0,8
2025-01-04,Meta,fb_prospect_02,10.0,7
2025-01-04,Meta,fb_prospect_02,20.0,4
2025-01-04,Meta,fb_prospect_02,40.0,1
2025-01-04,Meta,fb_prospect_02,63.0,1
2025-01-04,Google App Campaigns,goog_ac_01,0.0,6
2025-01-04,Google App Campaigns,goog_ac_01,5.0,6
2025-01-04,Google App Campaigns,goog_ac_01,10.0,5
2025-01-04,Google App Campaigns,goog_ac_01,20.0,1
2025-01-04,Google App Campaigns,goog_ac_02,0.0,5
2025-01-04,Google App Campaigns,goog_ac_02,5.0,5
2025-01-04,Google App Campaigns,goog_ac_02,10.0,4
2025-01-04,Google Brand Search,goog_brand_01,0.0,4
2025-01-04,Google Brand Search,goog_brand_01,5.0,7
2025-01-04,Google Brand Search,goog_brand_01,10.0,6
2025-01-04,Google Brand Search,goog_brand_01,20.0,2
2025-01-04,Google Brand Search,goog_brand_01,40.0,4
2025-01-04,Google Brand Search,goog_brand_01,63.0,1
2025-01-04,Google Non-Brand Search,goog_search_01,0.0,3
2025-01-04,Google Non-Brand Search,goog_search_01,5.0,2
2025-01-04,Google Non-Brand Search,goog_search_01,10.0,5
2025-01-04,Google Non-Brand Search,goog_search_01,20.0,3
2025-01-04,Google Non-Brand Search,goog_search_01,40.0,2
2025-01-04,Google Non-Brand Search,goog_search_01,63.0,2
2025-01-04,TikTok,tiktok_upper_01,,9
2025-01-04,TikTok,tiktok_upper_02,0.0,5
2025-01-04,TikTok,tiktok_upper_02,5.0,2
2025-01-04,TikTok,tiktok_upper_02,10.0,3
2025-01-04,TikTok,tiktok_upper_02,20.0,1
2025-01-04,TikTok,tiktok_upper_02,40.0,1
2025-01-05,Meta,fb_prospect_01,0.0,3
2025-01-05,Meta,fb_prospect_01,5.0,6
2025-01-05,Meta,fb_prospect_01,10.0,10
2025-01-05,Meta,fb_prospect_01,20.0,1
2025-01-05,Meta,fb_prospect_01,40.0,2
2025-01-05,Meta,fb_prospect_01,63.0,1
2025-01-05,Meta,fb_prospect_02,0.0,10
2025-01-05,Meta,fb_prospect_02,5.0,4
2025-01-05,Meta,fb_prospect_02,10.0,4
2025-01-05,Meta,fb_prospect_02,20.0,4
2025-01-05,Google App Campaigns,goog_ac_01,0.0,5
2025-01-05,Google App Campaigns,goog_ac_01,5.0,3
2025-01-05,Google App Campaigns,goog_ac_01,10.0,7
2025-01-05,Google App Campaigns,goog_ac_01,20.0,2
2025-01-05,Google App Campaigns,goog_ac_02,0.0,2
2025-01-05,Google App Campaigns,goog_ac_02,5.0,6
2025-01-05,Google App Campaigns,goog_ac_02,10.0,4
2025-01-05,Google App Campaigns,goog_ac_02,20.0,1
2025-01-05,Google App Campaigns,goog_ac_02,40.0,1
2025-01-05,Google Brand Search,goog_brand_01,0.0,4
2025-01-05,Google Brand Search,goog_brand_01,5.0,7
2025-01-05,Google Brand Search,goog_brand_01,10.0,8
2025-01-05,Google Brand Search,goog_brand_01,20.0,7
2025-01-05,Google Brand Search,goog_brand_01,40.0,2
2025-01-05,Google Brand Search,goog_brand_01,63.0,2
2025-01-05,Google Non-Brand Search,goog_search_01,0.0,5
2025-01-05,Google Non-Brand Search,goog_search_01,5.0,6
2025-01-05,Google Non-Brand Search,goog_search_01,10.0,5
2025-01-05,Google Non-Brand Search,goog_search_01,20.0,5
2025-01-05,Google Non-Brand Search,goog_search_01,40.0,2
2025-01-05,Google Non-Brand Search,goog_search_01,63.0,1
2025-01-05,TikTok,tiktok_upper_01,0.0,3
2025-01-05,TikTok,tiktok_upper_01,5.0,6
2025-01-05,TikTok,tiktok_upper_01,10.0,2
2025-01-05,TikTok,tiktok_upper_02,0.0,6
2025-01-05,TikTok,tiktok_upper_02,5.0,2
2025-01-05,TikTok,tiktok_upper_02,10.0,1
2025-01-05,TikTok,tiktok_upper_02,20.0,1
2025-01-06,Meta,fb_prospect_01,0.0,6
2025-01-06,Meta,fb_prospect_01,5.0,5
2025-01-06,Meta,fb_prospect_01,10.0,9
2025-01-06,Meta,fb_prospect_01,20.0,5
2025-01-06,Meta,fb_prospect_01,40.0,1
2025-01-06,Meta,fb_prospect_01,63.0,1
2025-01-06,Meta,fb_prospect_02,0.0,9
2025-01-06,Meta,fb_prospect_02,5.0,12
2025-01-06,Meta,fb_prospect_02,10.0,6
2025-01-06,Meta,fb_prospect_02,20.0,4
2025-01-06,Meta,fb_prospect_02,40.0,1
2025-01-06,Google App Campaigns,goog_ac_01,0.0,1
2025-01-06,Google App Campaigns,goog_ac_01,5.0,7
2025-01-06,Google App Campaigns,goog_ac_01,10.0,2
2025-01-06,Google App Campaigns,goog_ac_01,20.0,2
2025-01-06,Google App Campaigns,goog_ac_01,40.0,1
2025-01-06,Google App Campaigns,goog_ac_01,63.0,1
2025-01-06,Google App Campaigns,goog_ac_02,0.0,6
2025-01-06,Google App Campaigns,goog_ac_02,5.0,3
2025-01-06,Google App Campaigns,goog_ac_02,10.0,3
2025-01-06,Google App Campaigns,goog_ac_02,20.0,1
2025-01-06,Google App Campaigns,goog_ac_02,63.0,2
2025-01-06,Google Brand Search,goog_brand_01,0.0,5
2025-01-06,Google Brand Search,goog_brand_01,5.0,9
2025-01-06,Google Brand Search,goog_brand_01,10.0,3
2025-01-06,Google Brand Search,goog_brand_01,20.0,2
2025-01-06,Google Brand Search,goog_brand_01,63.0,1
2025-01-06,Google Non-Brand Search,goog_search_01,0.0,3
2025-01-06,Google Non-Brand Search,goog_search_01,5.0,4
2025-01-06,Google Non-Brand Search,goog_search_01,10.0,4
2025-01-06,Google Non-Brand Search,goog_search_01,20.0,3
2025-01-06,Google Non-Brand Search,goog_search_01,40.0,3
2025-01-06,Google Non-Brand Search,goog_search_01,63.0,2
2025-01-06,TikTok,tiktok_upper_01,0.0,9
2025-01-06,TikTok,tiktok_upper_01,5.0,3
2025-01-06,TikTok,tiktok_upper_01,10.0,5
2025-01-06,TikTok,tiktok_upper_02,,9
2025-01-07,Meta,fb_prospect_01,0.0,5
2025-01-07,Meta,fb_prospect_01,5.0,9
2025-01-07,Meta,fb_prospect_01,10.0,7
2025-01-07,Meta,fb_prospect_01,20.0,3
2025-01-07,Meta,fb_prospect_01,63.0,1
2025-01-07,Meta,fb_prospect_02,0.0,1
2025-01-07,Meta,fb_prospect_02,5.0,9
2025-01-07,Meta,fb_prospect_02,10.0,6
2025-01-07,Meta,fb_prospect_02,20.0,4
2025-01-07,Meta,fb_prospect_02,40.0,2
2025-01-07,Google App Campaigns,goog_ac_01,0.0,3
2025-01-07,Google App Campaigns,goog_ac_01,5.0,1
2025-01-07,Google App Campaigns,goog_ac_01,10.0,4
2025-01-07,Google App Campaigns,goog_ac_01,20.0,1
2025-01-07,Google App Campaigns,goog_ac_01,40.0,1
2025-01-07,Google App Campaigns,goog_ac_02,,8
2025-01-07,Google Brand Search,goog_brand_01,0.0,3
2025-01-07,Google Brand Search,goog_brand_01,5.0,7
2025-01-07,Google Brand Search,goog_brand_01,10.0,2
2025-01-07,Google Brand Search,goog_brand_01,20.0,2
2025-01-07,Google Brand Search,goog_brand_01,40.0,2
2025-01-07,Google Brand Search,goog_brand_01,63.0,1
2025-01-07,Google Non-Brand Search,goog_search_01,0.0,1
2025-01-07,Google Non-Brand Search,goog_search_01,5.0,1
2025-01-07,Google Non-Brand Search,goog_search_01,10.0,6
2025-01-07,Google Non-Brand Search,goog_search_01,20.0,5
2025-01-07,Google Non-Brand Search,goog_search_01,40.0,3
2025-01-07,Google Non-Brand Search,goog_search_01,63.0,3
2025-01-07,TikTok,tiktok_upper_01,,6
2025-01-07,TikTok,tiktok_upper_02,0.0,3
2025-01-07,TikTok,tiktok_upper_02,5.0,6
2025-01-07,TikTok,tiktok_upper_02,10.0,2
2025-01-07,TikTok,tiktok_upper_02,20.0,1
2025-01-08,Meta,fb_prospect_01,0.0,11
2025-01-08,Meta,fb_prospect_01,5.0,9
2025-01-08,Meta,fb_prospect_01,10.0,12
2025-01-08,Meta,fb_prospect_01,20.0,2
2025-01-08,Meta,fb_prospect_01,40.0,1
2025-01-08,Meta,fb_prospect_02,0.0,3
2025-01-08,Meta,fb_prospect_02,5.0,7
2025-01-08,Meta,fb_prospect_02,10.0,4
2025-01-08,Meta,fb_prospect_02,20.0,2
2025-01-08,Google App Campaigns,goog_ac_01,5.0,7
2025-01-08,Google App Campaigns,goog_ac_01,10.0,3
2025-01-08,Google App Campaigns,goog_ac_02,0.0,7
2025-01-08,Google App Campaigns,goog_ac_02,5.0,1
2025-01-08,Google App Campaigns,goog_ac_02,10.0,1
2025-01-08,Google App Campaigns,goog_ac_02,20.0,2
2025-01-08,Google Brand Search,goog_brand_01,0.0,3
2025-01-08,Google Brand Search,goog_brand_01,5.0,2
2025-01-08,Google Brand Search,goog_brand_01,10.0,7
2025-01-08,Google Brand Search,goog_brand_01,20.0,4
2025-01-08,Google Brand Search,goog_brand_01,40.0,3
2025-01-08,Google Non-Brand Search,goog_search_01,0.0,4
2025-01-08,Google Non-Brand Search,goog_search_01,5.0,4
2025-01-08,Google Non-Brand Search,goog_search_01,10.0,8
2025-01-08,Google Non-Brand Search,goog_search_01,20.0,2
2025-01-08,Google Non-Brand Search,goog_search_01,40.0,1
2025-01-08,Google Non-Brand Search,goog_search_01,63.0,2
2025-01-08,TikTok,tiktok_upper_01,0.0,6
2025-01-08,TikTok,tiktok_upper_01,5.0,6
2025-01-08,TikTok,tiktok_upper_02,,9
2025-01-09,Meta,fb_prospect_01,0.0,3
2025-01-09,Meta,fb_prospect_01,5.0,8
2025-01-09,Meta,fb_prospect_01,10.0,6
2025-01-09,Meta,fb_prospect_01,20.0,4
2025-01-09,Meta,fb_prospect_01,63.0,1
2025-01-09,Meta,fb_prospect_02,0.0,5
2025-01-09,Meta,fb_prospect_02,5.0,1
2025-01-09,Meta,fb_prospect_02,10.0,4
2025-01-09,Meta,fb_prospect_02,20.0,4
2025-01-09,Meta,fb_prospect_02,40.0,2
2025-01-09,Meta,fb_prospect_02,63.0,2
2025-01-09,Google App Campaigns,goog_ac_01,0.0,8
2025-01-09,Google App Campaigns,goog_ac_01,5.0,2
2025-01-09,Google App Campaigns,goog_ac_01,10.0,2
2025-01-09,Google App Campaigns,goog_ac_01,20.0,3
2025-01-09,Google App Campaigns,goog_ac_01,40.0,1
2025-01-09,Google App Campaigns,goog_ac_02,0.0,2
2025-01-09,Google App Campaigns,goog_ac_02,5.0,6
2025-01-09,Google App Campaigns,goog_ac_02,10.0,1
2025-01-09,Google App Campaigns,goog_ac_02,20.0,3
2025-01-09,Google Brand Search,goog_brand_01,0.0,9
2025-01-09,Google Brand Search,goog_brand_01,5.0,8
2025-01-09,Google Brand Search,goog_brand_01,10.0,2
2025-01-09,Google Brand Search,goog_brand_01,20.0,2
2025-01-09,Google Brand Search,goog_brand_01,40.0,2
2025-01-09,Google Brand Search,goog_brand_01,63.0,1
2025-01-09,Google Non-Brand Search,goog_search_01,0.0,3
2025-01-09,Google Non-Brand Search,goog_search_01,5.0,5
2025-01-09,Google Non-Brand Search,goog_search_01,10.0,3
2025-01-09,Google Non-Brand Search,goog_search_01,20.0,5
2025-01-09,Google Non-Brand Search,goog_search_01,40.0,1
2025-01-09,Google Non-Brand Search,goog_search_01,63.0,1
2025-01-09,TikTok,tiktok_upper_01,0.0,7
2025-01-09,TikTok,tiktok_upper_01,5.0,2
2025-01-09,TikTok,tiktok_upper_01,10.0,4
2025-01-09,TikTok,tiktok_upper_01,20.0,1
2025-01-09,TikTok,tiktok_upper_02,,6
2025-01-10,Meta,fb_prospect_01,0.0,2
2025-01-10,Meta,fb_prospect_01,5.0,6
2025-01-10,Meta,fb_prospect_01,10.0,3
2025-01-10,Meta,fb_prospect_01,40.0,1
2025-01-10,Meta,fb_prospect_01,63.0,1
2025-01-10,Meta,fb_prospect_02,0.0,10
2025-01-10,Meta,fb_prospect_02,5.0,7
2025-01-10,Meta,fb_prospect_02,10.0,6
2025-01-10,Meta,fb_prospect_02,20.0,3
2025-01-10,Meta,fb_prospect_02,40.0,2
2025-01-10,Meta,fb_prospect_02,63.0,2
2025-01-10,Google App Campaigns,goog_ac_01,0.0,3
2025-01-10,Google App Campaigns,goog_ac_01,5.0,3
2025-01-10,Google App Campaigns,goog_ac_01,10.0,4
2025-01-10,Google App Campaigns,goog_ac_01,20.0,1
2025-01-10,Google App Campaigns,goog_ac_01,40.0,2
2025-01-10,Google App Campaigns,goog_ac_02,0.0,3
2025-01-10,Google App Campaigns,goog_ac_02,5.0,5
2025-01-10,Google App Campaigns,goog_ac_02,10.0,2
2025-01-10,Google App Campaigns,goog_ac_02,20.0,3
2025-01-10,Google App Campaigns,goog_ac_02,63.0,2
2025-01-10,Google Brand Search,goog_brand_01,0.0,3
2025-01-10,Google Brand Search,goog_brand_01,5.0,2
2025-01-10,Google Brand Search,goog_brand_01,10.0,8
2025-01-10,Google Brand Search,goog_brand_01,20.0,1
2025-01-10,Google Brand Search,goog_brand_01,40.0,1
2025-01-10,Google Brand Search,goog_brand_01,63.0,2
2025-01-10,Google Non-Brand Search,goog_search_01,0.0,6
2025-01-10,Google Non-Brand Search,goog_search_01,5.0,5
2025-01-10,Google Non-Brand Search,goog_search_01,10.0,6
2025-01-10,Google Non-Brand Search,goog_search_01,20.0,2
2025-01-10,Google Non-Brand Search,goog_search_01,40.0,1
2025-01-10,Google Non-Brand Search,goog_search_01,63.0,1
2025-01-10,TikTok,tiktok_upper_01,0.0,4
2025-01-10,TikTok,tiktok_upper_01,5.0,5
2025-01-10,TikTok,tiktok_upper_01,10.0,3
2025-01-10,TikTok,tiktok_upper_01,40.0,1
2025-01-10,TikTok,tiktok_upper_01,63.0,1
2025-01-10,TikTok,tiktok_upper_02,0.0,7
2025-01-10,TikTok,tiktok_upper_02,5.0,5
2025-01-10,TikTok,tiktok_upper_02,10.0,1
2025-01-11,Meta,fb_prospect_01,0.0,3
2025-01-11,Meta,fb_prospect_01,5.0,14
2025-01-11,Meta,fb_prospect_01,10.0,6
2025-01-11,Meta,fb_prospect_01,20.0,2
2025-01-11,Meta,fb_prospect_01,63.0,1
2025-01-11,Meta,fb_prospect_02,0.0,7
2025-01-11,Meta,fb_prospect_02,5.0,6
2025-01-11,Meta,fb_prospect_02,10.0,7
2025-01-11,Meta,fb_prospect_02,20.0,3
2025-01-11,Meta,fb_prospect_02,63.0,1
2025-01-11,Google App Campaigns,goog_ac_01,0.0,5
2025-01-11,Google App Campaigns,goog_ac_01,5.0,2
2025-01-11,Google App Campaigns,goog_ac_01,10.0,3
2025-01-11,Google App Campaigns,goog_ac_01,40.0,2
2025-01-11,Google App Campaigns,goog_ac_02,0.0,1
2025-01-11,Google App Campaigns,goog_ac_02,5.0,5
2025-01-11,Google App Campaigns,goog_ac_02,10.0,7
2025-01-11,Google App Campaigns,goog_ac_02,20.0,2
2025-01-11,Google App Campaigns,goog_ac_02,63.0,1
2025-01-11,Google Brand Search,goog_brand_01,0.0,2
2025-01-11,Google Brand Search,goog_brand_01,5.0,4
2025-01-11,Google Brand Search,goog_brand_01,10.0,10
2025-01-11,Google Brand Search,goog_brand_01,20.0,1
2025-01-11,Google Brand Search,goog_brand_01,40.0,2
2025-01-11,Google Brand Search,goog_brand_01,63.0,2
2025-01-11,Google Non-Brand Search,goog_search_01,0.0,2
2025-01-11,Google Non-Brand Search,goog_search_01,5.0,4
2025-01-11,Google Non-Brand Search,goog_search_01,10.0,3
2025-01-11,Google Non-Brand Search,goog_search_01,20.0,4
2025-01-11,Google Non-Brand Search,goog_search_01,40.0,1
2025-01-11,Google Non-Brand Search,goog_search_01,63.0,1
2025-01-11,TikTok,tiktok_upper_01,0.0,5
2025-01-11,TikTok,tiktok_upper_01,5.0,3
2025-01-11,TikTok,tiktok_upper_01,10.0,1
2025-01-11,TikTok,tiktok_upper_01,20.0,1
2025-01-11,TikTok,tiktok_upper_02,0.0,6
2025-01-11,TikTok,tiktok_upper_02,5.0,9
2025-01-11,TikTok,tiktok_upper_02,10.0,2
2025-01-11,TikTok,tiktok_upper_02,20.0,1
2025-01-11,TikTok,tiktok_upper_02,40.0,1
2025-01-12,Meta,fb_prospect_01,0.0,9
2025-01-12,Meta,fb_prospect_01,5.0,18
2025-01-12,Meta,fb_prospect_01,10.0,11
2025-01-12,Meta,fb_prospect_01,20.0,7
2025-01-12,Meta,fb_prospect_01,40.0,1
2025-01-12,Meta,fb_prospect_02,0.0,9
2025-01-12,Meta,fb_prospect_02,5.0,6
2025-01-12,Meta,fb_prospect_02,10.0,3
2025-01-12,Meta,fb_prospect_02,20.0,6
2025-01-12,Meta,fb_prospect_02,40.0,2
2025-01-12,Meta,fb_prospect_02,63.0,1
2025-01-12,Google App Campaigns,goog_ac_01,0.0,4
2025-01-12,Google App Campaigns,goog_ac_01,5.0,6
2025-01-12,Google App Campaigns,goog_ac_01,10.0,6
2025-01-12,Google App Campaigns,goog_ac_01,63.0,1
2025-01-12,Google App Campaigns,goog_ac_02,0.0,3
2025-01-12,Google App Campaigns,goog_ac_02,5.0,4
2025-01-12,Google App Campaigns,goog_ac_02,10.0,3
2025-01-12,Google App Campaigns,goog_ac_02,20.0,1
2025-01-12,Google App Campaigns,goog_ac_02,40.0,2
2025-01-12,Google App Campaigns,goog_ac_02,63.0,1
2025-01-12,Google Brand Search,goog_brand_01,0.0,5
2025-01-12,Google Brand Search,goog_brand_01,5.0,2
2025-01-12,Google Brand Search,goog_brand_01,10.0,5
2025-01-12,Google Brand Search,goog_brand_01,40.0,3
2025-01-12,Google Brand Search,goog_brand_01,63.0,1
2025-01-12,Google Non-Brand Search,goog_search_01,0.0,4
2025-01-12,Google Non-Brand Search,goog_search_01,5.0,4
2025-01-12,Google Non-Brand Search,goog_search_01,10.0,7
2025-01-12,Google Non-Brand Search,goog_search_01,20.0,3
2025-01-12,Google Non-Brand Search,goog_search_01,40.0,1
2025-01-12,Google Non-Brand Search,goog_search_01,63.0,3
2025-01-12,TikTok,tiktok_upper_01,0.0,8
2025-01-12,TikTok,tiktok_upper_01,5.0,5
2025-01-12,TikTok,tiktok_upper_01,10.0,3
2025-01-12,TikTok,tiktok_upper_02,0.0,5
2025-01-12,TikTok,tiktok_upper_02,5.0,4
2025-01-12,TikTok,tiktok_upper_02,10.0,2
2025-01-13,Meta,fb_prospect_01,0.0,7
2025-01-13,Meta,fb_prospect_01,5.0,7
2025-01-13,Meta,fb_prospect_01,10.0,3
2025-01-13,Meta,fb_prospect_01,20.0,5
2025-01-13,Meta,fb_prospect_02,0.0,8
2025-01-13,Meta,fb_prospect_02,5.0,8
2025-01-13,Meta,fb_prospect_02,10.0,7
2025-01-13,Meta,fb_prospect_02,20.0,1
2025-01-13,Meta,fb_prospect_02,40.0,2
2025-01-13,Google App Campaigns,goog_ac_01,0.0,7
2025-01-13,Google App Campaigns,goog_ac_01,10.0,3
2025-01-13,Google App Campaigns,goog_ac_01,20.0,2
2025-01-13,Google App Campaigns,goog_ac_01,40.0,1
2025-01-13,Google App Campaigns,goog_ac_02,,9
2025-01-13,Google Brand Search,goog_brand_01,0.0,5
2025-01-13,Google Brand Search,goog_brand_01,5.0,5
2025-01-13,Google Brand Search,goog_brand_01,10.0,6
2025-01-13,Google Brand Search,goog_brand_01,20.0,3
2025-01-13,Google Brand Search,goog_brand_01,40.0,1
2025-01-13,Google Non-Brand Search,goog_search_01,0.0,3
2025-01-13,Google Non-Brand Search,goog_search_01,5.0,5
2025-01-13,Google Non-Brand Search,goog_search_01,10.0,7
2025-01-13,Google Non-Brand Search,goog_search_01,20.0,2
2025-01-13,Google Non-Brand Search,goog_search_01,40.0,1
2025-01-13,TikTok,tiktok_upper_01,0.0,7
2025-01-13,TikTok,tiktok_upper_01,5.0,6
2025-01-13,TikTok,tiktok_upper_01,10.0,2
2025-01-13,TikTok,tiktok_upper_01,20.0,2
2025-01-13,TikTok,tiktok_upper_02,0.0,7
2025-01-13,TikTok,tiktok_upper_02,5.0,4
2025-01-13,TikTok,tiktok_upper_02,10.0,2
2025-01-13,TikTok,tiktok_upper_02,40.0,1
2025-01-14,Meta,fb_prospect_01,0.0,12
2025-01-14,Meta,fb_prospect_01,5.0,7
2025-01-14,Meta,fb_prospect_01,10.0,3
2025-01-14,Meta,fb_prospect_01,20.0,4
2025-01-14,Meta,fb_prospect_01,40.0,1
2025-01-14,Meta,fb_prospect_02,0.0,4
2025-01-14,Meta,fb_prospect_02,5.0,5
2025-01-14,Meta,fb_prospect_02,10.0,7
2025-01-14,Meta,fb_prospect_02,20.0,2
2025-01-14,Meta,fb_prospect_02,40.0,1
2025-01-14,Meta,fb_prospect_02,63.0,1
2025-01-14,Google App Campaigns,goog_ac_01,,7
2025-01-14,Google App Campaigns,goog_ac_02,0.0,4
2025-01-14,Google App Campaigns,goog_ac_02,5.0,3
2025-01-14,Google App Campaigns,goog_ac_02,10.0,5
2025-01-14,Google App Campaigns,goog_ac_02,20.0,5
2025-01-14,Google App Campaigns,goog_ac_02,40.0,1
2025-01-14,Google Brand Search,goog_brand_01,0.0,6
2025-01-14,Google Brand Search,goog_brand_01,5.0,6
2025-01-14,Google Brand Search,goog_brand_01,10.0,8
2025-01-14,Google Brand Search,goog_brand_01,20.0,6
2025-01-14,Google Brand Search,goog_brand_01,40.0,4
2025-01-14,Google Non-Brand Search,goog_search_01,0.0,6
2025-01-14,Google Non-Brand Search,goog_search_01,5.0,4
2025-01-14,Google Non-Brand Search,goog_search_01,10.0,4
2025-01-14,Google Non-Brand Search,goog_search_01,20.0,5
2025-01-14,Google Non-Brand Search,goog_search_01,40.0,1
2025-01-14,Google Non-Brand Search,goog_search_01,63.0,3
2025-01-14,TikTok,tiktok_upper_01,0.0,6
2025-01-14,TikTok,tiktok_upper_01,5.0,6
2025-01-14,TikTok,tiktok_upper_01,10.0,1
2025-01-14,TikTok,tiktok_upper_01,20.0,3
2025-01-14,TikTok,tiktok_upper_02,0.0,3
2025-01-14,TikTok,tiktok_upper_02,5.0,3
2025-01-14,TikTok,tiktok_upper_02,10.0,3
2025-01-14,TikTok,tiktok_upper_02,20.0,3
2025-01-14,TikTok,tiktok_upper_02,40.0,1
2025-01-15,Meta,fb_prospect_01,0.0,5
2025-01-15,Meta,fb_prospect_01,5.0,5
2025-01-15,Meta,fb_prospect_01,10.0,11
2025-01-15,Meta,fb_prospect_01,20.0,3
2025-01-15,Meta,fb_prospect_01,40.0,2
2025-01-15,Meta,fb_prospect_02,0.0,3
2025-01-15,Meta,fb_prospect_02,5.0,7
2025-01-15,Meta,fb_prospect_02,10.0,11
2025-01-15,Meta,fb_prospect_02,20.0,1
2025-01-15,Meta,fb_prospect_02,40.0,2
2025-01-15,Google App Campaigns,goog_ac_01,0.0,2
2025-01-15,Google App Campaigns,goog_ac_01,5.0,4
2025-01-15,Google App Campaigns,goog_ac_01,10.0,3
2025-01-15,Google App Campaigns,goog_ac_01,20.0,1
2025-01-15,Google App Campaigns,goog_ac_01,40.0,1
2025-01-15,Google App Campaigns,goog_ac_01,63.0,2
2025-01-15,Google App Campaigns,goog_ac_02,0.0,2
2025-01-15,Google App Campaigns,goog_ac_02,5.0,5
2025-01-15,Google App Campaigns,goog_ac_02,10.0,2
2025-01-15,Google App Campaigns,goog_ac_02,20.0,2
2025-01-15,Google App Campaigns,goog_ac_02,40.0,1
2025-01-15,Google App Campaigns,goog_ac_02,63.0,1
2025-01-15,Google Brand Search,goog_brand_01,0.0,7
2025-01-15,Google Brand Search,goog_brand_01,5.0,5
2025-01-15,Google Brand Search,goog_brand_01,10.0,5
2025-01-15,Google Brand Search,goog_brand_01,20.0,7
2025-01-15,Google Brand Search,goog_brand_01,40.0,1
2025-01-15,Google Brand Search,goog_brand_01,63.0,1
2025-01-15,Google Non-Brand Search,goog_search_01,0.0,5
2025-01-15,Google Non-Brand Search,goog_search_01,5.0,6
2025-01-15,Google Non-Brand Search,goog_search_01,10.0,8
2025-01-15,Google Non-Brand Search,goog_search_01,20.0,6
2025-01-15,Google Non-Brand Search,goog_search_01,40.0,3
2025-01-15,Google Non-Brand Search,goog_search_01,63.0,1
2025-01-15,TikTok,tiktok_upper_01,0.0,6
2025-01-15,TikTok,tiktok_upper_01,5.0,1
2025-01-15,TikTok,tiktok_upper_01,10.0,3
2025-01-15,TikTok,tiktok_upper_01,20.0,1
2025-01-15,TikTok,tiktok_upper_02,0.0,4
2025-01-15,TikTok,tiktok_upper_02,5.0,4
2025-01-15,TikTok,tiktok_upper_02,10.0,2
2025-01-16,Meta,fb_prospect_01,0.0,9
2025-01-16,Meta,fb_prospect_01,5.0,5
2025-01-16,Meta,fb_prospect_01,10.0,7
2025-01-16,Meta,fb_prospect_01,20.0,2
2025-01-16,Meta,fb_prospect_02,0.0,4
2025-01-16,Meta,fb_prospect_02,5.0,7
2025-01-16,Meta,fb_prospect_02,10.0,6
2025-01-16,Meta,fb_prospect_02,20.0,4
2025-01-16,Meta,fb_prospect_02,63.0,1
2025-01-16,Google App Campaigns,goog_ac_01,0.0,5
2025-01-16,Google App Campaigns,goog_ac_01,5.0,2
2025-01-16,Google App Campaigns,goog_ac_01,10.0,2
2025-01-16,Google App Campaigns,goog_ac_01,20.0,2
2025-01-16,Google App Campaigns,goog_ac_01,40.0,1
2025-01-16,Google App Campaigns,goog_ac_02,0.0,6
2025-01-16,Google App Campaigns,goog_ac_02,5.0,3
2025-01-16,Google App Campaigns,goog_ac_02,10.0,5
2025-01-16,Google App Campaigns,goog_ac_02,20.0,1
2025-01-16,Google Brand Search,goog_brand_01,0.0,4
2025-01-16,Google Brand Search,goog_brand_01,5.0,2
2025-01-16,Google Brand Search,goog_brand_01,10.0,6
2025-01-16,Google Brand Search,goog_brand_01,20.0,1
2025-01-16,Google Brand Search,goog_brand_01,40.0,3
2025-01-16,Google Brand Search,goog_brand_01,63.0,1
2025-01-16,Google Non-Brand Search,goog_search_01,0.0,5
2025-01-16,Google Non-Brand Search,goog_search_01,5.0,9
2025-01-16,Google Non-Brand Search,goog_search_01,10.0,5
2025-01-16,Google Non-Brand Search,goog_search_01,20.0,1
2025-01-16,Google Non-Brand Search,goog_search_01,40.0,2
2025-01-16,Google Non-Brand Search,goog_search_01,63.0,2
2025-01-16,TikTok,tiktok_upper_01,0.0,4
2025-01-16,TikTok,tiktok_upper_01,5.0,3
2025-01-16,TikTok,tiktok_upper_01,10.0,2
2025-01-16,TikTok,tiktok_upper_01,40.0,1
2025-01-16,TikTok,tiktok_upper_02,0.0,5
2025-01-16,TikTok,tiktok_upper_02,5.0,2
2025-01-16,TikTok,tiktok_upper_02,10.0,3
2025-01-16,TikTok,tiktok_upper_02,40.0,1
2025-01-16,TikTok,tiktok_upper_02,63.0,1
2025-01-17,Meta,fb_prospect_01,0.0,5
2025-01-17,Meta,fb_prospect_01,5.0,4
2025-01-17,Meta,fb_prospect_01,10.0,9
2025-01-17,Meta,fb_prospect_01,40.0,2
2025-01-17,Meta,fb_prospect_02,0.0,13
2025-01-17,Meta,fb_prospect_02,5.0,7
2025-01-17,Meta,fb_prospect_02,10.0,8
2025-01-17,Meta,fb_prospect_02,20.0,2
2025-01-17,Meta,fb_prospect_02,63.0,2
2025-01-17,Google App Campaigns,goog_ac_01,0.0,5
2025-01-17,Google App Campaigns,goog_ac_01,5.0,6
2025-01-17,Google App Campaigns,goog_ac_01,10.0,4
2025-01-17,Google App Campaigns,goog_ac_01,20.0,1
2025-01-17,Google App Campaigns,goog_ac_01,40.0,1
2025-01-17,Google App Campaigns,goog_ac_02,,4
2025-01-17,Google Brand Search,goog_brand_01,0.0,2
2025-01-17,Google Brand Search,goog_brand_01,5.0,10
2025-01-17,Google Brand Search,goog_brand_01,10.0,4
2025-01-17,Google Brand Search,goog_brand_01,40.0,3
2025-01-17,Google Brand Search,goog_brand_01,63.0,1
2025-01-17,Google Non-Brand Search,goog_search_01,0.0,6
2025-01-17,Google Non-Brand Search,goog_search_01,5.0,4
2025-01-17,Google Non-Brand Search,goog_search_01,10.0,3
2025-01-17,Google Non-Brand Search,goog_search_01,20.0,5
2025-01-17,Google Non-Brand Search,goog_search_01,40.0,5
2025-01-17,Google Non-Brand Search,goog_search_01,63.0,1
2025-01-17,TikTok,tiktok_upper_01,0.0,4
2025-01-17,TikTok,tiktok_upper_01,5.0,8
2025-01-17,TikTok,tiktok_upper_01,20.0,2
2025-01-17,TikTok,tiktok_upper_01,40.0,1
2025-01-17,TikTok,tiktok_upper_02,0.0,7
2025-01-17,TikTok,tiktok_upper_02,5.0,5
2025-01-17,TikTok,tiktok_upper_02,20.0,1
2025-01-17,TikTok,tiktok_upper_02,63.0,2
2025-01-18,Meta,fb_prospect_01,0.0,7
2025-01-18,Meta,fb_prospect_01,5.0,9
2025-01-18,Meta,fb_prospect_01,10.0,6
2025-01-18,Meta,fb_prospect_01,20.0,4
2025-01-18,Meta,fb_prospect_01,40.0,1
2025-01-18,Meta,fb_prospect_02,0.0,5
2025-01-18,Meta,fb_prospect_02,5.0,9
2025-01-18,Meta,fb_prospect_02,10.0,8
2025-01-18,Meta,fb_prospect_02,20.0,1
2025-01-18,Meta,fb_prospect_02,40.0,1
2025-01-18,Google App Campaigns,goog_ac_01,0.0,4
2025-01-18,Google App Campaigns,goog_ac_01,5.0,4
2025-01-18,Google App Campaigns,goog_ac_01,10.0,4
2025-01-18,Google App Campaigns,goog_ac_01,20.0,2
2025-01-18,Google App Campaigns,goog_ac_01,63.0,2
2025-01-18,Google App Campaigns,goog_ac_02,0.0,1
2025-01-18,Google App Campaigns,goog_ac_02,5.0,4
2025-01-18,Google App Campaigns,goog_ac_02,10.0,2
2025-01-18,Google App Campaigns,goog_ac_02,20.0,6
2025-01-18,Google Brand Search,goog_brand_01,0.0,5
2025-01-18,Google Brand Search,goog_brand_01,5.0,6
2025-01-18,Google Brand Search,goog_brand_01,10.0,6
2025-01-18,Google Brand Search,goog_brand_01,20.0,5
2025-01-18,Google Brand Search,goog_brand_01,40.0,1
2025-01-18,Google Brand Search,goog_brand_01,63.0,2
2025-01-18,Google Non-Brand Search,goog_search_01,0.0,4
2025-01-18,Google Non-Brand Search,goog_search_01,5.0,5
2025-01-18,Google Non-Brand Search,goog_search_01,10.0,5
2025-01-18,Google Non-Brand Search,goog_search_01,20.0,6
2025-01-18,Google Non-Brand Search,goog_search_01,40.0,3
2025-01-18,Google Non-Brand Search,goog_search_01,63.0,3
2025-01-18,TikTok,tiktok_upper_01,0.0,6
2025-01-18,TikTok,tiktok_upper_01,5.0,9
2025-01-18,TikTok,tiktok_upper_01,20.0,1
2025-01-18,TikTok,tiktok_upper_02,0.0,4
2025-01-18,TikTok,tiktok_upper_02,5.0,7
2025-01-18,TikTok,tiktok_upper_02,10.0,1
2025-01-19,Meta,fb_prospect_01,0.0,9
2025-01-19,Meta,fb_prospect_01,5.0,8
2025-01-19,Meta,fb_prospect_01,10.0,7
2025-01-19,Meta,fb_prospect_01,20.0,3
2025-01-19,Meta,fb_prospect_01,40.0,5
2025-01-19,Meta,fb_prospect_01,63.0,1
2025-01-19,Meta,fb_prospect_02,0.0,6
2025-01-19,Meta,fb_prospect_02,5.0,7
2025-01-19,Meta,fb_prospect_02,10.0,2
2025-01-19,Meta,fb_prospect_02,20.0,4
2025-01-19,Meta,fb_prospect_02,40.0,3
2025-01-19,Meta,fb_prospect_02,63.0,2
2025-01-19,Google App Campaigns,goog_ac_01,0.0,3
2025-01-19,Google App Campaigns,goog_ac_01,5.0,3
2025-01-19,Google App Campaigns,goog_ac_01,10.0,3
2025-01-19,Google App Campaigns,goog_ac_01,40.0,1
2025-01-19,Google App Campaigns,goog_ac_01,63.0,1
2025-01-19,Google App Campaigns,goog_ac_02,0.0,1
2025-01-19,Google App Campaigns,goog_ac_02,5.0,4
2025-01-19,Google App Campaigns,goog_ac_02,10.0,6
2025-01-19,Google App Campaigns,goog_ac_02,20.0,2
2025-01-19,Google Brand Search,goog_brand_01,0.0,6
2025-01-19,Google Brand Search,goog_brand_01,5.0,7
2025-01-19,Google Brand Search,goog_brand_01,10.0,4
2025-01-19,Google Brand Search,goog_brand_01,20.0,6
2025-01-19,Google Brand Search,goog_brand_01,40.0,1
2025-01-19,Google Brand Search,goog_brand_01,63.0,3
2025-01-19,Google Non-Brand Search,goog_search_01,0.0,2
2025-01-19,Google Non-Brand Search,goog_search_01,5.0,4
2025-01-19,Google Non-Brand Search,goog_search_01,10.0,5
2025-01-19,Google Non-Brand Search,goog_search_01,20.0,2
2025-01-19,Google Non-Brand Search,goog_search_01,40.0,6
2025-01-19,Google Non-Brand Search,goog_search_01,63.0,3
2025-01-19,TikTok,tiktok_upper_01,0.0,6
2025-01-19,TikTok,tiktok_upper_01,5.0,2
2025-01-19,TikTok,tiktok_upper_01,10.0,5
2025-01-19,TikTok,tiktok_upper_02,0.0,4
2025-01-19,TikTok,tiktok_upper_02,5.0,5
2025-01-19,TikTok,tiktok_upper_02,20.0,1
2025-01-20,Meta,fb_prospect_01,0.0,9
2025-01-20,Meta,fb_prospect_01,5.0,10
2025-01-20,Meta,fb_prospect_01,10.0,6
2025-01-20,Meta,fb_prospect_01,20.0,2
2025-01-20,Meta,fb_prospect_01,40.0,1
2025-01-20,Meta,fb_prospect_01,63.0,2
2025-01-20,Meta,fb_prospect_02,0.0,8
2025-01-20,Meta,fb_prospect_02,5.0,12
2025-01-20,Meta,fb_prospect_02,10.0,5
2025-01-20,Meta,fb_prospect_02,20.0,2
2025-01-20,Meta,fb_prospect_02,40.0,2
2025-01-20,Google App Campaigns,goog_ac_01,0.0,1
2025-01-20,Google App Campaigns,goog_ac_01,5.0,8
2025-01-20,Google App Campaigns,goog_ac_01,10.0,3
2025-01-20,Google App Campaigns,goog_ac_01,20.0,2
2025-01-20,Google App Campaigns,goog_ac_01,40.0,1
2025-01-20,Google App Campaigns,goog_ac_02,0.0,2
2025-01-20,Google App Campaigns,goog_ac_02,5.0,6
2025-01-20,Google App Campaigns,goog_ac_02,10.0,4
2025-01-20,Google App Campaigns,goog_ac_02,20.0,2
2025-01-20,Google App Campaigns,goog_ac_02,63.0,1
2025-01-20,Google Brand Search,goog_brand_01,0.0,4
2025-01-20,Google Brand Search,goog_brand_01,5.0,5
2025-01-20,Google Brand Search,goog_brand_01,10.0,5
2025-01-20,Google Brand Search,goog_brand_01,20.0,3
2025-01-20,Google Brand Search,goog_brand_01,40.0,2
2025-01-20,Google Brand Search,goog_brand_01,63.0,1
2025-01-20,Google Non-Brand Search,goog_search_01,0.0,3
2025-01-20,Google Non-Brand Search,goog_search_01,5.0,5
2025-01-20,Google Non-Brand Search,goog_search_01,10.0,2
2025-01-20,Google Non-Brand Search,goog_search_01,20.0,7
2025-01-20,Google Non-Brand Search,goog_search_01,40.0,4
2025-01-20,Google Non-Brand Search,goog_search_01,63.0,1
2025-01-20,TikTok,tiktok_upper_01,0.0,8
2025-01-20,TikTok,tiktok_upper_01,5.0,5
2025-01-20,TikTok,tiktok_upper_01,10.0,1
2025-01-20,TikTok,tiktok_upper_01,63.0,1
2025-01-20,TikTok,tiktok_upper_02,0.0,6
2025-01-20,TikTok,tiktok_upper_02,5.0,5
2025-01-20,TikTok,tiktok_upper_02,10.0,3
2025-01-20,TikTok,tiktok_upper_02,20.0,2
2025-01-20,TikTok,tiktok_upper_02,40.0,1
2025-01-20,TikTok,tiktok_upper_02,63.0,1
2025-01-21,Meta,fb_prospect_01,0.0,5
2025-01-21,Meta,fb_prospect_01,5.0,10
2025-01-21,Meta,fb_prospect_01,10.0,10
2025-01-21,Meta,fb_prospect_01,20.0,4
2025-01-21,Meta,fb_prospect_01,40.0,2
2025-01-21,Meta,fb_prospect_01,63.0,2
2025-01-21,Meta,fb_prospect_02,0.0,6
2025-01-21,Meta,fb_prospect_02,5.0,9
2025-01-21,Meta,fb_prospect_02,10.0,8
2025-01-21,Meta,fb_prospect_02,20.0,1
2025-01-21,Google App Campaigns,goog_ac_01,0.0,5
2025-01-21,Google App Campaigns,goog_ac_01,5.0,5
2025-01-21,Google App Campaigns,goog_ac_01,10.0,3
2025-01-21,Google App Campaigns,goog_ac_01,20.0,5
2025-01-21,Google App Campaigns,goog_ac_02,0.0,3
2025-01-21,Google App Campaigns,goog_ac_02,5.0,2
2025-01-21,Google App Campaigns,goog_ac_02,10.0,5
2025-01-21,Google App Campaigns,goog_ac_02,40.0,3
2025-01-21,Google App Campaigns,goog_ac_02,63.0,2
2025-01-21,Google Brand Search,goog_brand_01,0.0,3
2025-01-21,Google Brand Search,goog_brand_01,5.0,7
2025-01-21,Google Brand Search,goog_brand_01,10.0,4
2025-01-21,Google Brand Search,goog_brand_01,20.0,3
2025-01-21,Google Brand Search,goog_brand_01,40.0,1
2025-01-21,Google Brand Search,goog_brand_01,63.0,3
2025-01-21,Google Non-Brand Search,goog_search_01,0.0,8
2025-01-21,Google Non-Brand Search,goog_search_01,5.0,8
2025-01-21,Google Non-Brand Search,goog_search_01,10.0,10
2025-01-21,Google Non-Brand Search,goog_search_01,20.0,5
2025-01-21,Google Non-Brand Search,goog_search_01,40.0,3
2025-01-21,Google Non-Brand Search,goog_search_01,63.0,1
2025-01-21,TikTok,tiktok_upper_01,0.0,4
2025-01-21,TikTok,tiktok_upper_01,5.0,4
2025-01-21,TikTok,tiktok_upper_01,10.0,3
2025-01-21,TikTok,tiktok_upper_02,0.0,5
2025-01-21,TikTok,tiktok_upper_02,5.0,3
2025-01-21,TikTok,tiktok_upper_02,10.0,6
2025-01-21,TikTok,tiktok_upper_02,20.0,1
2025-01-21,TikTok,tiktok_upper_02,40.0,1
2025-01-22,Meta,fb_prospect_01,0.0,7
2025-01-22,Meta,fb_prospect_01,5.0,4
2025-01-22,Meta,fb_prospect_01,10.0,6
2025-01-22,Meta,fb_prospect_01,20.0,3
2025-01-22,Meta,fb_prospect_01,40.0,2
2025-01-22,Meta,fb_prospect_02,5.0,6
2025-01-22,Meta,fb_prospect_02,10.0,11
2025-01-22,Meta,fb_prospect_02,20.0,2
2025-01-22,Meta,fb_prospect_02,63.0,1
2025-01-22,Google App Campaigns,goog_ac_01,0.0,4
2025-01-22,Google App Campaigns,goog_ac_01,5.0,4
2025-01-22,Google App Campaigns,goog_ac_01,10.0,4
2025-01-22,Google App Campaigns,goog_ac_01,63.0,1
2025-01-22,Google App Campaigns,goog_ac_02,0.0,5
2025-01-22,Google App Campaigns,goog_ac_02,5.0,1
2025-01-22,Google App Campaigns,goog_ac_02,10.0,3
2025-01-22,Google App Campaigns,goog_ac_02,20.0,1
2025-01-22,Google App Campaigns,goog_ac_02,40.0,1
2025-01-22,Google App Campaigns,goog_ac_02,63.0,1
2025-01-22,Google Brand Search,goog_brand_01,0.0,2
2025-01-22,Google Brand Search,goog_brand_01,5.0,4
2025-01-22,Google Brand Search,goog_brand_01,10.0,2
2025-01-22,Google Brand Search,goog_brand_01,20.0,3
2025-01-22,Google Brand Search,goog_brand_01,40.0,1
2025-01-22,Google Non-Brand Search,goog_search_01,0.0,3
2025-01-22,Google Non-Brand Search,goog_search_01,5.0,6
2025-01-22,Google Non-Brand Search,goog_search_01,10.0,3
2025-01-22,Google Non-Brand Search,goog_search_01,20.0,9
2025-01-22,Google Non-Brand Search,goog_search_01,40.0,3
2025-01-22,TikTok,tiktok_upper_01,0.0,7
2025-01-22,TikTok,tiktok_upper_01,5.0,6
2025-01-22,TikTok,tiktok_upper_01,10.0,1
2025-01-22,TikTok,tiktok_upper_01,63.0,1
2025-01-22,TikTok,tiktok_upper_02,,7
2025-01-23,Meta,fb_prospect_01,0.0,7
2025-01-23,Meta,fb_prospect_01,5.0,5
2025-01-23,Meta,fb_prospect_01,10.0,7
2025-01-23,Meta,fb_prospect_01,20.0,4
2025-01-23,Meta,fb_prospect_01,40.0,2
2025-01-23,Meta,fb_prospect_01,63.0,1
2025-01-23,Meta,fb_prospect_02,0.0,5
2025-01-23,Meta,fb_prospect_02,5.0,9
2025-01-23,Meta,fb_prospect_02,10.0,7
2025-01-23,Meta,fb_prospect_02,20.0,5
2025-01-23,Meta,fb_prospect_02,40.0,1
2025-01-23,Google App Campaigns,goog_ac_01,0.0,3
2025-01-23,Google App Campaigns,goog_ac_01,5.0,3
2025-01-23,Google App Campaigns,goog_ac_01,10.0,4
2025-01-23,Google App Campaigns,goog_ac_01,20.0,1
2025-01-23,Google App Campaigns,goog_ac_01,40.0,1
2025-01-23,Google App Campaigns,goog_ac_01,63.0,2
2025-01-23,Google App Campaigns,goog_ac_02,0.0,2
2025-01-23,Google App Campaigns,goog_ac_02,5.0,2
2025-01-23,Google App Campaigns,goog_ac_02,10.0,5
2025-01-23,Google App Campaigns,goog_ac_02,20.0,2
2025-01-23,Google App Campaigns,goog_ac_02,63.0,1
2025-01-23,Google Brand Search,goog_brand_01,0.0,8
2025-01-23,Google Brand Search,goog_brand_01,5.0,6
2025-01-23,Google Brand Search,goog_brand_01,10.0,6
2025-01-23,Google Brand Search,goog_brand_01,20.0,3
2025-01-23,Google Brand Search,goog_brand_01,63.0,1
2025-01-23,Google Non-Brand Search,goog_search_01,0.0,6
2025-01-23,Google Non-Brand Search,goog_search_01,5.0,5
2025-01-23,Google Non-Brand Search,goog_search_01,10.0,1
2025-01-23,Google Non-Brand Search,goog_search_01,20.0,1
2025-01-23,Google Non-Brand Search,goog_search_01,40.0,1
2025-01-23,Google Non-Brand Search,goog_search_01,63.0,1
2025-01-23,TikTok,tiktok_upper_01,,6
2025-01-23,TikTok,tiktok_upper_02,0.0,6
2025-01-23,TikTok,tiktok_upper_02,5.0,4
2025-01-23,TikTok,tiktok_upper_02,63.0,2
2025-01-24,Meta,fb_prospect_01,0.0,6
2025-01-24,Meta,fb_prospect_01,5.0,3
2025-01-24,Meta,fb_prospect_01,10.0,5
2025-01-24,Meta,fb_prospect_01,20.0,6
2025-01-24,Meta,fb_prospect_01,40.0,1
2025-01-24,Meta,fb_prospect_02,0.0,5
2025-01-24,Meta,fb_prospect_02,5.0,8
2025-01-24,Meta,fb_prospect_02,10.0,3
2025-01-24,Meta,fb_prospect_02,20.0,2
2025-01-24,Meta,fb_prospect_02,40.0,1
2025-01-24,Meta,fb_prospect_02,63.0,3
2025-01-24,Google App Campaigns,goog_ac_01,0.0,2
2025-01-24,Google App Campaigns,goog_ac_01,5.0,4
2025-01-24,Google App Campaigns,goog_ac_01,10.0,2
2025-01-24,Google App Campaigns,goog_ac_01,20.0,2
2025-01-24,Google App Campaigns,goog_ac_01,40.0,1
2025-01-24,Google App Campaigns,goog_ac_01,63.0,1
2025-01-24,Google App Campaigns,goog_ac_02,0.0,3
2025-01-24,Google App Campaigns,goog_ac_02,5.0,5
2025-01-24,Google App Campaigns,goog_ac_02,40.0,1
2025-01-24,Google App Campaigns,goog_ac_02,63.0,1
2025-01-24,Google Brand Search,goog_brand_01,0.0,5
2025-01-24,Google Brand Search,goog_brand_01,5.0,3
2025-01-24,Google Brand Search,goog_brand_01,10.0,8
2025-01-24,Google Brand Search,goog_brand_01,20.0,7
2025-01-24,Google Non-Brand Search,goog_search_01,5.0,4
2025-01-24,Google Non-Brand Search,goog_search_01,10.0,4
2025-01-24,Google Non-Brand Search,goog_search_01,20.0,5
2025-01-24,Google Non-Brand Search,goog_search_01,40.0,1
2025-01-24,TikTok,tiktok_upper_01,0.0,8
2025-01-24,TikTok,tiktok_upper_01,5.0,2
2025-01-24,TikTok,tiktok_upper_01,10.0,1
2025-01-24,TikTok,tiktok_upper_01,63.0,1
2025-01-24,TikTok,tiktok_upper_02,0.0,4
2025-01-24,TikTok,tiktok_upper_02,5.0,8
2025-01-24,TikTok,tiktok_upper_02,10.0,1
2025-01-24,TikTok,tiktok_upper_02,20.0,1
2025-01-24,TikTok,tiktok_upper_02,40.0,1
2025-01-25,Meta,fb_prospect_01,0.0,5
2025-01-25,Meta,fb_prospect_01,5.0,9
2025-01-25,Meta,fb_prospect_01,10.0,6
2025-01-25,Meta,fb_prospect_01,20.0,2
2025-01-25,Meta,fb_prospect_01,40.0,1
2025-01-25,Meta,fb_prospect_01,63.0,1
2025-01-25,Meta,fb_prospect_02,0.0,8
2025-01-25,Meta,fb_prospect_02,5.0,7
2025-01-25,Meta,fb_prospect_02,10.0,10
2025-01-25,Meta,fb_prospect_02,20.0,3
2025-01-25,Meta,fb_prospect_02,40.0,2
2025-01-25,Google App Campaigns,goog_ac_01,0.0,2
2025-01-25,Google App Campaigns,goog_ac_01,5.0,3
2025-01-25,Google App Campaigns,goog_ac_01,10.0,5
2025-01-25,Google App Campaigns,goog_ac_01,20.0,1
2025-01-25,Google App Campaigns,goog_ac_01,40.0,3
2025-01-25,Google App Campaigns,goog_ac_02,0.0,6
2025-01-25,Google App Campaigns,goog_ac_02,5.0,3
2025-01-25,Google App Campaigns,goog_ac_02,10.0,3
2025-01-25,Google App Campaigns,goog_ac_02,20.0,1
2025-01-25,Google Brand Search,goog_brand_01,0.0,3
2025-01-25,Google Brand Search,goog_brand_01,5.0,4
2025-01-25,Google Brand Search,goog_brand_01,10.0,5
2025-01-25,Google Brand Search,goog_brand_01,20.0,5
2025-01-25,Google Brand Search,goog_brand_01,40.0,2
2025-01-25,Google Brand Search,goog_brand_01,63.0,3
2025-01-25,Google Non-Brand Search,goog_search_01,0.0,3
2025-01-25,Google Non-Brand Search,goog_search_01,5.0,5
2025-01-25,Google Non-Brand Search,goog_search_01,10.0,6
2025-01-25,Google Non-Brand Search,goog_search_01,20.0,2
2025-01-25,Google Non-Brand Search,goog_search_01,63.0,2
2025-01-25,TikTok,tiktok_upper_01,0.0,5
2025-01-25,TikTok,tiktok_upper_01,5.0,3
2025-01-25,TikTok,tiktok_upper_01,10.0,3
2025-01-25,TikTok,tiktok_upper_01,20.0,1
2025-01-25,TikTok,tiktok_upper_01,40.0,2
2025-01-25,TikTok,tiktok_upper_02,0.0,6
2025-01-25,TikTok,tiktok_upper_02,5.0,6
2025-01-25,TikTok,tiktok_upper_02,20.0,2
2025-01-26,Meta,fb_prospect_01,0.0,9
2025-01-26,Meta,fb_prospect_01,5.0,6
2025-01-26,Meta,fb_prospect_01,10.0,4
2025-01-26,Meta,fb_prospect_01,20.0,3
2025-01-26,Meta,fb_prospect_01,63.0,1
2025-01-26,Meta,fb_prospect_02,0.0,4
2025-01-26,Meta,fb_prospect_02,5.0,10
2025-01-26,Meta,fb_prospect_02,10.0,8
2025-01-26,Meta,fb_prospect_02,20.0,1
2025-01-26,Meta,fb_prospect_02,40.0,2
2025-01-26,Google App Campaigns,goog_ac_01,0.0,5
2025-01-26,Google App Campaigns,goog_ac_01,5.0,8
2025-01-26,Google App Campaigns,goog_ac_01,10.0,2
2025-01-26,Google App Campaigns,goog_ac_01,20.0,3
2025-01-26,Google App Campaigns,goog_ac_01,40.0,1
2025-01-26,Google App Campaigns,goog_ac_02,0.0,4
2025-01-26,Google App Campaigns,goog_ac_02,5.0,3
2025-01-26,Google App Campaigns,goog_ac_02,10.0,3
2025-01-26,Google Brand Search,goog_brand_01,0.0,7
2025-01-26,Google Brand Search,goog_brand_01,5.0,7
2025-01-26,Google Brand Search,goog_brand_01,10.0,9
2025-01-26,Google Brand Search,goog_brand_01,20.0,4
2025-01-26,Google Brand Search,goog_brand_01,40.0,3
2025-01-26,Google Brand Search,goog_brand_01,63.0,2
2025-01-26,Google Non-Brand Search,goog_search_01,0.0,3
2025-01-26,Google Non-Brand Search,goog_search_01,5.0,4
2025-01-26,Google Non-Brand Search,goog_search_01,10.0,6
2025-01-26,Google Non-Brand Search,goog_search_01,20.0,6
2025-01-26,Google Non-Brand Search,goog_search_01,40.0,1
2025-01-26,TikTok,tiktok_upper_01,0.0,6
2025-01-26,TikTok,tiktok_upper_01,5.0,10
2025-01-26,TikTok,tiktok_upper_01,20.0,2
2025-01-26,TikTok,tiktok_upper_02,0.0,10
2025-01-26,TikTok,tiktok_upper_02,5.0,5
2025-01-26,TikTok,tiktok_upper_02,10.0,2
2025-01-26,TikTok,tiktok_upper_02,63.0,1
2025-01-27,Meta,fb_prospect_01,0.0,9
2025-01-27,Meta,fb_prospect_01,5.0,9
2025-01-27,Meta,fb_prospect_01,10.0,5
2025-01-27,Meta,fb_prospect_01,20.0,2
2025-01-27,Meta,fb_prospect_01,40.0,3
2025-01-27,Meta,fb_prospect_01,63.0,2
2025-01-27,Meta,fb_prospect_02,0.0,4
2025-01-27,Meta,fb_prospect_02,5.0,7
2025-01-27,Meta,fb_prospect_02,10.0,10
2025-01-27,Meta,fb_prospect_02,20.0,2
2025-01-27,Meta,fb_prospect_02,40.0,3
2025-01-27,Meta,fb_prospect_02,63.0,1
2025-01-27,Google App Campaigns,goog_ac_01,0.0,7
2025-01-27,Google App Campaigns,goog_ac_01,5.0,5
2025-01-27,Google App Campaigns,goog_ac_01,10.0,3
2025-01-27,Google App Campaigns,goog_ac_01,20.0,2
2025-01-27,Google App Campaigns,goog_ac_02,0.0,2
2025-01-27,Google App Campaigns,goog_ac_02,5.0,3
2025-01-27,Google App Campaigns,goog_ac_02,10.0,3
2025-01-27,Google App Campaigns,goog_ac_02,40.0,1
2025-01-27,Google App Campaigns,goog_ac_02,63.0,3
2025-01-27,Google Brand Search,goog_brand_01,0.0,4
2025-01-27,Google Brand Search,goog_brand_01,5.0,3
2025-01-27,Google Brand Search,goog_brand_01,10.0,4
2025-01-27,Google Brand Search,goog_brand_01,20.0,4
2025-01-27,Google Brand Search,goog_brand_01,40.0,3
2025-01-27,Google Brand Search,goog_brand_01,63.0,4
2025-01-27,Google Non-Brand Search,goog_search_01,0.0,2
2025-01-27,Google Non-Brand Search,goog_search_01,5.0,3
2025-01-27,Google Non-Brand Search,goog_search_01,10.0,5
2025-01-27,Google Non-Brand Search,goog_search_01,20.0,6
2025-01-27,Google Non-Brand Search,goog_search_01,40.0,1
2025-01-27,Google Non-Brand Search,goog_search_01,63.0,1
2025-01-27,TikTok,tiktok_upper_01,0.0,10
2025-01-27,TikTok,tiktok_upper_01,5.0,5
2025-01-27,TikTok,tiktok_upper_01,10.0,2
2025-01-27,TikTok,tiktok_upper_02,0.0,4
2025-01-27,TikTok,tiktok_upper_02,5.0,3
2025-01-27,TikTok,tiktok_upper_02,10.0,3
2025-01-27,TikTok,tiktok_upper_02,63.0,1
2025-01-28,Meta,fb_prospect_01,0.0,8
2025-01-28,Meta,fb_prospect_01,5.0,10
2025-01-28,Meta,fb_prospect_01,10.0,4
2025-01-28,Meta,fb_prospect_01,20.0,1
2025-01-28,Meta,fb_prospect_02,0.0,7
2025-01-28,Meta,fb_prospect_02,5.0,7
2025-01-28,Meta,fb_prospect_02,10.0,8
2025-01-28,Meta,fb_prospect_02,20.0,2
2025-01-28,Meta,fb_prospect_02,40.0,1
2025-01-28,Meta,fb_prospect_02,63.0,1
2025-01-28,Google App Campaigns,goog_ac_01,0.0,3
2025-01-28,Google App Campaigns,goog_ac_01,5.0,3
2025-01-28,Google App Campaigns,goog_ac_01,10.0,3
2025-01-28,Google App Campaigns,goog_ac_01,40.0,1
2025-01-28,Google App Campaigns,goog_ac_01,63.0,2
2025-01-28,Google App Campaigns,goog_ac_02,0.0,1
2025-01-28,Google App Campaigns,goog_ac_02,5.0,4
2025-01-28,Google App Campaigns,goog_ac_02,10.0,2
2025-01-28,Google App Campaigns,goog_ac_02,20.0,3
2025-01-28,Google App Campaigns,goog_ac_02,40.0,2
2025-01-28,Google Brand Search,goog_brand_01,0.0,1
2025-01-28,Google Brand Search,goog_brand_01,5.0,9
2025-01-28,Google Brand Search,goog_brand_01,10.0,5
2025-01-28,Google Brand Search,goog_brand_01,20.0,4
2025-01-28,Google Brand Search,goog_brand_01,40.0,2
2025-01-28,Google Brand Search,goog_brand_01,63.0,3
2025-01-28,Google Non-Brand Search,goog_search_01,0.0,4
2025-01-28,Google Non-Brand Search,goog_search_01,5.0,3
2025-01-28,Google Non-Brand Search,goog_search_01,10.0,5
2025-01-28,Google Non-Brand Search,goog_search_01,20.0,4
2025-01-28,Google Non-Brand Search,goog_search_01,40.0,2
2025-01-28,TikTok,tiktok_upper_01,0.0,6
2025-01-28,TikTok,tiktok_upper_01,5.0,2
2025-01-28,TikTok,tiktok_upper_01,10.0,3
2025-01-28,TikTok,tiktok_upper_01,20.0,1
2025-01-28,TikTok,tiktok_upper_01,40.0,1
2025-01-28,TikTok,tiktok_upper_02,0.0,4
2025-01-28,TikTok,tiktok_upper_02,5.0,6
2025-01-28,TikTok,tiktok_upper_02,10.0,1
2025-01-28,TikTok,tiktok_upper_02,20.0,1
2025-01-28,TikTok,tiktok_upper_02,40.0,1
2025-01-29,Meta,fb_prospect_01,0.0,7
2025-01-29,Meta,fb_prospect_01,5.0,10
2025-01-29,Meta,fb_prospect_01,10.0,7
2025-01-29,Meta,fb_prospect_01,20.0,2
2025-01-29,Meta,fb_prospect_01,40.0,2
2025-01-29,Meta,fb_prospect_02,0.0,4
2025-01-29,Meta,fb_prospect_02,5.0,9
2025-01-29,Meta,fb_prospect_02,10.0,4
2025-01-29,Meta,fb_prospect_02,20.0,4
2025-01-29,Google App Campaigns,goog_ac_01,0.0,2
2025-01-29,Google App Campaigns,goog_ac_01,5.0,4
2025-01-29,Google App Campaigns,goog_ac_01,10.0,1
2025-01-29,Google App Campaigns,goog_ac_01,20.0,3
2025-01-29,Google App Campaigns,goog_ac_01,40.0,1
2025-01-29,Google App Campaigns,goog_ac_01,63.0,1
2025-01-29,Google App Campaigns,goog_ac_02,,9
2025-01-29,Google Brand Search,goog_brand_01,0.0,2
2025-01-29,Google Brand Search,goog_brand_01,5.0,5
2025-01-29,Google Brand Search,goog_brand_01,10.0,5
2025-01-29,Google Brand Search,goog_brand_01,20.0,1
2025-01-29,Google Brand Search,goog_brand_01,40.0,2
2025-01-29,Google Brand Search,goog_brand_01,63.0,1
2025-01-29,Google Non-Brand Search,goog_search_01,0.0,2
2025-01-29,Google Non-Brand Search,goog_search_01,5.0,5
2025-01-29,Google Non-Brand Search,goog_search_01,10.0,6
2025-01-29,Google Non-Brand Search,goog_search_01,20.0,3
2025-01-29,Google Non-Brand Search,goog_search_01,40.0,1
2025-01-29,Google Non-Brand Search,goog_search_01,63.0,4
2025-01-29,TikTok,tiktok_upper_01,0.0,4
2025-01-29,TikTok,tiktok_upper_01,5.0,3
2025-01-29,TikTok,tiktok_upper_01,10.0,2
2025-01-29,TikTok,tiktok_upper_01,20.0,1
2025-01-29,TikTok,tiktok_upper_01,63.0,1
2025-01-29,TikTok,tiktok_upper_02,0.0,4
2025-01-29,TikTok,tiktok_upper_02,5.0,4
2025-01-29,TikTok,tiktok_upper_02,10.0,2
2025-01-29,TikTok,tiktok_upper_02,20.0,1
2025-01-29,TikTok,tiktok_upper_02,63.0,1
2025-01-30,Meta,fb_prospect_01,0.0,5
2025-01-30,Meta,fb_prospect_01,5.0,8
2025-01-30,Meta,fb_prospect_01,10.0,6
2025-01-30,Meta,fb_prospect_01,20.0,1
2025-01-30,Meta,fb_prospect_01,40.0,2
2025-01-30,Meta,fb_prospect_02,0.0,3
2025-01-30,Meta,fb_prospect_02,5.0,6
2025-01-30,Meta,fb_prospect_02,10.0,9
2025-01-30,Meta,fb_prospect_02,20.0,1
2025-01-30,Meta,fb_prospect_02,40.0,3
2025-01-30,Google App Campaigns,goog_ac_01,,8
2025-01-30,Google App Campaigns,goog_ac_02,,7
2025-01-30,Google Brand Search,goog_brand_01,0.0,5
2025-01-30,Google Brand Search,goog_brand_01,5.0,2
2025-01-30,Google Brand Search,goog_brand_01,10.0,6
2025-01-30,Google Brand Search,goog_brand_01,20.0,2
2025-01-30,Google Brand Search,goog_brand_01,40.0,1
2025-01-30,Google Non-Brand Search,goog_search_01,0.0,4
2025-01-30,Google Non-Brand Search,goog_search_01,5.0,5
2025-01-30,Google Non-Brand Search,goog_search_01,10.0,7
2025-01-30,Google Non-Brand Search,goog_search_01,40.0,2
2025-01-30,TikTok,tiktok_upper_01,0.0,6
2025-01-30,TikTok,tiktok_upper_01,5.0,5
2025-01-30,TikTok,tiktok_upper_01,10.0,2
2025-01-30,TikTok,tiktok_upper_01,20.0,1
2025-01-30,TikTok,tiktok_upper_02,,8
2025-01-31,Meta,fb_prospect_01,0.0,10
2025-01-31,Meta,fb_prospect_01,5.0,7
2025-01-31,Meta,fb_prospect_01,10.0,2
2025-01-31,Meta,fb_prospect_01,20.0,2
2025-01-31,Meta,fb_prospect_01,40.0,2
2025-01-31,Meta,fb_prospect_02,0.0,8
2025-01-31,Meta,fb_prospect_02,5.0,4
2025-01-31,Meta,fb_prospect_02,10.0,8
2025-01-31,Meta,fb_prospect_02,20.0,4
2025-01-31,Meta,fb_prospect_02,40.0,2
2025-01-31,Google App Campaigns,goog_ac_01,0.0,3
2025-01-31,Google App Campaigns,goog_ac_01,10.0,4
2025-01-31,Google App Campaigns,goog_ac_01,20.0,3
2025-01-31,Google App Campaigns,goog_ac_01,40.0,1
2025-01-31,Google App Campaigns,goog_ac_01,63.0,1
2025-01-31,Google App Campaigns,goog_ac_02,0.0,3
2025-01-31,Google App Campaigns,goog_ac_02,5.0,5
2025-01-31,Google App Campaigns,goog_ac_02,10.0,4
2025-01-31,Google App Campaigns,goog_ac_02,20.0,1
2025-01-31,Google App Campaigns,goog_ac_02,40.0,1
2025-01-31,Google Brand Search,goog_brand_01,5.0,6
2025-01-31,Google Brand Search,goog_brand_01,10.0,3
2025-01-31,Google Brand Search,goog_brand_01,20.0,1
2025-01-31,Google Non-Brand Search,goog_search_01,0.0,5
2025-01-31,Google Non-Brand Search,goog_search_01,5.0,2
2025-01-31,Google Non-Brand Search,goog_search_01,10.0,6
2025-01-31,Google Non-Brand Search,goog_search_01,20.0,5
2025-01-31,Google Non-Brand Search,goog_search_01,40.0,3
2025-01-31,Google Non-Brand Search,goog_search_01,63.0,4
2025-01-31,TikTok,tiktok_upper_01,0.0,7
2025-01-31,TikTok,tiktok_upper_01,5.0,3
2025-01-31,TikTok,tiktok_upper_01,10.0,2
2025-01-31,TikTok,tiktok_upper_01,20.0,1
2025-01-31,TikTok,tiktok_upper_02,0.0,6
2025-01-31,TikTok,tiktok_upper_02,5.0,7
2025-01-31,TikTok,tiktok_upper_02,20.0,2
2025-01-31,TikTok,tiktok_upper_02,63.0,1
2025-02-01,Meta,fb_prospect_01,0.0,6
2025-02-01,Meta,fb_prospect_01,5.0,7
2025-02-01,Meta,fb_prospect_01,10.0,7
2025-02-01,Meta,fb_prospect_01,20.0,1
2025-02-01,Meta,fb_prospect_01,63.0,1
2025-02-01,Meta,fb_prospect_02,0.0,7
2025-02-01,Meta,fb_prospect_02,5.0,11
2025-02-01,Meta,fb_prospect_02,10.0,7
2025-02-01,Meta,fb_prospect_02,20.0,1
2025-02-01,Meta,fb_prospect_02,63.0,1
2025-02-01,Google App Campaigns,goog_ac_01,0.0,8
2025-02-01,Google App Campaigns,goog_ac_01,5.0,7
2025-02-01,Google App Campaigns,goog_ac_01,10.0,2
2025-02-01,Google App Campaigns,goog_ac_01,20.0,1
2025-02-01,Google App Campaigns,goog_ac_02,0.0,2
2025-02-01,Google App Campaigns,goog_ac_02,5.0,2
2025-02-01,Google App Campaigns,goog_ac_02,10.0,4
2025-02-01,Google App Campaigns,goog_ac_02,20.0,4
2025-02-01,Google App Campaigns,goog_ac_02,40.0,1
2025-02-01,Google Brand Search,goog_brand_01,0.0,9
2025-02-01,Google Brand Search,goog_brand_01,5.0,7
2025-02-01,Google Brand Search,goog_brand_01,10.0,9
2025-02-01,Google Brand Search,goog_brand_01,20.0,5
2025-02-01,Google Brand Search,goog_brand_01,63.0,1
2025-02-01,Google Non-Brand Search,goog_search_01,0.0,2
2025-02-01,Google Non-Brand Search,goog_search_01,5.0,5
2025-02-01,Google Non-Brand Search,goog_search_01,10.0,4
2025-02-01,Google Non-Brand Search,goog_search_01,20.0,4
2025-02-01,Google Non-Brand Search,goog_search_01,40.0,3
2025-02-01,TikTok,tiktok_upper_01,0.0,10
2025-02-01,TikTok,tiktok_upper_01,5.0,6
2025-02-01,TikTok,tiktok_upper_02,0.0,7
2025-02-01,TikTok,tiktok_upper_02,5.0,5
2025-02-01,TikTok,tiktok_upper_02,10.0,1
2025-02-02,Meta,fb_prospect_01,0.0,6
2025-02-02,Meta,fb_prospect_01,5.0,7
2025-02-02,Meta,fb_prospect_01,10.0,4
2025-02-02,Meta,fb_prospect_02,0.0,9
2025-02-02,Meta,fb_prospect_02,5.0,7
2025-02-02,Meta,fb_prospect_02,20.0,3
2025-02-02,Meta,fb_prospect_02,40.0,1
2025-02-02,Meta,fb_prospect_02,63.0,2
2025-02-02,Google App Campaigns,goog_ac_01,0.0,3
2025-02-02,Google App Campaigns,goog_ac_01,5.0,4
2025-02-02,Google App Campaigns,goog_ac_01,10.0,3
2025-02-02,Google App Campaigns,goog_ac_01,20.0,2
2025-02-02,Google App Campaigns,goog_ac_01,40.0,1
2025-02-02,Google App Campaigns,goog_ac_02,0.0,3
2025-02-02,Google App Campaigns,goog_ac_02,5.0,5
2025-02-02,Google App Campaigns,goog_ac_02,10.0,7
2025-02-02,Google App Campaigns,goog_ac_02,20.0,2
2025-02-02,Google App Campaigns,goog_ac_02,63.0,1
2025-02-02,Google Brand Search,goog_brand_01,0.0,6
2025-02-02,Google Brand Search,goog_brand_01,5.0,5
2025-02-02,Google Brand Search,goog_brand_01,10.0,7
2025-02-02,Google Brand Search,goog_brand_01,20.0,2
2025-02-02,Google Brand Search,goog_brand_01,63.0,1
2025-02-02,Google Non-Brand Search,goog_search_01,0.0,5
2025-02-02,Google Non-Brand Search,goog_search_01,5.0,5
2025-02-02,Google Non-Brand Search,goog_search_01,10.0,2
2025-02-02,Google Non-Brand Search,goog_search_01,20.0,2
2025-02-02,Google Non-Brand Search,goog_search_01,63.0,4
2025-02-02,TikTok,tiktok_upper_01,,8
2025-02-02,TikTok,tiktok_upper_02,0.0,6
2025-02-02,TikTok,tiktok_upper_02,5.0,2
2025-02-02,TikTok,tiktok_upper_02,10.0,4
2025-02-03,Meta,fb_prospect_01,0.0,6
2025-02-03,Meta,fb_prospect_01,5.0,4
2025-02-03,Meta,fb_prospect_01,10.0,5
2025-02-03,Meta,fb_prospect_01,20.0,3
2025-02-03,Meta,fb_prospect_02,0.0,6
2025-02-03,Meta,fb_prospect_02,5.0,5
2025-02-03,Meta,fb_prospect_02,10.0,6
2025-02-03,Meta,fb_prospect_02,20.0,2
2025-02-03,Meta,fb_prospect_02,63.0,1
2025-02-03,Google App Campaigns,goog_ac_01,0.0,5
2025-02-03,Google App Campaigns,goog_ac_01,5.0,6
2025-02-03,Google App Campaigns,goog_ac_01,10.0,4
2025-02-03,Google App Campaigns,goog_ac_01,20.0,1
2025-02-03,Google App Campaigns,goog_ac_01,40.0,1
2025-02-03,Google App Campaigns,goog_ac_02,0.0,5
2025-02-03,Google App Campaigns,goog_ac_02,5.0,4
2025-02-03,Google App Campaigns,goog_ac_02,10.0,1
2025-02-03,Google App Campaigns,goog_ac_02,20.0,1
2025-02-03,Google Brand Search,goog_brand_01,0.0,1
2025-02-03,Google Brand Search,goog_brand_01,5.0,5
2025-02-03,Google Brand Search,goog_brand_01,10.0,3
2025-02-03,Google Brand Search,goog_brand_01,20.0,3
2025-02-03,Google Brand Search,goog_brand_01,40.0,1
2025-02-03,Google Non-Brand Search,goog_search_01,0.0,4
2025-02-03,Google Non-Brand Search,goog_search_01,5.0,5
2025-02-03,Google Non-Brand Search,goog_search_01,10.0,3
2025-02-03,Google Non-Brand Search,goog_search_01,20.0,3
2025-02-03,Google Non-Brand Search,goog_search_01,40.0,2
2025-02-03,Google Non-Brand Search,goog_search_01,63.0,1
2025-02-03,TikTok,tiktok_upper_01,0.0,4
2025-02-03,TikTok,tiktok_upper_01,5.0,6
2025-02-03,TikTok,tiktok_upper_01,10.0,1
2025-02-03,TikTok,tiktok_upper_01,63.0,1
2025-02-03,TikTok,tiktok_upper_02,0.0,4
2025-02-03,TikTok,tiktok_upper_02,5.0,3
2025-02-03,TikTok,tiktok_upper_02,10.0,2
2025-02-03,TikTok,tiktok_upper_02,20.0,3
2025-02-04,Meta,fb_prospect_01,0.0,5
2025-02-04,Meta,fb_prospect_01,5.0,4
2025-02-04,Meta,fb_prospect_01,10.0,3
2025-02-04,Meta,fb_prospect_01,20.0,1
2025-02-04,Meta,fb_prospect_01,40.0,1
2025-02-04,Meta,fb_prospect_02,0.0,5
2025-02-04,Meta,fb_prospect_02,5.0,10
2025-02-04,Meta,fb_prospect_02,10.0,2
2025-02-04,Meta,fb_prospect_02,20.0,4
2025-02-04,Meta,fb_prospect_02,40.0,1
2025-02-04,Google App Campaigns,goog_ac_01,0.0,2
2025-02-04,Google App Campaigns,goog_ac_01,5.0,3
2025-02-04,Google App Campaigns,goog_ac_01,10.0,6
2025-02-04,Google App Campaigns,goog_ac_01,40.0,1
2025-02-04,Google App Campaigns,goog_ac_02,0.0,2
2025-02-04,Google App Campaigns,goog_ac_02,5.0,5
2025-02-04,Google App Campaigns,goog_ac_02,10.0,1
2025-02-04,Google App Campaigns,goog_ac_02,20.0,3
2025-02-04,Google App Campaigns,goog_ac_02,40.0,1
2025-02-04,Google App Campaigns,goog_ac_02,63.0,1
2025-02-04,Google Brand Search,goog_brand_01,0.0,3
2025-02-04,Google Brand Search,goog_brand_01,5.0,3
2025-02-04,Google Brand Search,goog_brand_01,10.0,3
2025-02-04,Google Brand Search,goog_brand_01,20.0,2
2025-02-04,Google Brand Search,goog_brand_01,40.0,2
2025-02-04,Google Non-Brand Search,goog_search_01,0.0,1
2025-02-04,Google Non-Brand Search,goog_search_01,5.0,6
2025-02-04,Google Non-Brand Search,goog_search_01,10.0,4
2025-02-04,Google Non-Brand Search,goog_search_01,20.0,3
2025-02-04,Google Non-Brand Search,goog_search_01,40.0,2
2025-02-04,Google Non-Brand Search,goog_search_01,63.0,1
2025-02-04,TikTok,tiktok_upper_01,0.0,5
2025-02-04,TikTok,tiktok_upper_01,5.0,3
2025-02-04,TikTok,tiktok_upper_01,10.0,2
2025-02-04,TikTok,tiktok_upper_01,20.0,1
2025-02-04,TikTok,tiktok_upper_02,,7
2025-02-05,Meta,fb_prospect_01,0.0,7
2025-02-05,Meta,fb_prospect_01,5.0,7
2025-02-05,Meta,fb_prospect_01,10.0,4
2025-02-05,Meta,fb_prospect_01,20.0,2
2025-02-05,Meta,fb_prospect_01,63.0,1
2025-02-05,Meta,fb_prospect_02,0.0,4
2025-02-05,Meta,fb_prospect_02,5.0,4
2025-02-05,Meta,fb_prospect_02,10.0,5
2025-02-05,Meta,fb_prospect_02,20.0,3
2025-02-05,Google App Campaigns,goog_ac_01,0.0,1
2025-02-05,Google App Campaigns,goog_ac_01,5.0,1
2025-02-05,Google App Campaigns,goog_ac_01,10.0,5
2025-02-05,Google App Campaigns,goog_ac_01,20.0,4
2025-02-05,Google App Campaigns,goog_ac_01,63.0,1
2025-02-05,Google App Campaigns,goog_ac_02,0.0,2
2025-02-05,Google App Campaigns,goog_ac_02,5.0,3
2025-02-05,Google App Campaigns,goog_ac_02,10.0,5
2025-02-05,Google App Campaigns,goog_ac_02,20.0,3
2025-02-05,Google Brand Search,goog_brand_01,0.0,2
2025-02-05,Google Brand Search,goog_brand_01,5.0,5
2025-02-05,Google Brand Search,goog_brand_01,10.0,5
2025-02-05,Google Brand Search,goog_brand_01,20.0,4
2025-02-05,Google Brand Search,goog_brand_01,40.0,2
2025-02-05,Google Non-Brand Search,goog_search_01,5.0,3
2025-02-05,Google Non-Brand Search,goog_search_01,10.0,4
2025-02-05,Google Non-Brand Search,goog_search_01,20.0,2
2025-02-05,Google Non-Brand Search,goog_search_01,40.0,1
2025-02-05,Google Non-Brand Search,goog_search_01,63.0,1
2025-02-05,TikTok,tiktok_upper_01,,5
2025-02-05,TikTok,tiktok_upper_02,,4
2025-02-06,Meta,fb_prospect_01,0.0,4
2025-02-06,Meta,fb_prospect_01,5.0,3
2025-02-06,Meta,fb_prospect_01,10.0,7
2025-02-06,Meta,fb_prospect_01,20.0,3
2025-02-06,Meta,fb_prospect_02,0.0,4
2025-02-06,Meta,fb_prospect_02,5.0,4
2025-02-06,Meta,fb_prospect_02,10.0,6
2025-02-06,Meta,fb_prospect_02,20.0,2
2025-02-06,Google App Campaigns,goog_ac_01,,6
2025-02-06,Google App Campaigns,goog_ac_02,0.0,2
2025-02-06,Google App Campaigns,goog_ac_02,5.0,4
2025-02-06,Google App Campaigns,goog_ac_02,10.0,3
2025-02-06,Google App Campaigns,goog_ac_02,20.0,1
2025-02-06,Google Brand Search,goog_brand_01,0.0,3
2025-02-06,Google Brand Search,goog_brand_01,5.0,1
2025-02-06,Google Brand Search,goog_brand_01,10.0,5
2025-02-06,Google Brand Search,goog_brand_01,20.0,4
2025-02-06,Google Brand Search,goog_brand_01,40.0,2
2025-02-06,Google Non-Brand Search,goog_search_01,0.0,5
2025-02-06,Google Non-Brand Search,goog_search_01,5.0,7
2025-02-06,Google Non-Brand Search,goog_search_01,10.0,5
2025-02-06,Google Non-Brand Search,goog_search_01,20.0,4
2025-02-06,Google Non-Brand Search,goog_search_01,63.0,1
2025-02-06,TikTok,tiktok_upper_01,0.0,4
2025-02-06,TikTok,tiktok_upper_01,5.0,5
2025-02-06,TikTok,tiktok_upper_01,10.0,1
2025-02-06,TikTok,tiktok_upper_01,20.0,1
2025-02-06,TikTok,tiktok_upper_02,0.0,4
2025-02-06,TikTok,tiktok_upper_02,5.0,5
2025-02-06,TikTok,tiktok_upper_02,10.0,1
2025-02-07,Meta,fb_prospect_01,0.0,8
2025-02-07,Meta,fb_prospect_01,5.0,6
2025-02-07,Meta,fb_prospect_01,10.0,4
2025-02-07,Meta,fb_prospect_01,20.0,2
2025-02-07,Meta,fb_prospect_01,40.0,1
2025-02-07,Meta,fb_prospect_01,63.0,1
2025-02-07,Meta,fb_prospect_02,0.0,3
2025-02-07,Meta,fb_prospect_02,5.0,4
2025-02-07,Meta,fb_prospect_02,10.0,1
2025-02-07,Meta,fb_prospect_02,20.0,2
2025-02-07,Meta,fb_prospect_02,40.0,2
2025-02-07,Meta,fb_prospect_02,63.0,2
2025-02-07,Google App Campaigns,goog_ac_01,0.0,3
2025-02-07,Google App Campaigns,goog_ac_01,5.0,4
2025-02-07,Google App Campaigns,goog_ac_01,10.0,3
2025-02-07,Google App Campaigns,goog_ac_01,20.0,1
2025-02-07,Google App Campaigns,goog_ac_01,40.0,1
2025-02-07,Google App Campaigns,goog_ac_02,0.0,3
2025-02-07,Google App Campaigns,goog_ac_02,5.0,4
2025-02-07,Google App Campaigns,goog_ac_02,10.0,1
2025-02-07,Google App Campaigns,goog_ac_02,20.0,4
2025-02-07,Google App Campaigns,goog_ac_02,63.0,1
2025-02-07,Google Brand Search,goog_brand_01,0.0,2
2025-02-07,Google Brand Search,goog_brand_01,5.0,4
2025-02-07,Google Brand Search,goog_brand_01,10.0,5
2025-02-07,Google Brand Search,goog_brand_01,40.0,2
2025-02-07,Google Brand Search,goog_brand_01,63.0,1
2025-02-07,Google Non-Brand Search,goog_search_01,0.0,1
2025-02-07,Google Non-Brand Search,goog_search_01,5.0,3
2025-02-07,Google Non-Brand Search,goog_search_01,10.0,4
2025-02-07,Google Non-Brand Search,goog_search_01,20.0,1
2025-02-07,Google Non-Brand Search,goog_search_01,40.0,2
2025-02-07,TikTok,tiktok_upper_01,,7
2025-02-07,TikTok,tiktok_upper_02,,7
2025-02-08,Meta,fb_prospect_01,0.0,7
2025-02-08,Meta,fb_prospect_01,5.0,3
2025-02-08,Meta,fb_prospect_01,10.0,5
2025-02-08,Meta,fb_prospect_01,20.0,2
2025-02-08,Meta,fb_prospect_02,0.0,6
2025-02-08,Meta,fb_prospect_02,5.0,6
2025-02-08,Meta,fb_prospect_02,10.0,3
2025-02-08,Meta,fb_prospect_02,20.0,3
2025-02-08,Google App Campaigns,goog_ac_01,0.0,2
2025-02-08,Google App Campaigns,goog_ac_01,5.0,4
2025-02-08,Google App Campaigns,goog_ac_01,10.0,4
2025-02-08,Google App Campaigns,goog_ac_01,40.0,1
2025-02-08,Google App Campaigns,goog_ac_02,0.0,4
2025-02-08,Google App Campaigns,goog_ac_02,5.0,3
2025-02-08,Google App Campaigns,goog_ac_02,10.0,3
2025-02-08,Google App Campaigns,goog_ac_02,20.0,1
2025-02-08,Google App Campaigns,goog_ac_02,40.0,3
2025-02-08,Google Brand Search,goog_brand_01,0.0,2
2025-02-08,Google Brand Search,goog_brand_01,5.0,4
2025-02-08,Google Brand Search,goog_brand_01,10.0,1
2025-02-08,Google Brand Search,goog_brand_01,20.0,4
2025-02-08,Google Brand Search,goog_brand_01,40.0,2
2025-02-08,Google Non-Brand Search,goog_search_01,0.0,1
2025-02-08,Google Non-Brand Search,goog_search_01,5.0,2
2025-02-08,Google Non-Brand Search,goog_search_01,10.0,6
2025-02-08,Google Non-Brand Search,goog_search_01,20.0,5
2025-02-08,Google Non-Brand Search,goog_search_01,40.0,2
2025-02-08,TikTok,tiktok_upper_01,0.0,7
2025-02-08,TikTok,tiktok_upper_01,5.0,4
2025-02-08,TikTok,tiktok_upper_01,10.0,2
2025-02-08,TikTok,tiktok_upper_02,,9
2025-02-09,Meta,fb_prospect_01,0.0,4
2025-02-09,Meta,fb_prospect_01,5.0,6
2025-02-09,Meta,fb_prospect_01,10.0,3
2025-02-09,Meta,fb_prospect_01,20.0,4
2025-02-09,Meta,fb_prospect_01,63.0,1
2025-02-09,Meta,fb_prospect_02,0.0,4
2025-02-09,Meta,fb_prospect_02,5.0,5
2025-02-09,Meta,fb_prospect_02,10.0,3
2025-02-09,Meta,fb_prospect_02,20.0,1
2025-02-09,Meta,fb_prospect_02,40.0,1
2025-02-09,Meta,fb_prospect_02,63.0,1
2025-02-09,Google App Campaigns,goog_ac_01,0.0,4
2025-02-09,Google App Campaigns,goog_ac_01,5.0,3
2025-02-09,Google App Campaigns,goog_ac_01,10.0,2
2025-02-09,Google App Campaigns,goog_ac_01,20.0,2
2025-02-09,Google App Campaigns,goog_ac_01,40.0,1
2025-02-09,Google App Campaigns,goog_ac_02,,8
2025-02-09,Google Brand Search,goog_brand_01,0.0,4
2025-02-09,Google Brand Search,goog_brand_01,5.0,3
2025-02-09,Google Brand Search,goog_brand_01,10.0,2
2025-02-09,Google Brand Search,goog_brand_01,20.0,2
2025-02-09,Google Brand Search,goog_brand_01,40.0,5
2025-02-09,Google Non-Brand Search,goog_search_01,0.0,3
2025-02-09,Google Non-Brand Search,goog_search_01,5.0,1
2025-02-09,Google Non-Brand Search,goog_search_01,10.0,1
2025-02-09,Google Non-Brand Search,goog_search_01,20.0,5
2025-02-09,Google Non-Brand Search,goog_search_01,40.0,1
2025-02-09,TikTok,tiktok_upper_01,0.0,6
2025-02-09,TikTok,tiktok_upper_01,5.0,3
2025-02-09,TikTok,tiktok_upper_01,10.0,1
2025-02-09,TikTok,tiktok_upper_01,40.0,1
2025-02-09,TikTok,tiktok_upper_02,0.0,4
2025-02-09,TikTok,tiktok_upper_02,5.0,8
2025-02-09,TikTok,tiktok_upper_02,10.0,3
2025-02-09,TikTok,tiktok_upper_02,20.0,1
2025-02-09,TikTok,tiktok_upper_02,40.0,1
2025-02-10,Meta,fb_prospect_01,0.0,10
2025-02-10,Meta,fb_prospect_01,5.0,4
2025-02-10,Meta,fb_prospect_01,10.0,6
2025-02-10,Meta,fb_prospect_01,20.0,1
2025-02-10,Meta,fb_prospect_01,40.0,1
2025-02-10,Meta,fb_prospect_01,63.0,2
2025-02-10,Meta,fb_prospect_02,0.0,6
2025-02-10,Meta,fb_prospect_02,5.0,3
2025-02-10,Meta,fb_prospect_02,10.0,5
2025-02-10,Meta,fb_prospect_02,20.0,2
2025-02-10,Meta,fb_prospect_02,63.0,1
2025-02-10,Google App Campaigns,goog_ac_01,0.0,4
2025-02-10,Google App Campaigns,goog_ac_01,5.0,4
2025-02-10,Google App Campaigns,goog_ac_01,20.0,1
2025-02-10,Google App Campaigns,goog_ac_01,40.0,1
2025-02-10,Google App Campaigns,goog_ac_02,0.0,5
2025-02-10,Google App Campaigns,goog_ac_02,5.0,2
2025-02-10,Google App Campaigns,goog_ac_02,10.0,2
2025-02-10,Google App Campaigns,goog_ac_02,40.0,1
2025-02-10,Google App Campaigns,goog_ac_02,63.0,1
2025-02-10,Google Brand Search,goog_brand_01,0.0,1
2025-02-10,Google Brand Search,goog_brand_01,5.0,3
2025-02-10,Google Brand Search,goog_brand_01,10.0,5
2025-02-10,Google Brand Search,goog_brand_01,20.0,4
2025-02-10,Google Brand Search,goog_brand_01,40.0,2
2025-02-10,Google Brand Search,goog_brand_01,63.0,3
2025-02-10,Google Non-Brand Search,goog_search_01,0.0,3
2025-02-10,Google Non-Brand Search,goog_search_01,5.0,3
2025-02-10,Google Non-Brand Search,goog_search_01,10.0,4
2025-02-10,Google Non-Brand Search,goog_search_01,20.0,1
2025-02-10,Google Non-Brand Search,goog_search_01,40.0,3
2025-02-10,TikTok,tiktok_upper_01,,6
2025-02-10,TikTok,tiktok_upper_02,0.0,3
2025-02-10,TikTok,tiktok_upper_02,5.0,3
2025-02-10,TikTok,tiktok_upper_02,10.0,2
2025-02-10,TikTok,tiktok_upper_02,20.0,2
2025-02-11,Meta,fb_prospect_01,0.0,6
2025-02-11,Meta,fb_prospect_01,5.0,7
2025-02-11,Meta,fb_prospect_01,10.0,5
2025-02-11,Meta,fb_prospect_01,40.0,1
2025-02-11,Meta,fb_prospect_01,63.0,2
2025-02-11,Meta,fb_prospect_02,0.0,5
2025-02-11,Meta,fb_prospect_02,5.0,4
2025-02-11,Meta,fb_prospect_02,10.0,2
2025-02-11,Meta,fb_prospect_02,40.0,1
2025-02-11,Google App Campaigns,goog_ac_01,0.0,2
2025-02-11,Google App Campaigns,goog_ac_01,5.0,3
2025-02-11,Google App Campaigns,goog_ac_01,10.0,2
2025-02-11,Google App Campaigns,goog_ac_01,20.0,1
2025-02-11,Google App Campaigns,goog_ac_01,40.0,1
2025-02-11,Google App Campaigns,goog_ac_01,63.0,1
2025-02-11,Google App Campaigns,goog_ac_02,,6
2025-02-11,Google Brand Search,goog_brand_01,0.0,2
2025-02-11,Google Brand Search,goog_brand_01,5.0,5
2025-02-11,Google Brand Search,goog_brand_01,20.0,3
2025-02-11,Google Brand Search,goog_brand_01,40.0,1
2025-02-11,Google Brand Search,goog_brand_01,63.0,1
2025-02-11,Google Non-Brand Search,goog_search_01,0.0,3
2025-02-11,Google Non-Brand Search,goog_search_01,5.0,2
2025-02-11,Google Non-Brand Search,goog_search_01,10.0,2
2025-02-11,Google Non-Brand Search,goog_search_01,20.0,3
2025-02-11,Google Non-Brand Search,goog_search_01,40.0,1
2025-02-11,Google Non-Brand Search,goog_search_01,63.0,1
2025-02-11,TikTok,tiktok_upper_01,,9
2025-02-11,TikTok,tiktok_upper_02,0.0,3
2025-02-11,TikTok,tiktok_upper_02,5.0,4
2025-02-11,TikTok,tiktok_upper_02,10.0,2
2025-02-11,TikTok,tiktok_upper_02,40.0,1
2025-02-12,Meta,fb_prospect_01,0.0,2
2025-02-12,Meta,fb_prospect_01,5.0,5
2025-02-12,Meta,fb_prospect_01,10.0,7
2025-02-12,Meta,fb_prospect_01,20.0,1
2025-02-12,Meta,fb_prospect_01,40.0,1
2025-02-12,Meta,fb_prospect_01,63.0,2
2025-02-12,Meta,fb_prospect_02,0.0,3
2025-02-12,Meta,fb_prospect_02,5.0,5
2025-02-12,Meta,fb_prospect_02,10.0,5
2025-02-12,Meta,fb_prospect_02,20.0,2
2025-02-12,Meta,fb_prospect_02,40.0,2
2025-02-12,Google App Campaigns,goog_ac_01,,5
2025-02-12,Google App Campaigns,goog_ac_02,0.0,3
2025-02-12,Google App Campaigns,goog_ac_02,5.0,5
2025-02-12,Google App Campaigns,goog_ac_02,10.0,4
2025-02-12,Google App Campaigns,goog_ac_02,20.0,1
2025-02-12,Google Brand Search,goog_brand_01,0.0,3
2025-02-12,Google Brand Search,goog_brand_01,5.0,3
2025-02-12,Google Brand Search,goog_brand_01,10.0,4
2025-02-12,Google Brand Search,goog_brand_01,20.0,2
2025-02-12,Google Brand Search,goog_brand_01,40.0,2
2025-02-12,Google Non-Brand Search,goog_search_01,0.0,3
2025-02-12,Google Non-Brand Search,goog_search_01,5.0,2
2025-02-12,Google Non-Brand Search,goog_search_01,10.0,3
2025-02-12,Google Non-Brand Search,goog_search_01,20.0,2
2025-02-12,Google Non-Brand Search,goog_search_01,63.0,1
2025-02-12,TikTok,tiktok_upper_01,,4
2025-02-12,TikTok,tiktok_upper_02,,6
2025-02-13,Meta,fb_prospect_01,0.0,5
2025-02-13,Meta,fb_prospect_01,5.0,6
2025-02-13,Meta,fb_prospect_01,10.0,6
2025-02-13,Meta,fb_prospect_01,20.0,1
2025-02-13,Meta,fb_prospect_01,40.0,2
2025-02-13,Meta,fb_prospect_02,0.0,7
2025-02-13,Meta,fb_prospect_02,5.0,4
2025-02-13,Meta,fb_prospect_02,10.0,2
2025-02-13,Meta,fb_prospect_02,20.0,3
2025-02-13,Google App Campaigns,goog_ac_01,0.0,4
2025-02-13,Google App Campaigns,goog_ac_01,5.0,4
2025-02-13,Google App Campaigns,goog_ac_01,10.0,3
2025-02-13,Google App Campaigns,goog_ac_01,40.0,2
2025-02-13,Google App Campaigns,goog_ac_02,,9
2025-02-13,Google Brand Search,goog_brand_01,,5
2025-02-13,Google Non-Brand Search,goog_search_01,0.0,7
2025-02-13,Google Non-Brand Search,goog_search_01,5.0,3
2025-02-13,Google Non-Brand Search,goog_search_01,10.0,1
2025-02-13,Google Non-Brand Search,goog_search_01,20.0,5
2025-02-13,Google Non-Brand Search,goog_search_01,63.0,2
2025-02-13,TikTok,tiktok_upper_01,,6
2025-02-13,TikTok,tiktok_upper_02,,7
2025-02-14,Meta,fb_prospect_01,0.0,5
2025-02-14,Meta,fb_prospect_01,5.0,3
2025-02-14,Meta,fb_prospect_01,10.0,4
2025-02-14,Meta,fb_prospect_01,20.0,2
2025-02-14,Meta,fb_prospect_01,40.0,1
2025-02-14,Meta,fb_prospect_02,0.0,3
2025-02-14,Meta,fb_prospect_02,5.0,7
2025-02-14,Meta,fb_prospect_02,10.0,2
2025-02-14,Google App Campaigns,goog_ac_01,,8
2025-02-14,Google App Campaigns,goog_ac_02,,9
2025-02-14,Google Brand Search,goog_brand_01,,8
2025-02-14,Google Non-Brand Search,goog_search_01,0.0,5
2025-02-14,Google Non-Brand Search,goog_search_01,5.0,3
2025-02-14,Google Non-Brand Search,goog_search_01,10.0,4
2025-02-14,Google Non-Brand Search,goog_search_01,40.0,1
2025-02-14,TikTok,tiktok_upper_01,,9
2025-02-14,TikTok,tiktok_upper_02,,6
2025-02-15,Meta,fb_prospect_01,0.0,4
2025-02-15,Meta,fb_prospect_01,5.0,8
2025-02-15,Meta,fb_prospect_01,10.0,5
2025-02-15,Meta,fb_prospect_01,20.0,3
2025-02-15,Meta,fb_prospect_01,63.0,2
2025-02-15,Meta,fb_prospect_02,0.0,6
2025-02-15,Meta,fb_prospect_02,5.0,4
2025-02-15,Meta,fb_prospect_02,10.0,5
2025-02-15,Meta,fb_prospect_02,20.0,1
2025-02-15,Meta,fb_prospect_02,40.0,1
2025-02-15,Meta,fb_prospect_02,63.0,2
2025-02-15,Google App Campaigns,goog_ac_01,0.0,2
2025-02-15,Google App Campaigns,goog_ac_01,5.0,6
2025-02-15,Google App Campaigns,goog_ac_01,10.0,3
2025-02-15,Google App Campaigns,goog_ac_01,20.0,3
2025-02-15,Google App Campaigns,goog_ac_02,,8
2025-02-15,Google Brand Search,goog_brand_01,0.0,3
2025-02-15,Google Brand Search,goog_brand_01,5.0,2
2025-02-15,Google Brand Search,goog_brand_01,10.0,5
2025-02-15,Google Brand Search,goog_brand_01,20.0,3
2025-02-15,Google Non-Brand Search,goog_search_01,0.0,4
2025-02-15,Google Non-Brand Search,goog_search_01,10.0,5
2025-02-15,Google Non-Brand Search,goog_search_01,20.0,4
2025-02-15,Google Non-Brand Search,goog_search_01,40.0,1
2025-02-15,Google Non-Brand Search,goog_search_01,63.0,2
2025-02-15,TikTok,tiktok_upper_01,,6
2025-02-15,TikTok,tiktok_upper_02,,5
2025-02-16,Meta,fb_prospect_01,0.0,4
2025-02-16,Meta,fb_prospect_01,5.0,4
2025-02-16,Meta,fb_prospect_01,10.0,7
2025-02-16,Meta,fb_prospect_01,20.0,2
2025-02-16,Meta,fb_prospect_01,40.0,2
2025-02-16,Meta,fb_prospect_01,63.0,1
2025-02-16,Meta,fb_prospect_02,0.0,6
2025-02-16,Meta,fb_prospect_02,5.0,7
2025-02-16,Meta,fb_prospect_02,10.0,5
2025-02-16,Meta,fb_prospect_02,20.0,4
2025-02-16,Meta,fb_prospect_02,40.0,2
2025-02-16,Google App Campaigns,goog_ac_01,0.0,4
2025-02-16,Google App Campaigns,goog_ac_01,5.0,2
2025-02-16,Google App Campaigns,goog_ac_01,10.0,7
2025-02-16,Google App Campaigns,goog_ac_01,20.0,1
2025-02-16,Google App Campaigns,goog_ac_01,40.0,2
2025-02-16,Google App Campaigns,goog_ac_01,63.0,1
2025-02-16,Google App Campaigns,goog_ac_02,,7
2025-02-16,Google Brand Search,goog_brand_01,0.0,4
2025-02-16,Google Brand Search,goog_brand_01,5.0,4
2025-02-16,Google Brand Search,goog_brand_01,10.0,4
2025-02-16,Google Brand Search,goog_brand_01,20.0,1
2025-02-16,Google Brand Search,goog_brand_01,40.0,3
2025-02-16,Google Non-Brand Search,goog_search_01,0.0,4
2025-02-16,Google Non-Brand Search,goog_search_01,5.0,3
2025-02-16,Google Non-Brand Search,goog_search_01,10.0,5
2025-02-16,Google Non-Brand Search,goog_search_01,20.0,4
2025-02-16,Google Non-Brand Search,goog_search_01,40.0,1
2025-02-16,Google Non-Brand Search,goog_search_01,63.0,1
2025-02-16,TikTok,tiktok_upper_01,0.0,2
2025-02-16,TikTok,tiktok_upper_01,5.0,8
2025-02-16,TikTok,tiktok_upper_01,20.0,1
2025-02-16,TikTok,tiktok_upper_02,,7
2025-02-17,Meta,fb_prospect_01,0.0,6
2025-02-17,Meta,fb_prospect_01,5.0,8
2025-02-17,Meta,fb_prospect_01,10.0,8
2025-02-17,Meta,fb_prospect_01,20.0,2
2025-02-17,Meta,fb_prospect_01,40.0,3
2025-02-17,Meta,fb_prospect_01,63.0,2
2025-02-17,Meta,fb_prospect_02,0.0,2
2025-02-17,Meta,fb_prospect_02,5.0,6
2025-02-17,Meta,fb_prospect_02,10.0,3
2025-02-17,Meta,fb_prospect_02,20.0,2
2025-02-17,Meta,fb_prospect_02,40.0,1
2025-02-17,Google App Campaigns,goog_ac_01,,9
2025-02-17,Google App Campaigns,goog_ac_02,,7
2025-02-17,Google Brand Search,goog_brand_01,0.0,2
2025-02-17,Google Brand Search,goog_brand_01,5.0,8
2025-02-17,Google Brand Search,goog_brand_01,10.0,5
2025-02-17,Google Brand Search,goog_brand_01,20.0,4
2025-02-17,Google Brand Search,goog_brand_01,40.0,1
2025-02-17,Google Non-Brand Search,goog_search_01,0.0,3
2025-02-17,Google Non-Brand Search,goog_search_01,5.0,6
2025-02-17,Google Non-Brand Search,goog_search_01,10.0,3
2025-02-17,Google Non-Brand Search,goog_search_01,20.0,5
2025-02-17,Google Non-Brand Search,goog_search_01,40.0,1
2025-02-17,TikTok,tiktok_upper_01,,8
2025-02-17,TikTok,tiktok_upper_02,0.0,1
2025-02-17,TikTok,tiktok_upper_02,5.0,8
2025-02-17,TikTok,tiktok_upper_02,20.0,1
2025-02-18,Meta,fb_prospect_01,0.0,6
2025-02-18,Meta,fb_prospect_01,5.0,2
2025-02-18,Meta,fb_prospect_01,10.0,6
2025-02-18,Meta,fb_prospect_01,20.0,1
2025-02-18,Meta,fb_prospect_01,40.0,1
2025-02-18,Meta,fb_prospect_02,0.0,7
2025-02-18,Meta,fb_prospect_02,5.0,3
2025-02-18,Meta,fb_prospect_02,10.0,3
2025-02-18,Meta,fb_prospect_02,20.0,4
2025-02-18,Google App Campaigns,goog_ac_01,,8
2025-02-18,Google App Campaigns,goog_ac_02,,6
2025-02-18,Google Brand Search,goog_brand_01,0.0,3
2025-02-18,Google Brand Search,goog_brand_01,5.0,5
2025-02-18,Google Brand Search,goog_brand_01,10.0,6
2025-02-18,Google Brand Search,goog_brand_01,20.0,2
2025-02-18,Google Brand Search,goog_brand_01,40.0,1
2025-02-18,Google Non-Brand Search,goog_search_01,0.0,1
2025-02-18,Google Non-Brand Search,goog_search_01,5.0,4
2025-02-18,Google Non-Brand Search,goog_search_01,10.0,6
2025-02-18,Google Non-Brand Search,goog_search_01,20.0,4
2025-02-18,Google Non-Brand Search,goog_search_01,40.0,1
2025-02-18,Google Non-Brand Search,goog_search_01,63.0,2
2025-02-18,TikTok,tiktok_upper_01,,8
2025-02-18,TikTok,tiktok_upper_02,,4
2025-02-19,Meta,fb_prospect_01,0.0,5
2025-02-19,Meta,fb_prospect_01,5.0,5
2025-02-19,Meta,fb_prospect_01,10.0,1
2025-02-19,Meta,fb_prospect_01,20.0,1
2025-02-19,Meta,fb_prospect_02,0.0,5
2025-02-19,Meta,fb_prospect_02,5.0,11
2025-02-19,Meta,fb_prospect_02,10.0,3
2025-02-19,Meta,fb_prospect_02,40.0,1
2025-02-19,Google App Campaigns,goog_ac_01,,5
2025-02-19,Google App Campaigns,goog_ac_02,,9
2025-02-19,Google Brand Search,goog_brand_01,0.0,2
2025-02-19,Google Brand Search,goog_brand_01,5.0,8
2025-02-19,Google Brand Search,goog_brand_01,10.0,2
2025-02-19,Google Brand Search,goog_brand_01,20.0,2
2025-02-19,Google Brand Search,goog_brand_01,40.0,2
2025-02-19,Google Brand Search,goog_brand_01,63.0,2
2025-02-19,Google Non-Brand Search,goog_search_01,0.0,2
2025-02-19,Google Non-Brand Search,goog_search_01,10.0,5
2025-02-19,Google Non-Brand Search,goog_search_01,20.0,2
2025-02-19,Google Non-Brand Search,goog_search_01,63.0,1
2025-02-19,TikTok,tiktok_upper_01,0.0,4
2025-02-19,TikTok,tiktok_upper_01,5.0,2
2025-02-19,TikTok,tiktok_upper_01,10.0,1
2025-02-19,TikTok,tiktok_upper_01,20.0,1
2025-02-19,TikTok,tiktok_upper_01,40.0,1
2025-02-19,TikTok,tiktok_upper_01,63.0,1
2025-02-19,TikTok,tiktok_upper_02,,6
2025-02-20,Meta,fb_prospect_01,0.0,5
2025-02-20,Meta,fb_prospect_01,5.0,5
2025-02-20,Meta,fb_prospect_01,10.0,1
2025-02-20,Meta,fb_prospect_01,20.0,3
2025-02-20,Meta,fb_prospect_01,63.0,2
2025-02-20,Meta,fb_prospect_02,0.0,1
2025-02-20,Meta,fb_prospect_02,5.0,8
2025-02-20,Meta,fb_prospect_02,10.0,7
2025-02-20,Meta,fb_prospect_02,40.0,1
2025-02-20,Meta,fb_prospect_02,63.0,1
2025-02-20,Google App Campaigns,goog_ac_01,0.0,5
2025-02-20,Google App Campaigns,goog_ac_01,5.0,5
2025-02-20,Google App Campaigns,goog_ac_01,10.0,3
2025-02-20,Google App Campaigns,goog_ac_01,20.0,1
2025-02-20,Google App Campaigns,goog_ac_02,0.0,4
2025-02-20,Google App Campaigns,goog_ac_02,5.0,2
2025-02-20,Google App Campaigns,goog_ac_02,10.0,1
2025-02-20,Google App Campaigns,goog_ac_02,40.0,2
2025-02-20,Google App Campaigns,goog_ac_02,63.0,3
2025-02-20,Google Brand Search,goog_brand_01,0.0,6
2025-02-20,Google Brand Search,goog_brand_01,10.0,3
2025-02-20,Google Brand Search,goog_brand_01,20.0,2
2025-02-20,Google Brand Search,goog_brand_01,63.0,1
2025-02-20,Google Non-Brand Search,goog_search_01,0.0,3
2025-02-20,Google Non-Brand Search,goog_search_01,5.0,4
2025-02-20,Google Non-Brand Search,goog_search_01,10.0,3
2025-02-20,Google Non-Brand Search,goog_search_01,20.0,1
2025-02-20,Google Non-Brand Search,goog_search_01,40.0,1
2025-02-20,TikTok,tiktok_upper_01,,8
2025-02-20,TikTok,tiktok_upper_02,,4
2025-02-21,Meta,fb_prospect_01,0.0,8
2025-02-21,Meta,fb_prospect_01,5.0,3
2025-02-21,Meta,fb_prospect_01,10.0,6
2025-02-21,Meta,fb_prospect_01,20.0,3
2025-02-21,Meta,fb_prospect_01,40.0,1
2025-02-21,Meta,fb_prospect_01,63.0,1
2025-02-21,Meta,fb_prospect_02,0.0,1
2025-02-21,Meta,fb_prospect_02,5.0,5
2025-02-21,Meta,fb_prospect_02,10.0,5
2025-02-21,Meta,fb_prospect_02,20.0,2
2025-02-21,Google App Campaigns,goog_ac_01,0.0,4
2025-02-21,Google App Campaigns,goog_ac_01,5.0,4
2025-02-21,Google App Campaigns,goog_ac_01,10.0,1
2025-02-21,Google App Campaigns,goog_ac_01,20.0,1
2025-02-21,Google App Campaigns,goog_ac_01,40.0,1
2025-02-21,Google App Campaigns,goog_ac_02,0.0,1
2025-02-21,Google App Campaigns,goog_ac_02,5.0,1
2025-02-21,Google App Campaigns,goog_ac_02,10.0,6
2025-02-21,Google App Campaigns,goog_ac_02,20.0,2
2025-02-21,Google App Campaigns,goog_ac_02,63.0,1
2025-02-21,Google Brand Search,goog_brand_01,0.0,4
2025-02-21,Google Brand Search,goog_brand_01,5.0,1
2025-02-21,Google Brand Search,goog_brand_01,10.0,6
2025-02-21,Google Brand Search,goog_brand_01,20.0,3
2025-02-21,Google Brand Search,goog_brand_01,40.0,1
2025-02-21,Google Brand Search,goog_brand_01,63.0,1
2025-02-21,Google Non-Brand Search,goog_search_01,0.0,4
2025-02-21,Google Non-Brand Search,goog_search_01,5.0,2
2025-02-21,Google Non-Brand Search,goog_search_01,10.0,1
2025-02-21,Google Non-Brand Search,goog_search_01,20.0,3
2025-02-21,Google Non-Brand Search,goog_search_01,40.0,2
2025-02-21,Google Non-Brand Search,goog_search_01,63.0,1
2025-02-21,TikTok,tiktok_upper_01,0.0,3
2025-02-21,TikTok,tiktok_upper_01,5.0,5
2025-02-21,TikTok,tiktok_upper_01,10.0,1
2025-02-21,TikTok,tiktok_upper_01,40.0,1
2025-02-21,TikTok,tiktok_upper_02,,9
2025-02-22,Meta,fb_prospect_01,0.0,3
2025-02-22,Meta,fb_prospect_01,5.0,3
2025-02-22,Meta,fb_prospect_01,10.0,3
2025-02-22,Meta,fb_prospect_01,20.0,3
2025-02-22,Meta,fb_prospect_02,0.0,5
2025-02-22,Meta,fb_prospect_02,5.0,4
2025-02-22,Meta,fb_prospect_02,10.0,7
2025-02-22,Meta,fb_prospect_02,20.0,2
2025-02-22,Meta,fb_prospect_02,40.0,2
2025-02-22,Meta,fb_prospect_02,63.0,1
2025-02-22,Google App Campaigns,goog_ac_01,0.0,6
2025-02-22,Google App Campaigns,goog_ac_01,5.0,3
2025-02-22,Google App Campaigns,goog_ac_01,10.0,3
2025-02-22,Google App Campaigns,goog_ac_01,20.0,1
2025-02-22,Google App Campaigns,goog_ac_01,63.0,2
2025-02-22,Google App Campaigns,goog_ac_02,0.0,2
2025-02-22,Google App Campaigns,goog_ac_02,5.0,2
2025-02-22,Google App Campaigns,goog_ac_02,10.0,5
2025-02-22,Google App Campaigns,goog_ac_02,20.0,1
2025-02-22,Google App Campaigns,goog_ac_02,40.0,1
2025-02-22,Google Brand Search,goog_brand_01,5.0,9
2025-02-22,Google Brand Search,goog_brand_01,10.0,5
2025-02-22,Google Brand Search,goog_brand_01,20.0,6
2025-02-22,Google Brand Search,goog_brand_01,63.0,3
2025-02-22,Google Non-Brand Search,goog_search_01,0.0,5
2025-02-22,Google Non-Brand Search,goog_search_01,5.0,3
2025-02-22,Google Non-Brand Search,goog_search_01,20.0,3
2025-02-22,Google Non-Brand Search,goog_search_01,40.0,2
2025-02-22,Google Non-Brand Search,goog_search_01,63.0,1
2025-02-22,TikTok,tiktok_upper_01,0.0,4
2025-02-22,TikTok,tiktok_upper_01,5.0,6
2025-02-22,TikTok,tiktok_upper_02,0.0,2
2025-02-22,TikTok,tiktok_upper_02,5.0,6
2025-02-22,TikTok,tiktok_upper_02,10.0,1
2025-02-22,TikTok,tiktok_upper_02,40.0,1
2025-02-23,Meta,fb_prospect_01,0.0,6
2025-02-23,Meta,fb_prospect_01,5.0,5
2025-02-23,Meta,fb_prospect_01,10.0,3
2025-02-23,Meta,fb_prospect_01,20.0,3
2025-02-23,Meta,fb_prospect_02,0.0,2
2025-02-23,Meta,fb_prospect_02,5.0,4
2025-02-23,Meta,fb_prospect_02,10.0,7
2025-02-23,Meta,fb_prospect_02,20.0,3
2025-02-23,Meta,fb_prospect_02,40.0,1
2025-02-23,Google App Campaigns,goog_ac_01,0.0,5
2025-02-23,Google App Campaigns,goog_ac_01,5.0,2
2025-02-23,Google App Campaigns,goog_ac_01,10.0,3
2025-02-23,Google App Campaigns,goog_ac_01,20.0,1
2025-02-23,Google App Campaigns,goog_ac_02,0.0,5
2025-02-23,Google App Campaigns,goog_ac_02,5.0,2
2025-02-23,Google App Campaigns,goog_ac_02,10.0,3
2025-02-23,Google App Campaigns,goog_ac_02,40.0,1
2025-02-23,Google App Campaigns,goog_ac_02,63.0,1
2025-02-23,Google Brand Search,goog_brand_01,0.0,6
2025-02-23,Google Brand Search,goog_brand_01,5.0,3
2025-02-23,Google Brand Search,goog_brand_01,10.0,5
2025-02-23,Google Brand Search,goog_brand_01,20.0,5
2025-02-23,Google Brand Search,goog_brand_01,40.0,2
2025-02-23,Google Non-Brand Search,goog_search_01,0.0,5
2025-02-23,Google Non-Brand Search,goog_search_01,5.0,4
2025-02-23,Google Non-Brand Search,goog_search_01,10.0,7
2025-02-23,Google Non-Brand Search,goog_search_01,20.0,4
2025-02-23,TikTok,tiktok_upper_01,,4
2025-02-23,TikTok,tiktok_upper_02,0.0,6
2025-02-23,TikTok,tiktok_upper_02,5.0,4
2025-02-24,Meta,fb_prospect_01,0.0,8
2025-02-24,Meta,fb_prospect_01,5.0,7
2025-02-24,Meta,fb_prospect_01,10.0,3
2025-02-24,Meta,fb_prospect_01,20.0,4
2025-02-24,Meta,fb_prospect_01,40.0,1
2025-02-24,Meta,fb_prospect_02,0.0,4
2025-02-24,Meta,fb_prospect_02,5.0,7
2025-02-24,Meta,fb_prospect_02,10.0,9
2025-02-24,Meta,fb_prospect_02,20.0,2
2025-02-24,Meta,fb_prospect_02,40.0,2
2025-02-24,Meta,fb_prospect_02,63.0,1
2025-02-24,Google App Campaigns,goog_ac_01,,9
2025-02-24,Google App Campaigns,goog_ac_02,0.0,2
2025-02-24,Google App Campaigns,goog_ac_02,5.0,6
2025-02-24,Google App Campaigns,goog_ac_02,10.0,6
2025-02-24,Google App Campaigns,goog_ac_02,20.0,1
2025-02-24,Google Brand Search,goog_brand_01,0.0,1
2025-02-24,Google Brand Search,goog_brand_01,5.0,3
2025-02-24,Google Brand Search,goog_brand_01,10.0,4
2025-02-24,Google Brand Search,goog_brand_01,20.0,3
2025-02-24,Google Brand Search,goog_brand_01,40.0,1
2025-02-24,Google Brand Search,goog_brand_01,63.0,4
2025-02-24,Google Non-Brand Search,goog_search_01,0.0,2
2025-02-24,Google Non-Brand Search,goog_search_01,5.0,2
2025-02-24,Google Non-Brand Search,goog_search_01,10.0,5
2025-02-24,Google Non-Brand Search,goog_search_01,20.0,2
2025-02-24,Google Non-Brand Search,goog_search_01,40.0,1
2025-02-24,TikTok,tiktok_upper_01,,6
2025-02-24,TikTok,tiktok_upper_02,,7
2025-02-25,Meta,fb_prospect_01,0.0,4
2025-02-25,Meta,fb_prospect_01,5.0,2
2025-02-25,Meta,fb_prospect_01,10.0,3
2025-02-25,Meta,fb_prospect_01,20.0,2
2025-02-25,Meta,fb_prospect_01,40.0,1
2025-02-25,Meta,fb_prospect_01,63.0,1
2025-02-25,Meta,fb_prospect_02,0.0,9
2025-02-25,Meta,fb_prospect_02,5.0,3
2025-02-25,Meta,fb_prospect_02,10.0,3
2025-02-25,Meta,fb_prospect_02,20.0,1
2025-02-25,Google App Campaigns,goog_ac_01,0.0,3
2025-02-25,Google App Campaigns,goog_ac_01,5.0,3
2025-02-25,Google App Campaigns,goog_ac_01,10.0,2
2025-02-25,Google App Campaigns,goog_ac_01,40.0,1
2025-02-25,Google App Campaigns,goog_ac_01,63.0,1
2025-02-25,Google App Campaigns,goog_ac_02,0.0,3
2025-02-25,Google App Campaigns,goog_ac_02,5.0,3
2025-02-25,Google App Campaigns,goog_ac_02,10.0,1
2025-02-25,Google App Campaigns,goog_ac_02,20.0,2
2025-02-25,Google App Campaigns,goog_ac_02,40.0,2
2025-02-25,Google App Campaigns,goog_ac_02,63.0,1
2025-02-25,Google Brand Search,goog_brand_01,0.0,1
2025-02-25,Google Brand Search,goog_brand_01,5.0,5
2025-02-25,Google Brand Search,goog_brand_01,10.0,3
2025-02-25,Google Brand Search,goog_brand_01,20.0,2
2025-02-25,Google Brand Search,goog_brand_01,40.0,2
2025-02-25,Google Non-Brand Search,goog_search_01,0.0,4
2025-02-25,Google Non-Brand Search,goog_search_01,5.0,3
2025-02-25,Google Non-Brand Search,goog_search_01,10.0,3
2025-02-25,Google Non-Brand Search,goog_search_01,20.0,4
2025-02-25,Google Non-Brand Search,goog_search_01,40.0,3
2025-02-25,Google Non-Brand Search,goog_search_01,63.0,2
2025-02-25,TikTok,tiktok_upper_01,,8
2025-02-25,TikTok,tiktok_upper_02,0.0,3
2025-02-25,TikTok,tiktok_upper_02,5.0,5
2025-02-25,TikTok,tiktok_upper_02,20.0,1
2025-02-25,TikTok,tiktok_upper_02,40.0,1
2025-02-25,TikTok,tiktok_upper_02,63.0,1
2025-02-26,Meta,fb_prospect_01,0.0,7
2025-02-26,Meta,fb_prospect_01,5.0,2
2025-02-26,Meta,fb_prospect_01,10.0,3
2025-02-26,Meta,fb_prospect_01,20.0,1
2025-02-26,Meta,fb_prospect_01,40.0,1
2025-02-26,Meta,fb_prospect_01,63.0,1
2025-02-26,Meta,fb_prospect_02,0.0,3
2025-02-26,Meta,fb_prospect_02,5.0,8
2025-02-26,Meta,fb_prospect_02,10.0,8
2025-02-26,Meta,fb_prospect_02,20.0,1
2025-02-26,Meta,fb_prospect_02,40.0,1
2025-02-26,Meta,fb_prospect_02,63.0,2
2025-02-26,Google App Campaigns,goog_ac_01,0.0,5
2025-02-26,Google App Campaigns,goog_ac_01,5.0,2
2025-02-26,Google App Campaigns,goog_ac_01,10.0,3
2025-02-26,Google App Campaigns,goog_ac_01,20.0,1
2025-02-26,Google App Campaigns,goog_ac_01,40.0,1
2025-02-26,Google App Campaigns,goog_ac_02,0.0,2
2025-02-26,Google App Campaigns,goog_ac_02,5.0,2
2025-02-26,Google App Campaigns,goog_ac_02,10.0,3
2025-02-26,Google App Campaigns,goog_ac_02,20.0,3
2025-02-26,Google App Campaigns,goog_ac_02,63.0,1
2025-02-26,Google Brand Search,goog_brand_01,0.0,4
2025-02-26,Google Brand Search,goog_brand_01,10.0,5
2025-02-26,Google Brand Search,goog_brand_01,20.0,3
2025-02-26,Google Non-Brand Search,goog_search_01,0.0,2
2025-02-26,Google Non-Brand Search,goog_search_01,5.0,2
2025-02-26,Google Non-Brand Search,goog_search_01,10.0,8
2025-02-26,Google Non-Brand Search,goog_search_01,20.0,3
2025-02-26,TikTok,tiktok_upper_01,0.0,6
2025-02-26,TikTok,tiktok_upper_01,5.0,3
2025-02-26,TikTok,tiktok_upper_01,10.0,1
2025-02-26,TikTok,tiktok_upper_02,,9
2025-02-27,Meta,fb_prospect_01,0.0,7
2025-02-27,Meta,fb_prospect_01,5.0,1
2025-02-27,Meta,fb_prospect_01,10.0,3
2025-02-27,Meta,fb_prospect_01,20.0,4
2025-02-27,Meta,fb_prospect_02,0.0,3
2025-02-27,Meta,fb_prospect_02,5.0,4
2025-02-27,Meta,fb_prospect_02,10.0,9
2025-02-27,Meta,fb_prospect_02,20.0,2
2025-02-27,Meta,fb_prospect_02,40.0,2
2025-02-27,Meta,fb_prospect_02,63.0,2
2025-02-27,Google App Campaigns,goog_ac_01,0.0,3
2025-02-27,Google App Campaigns,goog_ac_01,5.0,2
2025-02-27,Google App Campaigns,goog_ac_01,10.0,3
2025-02-27,Google App Campaigns,goog_ac_01,20.0,2
2025-02-27,Google App Campaigns,goog_ac_02,0.0,3
2025-02-27,Google App Campaigns,goog_ac_02,5.0,3
2025-02-27,Google App Campaigns,goog_ac_02,10.0,4
2025-02-27,Google App Campaigns,goog_ac_02,20.0,1
2025-02-27,Google Brand Search,goog_brand_01,0.0,1
2025-02-27,Google Brand Search,goog_brand_01,5.0,3
2025-02-27,Google Brand Search,goog_brand_01,10.0,4
2025-02-27,Google Brand Search,goog_brand_01,20.0,4
2025-02-27,Google Brand Search,goog_brand_01,40.0,1
2025-02-27,Google Brand Search,goog_brand_01,63.0,1
2025-02-27,Google Non-Brand Search,goog_search_01,0.0,1
2025-02-27,Google Non-Brand Search,goog_search_01,5.0,6
2025-02-27,Google Non-Brand Search,goog_search_01,10.0,1
2025-02-27,Google Non-Brand Search,goog_search_01,20.0,2
2025-02-27,Google Non-Brand Search,goog_search_01,40.0,1
2025-02-27,Google Non-Brand Search,goog_search_01,63.0,2
2025-02-27,TikTok,tiktok_upper_01,,5
2025-02-27,TikTok,tiktok_upper_02,,6
2025-02-28,Meta,fb_prospect_01,0.0,3
2025-02-28,Meta,fb_prospect_01,5.0,4
2025-02-28,Meta,fb_prospect_01,10.0,2
2025-02-28,Meta,fb_prospect_01,20.0,1
2025-02-28,Meta,fb_prospect_01,40.0,1
2025-02-28,Meta,fb_prospect_02,0.0,4
2025-02-28,Meta,fb_prospect_02,5.0,2
2025-02-28,Meta,fb_prospect_02,10.0,4
2025-02-28,Google App Campaigns,goog_ac_01,0.0,1
2025-02-28,Google App Campaigns,goog_ac_01,5.0,2
2025-02-28,Google App Campaigns,goog_ac_01,10.0,3
2025-02-28,Google App Campaigns,goog_ac_01,20.0,2
2025-02-28,Google App Campaigns,goog_ac_01,40.0,3
2025-02-28,Google App Campaigns,goog_ac_02,0.0,2
2025-02-28,Google App Campaigns,goog_ac_02,5.0,5
2025-02-28,Google App Campaigns,goog_ac_02,10.0,3
2025-02-28,Google App Campaigns,goog_ac_02,20.0,1
2025-02-28,Google App Campaigns,goog_ac_02,40.0,1
2025-02-28,Google Brand Search,goog_brand_01,0.0,3
2025-02-28,Google Brand Search,goog_brand_01,5.0,2
2025-02-28,Google Brand Search,goog_brand_01,10.0,2
2025-02-28,Google Brand Search,goog_brand_01,20.0,2
2025-02-28,Google Brand Search,goog_brand_01,40.0,3
2025-02-28,Google Brand Search,goog_brand_01,63.0,1
2025-02-28,Google Non-Brand Search,goog_search_01,0.0,1
2025-02-28,Google Non-Brand Search,goog_search_01,5.0,3
2025-02-28,Google Non-Brand Search,goog_search_01,10.0,5
2025-02-28,Google Non-Brand Search,goog_search_01,20.0,2
2025-02-28,Google Non-Brand Search,goog_search_01,40.0,2
2025-02-28,Google Non-Brand Search,goog_search_01,63.0,4
2025-02-28,TikTok,tiktok_upper_01,,5
2025-02-28,TikTok,tiktok_upper_02,,6
2025-03-01,Meta,fb_prospect_01,0.0,10
2025-03-01,Meta,fb_prospect_01,5.0,5
2025-03-01,Meta,fb_prospect_01,10.0,5
2025-03-01,Meta,fb_prospect_01,20.0,3
2025-03-01,Meta,fb_prospect_01,63.0,1
2025-03-01,Meta,fb_prospect_02,0.0,3
2025-03-01,Meta,fb_prospect_02,5.0,8
2025-03-01,Meta,fb_prospect_02,10.0,11
2025-03-01,Google App Campaigns,goog_ac_01,0.0,2
2025-03-01,Google App Campaigns,goog_ac_01,5.0,4
2025-03-01,Google App Campaigns,goog_ac_01,10.0,2
2025-03-01,Google App Campaigns,goog_ac_01,20.0,3
2025-03-01,Google App Campaigns,goog_ac_01,63.0,1
2025-03-01,Google App Campaigns,goog_ac_02,0.0,4
2025-03-01,Google App Campaigns,goog_ac_02,5.0,2
2025-03-01,Google App Campaigns,goog_ac_02,10.0,3
2025-03-01,Google App Campaigns,goog_ac_02,40.0,2
2025-03-01,Google App Campaigns,goog_ac_02,63.0,1
2025-03-01,Google Brand Search,goog_brand_01,0.0,2
2025-03-01,Google Brand Search,goog_brand_01,5.0,7
2025-03-01,Google Brand Search,goog_brand_01,10.0,5
2025-03-01,Google Brand Search,goog_brand_01,20.0,5
2025-03-01,Google Brand Search,goog_brand_01,40.0,2
2025-03-01,Google Non-Brand Search,goog_search_01,0.0,3
2025-03-01,Google Non-Brand Search,goog_search_01,5.0,5
2025-03-01,Google Non-Brand Search,goog_search_01,10.0,4
2025-03-01,Google Non-Brand Search,goog_search_01,20.0,3
2025-03-01,Google Non-Brand Search,goog_search_01,40.0,1
2025-03-01,Google Non-Brand Search,goog_search_01,63.0,3
2025-03-01,TikTok,tiktok_upper_01,,8
2025-03-01,TikTok,tiktok_upper_02,0.0,3
2025-03-01,TikTok,tiktok_upper_02,5.0,4
2025-03-01,TikTok,tiktok_upper_02,10.0,5
2025-03-01,TikTok,tiktok_upper_02,20.0,1
2025-03-01,TikTok,tiktok_upper_02,40.0,1
2025-03-02,Meta,fb_prospect_01,0.0,5
2025-03-02,Meta,fb_prospect_01,5.0,2
2025-03-02,Meta,fb_prospect_01,10.0,3
2025-03-02,Meta,fb_prospect_01,20.0,1
2025-03-02,Meta,fb_prospect_01,40.0,1
2025-03-02,Meta,fb_prospect_01,63.0,1
2025-03-02,Meta,fb_prospect_02,0.0,4
2025-03-02,Meta,fb_prospect_02,5.0,6
2025-03-02,Meta,fb_prospect_02,10.0,3
2025-03-02,Meta,fb_prospect_02,20.0,2
2025-03-02,Meta,fb_prospect_02,40.0,1
2025-03-02,Meta,fb_prospect_02,63.0,1
2025-03-02,Google App Campaigns,goog_ac_01,,6
2025-03-02,Google App Campaigns,goog_ac_02,0.0,1
2025-03-02,Google App Campaigns,goog_ac_02,5.0,3
2025-03-02,Google App Campaigns,goog_ac_02,10.0,3
2025-03-02,Google App Campaigns,goog_ac_02,20.0,2
2025-03-02,Google App Campaigns,goog_ac_02,40.0,1
2025-03-02,Google Brand Search,goog_brand_01,0.0,5
2025-03-02,Google Brand Search,goog_brand_01,5.0,1
2025-03-02,Google Brand Search,goog_brand_01,10.0,3
2025-03-02,Google Brand Search,goog_brand_01,20.0,5
2025-03-02,Google Brand Search,goog_brand_01,40.0,2
2025-03-02,Google Brand Search,goog_brand_01,63.0,1
2025-03-02,Google Non-Brand Search,goog_search_01,0.0,3
2025-03-02,Google Non-Brand Search,goog_search_01,5.0,4
2025-03-02,Google Non-Brand Search,goog_search_01,10.0,3
2025-03-02,Google Non-Brand Search,goog_search_01,20.0,2
2025-03-02,Google Non-Brand Search,goog_search_01,40.0,2
2025-03-02,Google Non-Brand Search,goog_search_01,63.0,1
2025-03-02,TikTok,tiktok_upper_01,0.0,8
2025-03-02,TikTok,tiktok_upper_01,5.0,3
2025-03-02,TikTok,tiktok_upper_01,20.0,1
2025-03-02,TikTok,tiktok_upper_02,,8
2025-03-03,Meta,fb_prospect_01,0.0,7
2025-03-03,Meta,fb_prospect_01,5.0,11
2025-03-03,Meta,fb_prospect_01,10.0,2
2025-03-03,Meta,fb_prospect_01,20.0,2
2025-03-03,Meta,fb_prospect_01,40.0,1
2025-03-03,Meta,fb_prospect_02,0.0,2
2025-03-03,Meta,fb_prospect_02,5.0,6
2025-03-03,Meta,fb_prospect_02,10.0,8
2025-03-03,Meta,fb_prospect_02,20.0,2
2025-03-03,Meta,fb_prospect_02,40.0,1
2025-03-03,Meta,fb_prospect_02,63.0,1
2025-03-03,Google App Campaigns,goog_ac_01,0.0,3
2025-03-03,Google App Campaigns,goog_ac_01,5.0,3
2025-03-03,Google App Campaigns,goog_ac_01,10.0,2
2025-03-03,Google App Campaigns,goog_ac_01,20.0,3
2025-03-03,Google App Campaigns,goog_ac_02,0.0,3
2025-03-03,Google App Campaigns,goog_ac_02,5.0,4
2025-03-03,Google App Campaigns,goog_ac_02,20.0,2
2025-03-03,Google App Campaigns,goog_ac_02,40.0,2
2025-03-03,Google Brand Search,goog_brand_01,0.0,5
2025-03-03,Google Brand Search,goog_brand_01,5.0,4
2025-03-03,Google Brand Search,goog_brand_01,10.0,5
2025-03-03,Google Brand Search,goog_brand_01,20.0,4
2025-03-03,Google Brand Search,goog_brand_01,40.0,2
2025-03-03,Google Brand Search,goog_brand_01,63.0,2
2025-03-03,Google Non-Brand Search,goog_search_01,0.0,1
2025-03-03,Google Non-Brand Search,goog_search_01,5.0,9
2025-03-03,Google Non-Brand Search,goog_search_01,10.0,3
2025-03-03,Google Non-Brand Search,goog_search_01,20.0,3
2025-03-03,Google Non-Brand Search,goog_search_01,40.0,1
2025-03-03,Google Non-Brand Search,goog_search_01,63.0,1
2025-03-03,TikTok,tiktok_upper_01,0.0,3
2025-03-03,TikTok,tiktok_upper_01,5.0,3
2025-03-03,TikTok,tiktok_upper_01,10.0,5
2025-03-03,TikTok,tiktok_upper_01,20.0,1
2025-03-03,TikTok,tiktok_upper_02,0.0,4
2025-03-03,TikTok,tiktok_upper_02,5.0,2
2025-03-03,TikTok,tiktok_upper_02,10.0,4
2025-03-04,Meta,fb_prospect_01,,8
2025-03-04,Meta,fb_prospect_02,0.0,8
2025-03-04,Meta,fb_prospect_02,5.0,2
2025-03-04,Meta,fb_prospect_02,10.0,3
2025-03-04,Meta,fb_prospect_02,20.0,2
2025-03-04,Google App Campaigns,goog_ac_01,,4
2025-03-04,Google App Campaigns,goog_ac_02,,7
2025-03-04,Google Brand Search,goog_brand_01,0.0,1
2025-03-04,Google Brand Search,goog_brand_01,5.0,6
2025-03-04,Google Brand Search,goog_brand_01,10.0,4
2025-03-04,Google Brand Search,goog_brand_01,40.0,3
2025-03-04,Google Brand Search,goog_brand_01,63.0,1
2025-03-04,Google Non-Brand Search,goog_search_01,0.0,1
2025-03-04,Google Non-Brand Search,goog_search_01,5.0,5
2025-03-04,Google Non-Brand Search,goog_search_01,10.0,2
2025-03-04,Google Non-Brand Search,goog_search_01,20.0,4
2025-03-04,Google Non-Brand Search,goog_search_01,63.0,1
2025-03-04,TikTok,tiktok_upper_01,0.0,6
2025-03-04,TikTok,tiktok_upper_01,5.0,3
2025-03-04,TikTok,tiktok_upper_01,10.0,2
2025-03-04,TikTok,tiktok_upper_01,20.0,1
2025-03-04,TikTok,tiktok_upper_02,0.0,5
2025-03-04,TikTok,tiktok_upper_02,5.0,3
2025-03-04,TikTok,tiktok_upper_02,10.0,3
2025-03-05,Meta,fb_prospect_01,0.0,7
2025-03-05,Meta,fb_prospect_01,5.0,3
2025-03-05,Meta,fb_prospect_01,10.0,5
2025-03-05,Meta,fb_prospect_01,40.0,1
2025-03-05,Meta,fb_prospect_02,0.0,8
2025-03-05,Meta,fb_prospect_02,5.0,3
2025-03-05,Meta,fb_prospect_02,10.0,8
2025-03-05,Meta,fb_prospect_02,20.0,1
2025-03-05,Meta,fb_prospect_02,40.0,2
2025-03-05,Meta,fb_prospect_02,63.0,1
2025-03-05,Google App Campaigns,goog_ac_01,,8
2025-03-05,Google App Campaigns,goog_ac_02,0.0,3
2025-03-05,Google App Campaigns,goog_ac_02,5.0,2
2025-03-05,Google App Campaigns,goog_ac_02,10.0,3
2025-03-05,Google App Campaigns,goog_ac_02,20.0,2
2025-03-05,Google Brand Search,goog_brand_01,0.0,6
2025-03-05,Google Brand Search,goog_brand_01,5.0,4
2025-03-05,Google Brand Search,goog_brand_01,10.0,4
2025-03-05,Google Brand Search,goog_brand_01,20.0,1
2025-03-05,Google Brand Search,goog_brand_01,40.0,1
2025-03-05,Google Non-Brand Search,goog_search_01,0.0,5
2025-03-05,Google Non-Brand Search,goog_search_01,5.0,1
2025-03-05,Google Non-Brand Search,goog_search_01,10.0,5
2025-03-05,Google Non-Brand Search,goog_search_01,20.0,3
2025-03-05,Google Non-Brand Search,goog_search_01,40.0,2
2025-03-05,TikTok,tiktok_upper_01,,5
2025-03-05,TikTok,tiktok_upper_02,,4
2025-03-06,Meta,fb_prospect_01,0.0,4
2025-03-06,Meta,fb_prospect_01,5.0,4
2025-03-06,Meta,fb_prospect_01,10.0,2
2025-03-06,Meta,fb_prospect_01,20.0,2
2025-03-06,Meta,fb_prospect_01,63.0,1
2025-03-06,Meta,fb_prospect_02,0.0,9
2025-03-06,Meta,fb_prospect_02,5.0,5
2025-03-06,Meta,fb_prospect_02,10.0,4
2025-03-06,Meta,fb_prospect_02,20.0,2
2025-03-06,Google App Campaigns,goog_ac_01,0.0,3
2025-03-06,Google App Campaigns,goog_ac_01,5.0,1
2025-03-06,Google App Campaigns,goog_ac_01,10.0,3
2025-03-06,Google App Campaigns,goog_ac_01,20.0,2
2025-03-06,Google App Campaigns,goog_ac_01,63.0,2
2025-03-06,Google App Campaigns,goog_ac_02,0.0,3
2025-03-06,Google App Campaigns,goog_ac_02,5.0,3
2025-03-06,Google App Campaigns,goog_ac_02,10.0,4
2025-03-06,Google Brand Search,goog_brand_01,0.0,4
2025-03-06,Google Brand Search,goog_brand_01,5.0,3
2025-03-06,Google Brand Search,goog_brand_01,10.0,3
2025-03-06,Google Brand Search,goog_brand_01,63.0,2
2025-03-06,Google Non-Brand Search,goog_search_01,0.0,2
2025-03-06,Google Non-Brand Search,goog_search_01,5.0,4
2025-03-06,Google Non-Brand Search,goog_search_01,10.0,3
2025-03-06,Google Non-Brand Search,goog_search_01,20.0,4
2025-03-06,Google Non-Brand Search,goog_search_01,63.0,1
2025-03-06,TikTok,tiktok_upper_01,,9
2025-03-06,TikTok,tiktok_upper_02,0.0,6
2025-03-06,TikTok,tiktok_upper_02,5.0,3
2025-03-06,TikTok,tiktok_upper_02,10.0,1
2025-03-07,Meta,fb_prospect_01,0.0,4
2025-03-07,Meta,fb_prospect_01,5.0,8
2025-03-07,Meta,fb_prospect_01,10.0,2
2025-03-07,Meta,fb_prospect_01,20.0,2
2025-03-07,Meta,fb_prospect_02,0.0,4
2025-03-07,Meta,fb_prospect_02,5.0,4
2025-03-07,Meta,fb_prospect_02,10.0,3
2025-03-07,Meta,fb_prospect_02,20.0,1
2025-03-07,Meta,fb_prospect_02,40.0,2
2025-03-07,Meta,fb_prospect_02,63.0,4
2025-03-07,Google App Campaigns,goog_ac_01,0.0,3
2025-03-07,Google App Campaigns,goog_ac_01,5.0,3
2025-03-07,Google App Campaigns,goog_ac_01,10.0,3
2025-03-07,Google App Campaigns,goog_ac_01,20.0,1
2025-03-07,Google App Campaigns,goog_ac_02,,8
2025-03-07,Google Brand Search,goog_brand_01,0.0,5
2025-03-07,Google Brand Search,goog_brand_01,10.0,3
2025-03-07,Google Brand Search,goog_brand_01,20.0,3
2025-03-07,Google Non-Brand Search,goog_search_01,0.0,2
2025-03-07,Google Non-Brand Search,goog_search_01,5.0,6
2025-03-07,Google Non-Brand Search,goog_search_01,10.0,2
2025-03-07,Google Non-Brand Search,goog_search_01,20.0,6
2025-03-07,Google Non-Brand Search,goog_search_01,63.0,2
2025-03-07,TikTok,tiktok_upper_01,,8
2025-03-07,TikTok,tiktok_upper_02,,6
2025-03-08,Meta,fb_prospect_01,0.0,5
2025-03-08,Meta,fb_prospect_01,5.0,7
2025-03-08,Meta,fb_prospect_01,10.0,3
2025-03-08,Meta,fb_prospect_01,20.0,2
2025-03-08,Meta,fb_prospect_01,40.0,1
2025-03-08,Meta,fb_prospect_02,0.0,4
2025-03-08,Meta,fb_prospect_02,5.0,7
2025-03-08,Meta,fb_prospect_02,10.0,4
2025-03-08,Meta,fb_prospect_02,40.0,1
2025-03-08,Meta,fb_prospect_02,63.0,1
2025-03-08,Google App Campaigns,goog_ac_01,0.0,4
2025-03-08,Google App Campaigns,goog_ac_01,5.0,7
2025-03-08,Google App Campaigns,goog_ac_01,10.0,2
2025-03-08,Google App Campaigns,goog_ac_01,40.0,1
2025-03-08,Google App Campaigns,goog_ac_02,0.0,4
2025-03-08,Google App Campaigns,goog_ac_02,5.0,4
2025-03-08,Google App Campaigns,goog_ac_02,10.0,5
2025-03-08,Google App Campaigns,goog_ac_02,20.0,1
2025-03-08,Google Brand Search,goog_brand_01,0.0,4
2025-03-08,Google Brand Search,goog_brand_01,5.0,6
2025-03-08,Google Brand Search,goog_brand_01,10.0,4
2025-03-08,Google Brand Search,goog_brand_01,20.0,3
2025-03-08,Google Brand Search,goog_brand_01,63.0,2
2025-03-08,Google Non-Brand Search,goog_search_01,0.0,3
2025-03-08,Google Non-Brand Search,goog_search_01,5.0,2
2025-03-08,Google Non-Brand Search,goog_search_01,10.0,5
2025-03-08,Google Non-Brand Search,goog_search_01,20.0,2
2025-03-08,Google Non-Brand Search,goog_search_01,63.0,2
2025-03-08,TikTok,tiktok_upper_01,0.0,2
2025-03-08,TikTok,tiktok_upper_01,5.0,6
2025-03-08,TikTok,tiktok_upper_01,10.0,2
2025-03-08,TikTok,tiktok_upper_01,20.0,1
2025-03-08,TikTok,tiktok_upper_02,,5
2025-03-09,Meta,fb_prospect_01,0.0,3
2025-03-09,Meta,fb_prospect_01,5.0,5
2025-03-09,Meta,fb_prospect_01,10.0,6
2025-03-09,Meta,fb_prospect_01,20.0,1
2025-03-09,Meta,fb_prospect_01,40.0,2
2025-03-09,Meta,fb_prospect_02,0.0,10
2025-03-09,Meta,fb_prospect_02,5.0,4
2025-03-09,Meta,fb_prospect_02,10.0,6
2025-03-09,Meta,fb_prospect_02,63.0,1
2025-03-09,Google App Campaigns,goog_ac_01,0.0,2
2025-03-09,Google App Campaigns,goog_ac_01,5.0,4
2025-03-09,Google App Campaigns,goog_ac_01,10.0,3
2025-03-09,Google App Campaigns,goog_ac_01,20.0,2
2025-03-09,Google App Campaigns,goog_ac_01,40.0,1
2025-03-09,Google App Campaigns,goog_ac_02,0.0,3
2025-03-09,Google App Campaigns,goog_ac_02,5.0,3
2025-03-09,Google App Campaigns,goog_ac_02,10.0,3
2025-03-09,Google App Campaigns,goog_ac_02,20.0,2
2025-03-09,Google App Campaigns,goog_ac_02,63.0,1
2025-03-09,Google Brand Search,goog_brand_01,0.0,2
2025-03-09,Google Brand Search,goog_brand_01,5.0,4
2025-03-09,Google Brand Search,goog_brand_01,10.0,8
2025-03-09,Google Brand Search,goog_brand_01,20.0,3
2025-03-09,Google Brand Search,goog_brand_01,63.0,2
2025-03-09,Google Non-Brand Search,goog_search_01,0.0,4
2025-03-09,Google Non-Brand Search,goog_search_01,5.0,4
2025-03-09,Google Non-Brand Search,goog_search_01,10.0,4
2025-03-09,Google Non-Brand Search,goog_search_01,20.0,4
2025-03-09,Google Non-Brand Search,goog_search_01,40.0,1
2025-03-09,Google Non-Brand Search,goog_search_01,63.0,3
2025-03-09,TikTok,tiktok_upper_01,0.0,5
2025-03-09,TikTok,tiktok_upper_01,5.0,3
2025-03-09,TikTok,tiktok_upper_01,10.0,1
2025-03-09,TikTok,tiktok_upper_01,20.0,1
2025-03-09,TikTok,tiktok_upper_02,0.0,5
2025-03-09,TikTok,tiktok_upper_02,5.0,3
2025-03-09,TikTok,tiktok_upper_02,20.0,1
2025-03-09,TikTok,tiktok_upper_02,63.0,1
2025-03-10,Meta,fb_prospect_01,0.0,3
2025-03-10,Meta,fb_prospect_01,5.0,6
2025-03-10,Meta,fb_prospect_01,10.0,5
2025-03-10,Meta,fb_prospect_01,20.0,4
2025-03-10,Meta,fb_prospect_01,40.0,1
2025-03-10,Meta,fb_prospect_02,0.0,5
2025-03-10,Meta,fb_prospect_02,5.0,7
2025-03-10,Meta,fb_prospect_02,10.0,8
2025-03-10,Meta,fb_prospect_02,20.0,2
2025-03-10,Google App Campaigns,goog_ac_01,0.0,1
2025-03-10,Google App Campaigns,goog_ac_01,5.0,4
2025-03-10,Google App Campaigns,goog_ac_01,10.0,5
2025-03-10,Google App Campaigns,goog_ac_01,40.0,1
2025-03-10,Google App Campaigns,goog_ac_02,0.0,6
2025-03-10,Google App Campaigns,goog_ac_02,5.0,2
2025-03-10,Google App Campaigns,goog_ac_02,10.0,2
2025-03-10,Google App Campaigns,goog_ac_02,20.0,4
2025-03-10,Google App Campaigns,goog_ac_02,40.0,2
2025-03-10,Google Brand Search,goog_brand_01,0.0,3
2025-03-10,Google Brand Search,goog_brand_01,5.0,6
2025-03-10,Google Brand Search,goog_brand_01,10.0,3
2025-03-10,Google Brand Search,goog_brand_01,20.0,1
2025-03-10,Google Brand Search,goog_brand_01,40.0,2
2025-03-10,Google Brand Search,goog_brand_01,63.0,2
2025-03-10,Google Non-Brand Search,goog_search_01,0.0,2
2025-03-10,Google Non-Brand Search,goog_search_01,5.0,6
2025-03-10,Google Non-Brand Search,goog_search_01,10.0,3
2025-03-10,Google Non-Brand Search,goog_search_01,20.0,1
2025-03-10,Google Non-Brand Search,goog_search_01,63.0,1
2025-03-10,TikTok,tiktok_upper_01,,8
2025-03-10,TikTok,tiktok_upper_02,0.0,7
2025-03-10,TikTok,tiktok_upper_02,5.0,5
2025-03-11,Meta,fb_prospect_01,0.0,5
2025-03-11,Meta,fb_prospect_01,5.0,5
2025-03-11,Meta,fb_prospect_01,10.0,6
2025-03-11,Meta,fb_prospect_02,0.0,6
2025-03-11,Meta,fb_prospect_02,5.0,6
2025-03-11,Meta,fb_prospect_02,10.0,4
2025-03-11,Meta,fb_prospect_02,40.0,1
2025-03-11,Meta,fb_prospect_02,63.0,1
2025-03-11,Google App Campaigns,goog_ac_01,0.0,4
2025-03-11,Google App Campaigns,goog_ac_01,5.0,1
2025-03-11,Google App Campaigns,goog_ac_01,10.0,3
2025-03-11,Google App Campaigns,goog_ac_01,40.0,1
2025-03-11,Google App Campaigns,goog_ac_01,63.0,1
2025-03-11,Google App Campaigns,goog_ac_02,,6
2025-03-11,Google Brand Search,goog_brand_01,0.0,3
2025-03-11,Google Brand Search,goog_brand_01,5.0,5
2025-03-11,Google Brand Search,goog_brand_01,10.0,4
2025-03-11,Google Brand Search,goog_brand_01,20.0,3
2025-03-11,Google Non-Brand Search,goog_search_01,0.0,4
2025-03-11,Google Non-Brand Search,goog_search_01,5.0,4
2025-03-11,Google Non-Brand Search,goog_search_01,10.0,3
2025-03-11,Google Non-Brand Search,goog_search_01,20.0,3
2025-03-11,Google Non-Brand Search,goog_search_01,63.0,3
2025-03-11,TikTok,tiktok_upper_01,,5
2025-03-11,TikTok,tiktok_upper_02,,8
2025-03-12,Meta,fb_prospect_01,0.0,3
2025-03-12,Meta,fb_prospect_01,5.0,6
2025-03-12,Meta,fb_prospect_01,10.0,6
2025-03-12,Meta,fb_prospect_01,20.0,2
2025-03-12,Meta,fb_prospect_01,40.0,1
2025-03-12,Meta,fb_prospect_02,,7
2025-03-12,Google App Campaigns,goog_ac_01,,9
2025-03-12,Google App Campaigns,goog_ac_02,,5
2025-03-12,Google Brand Search,goog_brand_01,0.0,3
2025-03-12,Google Brand Search,goog_brand_01,5.0,5
2025-03-12,Google Brand Search,goog_brand_01,10.0,6
2025-03-12,Google Brand Search,goog_brand_01,20.0,2
2025-03-12,Google Non-Brand Search,goog_search_01,0.0,6
2025-03-12,Google Non-Brand Search,goog_search_01,5.0,4
2025-03-12,Google Non-Brand Search,goog_search_01,10.0,3
2025-03-12,Google Non-Brand Search,goog_search_01,20.0,2
2025-03-12,TikTok,tiktok_upper_01,,8
2025-03-12,TikTok,tiktok_upper_02,0.0,7
2025-03-12,TikTok,tiktok_upper_02,5.0,2
2025-03-12,TikTok,tiktok_upper_02,20.0,2
2025-03-13,Meta,fb_prospect_01,0.0,3
2025-03-13,Meta,fb_prospect_01,5.0,4
2025-03-13,Meta,fb_prospect_01,10.0,6
2025-03-13,Meta,fb_prospect_01,20.0,2
2025-03-13,Meta,fb_prospect_01,63.0,1
2025-03-13,Meta,fb_prospect_02,0.0,4
2025-03-13,Meta,fb_prospect_02,5.0,9
2025-03-13,Meta,fb_prospect_02,10.0,3
2025-03-13,Meta,fb_prospect_02,20.0,2
2025-03-13,Meta,fb_prospect_02,40.0,1
2025-03-13,Meta,fb_prospect_02,63.0,1
2025-03-13,Google App Campaigns,goog_ac_01,0.0,4
2025-03-13,Google App Campaigns,goog_ac_01,5.0,1
2025-03-13,Google App Campaigns,goog_ac_01,10.0,2
2025-03-13,Google App Campaigns,goog_ac_01,20.0,2
2025-03-13,Google App Campaigns,goog_ac_01,40.0,1
2025-03-13,Google App Campaigns,goog_ac_02,,8
2025-03-13,Google Brand Search,goog_brand_01,0.0,4
2025-03-13,Google Brand Search,goog_brand_01,5.0,4
2025-03-13,Google Brand Search,goog_brand_01,10.0,3
2025-03-13,Google Brand Search,goog_brand_01,20.0,1
2025-03-13,Google Non-Brand Search,goog_search_01,0.0,5
2025-03-13,Google Non-Brand Search,goog_search_01,5.0,2
2025-03-13,Google Non-Brand Search,goog_search_01,10.0,2
2025-03-13,Google Non-Brand Search,goog_search_01,20.0,2
2025-03-13,Google Non-Brand Search,goog_search_01,40.0,2
2025-03-13,Google Non-Brand Search,goog_search_01,63.0,1
2025-03-13,TikTok,tiktok_upper_01,,7
2025-03-13,TikTok,tiktok_upper_02,,6
2025-03-14,Meta,fb_prospect_01,0.0,5
2025-03-14,Meta,fb_prospect_01,5.0,3
2025-03-14,Meta,fb_prospect_01,10.0,8
2025-03-14,Meta,fb_prospect_01,20.0,2
2025-03-14,Meta,fb_prospect_01,63.0,2
2025-03-14,Meta,fb_prospect_02,0.0,7
2025-03-14,Meta,fb_prospect_02,5.0,3
2025-03-14,Meta,fb_prospect_02,10.0,1
2025-03-14,Meta,fb_prospect_02,20.0,4
2025-03-14,Meta,fb_prospect_02,40.0,2
2025-03-14,Meta,fb_prospect_02,63.0,1
2025-03-14,Google App Campaigns,goog_ac_01,0.0,3
2025-03-14,Google App Campaigns,goog_ac_01,5.0,3
2025-03-14,Google App Campaigns,goog_ac_01,10.0,2
2025-03-14,Google App Campaigns,goog_ac_01,20.0,3
2025-03-14,Google App Campaigns,goog_ac_02,0.0,2
2025-03-14,Google App Campaigns,goog_ac_02,5.0,4
2025-03-14,Google App Campaigns,goog_ac_02,10.0,2
2025-03-14,Google App Campaigns,goog_ac_02,40.0,2
2025-03-14,Google Brand Search,goog_brand_01,0.0,2
2025-03-14,Google Brand Search,goog_brand_01,5.0,4
2025-03-14,Google Brand Search,goog_brand_01,10.0,5
2025-03-14,Google Brand Search,goog_brand_01,63.0,2
2025-03-14,Google Non-Brand Search,goog_search_01,0.0,3
2025-03-14,Google Non-Brand Search,goog_search_01,5.0,1
2025-03-14,Google Non-Brand Search,goog_search_01,10.0,4
2025-03-14,Google Non-Brand Search,goog_search_01,20.0,1
2025-03-14,Google Non-Brand Search,goog_search_01,40.0,2
2025-03-14,Google Non-Brand Search,goog_search_01,63.0,1
2025-03-14,TikTok,tiktok_upper_01,,7
2025-03-14,TikTok,tiktok_upper_02,,5
2025-03-15,Meta,fb_prospect_01,0.0,3
2025-03-15,Meta,fb_prospect_01,5.0,7
2025-03-15,Meta,fb_prospect_01,10.0,5
2025-03-15,Meta,fb_prospect_01,20.0,1
2025-03-15,Meta,fb_prospect_01,40.0,1
2025-03-15,Meta,fb_prospect_02,0.0,4
2025-03-15,Meta,fb_prospect_02,5.0,6
2025-03-15,Meta,fb_prospect_02,10.0,3
2025-03-15,Meta,fb_prospect_02,20.0,1
2025-03-15,Meta,fb_prospect_02,40.0,2
2025-03-15,Meta,fb_prospect_02,63.0,1
2025-03-15,Google App Campaigns,goog_ac_01,0.0,7
2025-03-15,Google App Campaigns,goog_ac_01,5.0,3
2025-03-15,Google App Campaigns,goog_ac_01,10.0,3
2025-03-15,Google App Campaigns,goog_ac_01,20.0,3
2025-03-15,Google App Campaigns,goog_ac_02,0.0,1
2025-03-15,Google App Campaigns,goog_ac_02,5.0,7
2025-03-15,Google App Campaigns,goog_ac_02,10.0,3
2025-03-15,Google App Campaigns,goog_ac_02,63.0,1
2025-03-15,Google Brand Search,goog_brand_01,0.0,4
2025-03-15,Google Brand Search,goog_brand_01,5.0,3
2025-03-15,Google Brand Search,goog_brand_01,10.0,5
2025-03-15,Google Brand Search,goog_brand_01,20.0,3
2025-03-15,Google Non-Brand Search,goog_search_01,0.0,5
2025-03-15,Google Non-Brand Search,goog_search_01,5.0,6
2025-03-15,Google Non-Brand Search,goog_search_01,10.0,3
2025-03-15,Google Non-Brand Search,goog_search_01,20.0,3
2025-03-15,Google Non-Brand Search,goog_search_01,40.0,1
2025-03-15,Google Non-Brand Search,goog_search_01,63.0,1
2025-03-15,TikTok,tiktok_upper_01,0.0,5
2025-03-15,TikTok,tiktok_upper_01,5.0,3
2025-03-15,TikTok,tiktok_upper_01,10.0,2
2025-03-15,TikTok,tiktok_upper_01,20.0,2
2025-03-15,TikTok,tiktok_upper_02,0.0,3
2025-03-15,TikTok,tiktok_upper_02,5.0,6
2025-03-15,TikTok,tiktok_upper_02,10.0,2
2025-03-16,Meta,fb_prospect_01,0.0,2
2025-03-16,Meta,fb_prospect_01,5.0,9
2025-03-16,Meta,fb_prospect_01,10.0,3
2025-03-16,Meta,fb_prospect_01,20.0,3
2025-03-16,Meta,fb_prospect_02,0.0,11
2025-03-16,Meta,fb_prospect_02,5.0,7
2025-03-16,Meta,fb_prospect_02,10.0,6
2025-03-16,Meta,fb_prospect_02,20.0,1
2025-03-16,Meta,fb_prospect_02,40.0,1
2025-03-16,Meta,fb_prospect_02,63.0,1
2025-03-16,Google App Campaigns,goog_ac_01,0.0,5
2025-03-16,Google App Campaigns,goog_ac_01,5.0,1
2025-03-16,Google App Campaigns,goog_ac_01,10.0,5
2025-03-16,Google App Campaigns,goog_ac_01,40.0,1
2025-03-16,Google App Campaigns,goog_ac_02,0.0,4
2025-03-16,Google App Campaigns,goog_ac_02,5.0,3
2025-03-16,Google App Campaigns,goog_ac_02,10.0,5
2025-03-16,Google App Campaigns,goog_ac_02,20.0,3
2025-03-16,Google Brand Search,goog_brand_01,0.0,5
2025-03-16,Google Brand Search,goog_brand_01,5.0,6
2025-03-16,Google Brand Search,goog_brand_01,10.0,4
2025-03-16,Google Brand Search,goog_brand_01,20.0,2
2025-03-16,Google Brand Search,goog_brand_01,40.0,2
2025-03-16,Google Brand Search,goog_brand_01,63.0,2
2025-03-16,Google Non-Brand Search,goog_search_01,0.0,4
2025-03-16,Google Non-Brand Search,goog_search_01,5.0,6
2025-03-16,Google Non-Brand Search,goog_search_01,10.0,3
2025-03-16,Google Non-Brand Search,goog_search_01,20.0,2
2025-03-16,Google Non-Brand Search,goog_search_01,40.0,3
2025-03-16,TikTok,tiktok_upper_01,0.0,6
2025-03-16,TikTok,tiktok_upper_01,5.0,2
2025-03-16,TikTok,tiktok_upper_01,10.0,1
2025-03-16,TikTok,tiktok_upper_01,20.0,4
2025-03-16,TikTok,tiktok_upper_02,,5
2025-03-17,Meta,fb_prospect_01,0.0,5
2025-03-17,Meta,fb_prospect_01,5.0,8
2025-03-17,Meta,fb_prospect_01,10.0,7
2025-03-17,Meta,fb_prospect_01,20.0,3
2025-03-17,Meta,fb_prospect_01,63.0,1
2025-03-17,Meta,fb_prospect_02,0.0,1
2025-03-17,Meta,fb_prospect_02,5.0,9
2025-03-17,Meta,fb_prospect_02,10.0,4
2025-03-17,Meta,fb_prospect_02,20.0,5
2025-03-17,Meta,fb_prospect_02,40.0,1
2025-03-17,Google App Campaigns,goog_ac_01,0.0,4
2025-03-17,Google App Campaigns,goog_ac_01,5.0,1
2025-03-17,Google App Campaigns,goog_ac_01,10.0,2
2025-03-17,Google App Campaigns,goog_ac_01,20.0,6
2025-03-17,Google App Campaigns,goog_ac_02,,5
2025-03-17,Google Brand Search,goog_brand_01,0.0,8
2025-03-17,Google Brand Search,goog_brand_01,5.0,4
2025-03-17,Google Brand Search,goog_brand_01,10.0,7
2025-03-17,Google Brand Search,goog_brand_01,20.0,2
2025-03-17,Google Non-Brand Search,goog_search_01,0.0,3
2025-03-17,Google Non-Brand Search,goog_search_01,5.0,5
2025-03-17,Google Non-Brand Search,goog_search_01,10.0,3
2025-03-17,Google Non-Brand Search,goog_search_01,20.0,4
2025-03-17,Google Non-Brand Search,goog_search_01,40.0,5
2025-03-17,TikTok,tiktok_upper_01,0.0,7
2025-03-17,TikTok,tiktok_upper_01,5.0,4
2025-03-17,TikTok,tiktok_upper_01,10.0,3
2025-03-17,TikTok,tiktok_upper_01,20.0,1
2025-03-17,TikTok,tiktok_upper_02,0.0,4
2025-03-17,TikTok,tiktok_upper_02,5.0,3
2025-03-17,TikTok,tiktok_upper_02,10.0,3
2025-03-17,TikTok,tiktok_upper_02,20.0,1
2025-03-18,Meta,fb_prospect_01,0.0,2
2025-03-18,Meta,fb_prospect_01,5.0,5
2025-03-18,Meta,fb_prospect_01,10.0,4
2025-03-18,Meta,fb_prospect_02,0.0,5
2025-03-18,Meta,fb_prospect_02,5.0,6
2025-03-18,Meta,fb_prospect_02,10.0,6
2025-03-18,Meta,fb_prospect_02,20.0,1
2025-03-18,Meta,fb_prospect_02,63.0,2
2025-03-18,Google App Campaigns,goog_ac_01,,9
2025-03-18,Google App Campaigns,goog_ac_02,,4
2025-03-18,Google Brand Search,goog_brand_01,0.0,1
2025-03-18,Google Brand Search,goog_brand_01,5.0,2
2025-03-18,Google Brand Search,goog_brand_01,10.0,3
2025-03-18,Google Brand Search,goog_brand_01,20.0,4
2025-03-18,Google Brand Search,goog_brand_01,40.0,1
2025-03-18,Google Non-Brand Search,goog_search_01,0.0,2
2025-03-18,Google Non-Brand Search,goog_search_01,5.0,5
2025-03-18,Google Non-Brand Search,goog_search_01,10.0,8
2025-03-18,Google Non-Brand Search,goog_search_01,20.0,1
2025-03-18,TikTok,tiktok_upper_01,,9
2025-03-18,TikTok,tiktok_upper_02,0.0,8
2025-03-18,TikTok,tiktok_upper_02,5.0,2
2025-03-18,TikTok,tiktok_upper_02,20.0,1
2025-03-19,Meta,fb_prospect_01,0.0,9
2025-03-19,Meta,fb_prospect_01,5.0,7
2025-03-19,Meta,fb_prospect_01,10.0,4
2025-03-19,Meta,fb_prospect_01,20.0,1
2025-03-19,Meta,fb_prospect_02,0.0,5
2025-03-19,Meta,fb_prospect_02,5.0,8
2025-03-19,Meta,fb_prospect_02,10.0,5
2025-03-19,Meta,fb_prospect_02,40.0,3
2025-03-19,Meta,fb_prospect_02,63.0,1
2025-03-19,Google App Campaigns,goog_ac_01,,7
2025-03-19,Google App Campaigns,goog_ac_02,0.0,5
2025-03-19,Google App Campaigns,goog_ac_02,5.0,4
2025-03-19,Google App Campaigns,goog_ac_02,10.0,1
2025-03-19,Google Brand Search,goog_brand_01,0.0,5
2025-03-19,Google Brand Search,goog_brand_01,5.0,6
2025-03-19,Google Brand Search,goog_brand_01,10.0,1
2025-03-19,Google Brand Search,goog_brand_01,20.0,2
2025-03-19,Google Brand Search,goog_brand_01,40.0,1
2025-03-19,Google Non-Brand Search,goog_search_01,0.0,3
2025-03-19,Google Non-Brand Search,goog_search_01,5.0,5
2025-03-19,Google Non-Brand Search,goog_search_01,10.0,4
2025-03-19,Google Non-Brand Search,goog_search_01,20.0,5
2025-03-19,Google Non-Brand Search,goog_search_01,63.0,1
2025-03-19,TikTok,tiktok_upper_01,,8
2025-03-19,TikTok,tiktok_upper_02,,7
2025-03-20,Meta,fb_prospect_01,0.0,5
2025-03-20,Meta,fb_prospect_01,5.0,1
2025-03-20,Meta,fb_prospect_01,10.0,2
2025-03-20,Meta,fb_prospect_01,20.0,2
2025-03-20,Meta,fb_prospect_02,0.0,4
2025-03-20,Meta,fb_prospect_02,5.0,4
2025-03-20,Meta,fb_prospect_02,10.0,3
2025-03-20,Meta,fb_prospect_02,20.0,1
2025-03-20,Meta,fb_prospect_02,40.0,1
2025-03-20,Meta,fb_prospect_02,63.0,1
2025-03-20,Google App Campaigns,goog_ac_01,,8
2025-03-20,Google App Campaigns,goog_ac_02,,7
2025-03-20,Google Brand Search,goog_brand_01,0.0,6
2025-03-20,Google Brand Search,goog_brand_01,5.0,4
2025-03-20,Google Brand Search,goog_brand_01,10.0,4
2025-03-20,Google Brand Search,goog_brand_01,20.0,1
2025-03-20,Google Brand Search,goog_brand_01,40.0,1
2025-03-20,Google Brand Search,goog_brand_01,63.0,1
2025-03-20,Google Non-Brand Search,goog_search_01,0.0,3
2025-03-20,Google Non-Brand Search,goog_search_01,5.0,1
2025-03-20,Google Non-Brand Search,goog_search_01,10.0,3
2025-03-20,Google Non-Brand Search,goog_search_01,20.0,3
2025-03-20,Google Non-Brand Search,goog_search_01,40.0,1
2025-03-20,Google Non-Brand Search,goog_search_01,63.0,1
2025-03-20,TikTok,tiktok_upper_01,,8
2025-03-20,TikTok,tiktok_upper_02,,8
2025-03-21,Meta,fb_prospect_01,0.0,4
2025-03-21,Meta,fb_prospect_01,5.0,4
2025-03-21,Meta,fb_prospect_01,10.0,9
2025-03-21,Meta,fb_prospect_01,20.0,3
2025-03-21,Meta,fb_prospect_01,63.0,1
2025-03-21,Meta,fb_prospect_02,0.0,3
2025-03-21,Meta,fb_prospect_02,5.0,2
2025-03-21,Meta,fb_prospect_02,10.0,4
2025-03-21,Meta,fb_prospect_02,20.0,2
2025-03-21,Google App Campaigns,goog_ac_01,0.0,3
2025-03-21,Google App Campaigns,goog_ac_01,5.0,5
2025-03-21,Google App Campaigns,goog_ac_01,10.0,1
2025-03-21,Google App Campaigns,goog_ac_01,20.0,2
2025-03-21,Google App Campaigns,goog_ac_02,0.0,6
2025-03-21,Google App Campaigns,goog_ac_02,5.0,3
2025-03-21,Google App Campaigns,goog_ac_02,10.0,1
2025-03-21,Google App Campaigns,goog_ac_02,20.0,1
2025-03-21,Google App Campaigns,goog_ac_02,63.0,1
2025-03-21,Google Brand Search,goog_brand_01,0.0,2
2025-03-21,Google Brand Search,goog_brand_01,5.0,5
2025-03-21,Google Brand Search,goog_brand_01,10.0,2
2025-03-21,Google Brand Search,goog_brand_01,20.0,1
2025-03-21,Google Non-Brand Search,goog_search_01,0.0,4
2025-03-21,Google Non-Brand Search,goog_search_01,5.0,3
2025-03-21,Google Non-Brand Search,goog_search_01,20.0,4
2025-03-21,TikTok,tiktok_upper_01,0.0,3
2025-03-21,TikTok,tiktok_upper_01,5.0,5
2025-03-21,TikTok,tiktok_upper_01,10.0,2
2025-03-21,TikTok,tiktok_upper_01,20.0,2
2025-03-21,TikTok,tiktok_upper_02,,8
2025-03-22,Meta,fb_prospect_01,0.0,4
2025-03-22,Meta,fb_prospect_01,5.0,4
2025-03-22,Meta,fb_prospect_01,10.0,10
2025-03-22,Meta,fb_prospect_01,20.0,3
2025-03-22,Meta,fb_prospect_01,63.0,1
2025-03-22,Meta,fb_prospect_02,0.0,1
2025-03-22,Meta,fb_prospect_02,5.0,6
2025-03-22,Meta,fb_prospect_02,10.0,4
2025-03-22,Meta,fb_prospect_02,63.0,2
2025-03-22,Google App Campaigns,goog_ac_01,0.0,4
2025-03-22,Google App Campaigns,goog_ac_01,5.0,4
2025-03-22,Google App Campaigns,goog_ac_01,10.0,3
2025-03-22,Google App Campaigns,goog_ac_02,,7
2025-03-22,Google Brand Search,goog_brand_01,0.0,5
2025-03-22,Google Brand Search,goog_brand_01,5.0,6
2025-03-22,Google Brand Search,goog_brand_01,10.0,5
2025-03-22,Google Brand Search,goog_brand_01,20.0,2
2025-03-22,Google Brand Search,goog_brand_01,63.0,1
2025-03-22,Google Non-Brand Search,goog_search_01,0.0,3
2025-03-22,Google Non-Brand Search,goog_search_01,5.0,2
2025-03-22,Google Non-Brand Search,goog_search_01,10.0,10
2025-03-22,Google Non-Brand Search,goog_search_01,20.0,2
2025-03-22,Google Non-Brand Search,goog_search_01,40.0,4
2025-03-22,Google Non-Brand Search,goog_search_01,63.0,3
2025-03-22,TikTok,tiktok_upper_01,,4
2025-03-22,TikTok,tiktok_upper_02,,7
2025-03-23,Meta,fb_prospect_01,0.0,4
2025-03-23,Meta,fb_prospect_01,5.0,10
2025-03-23,Meta,fb_prospect_01,10.0,2
2025-03-23,Meta,fb_prospect_01,40.0,2
2025-03-23,Meta,fb_prospect_01,63.0,1
2025-03-23,Meta,fb_prospect_02,0.0,5
2025-03-23,Meta,fb_prospect_02,5.0,7
2025-03-23,Meta,fb_prospect_02,10.0,2
2025-03-23,Meta,fb_prospect_02,20.0,3
2025-03-23,Meta,fb_prospect_02,40.0,2
2025-03-23,Google App Campaigns,goog_ac_01,0.0,3
2025-03-23,Google App Campaigns,goog_ac_01,5.0,3
2025-03-23,Google App Campaigns,goog_ac_01,10.0,2
2025-03-23,Google App Campaigns,goog_ac_01,20.0,2
2025-03-23,Google App Campaigns,goog_ac_01,40.0,1
2025-03-23,Google App Campaigns,goog_ac_01,63.0,1
2025-03-23,Google App Campaigns,goog_ac_02,0.0,3
2025-03-23,Google App Campaigns,goog_ac_02,5.0,2
2025-03-23,Google App Campaigns,goog_ac_02,10.0,7
2025-03-23,Google Brand Search,goog_brand_01,0.0,3
2025-03-23,Google Brand Search,goog_brand_01,5.0,4
2025-03-23,Google Brand Search,goog_brand_01,10.0,3
2025-03-23,Google Brand Search,goog_brand_01,20.0,2
2025-03-23,Google Non-Brand Search,goog_search_01,0.0,2
2025-03-23,Google Non-Brand Search,goog_search_01,5.0,3
2025-03-23,Google Non-Brand Search,goog_search_01,10.0,1
2025-03-23,Google Non-Brand Search,goog_search_01,20.0,6
2025-03-23,Google Non-Brand Search,goog_search_01,40.0,1
2025-03-23,Google Non-Brand Search,goog_search_01,63.0,2
2025-03-23,TikTok,tiktok_upper_01,,9
2025-03-23,TikTok,tiktok_upper_02,,4
2025-03-24,Meta,fb_prospect_01,0.0,9
2025-03-24,Meta,fb_prospect_01,5.0,6
2025-03-24,Meta,fb_prospect_01,10.0,8
2025-03-24,Meta,fb_prospect_01,20.0,3
2025-03-24,Meta,fb_prospect_01,40.0,2
2025-03-24,Meta,fb_prospect_01,63.0,1
2025-03-24,Meta,fb_prospect_02,0.0,7
2025-03-24,Meta,fb_prospect_02,5.0,4
2025-03-24,Meta,fb_prospect_02,10.0,7
2025-03-24,Meta,fb_prospect_02,20.0,1
2025-03-24,Meta,fb_prospect_02,40.0,1
2025-03-24,Google App Campaigns,goog_ac_01,,7
2025-03-24,Google App Campaigns,goog_ac_02,0.0,4
2025-03-24,Google App Campaigns,goog_ac_02,5.0,3
2025-03-24,Google App Campaigns,goog_ac_02,10.0,3
2025-03-24,Google App Campaigns,goog_ac_02,20.0,1
2025-03-24,Google Brand Search,goog_brand_01,0.0,5
2025-03-24,Google Brand Search,goog_brand_01,5.0,2
2025-03-24,Google Brand Search,goog_brand_01,10.0,2
2025-03-24,Google Brand Search,goog_brand_01,20.0,2
2025-03-24,Google Brand Search,goog_brand_01,40.0,2
2025-03-24,Google Brand Search,goog_brand_01,63.0,3
2025-03-24,Google Non-Brand Search,goog_search_01,5.0,8
2025-03-24,Google Non-Brand Search,goog_search_01,10.0,2
2025-03-24,Google Non-Brand Search,goog_search_01,20.0,6
2025-03-24,Google Non-Brand Search,goog_search_01,40.0,3
2025-03-24,Google Non-Brand Search,goog_search_01,63.0,2
2025-03-24,TikTok,tiktok_upper_01,,8
2025-03-24,TikTok,tiktok_upper_02,0.0,4
2025-03-24,TikTok,tiktok_upper_02,5.0,5
2025-03-24,TikTok,tiktok_upper_02,40.0,1
2025-03-25,Meta,fb_prospect_01,0.0,1
2025-03-25,Meta,fb_prospect_01,5.0,7
2025-03-25,Meta,fb_prospect_01,10.0,3
2025-03-25,Meta,fb_prospect_01,20.0,1
2025-03-25,Meta,fb_prospect_01,40.0,1
2025-03-25,Meta,fb_prospect_01,63.0,1
2025-03-25,Meta,fb_prospect_02,0.0,4
2025-03-25,Meta,fb_prospect_02,5.0,2
2025-03-25,Meta,fb_prospect_02,10.0,4
2025-03-25,Meta,fb_prospect_02,20.0,1
2025-03-25,Meta,fb_prospect_02,40.0,2
2025-03-25,Meta,fb_prospect_02,63.0,2
2025-03-25,Google App Campaigns,goog_ac_01,,9
2025-03-25,Google App Campaigns,goog_ac_02,,6
2025-03-25,Google Brand Search,goog_brand_01,0.0,4
2025-03-25,Google Brand Search,goog_brand_01,5.0,2
2025-03-25,Google Brand Search,goog_brand_01,10.0,3
2025-03-25,Google Brand Search,goog_brand_01,20.0,2
2025-03-25,Google Brand Search,goog_brand_01,40.0,1
2025-03-25,Google Non-Brand Search,goog_search_01,0.0,3
2025-03-25,Google Non-Brand Search,goog_search_01,5.0,1
2025-03-25,Google Non-Brand Search,goog_search_01,10.0,2
2025-03-25,Google Non-Brand Search,goog_search_01,20.0,3
2025-03-25,Google Non-Brand Search,goog_search_01,40.0,1
2025-03-25,Google Non-Brand Search,goog_search_01,63.0,3
2025-03-25,TikTok,tiktok_upper_01,,7
2025-03-25,TikTok,tiktok_upper_02,0.0,6
2025-03-25,TikTok,tiktok_upper_02,5.0,5
2025-03-25,TikTok,tiktok_upper_02,10.0,1
2025-03-25,TikTok,tiktok_upper_02,20.0,1
2025-03-26,Meta,fb_prospect_01,0.0,6
2025-03-26,Meta,fb_prospect_01,5.0,3
2025-03-26,Meta,fb_prospect_01,10.0,3
2025-03-26,Meta,fb_prospect_01,20.0,3
2025-03-26,Meta,fb_prospect_01,63.0,1
2025-03-26,Meta,fb_prospect_02,0.0,5
2025-03-26,Meta,fb_prospect_02,5.0,3
2025-03-26,Meta,fb_prospect_02,10.0,4
2025-03-26,Google App Campaigns,goog_ac_01,,9
2025-03-26,Google App Campaigns,goog_ac_02,0.0,2
2025-03-26,Google App Campaigns,goog_ac_02,5.0,4
2025-03-26,Google App Campaigns,goog_ac_02,10.0,1
2025-03-26,Google App Campaigns,goog_ac_02,20.0,1
2025-03-26,Google App Campaigns,goog_ac_02,40.0,3
2025-03-26,Google App Campaigns,goog_ac_02,63.0,1
2025-03-26,Google Brand Search,goog_brand_01,0.0,6
2025-03-26,Google Brand Search,goog_brand_01,5.0,6
2025-03-26,Google Brand Search,goog_brand_01,10.0,6
2025-03-26,Google Brand Search,goog_brand_01,20.0,4
2025-03-26,Google Brand Search,goog_brand_01,40.0,1
2025-03-26,Google Brand Search,goog_brand_01,63.0,1
2025-03-26,Google Non-Brand Search,goog_search_01,0.0,3
2025-03-26,Google Non-Brand Search,goog_search_01,5.0,4
2025-03-26,Google Non-Brand Search,goog_search_01,10.0,2
2025-03-26,Google Non-Brand Search,goog_search_01,20.0,4
2025-03-26,Google Non-Brand Search,goog_search_01,63.0,1
2025-03-26,TikTok,tiktok_upper_01,,6
2025-03-26,TikTok,tiktok_upper_02,,7
2025-03-27,Meta,fb_prospect_01,0.0,1
2025-03-27,Meta,fb_prospect_01,5.0,7
2025-03-27,Meta,fb_prospect_01,10.0,6
2025-03-27,Meta,fb_prospect_01,40.0,1
2025-03-27,Meta,fb_prospect_02,0.0,4
2025-03-27,Meta,fb_prospect_02,5.0,3
2025-03-27,Meta,fb_prospect_02,10.0,7
2025-03-27,Meta,fb_prospect_02,63.0,1
2025-03-27,Google App Campaigns,goog_ac_01,,4
2025-03-27,Google App Campaigns,goog_ac_02,,7
2025-03-27,Google Brand Search,goog_brand_01,0.0,3
2025-03-27,Google Brand Search,goog_brand_01,5.0,1
2025-03-27,Google Brand Search,goog_brand_01,10.0,5
2025-03-27,Google Brand Search,goog_brand_01,63.0,1
2025-03-27,Google Non-Brand Search,goog_search_01,0.0,3
2025-03-27,Google Non-Brand Search,goog_search_01,5.0,3
2025-03-27,Google Non-Brand Search,goog_search_01,10.0,4
2025-03-27,Google Non-Brand Search,goog_search_01,20.0,2
2025-03-27,Google Non-Brand Search,goog_search_01,63.0,2
2025-03-27,TikTok,tiktok_upper_01,,6
2025-03-27,TikTok,tiktok_upper_02,,7
2025-03-28,Meta,fb_prospect_01,0.0,2
2025-03-28,Meta,fb_prospect_01,5.0,2
2025-03-28,Meta,fb_prospect_01,10.0,7
2025-03-28,Meta,fb_prospect_01,20.0,1
2025-03-28,Meta,fb_prospect_01,40.0,1
2025-03-28,Meta,fb_prospect_01,63.0,2
2025-03-28,Meta,fb_prospect_02,0.0,7
2025-03-28,Meta,fb_prospect_02,5.0,5
2025-03-28,Meta,fb_prospect_02,10.0,5
2025-03-28,Meta,fb_prospect_02,20.0,2
2025-03-28,Google App Campaigns,goog_ac_01,0.0,5
2025-03-28,Google App Campaigns,goog_ac_01,5.0,5
2025-03-28,Google App Campaigns,goog_ac_01,10.0,1
2025-03-28,Google App Campaigns,goog_ac_02,0.0,2
2025-03-28,Google App Campaigns,goog_ac_02,5.0,3
2025-03-28,Google App Campaigns,goog_ac_02,10.0,5
2025-03-28,Google App Campaigns,goog_ac_02,40.0,1
2025-03-28,Google Brand Search,goog_brand_01,0.0,2
2025-03-28,Google Brand Search,goog_brand_01,10.0,4
2025-03-28,Google Brand Search,goog_brand_01,20.0,3
2025-03-28,Google Brand Search,goog_brand_01,63.0,1
2025-03-28,Google Non-Brand Search,goog_search_01,0.0,4
2025-03-28,Google Non-Brand Search,goog_search_01,5.0,3
2025-03-28,Google Non-Brand Search,goog_search_01,10.0,3
2025-03-28,Google Non-Brand Search,goog_search_01,40.0,1
2025-03-28,Google Non-Brand Search,goog_search_01,63.0,2
2025-03-28,TikTok,tiktok_upper_01,,9
2025-03-28,TikTok,tiktok_upper_02,,5
2025-03-29,Meta,fb_prospect_01,0.0,3
2025-03-29,Meta,fb_prospect_01,5.0,2
2025-03-29,Meta,fb_prospect_01,10.0,8
2025-03-29,Meta,fb_prospect_01,20.0,1
2025-03-29,Meta,fb_prospect_01,40.0,1
2025-03-29,Meta,fb_prospect_02,0.0,3
2025-03-29,Meta,fb_prospect_02,5.0,6
2025-03-29,Meta,fb_prospect_02,10.0,5
2025-03-29,Meta,fb_prospect_02,20.0,2
2025-03-29,Meta,fb_prospect_02,40.0,1
2025-03-29,Meta,fb_prospect_02,63.0,1
2025-03-29,Google App Campaigns,goog_ac_01,0.0,4
2025-03-29,Google App Campaigns,goog_ac_01,5.0,6
2025-03-29,Google App Campaigns,goog_ac_01,10.0,3
2025-03-29,Google App Campaigns,goog_ac_01,40.0,1
2025-03-29,Google App Campaigns,goog_ac_02,0.0,3
2025-03-29,Google App Campaigns,goog_ac_02,5.0,5
2025-03-29,Google App Campaigns,goog_ac_02,10.0,1
2025-03-29,Google App Campaigns,goog_ac_02,20.0,1
2025-03-29,Google App Campaigns,goog_ac_02,40.0,1
2025-03-29,Google Brand Search,goog_brand_01,0.0,3
2025-03-29,Google Brand Search,goog_brand_01,5.0,3
2025-03-29,Google Brand Search,goog_brand_01,10.0,6
2025-03-29,Google Brand Search,goog_brand_01,20.0,4
2025-03-29,Google Non-Brand Search,goog_search_01,5.0,6
2025-03-29,Google Non-Brand Search,goog_search_01,10.0,2
2025-03-29,Google Non-Brand Search,goog_search_01,20.0,3
2025-03-29,Google Non-Brand Search,goog_search_01,40.0,2
2025-03-29,Google Non-Brand Search,goog_search_01,63.0,1
2025-03-29,TikTok,tiktok_upper_01,0.0,4
2025-03-29,TikTok,tiktok_upper_01,5.0,8
2025-03-29,TikTok,tiktok_upper_01,10.0,3
2025-03-29,TikTok,tiktok_upper_01,20.0,1
2025-03-29,TikTok,tiktok_upper_02,,6
2025-03-30,Meta,fb_prospect_01,0.0,6
2025-03-30,Meta,fb_prospect_01,5.0,3
2025-03-30,Meta,fb_prospect_01,10.0,6
2025-03-30,Meta,fb_prospect_01,20.0,8
2025-03-30,Meta,fb_prospect_01,40.0,4
2025-03-30,Meta,fb_prospect_02,0.0,10
2025-03-30,Meta,fb_prospect_02,5.0,6
2025-03-30,Meta,fb_prospect_02,10.0,3
2025-03-30,Meta,fb_prospect_02,20.0,1
2025-03-30,Meta,fb_prospect_02,63.0,1
2025-03-30,Google App Campaigns,goog_ac_01,0.0,7
2025-03-30,Google App Campaigns,goog_ac_01,5.0,4
2025-03-30,Google App Campaigns,goog_ac_01,10.0,1
2025-03-30,Google App Campaigns,goog_ac_01,20.0,1
2025-03-30,Google App Campaigns,goog_ac_01,40.0,2
2025-03-30,Google App Campaigns,goog_ac_02,,7
2025-03-30,Google Brand Search,goog_brand_01,0.0,6
2025-03-30,Google Brand Search,goog_brand_01,5.0,5
2025-03-30,Google Brand Search,goog_brand_01,10.0,4
2025-03-30,Google Brand Search,goog_brand_01,20.0,1
2025-03-30,Google Brand Search,goog_brand_01,40.0,2
2025-03-30,Google Brand Search,goog_brand_01,63.0,1
2025-03-30,Google Non-Brand Search,goog_search_01,0.0,1
2025-03-30,Google Non-Brand Search,goog_search_01,5.0,4
2025-03-30,Google Non-Brand Search,goog_search_01,10.0,7
2025-03-30,Google Non-Brand Search,goog_search_01,20.0,5
2025-03-30,Google Non-Brand Search,goog_search_01,40.0,1
2025-03-30,TikTok,tiktok_upper_01,0.0,5
2025-03-30,TikTok,tiktok_upper_01,5.0,4
2025-03-30,TikTok,tiktok_upper_01,10.0,3
2025-03-30,TikTok,tiktok_upper_01,20.0,1
2025-03-30,TikTok,tiktok_upper_02,0.0,2
2025-03-30,TikTok,tiktok_upper_02,5.0,3
2025-03-30,TikTok,tiktok_upper_02,10.0,2
2025-03-30,TikTok,tiktok_upper_02,20.0,2
2025-03-30,TikTok,tiktok_upper_02,40.0,1
2025-03-31,Meta,fb_prospect_01,0.0,7
2025-03-31,Meta,fb_prospect_01,5.0,5
2025-03-31,Meta,fb_prospect_01,10.0,5
2025-03-31,Meta,fb_prospect_01,20.0,1
2025-03-31,Meta,fb_prospect_01,40.0,2
2025-03-31,Meta,fb_prospect_01,63.0,1
2025-03-31,Meta,fb_prospect_02,0.0,4
2025-03-31,Meta,fb_prospect_02,5.0,4
2025-03-31,Meta,fb_prospect_02,10.0,6
2025-03-31,Meta,fb_prospect_02,20.0,2
2025-03-31,Meta,fb_prospect_02,40.0,2
2025-03-31,Google App Campaigns,goog_ac_01,,6
2025-03-31,Google App Campaigns,goog_ac_02,0.0,2
2025-03-31,Google App Campaigns,goog_ac_02,5.0,4
2025-03-31,Google App Campaigns,goog_ac_02,10.0,2
2025-03-31,Google App Campaigns,goog_ac_02,20.0,1
2025-03-31,Google App Campaigns,goog_ac_02,63.0,2
2025-03-31,Google Brand Search,goog_brand_01,0.0,5
2025-03-31,Google Brand Search,goog_brand_01,5.0,3
2025-03-31,Google Brand Search,goog_brand_01,10.0,2
2025-03-31,Google Brand Search,goog_brand_01,20.0,4
2025-03-31,Google Brand Search,goog_brand_01,40.0,1
2025-03-31,Google Brand Search,goog_brand_01,63.0,3
2025-03-31,Google Non-Brand Search,goog_search_01,0.0,2
2025-03-31,Google Non-Brand Search,goog_search_01,5.0,1
2025-03-31,Google Non-Brand Search,goog_search_01,10.0,8
2025-03-31,Google Non-Brand Search,goog_search_01,20.0,3
2025-03-31,Google Non-Brand Search,goog_search_01,40.0,1
2025-03-31,Google Non-Brand Search,goog_search_01,63.0,2
2025-03-31,TikTok,tiktok_upper_01,,9
2025-03-31,TikTok,tiktok_upper_02,0.0,5
2025-03-31,TikTok,tiktok_upper_02,5.0,5
2025-03-31,TikTok,tiktok_upper_02,10.0,2
2025-03-31,TikTok,tiktok_upper_02,63.0,1
2025-04-01,Meta,fb_prospect_01,0.0,6
2025-04-01,Meta,fb_prospect_01,5.0,2
2025-04-01,Meta,fb_prospect_01,10.0,4
2025-04-01,Meta,fb_prospect_01,20.0,3
2025-04-01,Meta,fb_prospect_01,40.0,2
2025-04-01,Meta,fb_prospect_02,0.0,3
2025-04-01,Meta,fb_prospect_02,5.0,4
2025-04-01,Meta,fb_prospect_02,10.0,5
2025-04-01,Meta,fb_prospect_02,20.0,3
2025-04-01,Google App Campaigns,goog_ac_01,,8
2025-04-01,Google App Campaigns,goog_ac_02,,5
2025-04-01,Google Brand Search,goog_brand_01,0.0,5
2025-04-01,Google Brand Search,goog_brand_01,5.0,2
2025-04-01,Google Brand Search,goog_brand_01,10.0,3
2025-04-01,Google Brand Search,goog_brand_01,20.0,3
2025-04-01,Google Brand Search,goog_brand_01,40.0,3
2025-04-01,Google Non-Brand Search,goog_search_01,0.0,2
2025-04-01,Google Non-Brand Search,goog_search_01,5.0,1
2025-04-01,Google Non-Brand Search,goog_search_01,10.0,5
2025-04-01,Google Non-Brand Search,goog_search_01,20.0,2
2025-04-01,Google Non-Brand Search,goog_search_01,40.0,1
2025-04-01,TikTok,tiktok_upper_01,,7
2025-04-01,TikTok,tiktok_upper_02,,8
2025-04-02,Meta,fb_prospect_01,,8
2025-04-02,Meta,fb_prospect_02,0.0,6
2025-04-02,Meta,fb_prospect_02,5.0,2
2025-04-02,Meta,fb_prospect_02,10.0,6
2025-04-02,Meta,fb_prospect_02,20.0,4
2025-04-02,Meta,fb_prospect_02,63.0,1
2025-04-02,Google App Campaigns,goog_ac_01,0.0,1
2025-04-02,Google App Campaigns,goog_ac_01,5.0,4
2025-04-02,Google App Campaigns,goog_ac_01,10.0,5
2025-04-02,Google App Campaigns,goog_ac_01,20.0,1
2025-04-02,Google App Campaigns,goog_ac_01,40.0,1
2025-04-02,Google App Campaigns,goog_ac_02,0.0,6
2025-04-02,Google App Campaigns,goog_ac_02,5.0,1
2025-04-02,Google App Campaigns,goog_ac_02,10.0,3
2025-04-02,Google App Campaigns,goog_ac_02,20.0,1
2025-04-02,Google App Campaigns,goog_ac_02,40.0,1
2025-04-02,Google Brand Search,goog_brand_01,0.0,6
2025-04-02,Google Brand Search,goog_brand_01,5.0,4
2025-04-02,Google Brand Search,goog_brand_01,10.0,3
2025-04-02,Google Brand Search,goog_brand_01,20.0,1
2025-04-02,Google Non-Brand Search,goog_search_01,0.0,3
2025-04-02,Google Non-Brand Search,goog_search_01,5.0,1
2025-04-02,Google Non-Brand Search,goog_search_01,10.0,6
2025-04-02,Google Non-Brand Search,goog_search_01,20.0,3
2025-04-02,Google Non-Brand Search,goog_search_01,40.0,1
2025-04-02,Google Non-Brand Search,goog_search_01,63.0,1
2025-04-02,TikTok,tiktok_upper_01,,9
2025-04-02,TikTok,tiktok_upper_02,,6
2025-04-03,Meta,fb_prospect_01,0.0,6
2025-04-03,Meta,fb_prospect_01,5.0,7
2025-04-03,Meta,fb_prospect_01,10.0,5
2025-04-03,Meta,fb_prospect_01,20.0,4
2025-04-03,Meta,fb_prospect_01,40.0,2
2025-04-03,Meta,fb_prospect_01,63.0,1
2025-04-03,Meta,fb_prospect_02,0.0,8
2025-04-03,Meta,fb_prospect_02,5.0,6
2025-04-03,Meta,fb_prospect_02,10.0,1
2025-04-03,Meta,fb_prospect_02,20.0,1
2025-04-03,Meta,fb_prospect_02,40.0,1
2025-04-03,Google App Campaigns,goog_ac_01,,9
2025-04-03,Google App Campaigns,goog_ac_02,,8
2025-04-03,Google Brand Search,goog_brand_01,0.0,7
2025-04-03,Google Brand Search,goog_brand_01,5.0,2
2025-04-03,Google Brand Search,goog_brand_01,10.0,3
2025-04-03,Google Brand Search,goog_brand_01,40.0,2
2025-04-03,Google Brand Search,goog_brand_01,63.0,2
2025-04-03,Google Non-Brand Search,goog_search_01,0.0,1
2025-04-03,Google Non-Brand Search,goog_search_01,5.0,4
2025-04-03,Google Non-Brand Search,goog_search_01,10.0,6
2025-04-03,Google Non-Brand Search,goog_search_01,20.0,3
2025-04-03,TikTok,tiktok_upper_01,,8
2025-04-03,TikTok,tiktok_upper_02,,6
2025-04-04,Meta,fb_prospect_01,0.0,5
2025-04-04,Meta,fb_prospect_01,10.0,5
2025-04-04,Meta,fb_prospect_01,20.0,1
2025-04-04,Meta,fb_prospect_01,40.0,2
2025-04-04,Meta,fb_prospect_02,0.0,2
2025-04-04,Meta,fb_prospect_02,5.0,6
2025-04-04,Meta,fb_prospect_02,10.0,3
2025-04-04,Meta,fb_prospect_02,20.0,3
2025-04-04,Meta,fb_prospect_02,40.0,1
2025-04-04,Google App Campaigns,goog_ac_01,0.0,3
2025-04-04,Google App Campaigns,goog_ac_01,5.0,6
2025-04-04,Google App Campaigns,goog_ac_01,10.0,1
2025-04-04,Google App Campaigns,goog_ac_01,20.0,4
2025-04-04,Google App Campaigns,goog_ac_01,63.0,1
2025-04-04,Google App Campaigns,goog_ac_02,0.0,3
2025-04-04,Google App Campaigns,goog_ac_02,5.0,3
2025-04-04,Google App Campaigns,goog_ac_02,10.0,2
2025-04-04,Google App Campaigns,goog_ac_02,20.0,1
2025-04-04,Google App Campaigns,goog_ac_02,40.0,1
2025-04-04,Google App Campaigns,goog_ac_02,63.0,2
2025-04-04,Google Brand Search,goog_brand_01,0.0,3
2025-04-04,Google Brand Search,goog_brand_01,5.0,6
2025-04-04,Google Brand Search,goog_brand_01,10.0,2
2025-04-04,Google Brand Search,goog_brand_01,20.0,5
2025-04-04,Google Brand Search,goog_brand_01,40.0,2
2025-04-04,Google Brand Search,goog_brand_01,63.0,1
2025-04-04,Google Non-Brand Search,goog_search_01,0.0,2
2025-04-04,Google Non-Brand Search,goog_search_01,5.0,3
2025-04-04,Google Non-Brand Search,goog_search_01,10.0,5
2025-04-04,Google Non-Brand Search,goog_search_01,40.0,3
2025-04-04,Google Non-Brand Search,goog_search_01,63.0,1
2025-04-04,TikTok,tiktok_upper_01,,9
2025-04-04,TikTok,tiktok_upper_02,,9
2025-04-05,Meta,fb_prospect_01,0.0,5
2025-04-05,Meta,fb_prospect_01,5.0,1
2025-04-05,Meta,fb_prospect_01,10.0,8
2025-04-05,Meta,fb_prospect_01,20.0,4
2025-04-05,Meta,fb_prospect_01,40.0,1
2025-04-05,Meta,fb_prospect_02,0.0,7
2025-04-05,Meta,fb_prospect_02,5.0,5
2025-04-05,Meta,fb_prospect_02,10.0,7
2025-04-05,Meta,fb_prospect_02,20.0,3
2025-04-05,Meta,fb_prospect_02,40.0,1
2025-04-05,Google App Campaigns,goog_ac_01,,9
2025-04-05,Google App Campaigns,goog_ac_02,0.0,3
2025-04-05,Google App Campaigns,goog_ac_02,5.0,5
2025-04-05,Google App Campaigns,goog_ac_02,40.0,3
2025-04-05,Google App Campaigns,goog_ac_02,63.0,1
2025-04-05,Google Brand Search,goog_brand_01,5.0,6
2025-04-05,Google Brand Search,goog_brand_01,10.0,5
2025-04-05,Google Brand Search,goog_brand_01,40.0,2
2025-04-05,Google Brand Search,goog_brand_01,63.0,2
2025-04-05,Google Non-Brand Search,goog_search_01,5.0,4
2025-04-05,Google Non-Brand Search,goog_search_01,10.0,2
2025-04-05,Google Non-Brand Search,goog_search_01,20.0,3
2025-04-05,Google Non-Brand Search,goog_search_01,40.0,2
2025-04-05,Google Non-Brand Search,goog_search_01,63.0,1
2025-04-05,TikTok,tiktok_upper_01,,9
2025-04-05,TikTok,tiktok_upper_02,,8
2025-04-06,Meta,fb_prospect_01,0.0,4
2025-04-06,Meta,fb_prospect_01,5.0,7
2025-04-06,Meta,fb_prospect_01,10.0,4
2025-04-06,Meta,fb_prospect_01,20.0,1
2025-04-06,Meta,fb_prospect_01,40.0,2
2025-04-06,Meta,fb_prospect_01,63.0,1
2025-04-06,Meta,fb_prospect_02,0.0,2
2025-04-06,Meta,fb_prospect_02,5.0,5
2025-04-06,Meta,fb_prospect_02,10.0,2
2025-04-06,Meta,fb_prospect_02,20.0,1
2025-04-06,Meta,fb_prospect_02,40.0,1
2025-04-06,Google App Campaigns,goog_ac_01,0.0,3
2025-04-06,Google App Campaigns,goog_ac_01,5.0,1
2025-04-06,Google App Campaigns,goog_ac_01,10.0,1
2025-04-06,Google App Campaigns,goog_ac_01,20.0,3
2025-04-06,Google App Campaigns,goog_ac_01,63.0,2
2025-04-06,Google App Campaigns,goog_ac_02,0.0,2
2025-04-06,Google App Campaigns,goog_ac_02,5.0,3
2025-04-06,Google App Campaigns,goog_ac_02,10.0,5
2025-04-06,Google App Campaigns,goog_ac_02,40.0,1
2025-04-06,Google Brand Search,goog_brand_01,0.0,5
2025-04-06,Google Brand Search,goog_brand_01,5.0,10
2025-04-06,Google Brand Search,goog_brand_01,10.0,6
2025-04-06,Google Brand Search,goog_brand_01,20.0,2
2025-04-06,Google Brand Search,goog_brand_01,40.0,1
2025-04-06,Google Non-Brand Search,goog_search_01,0.0,2
2025-04-06,Google Non-Brand Search,goog_search_01,5.0,6
2025-04-06,Google Non-Brand Search,goog_search_01,10.0,5
2025-04-06,Google Non-Brand Search,goog_search_01,20.0,3
2025-04-06,Google Non-Brand Search,goog_search_01,63.0,1
2025-04-06,TikTok,tiktok_upper_01,0.0,4
2025-04-06,TikTok,tiktok_upper_01,5.0,4
2025-04-06,TikTok,tiktok_upper_01,10.0,2
2025-04-06,TikTok,tiktok_upper_01,20.0,1
2025-04-06,TikTok,tiktok_upper_01,40.0,1
2025-04-06,TikTok,tiktok_upper_02,,9
2025-04-07,Meta,fb_prospect_01,0.0,2
2025-04-07,Meta,fb_prospect_01,5.0,7
2025-04-07,Meta,fb_prospect_01,10.0,4
2025-04-07,Meta,fb_prospect_01,20.0,1
2025-04-07,Meta,fb_prospect_01,40.0,1
2025-04-07,Meta,fb_prospect_01,63.0,1
2025-04-07,Meta,fb_prospect_02,0.0,2
2025-04-07,Meta,fb_prospect_02,5.0,4
2025-04-07,Meta,fb_prospect_02,10.0,7
2025-04-07,Meta,fb_prospect_02,20.0,2
2025-04-07,Meta,fb_prospect_02,63.0,1
2025-04-07,Google App Campaigns,goog_ac_01,,8
2025-04-07,Google App Campaigns,goog_ac_02,0.0,7
2025-04-07,Google App Campaigns,goog_ac_02,5.0,6
2025-04-07,Google App Campaigns,goog_ac_02,10.0,5
2025-04-07,Google App Campaigns,goog_ac_02,20.0,2
2025-04-07,Google Brand Search,goog_brand_01,0.0,1
2025-04-07,Google Brand Search,goog_brand_01,5.0,2
2025-04-07,Google Brand Search,goog_brand_01,10.0,2
2025-04-07,Google Brand Search,goog_brand_01,20.0,2
2025-04-07,Google Brand Search,goog_brand_01,40.0,2
2025-04-07,Google Brand Search,goog_brand_01,63.0,1
2025-04-07,Google Non-Brand Search,goog_search_01,0.0,2
2025-04-07,Google Non-Brand Search,goog_search_01,5.0,1
2025-04-07,Google Non-Brand Search,goog_search_01,10.0,1
2025-04-07,Google Non-Brand Search,goog_search_01,20.0,5
2025-04-07,Google Non-Brand Search,goog_search_01,40.0,3
2025-04-07,Google Non-Brand Search,goog_search_01,63.0,3
2025-04-07,TikTok,tiktok_upper_01,0.0,2
2025-04-07,TikTok,tiktok_upper_01,5.0,7
2025-04-07,TikTok,tiktok_upper_01,20.0,2
2025-04-07,TikTok,tiktok_upper_02,0.0,6
2025-04-07,TikTok,tiktok_upper_02,5.0,4
2025-04-07,TikTok,tiktok_upper_02,10.0,2
2025-04-08,Meta,fb_prospect_01,0.0,4
2025-04-08,Meta,fb_prospect_01,5.0,4
2025-04-08,Meta,fb_prospect_01,10.0,3
2025-04-08,Meta,fb_prospect_01,40.0,1
2025-04-08,Meta,fb_prospect_02,0.0,8
2025-04-08,Meta,fb_prospect_02,5.0,4
2025-04-08,Meta,fb_prospect_02,10.0,2
2025-04-08,Meta,fb_prospect_02,20.0,3
2025-04-08,Google App Campaigns,goog_ac_01,0.0,3
2025-04-08,Google App Campaigns,goog_ac_01,5.0,4
2025-04-08,Google App Campaigns,goog_ac_01,10.0,2
2025-04-08,Google App Campaigns,goog_ac_01,40.0,2
2025-04-08,Google App Campaigns,goog_ac_02,,5
2025-04-08,Google Brand Search,goog_brand_01,0.0,8
2025-04-08,Google Brand Search,goog_brand_01,5.0,1
2025-04-08,Google Brand Search,goog_brand_01,10.0,2
2025-04-08,Google Brand Search,goog_brand_01,20.0,1
2025-04-08,Google Brand Search,goog_brand_01,40.0,3
2025-04-08,Google Brand Search,goog_brand_01,63.0,1
2025-04-08,Google Non-Brand Search,goog_search_01,,7
2025-04-08,TikTok,tiktok_upper_01,,5
2025-04-08,TikTok,tiktok_upper_02,,8
2025-04-09,Meta,fb_prospect_01,0.0,4
2025-04-09,Meta,fb_prospect_01,5.0,5
2025-04-09,Meta,fb_prospect_01,10.0,1
2025-04-09,Meta,fb_prospect_01,20.0,3
2025-04-09,Meta,fb_prospect_01,40.0,3
2025-04-09,Meta,fb_prospect_02,0.0,4
2025-04-09,Meta,fb_prospect_02,5.0,4
2025-04-09,Meta,fb_prospect_02,10.0,7
2025-04-09,Meta,fb_prospect_02,20.0,2
2025-04-09,Google App Campaigns,goog_ac_01,,9
2025-04-09,Google App Campaigns,goog_ac_02,,9
2025-04-09,Google Brand Search,goog_brand_01,0.0,2
2025-04-09,Google Brand Search,goog_brand_01,5.0,4
2025-04-09,Google Brand Search,goog_brand_01,10.0,4
2025-04-09,Google Brand Search,goog_brand_01,20.0,1
2025-04-09,Google Brand Search,goog_brand_01,63.0,1
2025-04-09,Google Non-Brand Search,goog_search_01,,8
2025-04-09,TikTok,tiktok_upper_01,0.0,3
2025-04-09,TikTok,tiktok_upper_01,5.0,4
2025-04-09,TikTok,tiktok_upper_01,10.0,3
2025-04-09,TikTok,tiktok_upper_02,0.0,6
2025-04-09,TikTok,tiktok_upper_02,5.0,4
2025-04-10,Meta,fb_prospect_01,0.0,5
2025-04-10,Meta,fb_prospect_01,5.0,4
2025-04-10,Meta,fb_prospect_01,10.0,3
2025-04-10,Meta,fb_prospect_01,20.0,2
2025-04-10,Meta,fb_prospect_01,63.0,1
2025-04-10,Meta,fb_prospect_02,0.0,5
2025-04-10,Meta,fb_prospect_02,5.0,4
2025-04-10,Meta,fb_prospect_02,10.0,5
2025-04-10,Meta,fb_prospect_02,20.0,3
2025-04-10,Google App Campaigns,goog_ac_01,,7
2025-04-10,Google App Campaigns,goog_ac_02,0.0,3
2025-04-10,Google App Campaigns,goog_ac_02,5.0,4
2025-04-10,Google App Campaigns,goog_ac_02,10.0,1
2025-04-10,Google App Campaigns,goog_ac_02,20.0,3
2025-04-10,Google App Campaigns,goog_ac_02,40.0,1
2025-04-10,Google Brand Search,goog_brand_01,0.0,2
2025-04-10,Google Brand Search,goog_brand_01,5.0,1
2025-04-10,Google Brand Search,goog_brand_01,10.0,5
2025-04-10,Google Brand Search,goog_brand_01,20.0,1
2025-04-10,Google Brand Search,goog_brand_01,63.0,1
2025-04-10,Google Non-Brand Search,goog_search_01,0.0,3
2025-04-10,Google Non-Brand Search,goog_search_01,5.0,3
2025-04-10,Google Non-Brand Search,goog_search_01,10.0,1
2025-04-10,Google Non-Brand Search,goog_search_01,20.0,1
2025-04-10,Google Non-Brand Search,goog_search_01,40.0,1
2025-04-10,Google Non-Brand Search,goog_search_01,63.0,2
2025-04-10,TikTok,tiktok_upper_01,,5
2025-04-10,TikTok,tiktok_upper_02,,8
2025-04-11,Meta,fb_prospect_01,0.0,5
2025-04-11,Meta,fb_prospect_01,5.0,1
2025-04-11,Meta,fb_prospect_01,10.0,4
2025-04-11,Meta,fb_prospect_01,20.0,2
2025-04-11,Meta,fb_prospect_02,0.0,6
2025-04-11,Meta,fb_prospect_02,5.0,5
2025-04-11,Meta,fb_prospect_02,10.0,7
2025-04-11,Meta,fb_prospect_02,20.0,3
2025-04-11,Google App Campaigns,goog_ac_01,,7
2025-04-11,Google App Campaigns,goog_ac_02,0.0,2
2025-04-11,Google App Campaigns,goog_ac_02,5.0,3
2025-04-11,Google App Campaigns,goog_ac_02,10.0,2
2025-04-11,Google App Campaigns,goog_ac_02,20.0,3
2025-04-11,Google App Campaigns,goog_ac_02,63.0,1
2025-04-11,Google Brand Search,goog_brand_01,0.0,4
2025-04-11,Google Brand Search,goog_brand_01,5.0,1
2025-04-11,Google Brand Search,goog_brand_01,10.0,3
2025-04-11,Google Brand Search,goog_brand_01,20.0,2
2025-04-11,Google Brand Search,goog_brand_01,40.0,1
2025-04-11,Google Brand Search,goog_brand_01,63.0,1
2025-04-11,Google Non-Brand Search,goog_search_01,0.0,2
2025-04-11,Google Non-Brand Search,goog_search_01,5.0,2
2025-04-11,Google Non-Brand Search,goog_search_01,10.0,3
2025-04-11,Google Non-Brand Search,goog_search_01,20.0,4
2025-04-11,Google Non-Brand Search,goog_search_01,63.0,2
2025-04-11,TikTok,tiktok_upper_01,,7
2025-04-11,TikTok,tiktok_upper_02,0.0,3
2025-04-11,TikTok,tiktok_upper_02,5.0,4
2025-04-11,TikTok,tiktok_upper_02,10.0,4
2025-04-12,Meta,fb_prospect_01,0.0,8
2025-04-12,Meta,fb_prospect_01,5.0,5
2025-04-12,Meta,fb_prospect_01,10.0,4
2025-04-12,Meta,fb_prospect_01,20.0,3
2025-04-12,Meta,fb_prospect_01,40.0,1
2025-04-12,Meta,fb_prospect_02,0.0,9
2025-04-12,Meta,fb_prospect_02,5.0,7
2025-04-12,Meta,fb_prospect_02,10.0,10
2025-04-12,Meta,fb_prospect_02,20.0,1
2025-04-12,Meta,fb_prospect_02,63.0,1
2025-04-12,Google App Campaigns,goog_ac_01,0.0,5
2025-04-12,Google App Campaigns,goog_ac_01,5.0,1
2025-04-12,Google App Campaigns,goog_ac_01,10.0,2
2025-04-12,Google App Campaigns,goog_ac_01,20.0,2
2025-04-12,Google App Campaigns,goog_ac_02,0.0,2
2025-04-12,Google App Campaigns,goog_ac_02,5.0,5
2025-04-12,Google App Campaigns,goog_ac_02,10.0,3
2025-04-12,Google App Campaigns,goog_ac_02,20.0,1
2025-04-12,Google Brand Search,goog_brand_01,0.0,5
2025-04-12,Google Brand Search,goog_brand_01,5.0,4
2025-04-12,Google Brand Search,goog_brand_01,10.0,5
2025-04-12,Google Brand Search,goog_brand_01,40.0,3
2025-04-12,Google Brand Search,goog_brand_01,63.0,2
2025-04-12,Google Non-Brand Search,goog_search_01,0.0,5
2025-04-12,Google Non-Brand Search,goog_search_01,5.0,3
2025-04-12,Google Non-Brand Search,goog_search_01,10.0,4
2025-04-12,Google Non-Brand Search,goog_search_01,20.0,9
2025-04-12,Google Non-Brand Search,goog_search_01,40.0,1
2025-04-12,TikTok,tiktok_upper_01,0.0,2
2025-04-12,TikTok,tiktok_upper_01,5.0,2
2025-04-12,TikTok,tiktok_upper_01,10.0,3
2025-04-12,TikTok,tiktok_upper_01,20.0,1
2025-04-12,TikTok,tiktok_upper_01,40.0,1
2025-04-12,TikTok,tiktok_upper_01,63.0,1
2025-04-12,TikTok,tiktok_upper_02,0.0,4
2025-04-12,TikTok,tiktok_upper_02,5.0,2
2025-04-12,TikTok,tiktok_upper_02,10.0,4
2025-04-12,TikTok,tiktok_upper_02,20.0,3
2025-04-12,TikTok,tiktok_upper_02,40.0,1
2025-04-13,Meta,fb_prospect_01,0.0,4
2025-04-13,Meta,fb_prospect_01,5.0,7
2025-04-13,Meta,fb_prospect_01,10.0,6
2025-04-13,Meta,fb_prospect_01,20.0,1
2025-04-13,Meta,fb_prospect_01,40.0,1
2025-04-13,Meta,fb_prospect_01,63.0,1
2025-04-13,Meta,fb_prospect_02,0.0,4
2025-04-13,Meta,fb_prospect_02,5.0,4
2025-04-13,Meta,fb_prospect_02,10.0,5
2025-04-13,Meta,fb_prospect_02,20.0,3
2025-04-13,Meta,fb_prospect_02,40.0,2
2025-04-13,Google App Campaigns,goog_ac_01,0.0,3
2025-04-13,Google App Campaigns,goog_ac_01,5.0,7
2025-04-13,Google App Campaigns,goog_ac_01,10.0,5
2025-04-13,Google App Campaigns,goog_ac_02,0.0,3
2025-04-13,Google App Campaigns,goog_ac_02,5.0,2
2025-04-13,Google App Campaigns,goog_ac_02,10.0,3
2025-04-13,Google App Campaigns,goog_ac_02,20.0,2
2025-04-13,Google App Campaigns,goog_ac_02,63.0,1
2025-04-13,Google Brand Search,goog_brand_01,0.0,6
2025-04-13,Google Brand Search,goog_brand_01,5.0,8
2025-04-13,Google Brand Search,goog_brand_01,10.0,5
2025-04-13,Google Brand Search,goog_brand_01,20.0,4
2025-04-13,Google Non-Brand Search,goog_search_01,0.0,2
2025-04-13,Google Non-Brand Search,goog_search_01,5.0,5
2025-04-13,Google Non-Brand Search,goog_search_01,10.0,2
2025-04-13,Google Non-Brand Search,goog_search_01,20.0,5
2025-04-13,Google Non-Brand Search,goog_search_01,63.0,1
2025-04-13,TikTok,tiktok_upper_01,0.0,4
2025-04-13,TikTok,tiktok_upper_01,5.0,3
2025-04-13,TikTok,tiktok_upper_01,10.0,2
2025-04-13,TikTok,tiktok_upper_01,63.0,1
2025-04-13,TikTok,tiktok_upper_02,,8
2025-04-14,Meta,fb_prospect_01,0.0,6
2025-04-14,Meta,fb_prospect_01,5.0,7
2025-04-14,Meta,fb_prospect_01,10.0,3
2025-04-14,Meta,fb_prospect_01,20.0,4
2025-04-14,Meta,fb_prospect_02,0.0,3
2025-04-14,Meta,fb_prospect_02,5.0,5
2025-04-14,Meta,fb_prospect_02,10.0,4
2025-04-14,Meta,fb_prospect_02,20.0,2
2025-04-14,Meta,fb_prospect_02,40.0,1
2025-04-14,Meta,fb_prospect_02,63.0,1
2025-04-14,Google App Campaigns,goog_ac_01,,7
2025-04-14,Google App Campaigns,goog_ac_02,0.0,4
2025-04-14,Google App Campaigns,goog_ac_02,10.0,5
2025-04-14,Google App Campaigns,goog_ac_02,40.0,1
2025-04-14,Google Brand Search,goog_brand_01,0.0,2
2025-04-14,Google Brand Search,goog_brand_01,5.0,1
2025-04-14,Google Brand Search,goog_brand_01,10.0,7
2025-04-14,Google Brand Search,goog_brand_01,20.0,4
2025-04-14,Google Brand Search,goog_brand_01,40.0,2
2025-04-14,Google Non-Brand Search,goog_search_01,,4
2025-04-14,TikTok,tiktok_upper_01,0.0,2
2025-04-14,TikTok,tiktok_upper_01,5.0,4
2025-04-14,TikTok,tiktok_upper_01,10.0,5
2025-04-14,TikTok,tiktok_upper_02,,9
2025-04-15,Meta,fb_prospect_01,0.0,5
2025-04-15,Meta,fb_prospect_01,5.0,5
2025-04-15,Meta,fb_prospect_01,10.0,5
2025-04-15,Meta,fb_prospect_01,20.0,4
2025-04-15,Meta,fb_prospect_01,40.0,2
2025-04-15,Meta,fb_prospect_02,0.0,2
2025-04-15,Meta,fb_prospect_02,5.0,8
2025-04-15,Meta,fb_prospect_02,10.0,3
2025-04-15,Meta,fb_prospect_02,20.0,2
2025-04-15,Meta,fb_prospect_02,40.0,1
2025-04-15,Meta,fb_prospect_02,63.0,1
2025-04-15,Google App Campaigns,goog_ac_01,,9
2025-04-15,Google App Campaigns,goog_ac_02,5.0,4
2025-04-15,Google App Campaigns,goog_ac_02,10.0,5
2025-04-15,Google App Campaigns,goog_ac_02,20.0,1
2025-04-15,Google App Campaigns,goog_ac_02,40.0,1
2025-04-15,Google Brand Search,goog_brand_01,0.0,4
2025-04-15,Google Brand Search,goog_brand_01,5.0,3
2025-04-15,Google Brand Search,goog_brand_01,10.0,4
2025-04-15,Google Brand Search,goog_brand_01,20.0,3
2025-04-15,Google Non-Brand Search,goog_search_01,0.0,1
2025-04-15,Google Non-Brand Search,goog_search_01,5.0,4
2025-04-15,Google Non-Brand Search,goog_search_01,10.0,3
2025-04-15,Google Non-Brand Search,goog_search_01,20.0,2
2025-04-15,Google Non-Brand Search,goog_search_01,40.0,1
2025-04-15,TikTok,tiktok_upper_01,,9
2025-04-15,TikTok,tiktok_upper_02,0.0,6
2025-04-15,TikTok,tiktok_upper_02,5.0,2
2025-04-15,TikTok,tiktok_upper_02,10.0,2
2025-04-16,Meta,fb_prospect_01,0.0,3
2025-04-16,Meta,fb_prospect_01,5.0,6
2025-04-16,Meta,fb_prospect_01,10.0,5
2025-04-16,Meta,fb_prospect_01,40.0,1
2025-04-16,Meta,fb_prospect_02,0.0,3
2025-04-16,Meta,fb_prospect_02,5.0,6
2025-04-16,Meta,fb_prospect_02,10.0,4
2025-04-16,Meta,fb_prospect_02,20.0,1
2025-04-16,Meta,fb_prospect_02,63.0,1
2025-04-16,Google App Campaigns,goog_ac_01,,7
2025-04-16,Google App Campaigns,goog_ac_02,0.0,5
2025-04-16,Google App Campaigns,goog_ac_02,5.0,3
2025-04-16,Google App Campaigns,goog_ac_02,10.0,3
2025-04-16,Google App Campaigns,goog_ac_02,40.0,1
2025-04-16,Google Brand Search,goog_brand_01,0.0,3
2025-04-16,Google Brand Search,goog_brand_01,5.0,5
2025-04-16,Google Brand Search,goog_brand_01,10.0,2
2025-04-16,Google Brand Search,goog_brand_01,20.0,2
2025-04-16,Google Non-Brand Search,goog_search_01,5.0,3
2025-04-16,Google Non-Brand Search,goog_search_01,10.0,5
2025-04-16,Google Non-Brand Search,goog_search_01,20.0,2
2025-04-16,Google Non-Brand Search,goog_search_01,40.0,2
2025-04-16,TikTok,tiktok_upper_01,,4
2025-04-16,TikTok,tiktok_upper_02,0.0,2
2025-04-16,TikTok,tiktok_upper_02,5.0,4
2025-04-16,TikTok,tiktok_upper_02,10.0,2
2025-04-16,TikTok,tiktok_upper_02,20.0,1
2025-04-16,TikTok,tiktok_upper_02,63.0,1
2025-04-17,Meta,fb_prospect_01,,9
2025-04-17,Meta,fb_prospect_02,0.0,8
2025-04-17,Meta,fb_prospect_02,5.0,7
2025-04-17,Meta,fb_prospect_02,10.0,1
2025-04-17,Meta,fb_prospect_02,20.0,3
2025-04-17,Google App Campaigns,goog_ac_01,,8
2025-04-17,Google App Campaigns,goog_ac_02,,6
2025-04-17,Google Brand Search,goog_brand_01,0.0,5
2025-04-17,Google Brand Search,goog_brand_01,5.0,7
2025-04-17,Google Brand Search,goog_brand_01,10.0,4
2025-04-17,Google Brand Search,goog_brand_01,20.0,2
2025-04-17,Google Brand Search,goog_brand_01,40.0,2
2025-04-17,Google Brand Search,goog_brand_01,63.0,2
2025-04-17,Google Non-Brand Search,goog_search_01,,9
2025-04-17,TikTok,tiktok_upper_01,,4
2025-04-17,TikTok,tiktok_upper_02,0.0,5
2025-04-17,TikTok,tiktok_upper_02,5.0,4
2025-04-17,TikTok,tiktok_upper_02,10.0,1
2025-04-17,TikTok,tiktok_upper_02,40.0,1
2025-04-18,Meta,fb_prospect_01,0.0,4
2025-04-18,Meta,fb_prospect_01,5.0,6
2025-04-18,Meta,fb_prospect_01,10.0,2
2025-04-18,Meta,fb_prospect_02,0.0,5
2025-04-18,Meta,fb_prospect_02,5.0,4
2025-04-18,Meta,fb_prospect_02,10.0,2
2025-04-18,Meta,fb_prospect_02,20.0,5
2025-04-18,Google App Campaigns,goog_ac_01,0.0,3
2025-04-18,Google App Campaigns,goog_ac_01,5.0,2
2025-04-18,Google App Campaigns,goog_ac_01,10.0,4
2025-04-18,Google App Campaigns,goog_ac_01,40.0,1
2025-04-18,Google App Campaigns,goog_ac_02,,7
2025-04-18,Google Brand Search,goog_brand_01,,7
2025-04-18,Google Non-Brand Search,goog_search_01,0.0,4
2025-04-18,Google Non-Brand Search,goog_search_01,5.0,5
2025-04-18,Google Non-Brand Search,goog_search_01,10.0,2
2025-04-18,Google Non-Brand Search,goog_search_01,20.0,3
2025-04-18,Google Non-Brand Search,goog_search_01,40.0,3
2025-04-18,TikTok,tiktok_upper_01,0.0,3
2025-04-18,TikTok,tiktok_upper_01,5.0,4
2025-04-18,TikTok,tiktok_upper_01,10.0,2
2025-04-18,TikTok,tiktok_upper_01,20.0,1
2025-04-18,TikTok,tiktok_upper_01,63.0,1
2025-04-18,TikTok,tiktok_upper_02,0.0,9
2025-04-18,TikTok,tiktok_upper_02,5.0,1
2025-04-19,Meta,fb_prospect_01,0.0,10
2025-04-19,Meta,fb_prospect_01,5.0,2
2025-04-19,Meta,fb_prospect_01,10.0,6
2025-04-19,Meta,fb_prospect_01,20.0,3
2025-04-19,Meta,fb_prospect_01,40.0,1
2025-04-19,Meta,fb_prospect_01,63.0,1
2025-04-19,Meta,fb_prospect_02,0.0,6
2025-04-19,Meta,fb_prospect_02,5.0,8
2025-04-19,Meta,fb_prospect_02,10.0,2
2025-04-19,Meta,fb_prospect_02,20.0,1
2025-04-19,Google App Campaigns,goog_ac_01,,8
2025-04-19,Google App Campaigns,goog_ac_02,,7
2025-04-19,Google Brand Search,goog_brand_01,0.0,2
2025-04-19,Google Brand Search,goog_brand_01,5.0,7
2025-04-19,Google Brand Search,goog_brand_01,10.0,4
2025-04-19,Google Brand Search,goog_brand_01,20.0,6
2025-04-19,Google Non-Brand Search,goog_search_01,0.0,5
2025-04-19,Google Non-Brand Search,goog_search_01,5.0,2
2025-04-19,Google Non-Brand Search,goog_search_01,10.0,2
2025-04-19,Google Non-Brand Search,goog_search_01,20.0,3
2025-04-19,Google Non-Brand Search,goog_search_01,40.0,2
2025-04-19,TikTok,tiktok_upper_01,0.0,6
2025-04-19,TikTok,tiktok_upper_01,5.0,3
2025-04-19,TikTok,tiktok_upper_01,10.0,1
2025-04-19,TikTok,tiktok_upper_01,20.0,2
2025-04-19,TikTok,tiktok_upper_02,,7
2025-04-20,Meta,fb_prospect_01,0.0,7
2025-04-20,Meta,fb_prospect_01,5.0,6
2025-04-20,Meta,fb_prospect_01,10.0,8
2025-04-20,Meta,fb_prospect_01,20.0,3
2025-04-20,Meta,fb_prospect_01,63.0,1
2025-04-20,Meta,fb_prospect_02,0.0,10
2025-04-20,Meta,fb_prospect_02,5.0,4
2025-04-20,Meta,fb_prospect_02,10.0,7
2025-04-20,Meta,fb_prospect_02,20.0,2
2025-04-20,Meta,fb_prospect_02,63.0,1
2025-04-20,Google App Campaigns,goog_ac_01,,9
2025-04-20,Google App Campaigns,goog_ac_02,,6
2025-04-20,Google Brand Search,goog_brand_01,0.0,4
2025-04-20,Google Brand Search,goog_brand_01,5.0,3
2025-04-20,Google Brand Search,goog_brand_01,10.0,3
2025-04-20,Google Brand Search,goog_brand_01,20.0,2
2025-04-20,Google Brand Search,goog_brand_01,63.0,1
2025-04-20,Google Non-Brand Search,goog_search_01,0.0,4
2025-04-20,Google Non-Brand Search,goog_search_01,5.0,6
2025-04-20,Google Non-Brand Search,goog_search_01,10.0,5
2025-04-20,Google Non-Brand Search,goog_search_01,20.0,2
2025-04-20,Google Non-Brand Search,goog_search_01,40.0,1
2025-04-20,Google Non-Brand Search,goog_search_01,63.0,3
2025-04-20,TikTok,tiktok_upper_01,0.0,9
2025-04-20,TikTok,tiktok_upper_01,5.0,5
2025-04-20,TikTok,tiktok_upper_01,10.0,1
2025-04-20,TikTok,tiktok_upper_01,20.0,1
2025-04-20,TikTok,tiktok_upper_02,0.0,4
2025-04-20,TikTok,tiktok_upper_02,5.0,2
2025-04-20,TikTok,tiktok_upper_02,10.0,2
2025-04-20,TikTok,tiktok_upper_02,20.0,2
2025-04-21,Meta,fb_prospect_01,0.0,2
2025-04-21,Meta,fb_prospect_01,5.0,4
2025-04-21,Meta,fb_prospect_01,10.0,6
2025-04-21,Meta,fb_prospect_01,20.0,2
2025-04-21,Meta,fb_prospect_01,63.0,2
2025-04-21,Meta,fb_prospect_02,0.0,6
2025-04-21,Meta,fb_prospect_02,5.0,8
2025-04-21,Meta,fb_prospect_02,10.0,7
2025-04-21,Meta,fb_prospect_02,20.0,2
2025-04-21,Google App Campaigns,goog_ac_01,0.0,5
2025-04-21,Google App Campaigns,goog_ac_01,5.0,2
2025-04-21,Google App Campaigns,goog_ac_01,10.0,5
2025-04-21,Google App Campaigns,goog_ac_01,20.0,1
2025-04-21,Google App Campaigns,goog_ac_01,63.0,1
2025-04-21,Google App Campaigns,goog_ac_02,0.0,1
2025-04-21,Google App Campaigns,goog_ac_02,5.0,4
2025-04-21,Google App Campaigns,goog_ac_02,10.0,4
2025-04-21,Google App Campaigns,goog_ac_02,40.0,1
2025-04-21,Google App Campaigns,goog_ac_02,63.0,1
2025-04-21,Google Brand Search,goog_brand_01,0.0,1
2025-04-21,Google Brand Search,goog_brand_01,5.0,5
2025-04-21,Google Brand Search,goog_brand_01,10.0,3
2025-04-21,Google Brand Search,goog_brand_01,20.0,2
2025-04-21,Google Brand Search,goog_brand_01,40.0,1
2025-04-21,Google Brand Search,goog_brand_01,63.0,1
2025-04-21,Google Non-Brand Search,goog_search_01,0.0,2
2025-04-21,Google Non-Brand Search,goog_search_01,5.0,2
2025-04-21,Google Non-Brand Search,goog_search_01,10.0,1
2025-04-21,Google Non-Brand Search,goog_search_01,20.0,3
2025-04-21,Google Non-Brand Search,goog_search_01,40.0,1
2025-04-21,Google Non-Brand Search,goog_search_01,63.0,8
2025-04-21,TikTok,tiktok_upper_01,0.0,6
2025-04-21,TikTok,tiktok_upper_01,5.0,3
2025-04-21,TikTok,tiktok_upper_01,10.0,1
2025-04-21,TikTok,tiktok_upper_01,40.0,1
2025-04-21,TikTok,tiktok_upper_02,,9
2025-04-22,Meta,fb_prospect_01,0.0,5
2025-04-22,Meta,fb_prospect_01,5.0,4
2025-04-22,Meta,fb_prospect_01,10.0,4
2025-04-22,Meta,fb_prospect_01,63.0,1
2025-04-22,Meta,fb_prospect_02,5.0,4
2025-04-22,Meta,fb_prospect_02,10.0,4
2025-04-22,Meta,fb_prospect_02,20.0,3
2025-04-22,Meta,fb_prospect_02,40.0,1
2025-04-22,Google App Campaigns,goog_ac_01,,7
2025-04-22,Google App Campaigns,goog_ac_02,0.0,2
2025-04-22,Google App Campaigns,goog_ac_02,5.0,4
2025-04-22,Google App Campaigns,goog_ac_02,10.0,4
2025-04-22,Google App Campaigns,goog_ac_02,20.0,1
2025-04-22,Google Brand Search,goog_brand_01,0.0,4
2025-04-22,Google Brand Search,goog_brand_01,10.0,5
2025-04-22,Google Brand Search,goog_brand_01,20.0,4
2025-04-22,Google Non-Brand Search,goog_search_01,0.0,1
2025-04-22,Google Non-Brand Search,goog_search_01,5.0,1
2025-04-22,Google Non-Brand Search,goog_search_01,10.0,9
2025-04-22,Google Non-Brand Search,goog_search_01,20.0,3
2025-04-22,Google Non-Brand Search,goog_search_01,40.0,2
2025-04-22,Google Non-Brand Search,goog_search_01,63.0,1
2025-04-22,TikTok,tiktok_upper_01,0.0,7
2025-04-22,TikTok,tiktok_upper_01,5.0,2
2025-04-22,TikTok,tiktok_upper_01,20.0,1
2025-04-22,TikTok,tiktok_upper_02,0.0,7
2025-04-22,TikTok,tiktok_upper_02,5.0,1
2025-04-22,TikTok,tiktok_upper_02,10.0,3
2025-04-22,TikTok,tiktok_upper_02,20.0,2
2025-04-23,Meta,fb_prospect_01,0.0,5
2025-04-23,Meta,fb_prospect_01,5.0,4
2025-04-23,Meta,fb_prospect_01,10.0,3
2025-04-23,Meta,fb_prospect_02,0.0,7
2025-04-23,Meta,fb_prospect_02,5.0,2
2025-04-23,Meta,fb_prospect_02,10.0,4
2025-04-23,Meta,fb_prospect_02,20.0,4
2025-04-23,Meta,fb_prospect_02,40.0,1
2025-04-23,Meta,fb_prospect_02,63.0,1
2025-04-23,Google App Campaigns,goog_ac_01,,6
2025-04-23,Google App Campaigns,goog_ac_02,0.0,3
2025-04-23,Google App Campaigns,goog_ac_02,5.0,3
2025-04-23,Google App Campaigns,goog_ac_02,10.0,4
2025-04-23,Google Brand Search,goog_brand_01,0.0,4
2025-04-23,Google Brand Search,goog_brand_01,5.0,4
2025-04-23,Google Brand Search,goog_brand_01,10.0,4
2025-04-23,Google Brand Search,goog_brand_01,20.0,4
2025-04-23,Google Brand Search,goog_brand_01,40.0,1
2025-04-23,Google Brand Search,goog_brand_01,63.0,3
2025-04-23,Google Non-Brand Search,goog_search_01,0.0,4
2025-04-23,Google Non-Brand Search,goog_search_01,5.0,3
2025-04-23,Google Non-Brand Search,goog_search_01,10.0,4
2025-04-23,Google Non-Brand Search,goog_search_01,20.0,1
2025-04-23,Google Non-Brand Search,goog_search_01,40.0,1
2025-04-23,Google Non-Brand Search,goog_search_01,63.0,1
2025-04-23,TikTok,tiktok_upper_01,,8
2025-04-23,TikTok,tiktok_upper_02,,9
2025-04-24,Meta,fb_prospect_01,0.0,4
2025-04-24,Meta,fb_prospect_01,5.0,2
2025-04-24,Meta,fb_prospect_01,10.0,3
2025-04-24,Meta,fb_prospect_01,20.0,1
2025-04-24,Meta,fb_prospect_02,0.0,3
2025-04-24,Meta,fb_prospect_02,5.0,3
2025-04-24,Meta,fb_prospect_02,10.0,4
2025-04-24,Meta,fb_prospect_02,20.0,2
2025-04-24,Meta,fb_prospect_02,40.0,3
2025-04-24,Google App Campaigns,goog_ac_01,0.0,1
2025-04-24,Google App Campaigns,goog_ac_01,5.0,5
2025-04-24,Google App Campaigns,goog_ac_01,10.0,1
2025-04-24,Google App Campaigns,goog_ac_01,20.0,1
2025-04-24,Google App Campaigns,goog_ac_01,40.0,3
2025-04-24,Google App Campaigns,goog_ac_02,,7
2025-04-24,Google Brand Search,goog_brand_01,0.0,5
2025-04-24,Google Brand Search,goog_brand_01,5.0,1
2025-04-24,Google Brand Search,goog_brand_01,10.0,5
2025-04-24,Google Brand Search,goog_brand_01,20.0,4
2025-04-24,Google Non-Brand Search,goog_search_01,0.0,4
2025-04-24,Google Non-Brand Search,goog_search_01,5.0,2
2025-04-24,Google Non-Brand Search,goog_search_01,10.0,5
2025-04-24,Google Non-Brand Search,goog_search_01,20.0,2
2025-04-24,Google Non-Brand Search,goog_search_01,63.0,1
2025-04-24,TikTok,tiktok_upper_01,,6
2025-04-24,TikTok,tiktok_upper_02,,9
2025-04-25,Meta,fb_prospect_01,0.0,4
2025-04-25,Meta,fb_prospect_01,5.0,2
2025-04-25,Meta,fb_prospect_01,10.0,4
2025-04-25,Meta,fb_prospect_01,20.0,2
2025-04-25,Meta,fb_prospect_01,63.0,1
2025-04-25,Meta,fb_prospect_02,0.0,2
2025-04-25,Meta,fb_prospect_02,10.0,5
2025-04-25,Meta,fb_prospect_02,20.0,3
2025-04-25,Meta,fb_prospect_02,40.0,2
2025-04-25,Google App Campaigns,goog_ac_01,0.0,4
2025-04-25,Google App Campaigns,goog_ac_01,5.0,5
2025-04-25,Google App Campaigns,goog_ac_01,10.0,3
2025-04-25,Google App Campaigns,goog_ac_02,0.0,6
2025-04-25,Google App Campaigns,goog_ac_02,5.0,3
2025-04-25,Google App Campaigns,goog_ac_02,10.0,3
2025-04-25,Google Brand Search,goog_brand_01,0.0,3
2025-04-25,Google Brand Search,goog_brand_01,5.0,6
2025-04-25,Google Brand Search,goog_brand_01,10.0,2
2025-04-25,Google Brand Search,goog_brand_01,20.0,4
2025-04-25,Google Brand Search,goog_brand_01,40.0,2
2025-04-25,Google Brand Search,goog_brand_01,63.0,3
2025-04-25,Google Non-Brand Search,goog_search_01,0.0,6
2025-04-25,Google Non-Brand Search,goog_search_01,5.0,1
2025-04-25,Google Non-Brand Search,goog_search_01,10.0,4
2025-04-25,Google Non-Brand Search,goog_search_01,20.0,1
2025-04-25,Google Non-Brand Search,goog_search_01,40.0,1
2025-04-25,Google Non-Brand Search,goog_search_01,63.0,1
2025-04-25,TikTok,tiktok_upper_01,,5
2025-04-25,TikTok,tiktok_upper_02,,6
2025-04-26,Meta,fb_prospect_01,0.0,6
2025-04-26,Meta,fb_prospect_01,5.0,9
2025-04-26,Meta,fb_prospect_01,10.0,8
2025-04-26,Meta,fb_prospect_01,20.0,3
2025-04-26,Meta,fb_prospect_01,40.0,1
2025-04-26,Meta,fb_prospect_02,0.0,5
2025-04-26,Meta,fb_prospect_02,5.0,4
2025-04-26,Meta,fb_prospect_02,10.0,3
2025-04-26,Meta,fb_prospect_02,20.0,1
2025-04-26,Meta,fb_prospect_02,40.0,3
2025-04-26,Meta,fb_prospect_02,63.0,1
2025-04-26,Google App Campaigns,goog_ac_01,,7
2025-04-26,Google App Campaigns,goog_ac_02,0.0,3
2025-04-26,Google App Campaigns,goog_ac_02,5.0,6
2025-04-26,Google App Campaigns,goog_ac_02,10.0,2
2025-04-26,Google App Campaigns,goog_ac_02,20.0,1
2025-04-26,Google App Campaigns,goog_ac_02,63.0,1
2025-04-26,Google Brand Search,goog_brand_01,0.0,5
2025-04-26,Google Brand Search,goog_brand_01,5.0,2
2025-04-26,Google Brand Search,goog_brand_01,10.0,4
2025-04-26,Google Brand Search,goog_brand_01,20.0,3
2025-04-26,Google Brand Search,goog_brand_01,40.0,2
2025-04-26,Google Brand Search,goog_brand_01,63.0,1
2025-04-26,Google Non-Brand Search,goog_search_01,0.0,4
2025-04-26,Google Non-Brand Search,goog_search_01,5.0,3
2025-04-26,Google Non-Brand Search,goog_search_01,10.0,5
2025-04-26,Google Non-Brand Search,goog_search_01,20.0,1
2025-04-26,Google Non-Brand Search,goog_search_01,40.0,3
2025-04-26,Google Non-Brand Search,goog_search_01,63.0,1
2025-04-26,TikTok,tiktok_upper_01,0.0,9
2025-04-26,TikTok,tiktok_upper_01,5.0,3
2025-04-26,TikTok,tiktok_upper_01,10.0,3
2025-04-26,TikTok,tiktok_upper_02,,6
2025-04-27,Meta,fb_prospect_01,0.0,5
2025-04-27,Meta,fb_prospect_01,5.0,4
2025-04-27,Meta,fb_prospect_01,10.0,3
2025-04-27,Meta,fb_prospect_01,63.0,1
2025-04-27,Meta,fb_prospect_02,0.0,4
2025-04-27,Meta,fb_prospect_02,5.0,5
2025-04-27,Meta,fb_prospect_02,10.0,1
2025-04-27,Meta,fb_prospect_02,20.0,2
2025-04-27,Meta,fb_prospect_02,40.0,1
2025-04-27,Meta,fb_prospect_02,63.0,1
2025-04-27,Google App Campaigns,goog_ac_01,0.0,2
2025-04-27,Google App Campaigns,goog_ac_01,5.0,5
2025-04-27,Google App Campaigns,goog_ac_01,10.0,4
2025-04-27,Google App Campaigns,goog_ac_01,20.0,1
2025-04-27,Google App Campaigns,goog_ac_01,63.0,1
2025-04-27,Google App Campaigns,goog_ac_02,0.0,3
2025-04-27,Google App Campaigns,goog_ac_02,5.0,2
2025-04-27,Google App Campaigns,goog_ac_02,10.0,3
2025-04-27,Google App Campaigns,goog_ac_02,20.0,2
2025-04-27,Google App Campaigns,goog_ac_02,40.0,1
2025-04-27,Google Brand Search,goog_brand_01,0.0,3
2025-04-27,Google Brand Search,goog_brand_01,5.0,11
2025-04-27,Google Brand Search,goog_brand_01,10.0,7
2025-04-27,Google Brand Search,goog_brand_01,20.0,3
2025-04-27,Google Non-Brand Search,goog_search_01,0.0,3
2025-04-27,Google Non-Brand Search,goog_search_01,5.0,1
2025-04-27,Google Non-Brand Search,goog_search_01,10.0,6
2025-04-27,Google Non-Brand Search,goog_search_01,20.0,3
2025-04-27,Google Non-Brand Search,goog_search_01,40.0,2
2025-04-27,TikTok,tiktok_upper_01,,6
2025-04-27,TikTok,tiktok_upper_02,0.0,5
2025-04-27,TikTok,tiktok_upper_02,5.0,4
2025-04-27,TikTok,tiktok_upper_02,10.0,1
2025-04-28,Meta,fb_prospect_01,0.0,7
2025-04-28,Meta,fb_prospect_01,5.0,3
2025-04-28,Meta,fb_prospect_01,10.0,3
2025-04-28,Meta,fb_prospect_01,20.0,3
2025-04-28,Meta,fb_prospect_02,0.0,4
2025-04-28,Meta,fb_prospect_02,5.0,11
2025-04-28,Meta,fb_prospect_02,10.0,6
2025-04-28,Meta,fb_prospect_02,20.0,3
2025-04-28,Meta,fb_prospect_02,40.0,1
2025-04-28,Google App Campaigns,goog_ac_01,0.0,3
2025-04-28,Google App Campaigns,goog_ac_01,5.0,4
2025-04-28,Google App Campaigns,goog_ac_01,10.0,1
2025-04-28,Google App Campaigns,goog_ac_01,20.0,3
2025-04-28,Google App Campaigns,goog_ac_01,40.0,1
2025-04-28,Google App Campaigns,goog_ac_02,0.0,5
2025-04-28,Google App Campaigns,goog_ac_02,5.0,4
2025-04-28,Google App Campaigns,goog_ac_02,10.0,5
2025-04-28,Google App Campaigns,goog_ac_02,20.0,1
2025-04-28,Google Brand Search,goog_brand_01,0.0,2
2025-04-28,Google Brand Search,goog_brand_01,5.0,2
2025-04-28,Google Brand Search,goog_brand_01,10.0,8
2025-04-28,Google Brand Search,goog_brand_01,20.0,4
2025-04-28,Google Brand Search,goog_brand_01,40.0,2
2025-04-28,Google Brand Search,goog_brand_01,63.0,2
2025-04-28,Google Non-Brand Search,goog_search_01,0.0,4
2025-04-28,Google Non-Brand Search,goog_search_01,5.0,4
2025-04-28,Google Non-Brand Search,goog_search_01,10.0,5
2025-04-28,Google Non-Brand Search,goog_search_01,20.0,3
2025-04-28,Google Non-Brand Search,goog_search_01,40.0,2
2025-04-28,Google Non-Brand Search,goog_search_01,63.0,1
2025-04-28,TikTok,tiktok_upper_01,,9
2025-04-28,TikTok,tiktok_upper_02,,3
2025-04-29,Meta,fb_prospect_01,0.0,3
2025-04-29,Meta,fb_prospect_01,5.0,6
2025-04-29,Meta,fb_prospect_01,10.0,3
2025-04-29,Meta,fb_prospect_01,20.0,2
2025-04-29,Meta,fb_prospect_01,40.0,1
2025-04-29,Meta,fb_prospect_01,63.0,1
2025-04-29,Meta,fb_prospect_02,0.0,2
2025-04-29,Meta,fb_prospect_02,5.0,7
2025-04-29,Meta,fb_prospect_02,10.0,5
2025-04-29,Meta,fb_prospect_02,20.0,1
2025-04-29,Google App Campaigns,goog_ac_01,0.0,4
2025-04-29,Google App Campaigns,goog_ac_01,5.0,3
2025-04-29,Google App Campaigns,goog_ac_01,10.0,2
2025-04-29,Google App Campaigns,goog_ac_01,20.0,1
2025-04-29,Google App Campaigns,goog_ac_02,0.0,8
2025-04-29,Google App Campaigns,goog_ac_02,5.0,1
2025-04-29,Google App Campaigns,goog_ac_02,10.0,1
2025-04-29,Google App Campaigns,goog_ac_02,20.0,2
2025-04-29,Google App Campaigns,goog_ac_02,63.0,1
2025-04-29,Google Brand Search,goog_brand_01,5.0,1
2025-04-29,Google Brand Search,goog_brand_01,10.0,5
2025-04-29,Google Brand Search,goog_brand_01,20.0,3
2025-04-29,Google Brand Search,goog_brand_01,63.0,2
2025-04-29,Google Non-Brand Search,goog_search_01,0.0,2
2025-04-29,Google Non-Brand Search,goog_search_01,5.0,4
2025-04-29,Google Non-Brand Search,goog_search_01,10.0,7
2025-04-29,Google Non-Brand Search,goog_search_01,20.0,3
2025-04-29,Google Non-Brand Search,goog_search_01,40.0,5
2025-04-29,TikTok,tiktok_upper_01,0.0,5
2025-04-29,TikTok,tiktok_upper_01,5.0,1
2025-04-29,TikTok,tiktok_upper_01,10.0,4
2025-04-29,TikTok,tiktok_upper_01,63.0,1
2025-04-29,TikTok,tiktok_upper_02,,5
2025-04-30,Meta,fb_prospect_01,0.0,7
2025-04-30,Meta,fb_prospect_01,5.0,8
2025-04-30,Meta,fb_prospect_01,10.0,2
2025-04-30,Meta,fb_prospect_01,20.0,1
2025-04-30,Meta,fb_prospect_01,40.0,1
2025-04-30,Meta,fb_prospect_02,0.0,6
2025-04-30,Meta,fb_prospect_02,5.0,3
2025-04-30,Meta,fb_prospect_02,10.0,11
2025-04-30,Meta,fb_prospect_02,20.0,2
2025-04-30,Meta,fb_prospect_02,63.0,1
2025-04-30,Google App Campaigns,goog_ac_01,,9
2025-04-30,Google App Campaigns,goog_ac_02,0.0,4
2025-04-30,Google App Campaigns,goog_ac_02,5.0,4
2025-04-30,Google App Campaigns,goog_ac_02,10.0,3
2025-04-30,Google App Campaigns,goog_ac_02,20.0,1
2025-04-30,Google Brand Search,goog_brand_01,0.0,3
2025-04-30,Google Brand Search,goog_brand_01,5.0,5
2025-04-30,Google Brand Search,goog_brand_01,10.0,8
2025-04-30,Google Brand Search,goog_brand_01,20.0,4
2025-04-30,Google Brand Search,goog_brand_01,40.0,1
2025-04-30,Google Non-Brand Search,goog_search_01,0.0,1
2025-04-30,Google Non-Brand Search,goog_search_01,5.0,4
2025-04-30,Google Non-Brand Search,goog_search_01,10.0,4
2025-04-30,Google Non-Brand Search,goog_search_01,20.0,6
2025-04-30,Google Non-Brand Search,goog_search_01,40.0,2
2025-04-30,TikTok,tiktok_upper_01,0.0,5
2025-04-30,TikTok,tiktok_upper_01,5.0,3
2025-04-30,TikTok,tiktok_upper_01,10.0,1
2025-04-30,TikTok,tiktok_upper_01,20.0,1
2025-04-30,TikTok,tiktok_upper_02,0.0,5
2025-04-30,TikTok,tiktok_upper_02,5.0,4
2025-04-30,TikTok,tiktok_upper_02,10.0,3
2025-05-01,Meta,fb_prospect_01,0.0,6
2025-05-01,Meta,fb_prospect_01,5.0,7
2025-05-01,Meta,fb_prospect_01,10.0,1
2025-05-01,Meta,fb_prospect_01,20.0,3
2025-05-01,Meta,fb_prospect_01,40.0,1
2025-05-01,Meta,fb_prospect_01,63.0,2
2025-05-01,Meta,fb_prospect_02,0.0,2
2025-05-01,Meta,fb_prospect_02,5.0,8
2025-05-01,Meta,fb_prospect_02,10.0,2
2025-05-01,Meta,fb_prospect_02,20.0,1
2025-05-01,Meta,fb_prospect_02,63.0,1
2025-05-01,Google App Campaigns,goog_ac_01,0.0,1
2025-05-01,Google App Campaigns,goog_ac_01,5.0,3
2025-05-01,Google App Campaigns,goog_ac_01,10.0,3
2025-05-01,Google App Campaigns,goog_ac_01,20.0,2
2025-05-01,Google App Campaigns,goog_ac_01,40.0,1
2025-05-01,Google App Campaigns,goog_ac_02,0.0,2
2025-05-01,Google App Campaigns,goog_ac_02,5.0,7
2025-05-01,Google App Campaigns,goog_ac_02,10.0,4
2025-05-01,Google App Campaigns,goog_ac_02,20.0,1
2025-05-01,Google Brand Search,goog_brand_01,0.0,3
2025-05-01,Google Brand Search,goog_brand_01,5.0,3
2025-05-01,Google Brand Search,goog_brand_01,10.0,2
2025-05-01,Google Brand Search,goog_brand_01,20.0,3
2025-05-01,Google Brand Search,goog_brand_01,40.0,3
2025-05-01,Google Non-Brand Search,goog_search_01,0.0,2
2025-05-01,Google Non-Brand Search,goog_search_01,5.0,2
2025-05-01,Google Non-Brand Search,goog_search_01,10.0,3
2025-05-01,Google Non-Brand Search,goog_search_01,20.0,3
2025-05-01,Google Non-Brand Search,goog_search_01,63.0,1
2025-05-01,TikTok,tiktok_upper_01,,7
2025-05-01,TikTok,tiktok_upper_02,,9
2025-05-02,Meta,fb_prospect_01,0.0,3
2025-05-02,Meta,fb_prospect_01,5.0,5
2025-05-02,Meta,fb_prospect_01,10.0,3
2025-05-02,Meta,fb_prospect_02,0.0,5
2025-05-02,Meta,fb_prospect_02,5.0,5
2025-05-02,Meta,fb_prospect_02,10.0,3
2025-05-02,Meta,fb_prospect_02,20.0,3
2025-05-02,Meta,fb_prospect_02,40.0,1
2025-05-02,Google App Campaigns,goog_ac_01,0.0,4
2025-05-02,Google App Campaigns,goog_ac_01,5.0,3
2025-05-02,Google App Campaigns,goog_ac_01,10.0,3
2025-05-02,Google App Campaigns,goog_ac_01,40.0,1
2025-05-02,Google App Campaigns,goog_ac_02,,8
2025-05-02,Google Brand Search,goog_brand_01,0.0,3
2025-05-02,Google Brand Search,goog_brand_01,5.0,3
2025-05-02,Google Brand Search,goog_brand_01,10.0,3
2025-05-02,Google Brand Search,goog_brand_01,20.0,3
2025-05-02,Google Brand Search,goog_brand_01,63.0,2
2025-05-02,Google Non-Brand Search,goog_search_01,0.0,3
2025-05-02,Google Non-Brand Search,goog_search_01,5.0,4
2025-05-02,Google Non-Brand Search,goog_search_01,10.0,5
2025-05-02,Google Non-Brand Search,goog_search_01,20.0,3
2025-05-02,Google Non-Brand Search,goog_search_01,40.0,4
2025-05-02,Google Non-Brand Search,goog_search_01,63.0,1
2025-05-02,TikTok,tiktok_upper_01,,9
2025-05-02,TikTok,tiktok_upper_02,0.0,7
2025-05-02,TikTok,tiktok_upper_02,5.0,7
2025-05-02,TikTok,tiktok_upper_02,10.0,2
2025-05-03,Meta,fb_prospect_01,0.0,2
2025-05-03,Meta,fb_prospect_01,5.0,7
2025-05-03,Meta,fb_prospect_01,10.0,7
2025-05-03,Meta,fb_prospect_01,20.0,1
2025-05-03,Meta,fb_prospect_02,0.0,5
2025-05-03,Meta,fb_prospect_02,5.0,9
2025-05-03,Meta,fb_prospect_02,10.0,6
2025-05-03,Meta,fb_prospect_02,20.0,1
2025-05-03,Meta,fb_prospect_02,40.0,2
2025-05-03,Google App Campaigns,goog_ac_01,0.0,2
2025-05-03,Google App Campaigns,goog_ac_01,5.0,3
2025-05-03,Google App Campaigns,goog_ac_01,10.0,3
2025-05-03,Google App Campaigns,goog_ac_01,20.0,1
2025-05-03,Google App Campaigns,goog_ac_01,40.0,1
2025-05-03,Google App Campaigns,goog_ac_01,63.0,2
2025-05-03,Google App Campaigns,goog_ac_02,0.0,2
2025-05-03,Google App Campaigns,goog_ac_02,5.0,6
2025-05-03,Google App Campaigns,goog_ac_02,10.0,4
2025-05-03,Google App Campaigns,goog_ac_02,20.0,1
2025-05-03,Google Brand Search,goog_brand_01,0.0,3
2025-05-03,Google Brand Search,goog_brand_01,10.0,7
2025-05-03,Google Brand Search,goog_brand_01,20.0,3
2025-05-03,Google Non-Brand Search,goog_search_01,0.0,3
2025-05-03,Google Non-Brand Search,goog_search_01,5.0,3
2025-05-03,Google Non-Brand Search,goog_search_01,10.0,7
2025-05-03,Google Non-Brand Search,goog_search_01,20.0,2
2025-05-03,Google Non-Brand Search,goog_search_01,40.0,1
2025-05-03,TikTok,tiktok_upper_01,0.0,6
2025-05-03,TikTok,tiktok_upper_01,5.0,2
2025-05-03,TikTok,tiktok_upper_01,10.0,1
2025-05-03,TikTok,tiktok_upper_01,40.0,1
2025-05-03,TikTok,tiktok_upper_01,63.0,1
2025-05-03,TikTok,tiktok_upper_02,,7
2025-05-04,Meta,fb_prospect_01,0.0,3
2025-05-04,Meta,fb_prospect_01,5.0,7
2025-05-04,Meta,fb_prospect_01,10.0,7
2025-05-04,Meta,fb_prospect_01,20.0,2
2025-05-04,Meta,fb_prospect_01,40.0,1
2025-05-04,Meta,fb_prospect_01,63.0,1
2025-05-04,Meta,fb_prospect_02,0.0,4
2025-05-04,Meta,fb_prospect_02,5.0,7
2025-05-04,Meta,fb_prospect_02,10.0,8
2025-05-04,Meta,fb_prospect_02,20.0,4
2025-05-04,Google App Campaigns,goog_ac_01,0.0,2
2025-05-04,Google App Campaigns,goog_ac_01,5.0,6
2025-05-04,Google App Campaigns,goog_ac_01,10.0,4
2025-05-04,Google App Campaigns,goog_ac_01,20.0,1
2025-05-04,Google App Campaigns,goog_ac_02,0.0,7
2025-05-04,Google App Campaigns,goog_ac_02,5.0,2
2025-05-04,Google App Campaigns,goog_ac_02,10.0,3
2025-05-04,Google App Campaigns,goog_ac_02,20.0,1
2025-05-04,Google App Campaigns,goog_ac_02,40.0,1
2025-05-04,Google Brand Search,goog_brand_01,0.0,1
2025-05-04,Google Brand Search,goog_brand_01,5.0,3
2025-05-04,Google Brand Search,goog_brand_01,10.0,6
2025-05-04,Google Brand Search,goog_brand_01,20.0,1
2025-05-04,Google Brand Search,goog_brand_01,40.0,2
2025-05-04,Google Brand Search,goog_brand_01,63.0,1
2025-05-04,Google Non-Brand Search,goog_search_01,0.0,1
2025-05-04,Google Non-Brand Search,goog_search_01,5.0,2
2025-05-04,Google Non-Brand Search,goog_search_01,10.0,5
2025-05-04,Google Non-Brand Search,goog_search_01,20.0,5
2025-05-04,Google Non-Brand Search,goog_search_01,40.0,2
2025-05-04,Google Non-Brand Search,goog_search_01,63.0,1
2025-05-04,TikTok,tiktok_upper_01,,9
2025-05-04,TikTok,tiktok_upper_02,0.0,4
2025-05-04,TikTok,tiktok_upper_02,5.0,4
2025-05-04,TikTok,tiktok_upper_02,10.0,1
2025-05-04,TikTok,tiktok_upper_02,20.0,1
2025-05-05,Meta,fb_prospect_01,0.0,6
2025-05-05,Meta,fb_prospect_01,5.0,4
2025-05-05,Meta,fb_prospect_01,10.0,7
2025-05-05,Meta,fb_prospect_01,63.0,1
2025-05-05,Meta,fb_prospect_02,0.0,4
2025-05-05,Meta,fb_prospect_02,5.0,4
2025-05-05,Meta,fb_prospect_02,10.0,8
2025-05-05,Meta,fb_prospect_02,20.0,2
2025-05-05,Google App Campaigns,goog_ac_01,,7
2025-05-05,Google App Campaigns,goog_ac_02,0.0,4
2025-05-05,Google App Campaigns,goog_ac_02,5.0,5
2025-05-05,Google App Campaigns,goog_ac_02,10.0,1
2025-05-05,Google Brand Search,goog_brand_01,0.0,4
2025-05-05,Google Brand Search,goog_brand_01,5.0,5
2025-05-05,Google Brand Search,goog_brand_01,10.0,4
2025-05-05,Google Brand Search,goog_brand_01,20.0,1
2025-05-05,Google Brand Search,goog_brand_01,40.0,2
2025-05-05,Google Brand Search,goog_brand_01,63.0,2
2025-05-05,Google Non-Brand Search,goog_search_01,0.0,2
2025-05-05,Google Non-Brand Search,goog_search_01,5.0,1
2025-05-05,Google Non-Brand Search,goog_search_01,10.0,4
2025-05-05,Google Non-Brand Search,goog_search_01,20.0,3
2025-05-05,Google Non-Brand Search,goog_search_01,40.0,1
2025-05-05,TikTok,tiktok_upper_01,0.0,4
2025-05-05,TikTok,tiktok_upper_01,5.0,2
2025-05-05,TikTok,tiktok_upper_01,10.0,3
2025-05-05,TikTok,tiktok_upper_01,20.0,1
2025-05-05,TikTok,tiktok_upper_01,40.0,1
2025-05-05,TikTok,tiktok_upper_02,,8
2025-05-06,Meta,fb_prospect_01,0.0,5
2025-05-06,Meta,fb_prospect_01,5.0,4
2025-05-06,Meta,fb_prospect_01,10.0,5
2025-05-06,Meta,fb_prospect_01,20.0,2
2025-05-06,Meta,fb_prospect_02,0.0,5
2025-05-06,Meta,fb_prospect_02,5.0,10
2025-05-06,Meta,fb_prospect_02,10.0,6
2025-05-06,Meta,fb_prospect_02,40.0,1
2025-05-06,Meta,fb_prospect_02,63.0,1
2025-05-06,Google App Campaigns,goog_ac_01,,8
2025-05-06,Google App Campaigns,goog_ac_02,,8
2025-05-06,Google Brand Search,goog_brand_01,0.0,2
2025-05-06,Google Brand Search,goog_brand_01,5.0,3
2025-05-06,Google Brand Search,goog_brand_01,10.0,2
2025-05-06,Google Brand Search,goog_brand_01,20.0,1
2025-05-06,Google Brand Search,goog_brand_01,40.0,1
2025-05-06,Google Brand Search,goog_brand_01,63.0,1
2025-05-06,Google Non-Brand Search,goog_search_01,0.0,4
2025-05-06,Google Non-Brand Search,goog_search_01,5.0,3
2025-05-06,Google Non-Brand Search,goog_search_01,10.0,3
2025-05-06,Google Non-Brand Search,goog_search_01,20.0,3
2025-05-06,Google Non-Brand Search,goog_search_01,63.0,3
2025-05-06,TikTok,tiktok_upper_01,0.0,5
2025-05-06,TikTok,tiktok_upper_01,5.0,6
2025-05-06,TikTok,tiktok_upper_01,10.0,2
2025-05-06,TikTok,tiktok_upper_01,20.0,1
2025-05-06,TikTok,tiktok_upper_02,,5
2025-05-07,Meta,fb_prospect_01,0.0,4
2025-05-07,Meta,fb_prospect_01,5.0,7
2025-05-07,Meta,fb_prospect_01,10.0,4
2025-05-07,Meta,fb_prospect_01,20.0,1
2025-05-07,Meta,fb_prospect_02,0.0,4
2025-05-07,Meta,fb_prospect_02,5.0,7
2025-05-07,Meta,fb_prospect_02,10.0,1
2025-05-07,Meta,fb_prospect_02,20.0,1
2025-05-07,Google App Campaigns,goog_ac_01,,7
2025-05-07,Google App Campaigns,goog_ac_02,,8
2025-05-07,Google Brand Search,goog_brand_01,0.0,4
2025-05-07,Google Brand Search,goog_brand_01,5.0,2
2025-05-07,Google Brand Search,goog_brand_01,10.0,7
2025-05-07,Google Brand Search,goog_brand_01,20.0,1
2025-05-07,Google Brand Search,goog_brand_01,40.0,1
2025-05-07,Google Non-Brand Search,goog_search_01,0.0,2
2025-05-07,Google Non-Brand Search,goog_search_01,5.0,2
2025-05-07,Google Non-Brand Search,goog_search_01,10.0,8
2025-05-07,Google Non-Brand Search,goog_search_01,20.0,2
2025-05-07,Google Non-Brand Search,goog_search_01,40.0,2
2025-05-07,Google Non-Brand Search,goog_search_01,63.0,2
2025-05-07,TikTok,tiktok_upper_01,0.0,2
2025-05-07,TikTok,tiktok_upper_01,5.0,4
2025-05-07,TikTok,tiktok_upper_01,10.0,3
2025-05-07,TikTok,tiktok_upper_01,63.0,1
2025-05-07,TikTok,tiktok_upper_02,0.0,7
2025-05-07,TikTok,tiktok_upper_02,5.0,2
2025-05-07,TikTok,tiktok_upper_02,10.0,1
2025-05-08,Meta,fb_prospect_01,0.0,2
2025-05-08,Meta,fb_prospect_01,5.0,5
2025-05-08,Meta,fb_prospect_01,10.0,9
2025-05-08,Meta,fb_prospect_01,20.0,3
2025-05-08,Meta,fb_prospect_01,63.0,1
2025-05-08,Meta,fb_prospect_02,0.0,3
2025-05-08,Meta,fb_prospect_02,5.0,6
2025-05-08,Meta,fb_prospect_02,10.0,6
2025-05-08,Meta,fb_prospect_02,20.0,1
2025-05-08,Meta,fb_prospect_02,40.0,2
2025-05-08,Google App Campaigns,goog_ac_01,,6
2025-05-08,Google App Campaigns,goog_ac_02,0.0,3
2025-05-08,Google App Campaigns,goog_ac_02,5.0,2
2025-05-08,Google App Campaigns,goog_ac_02,10.0,2
2025-05-08,Google App Campaigns,goog_ac_02,20.0,2
2025-05-08,Google App Campaigns,goog_ac_02,40.0,1
2025-05-08,Google App Campaigns,goog_ac_02,63.0,1
2025-05-08,Google Brand Search,goog_brand_01,0.0,5
2025-05-08,Google Brand Search,goog_brand_01,5.0,1
2025-05-08,Google Brand Search,goog_brand_01,10.0,1
2025-05-08,Google Brand Search,goog_brand_01,20.0,1
2025-05-08,Google Brand Search,goog_brand_01,40.0,2
2025-05-08,Google Non-Brand Search,goog_search_01,0.0,4
2025-05-08,Google Non-Brand Search,goog_search_01,5.0,6
2025-05-08,Google Non-Brand Search,goog_search_01,10.0,3
2025-05-08,Google Non-Brand Search,goog_search_01,20.0,3
2025-05-08,Google Non-Brand Search,goog_search_01,63.0,1
2025-05-08,TikTok,tiktok_upper_01,0.0,6
2025-05-08,TikTok,tiktok_upper_01,5.0,2
2025-05-08,TikTok,tiktok_upper_01,10.0,1
2025-05-08,TikTok,tiktok_upper_01,20.0,2
2025-05-08,TikTok,tiktok_upper_01,63.0,1
2025-05-08,TikTok,tiktok_upper_02,0.0,7
2025-05-08,TikTok,tiktok_upper_02,5.0,4
2025-05-08,TikTok,tiktok_upper_02,10.0,2
2025-05-08,TikTok,tiktok_upper_02,20.0,1
2025-05-09,Meta,fb_prospect_01,0.0,5
2025-05-09,Meta,fb_prospect_01,5.0,5
2025-05-09,Meta,fb_prospect_01,10.0,5
2025-05-09,Meta,fb_prospect_01,20.0,3
2025-05-09,Meta,fb_prospect_01,40.0,2
2025-05-09,Meta,fb_prospect_02,0.0,5
2025-05-09,Meta,fb_prospect_02,5.0,3
2025-05-09,Meta,fb_prospect_02,10.0,2
2025-05-09,Meta,fb_prospect_02,20.0,3
2025-05-09,Meta,fb_prospect_02,40.0,2
2025-05-09,Google App Campaigns,goog_ac_01,0.0,6
2025-05-09,Google App Campaigns,goog_ac_01,5.0,1
2025-05-09,Google App Campaigns,goog_ac_01,10.0,3
2025-05-09,Google App Campaigns,goog_ac_02,,7
2025-05-09,Google Brand Search,goog_brand_01,0.0,7
2025-05-09,Google Brand Search,goog_brand_01,5.0,4
2025-05-09,Google Brand Search,goog_brand_01,10.0,1
2025-05-09,Google Brand Search,goog_brand_01,20.0,5
2025-05-09,Google Brand Search,goog_brand_01,63.0,1
2025-05-09,Google Non-Brand Search,goog_search_01,,8
2025-05-09,TikTok,tiktok_upper_01,0.0,3
2025-05-09,TikTok,tiktok_upper_01,5.0,3
2025-05-09,TikTok,tiktok_upper_01,10.0,4
2025-05-09,TikTok,tiktok_upper_02,0.0,3
2025-05-09,TikTok,tiktok_upper_02,5.0,6
2025-05-09,TikTok,tiktok_upper_02,10.0,1
2025-05-09,TikTok,tiktok_upper_02,20.0,1
2025-05-10,Meta,fb_prospect_01,0.0,6
2025-05-10,Meta,fb_prospect_01,5.0,3
2025-05-10,Meta,fb_prospect_01,10.0,4
2025-05-10,Meta,fb_prospect_01,20.0,4
2025-05-10,Meta,fb_prospect_01,40.0,2
2025-05-10,Meta,fb_prospect_02,0.0,7
2025-05-10,Meta,fb_prospect_02,5.0,9
2025-05-10,Meta,fb_prospect_02,10.0,4
2025-05-10,Google App Campaigns,goog_ac_01,0.0,4
2025-05-10,Google App Campaigns,goog_ac_01,5.0,3
2025-05-10,Google App Campaigns,goog_ac_01,10.0,3
2025-05-10,Google App Campaigns,goog_ac_01,40.0,1
2025-05-10,Google App Campaigns,goog_ac_01,63.0,1
2025-05-10,Google App Campaigns,goog_ac_02,0.0,4
2025-05-10,Google App Campaigns,goog_ac_02,5.0,2
2025-05-10,Google App Campaigns,goog_ac_02,10.0,4
2025-05-10,Google App Campaigns,goog_ac_02,20.0,5
2025-05-10,Google App Campaigns,goog_ac_02,40.0,1
2025-05-10,Google App Campaigns,goog_ac_02,63.0,2
2025-05-10,Google Brand Search,goog_brand_01,0.0,2
2025-05-10,Google Brand Search,goog_brand_01,5.0,5
2025-05-10,Google Brand Search,goog_brand_01,10.0,2
2025-05-10,Google Brand Search,goog_brand_01,40.0,1
2025-05-10,Google Non-Brand Search,goog_search_01,0.0,9
2025-05-10,Google Non-Brand Search,goog_search_01,5.0,4
2025-05-10,Google Non-Brand Search,goog_search_01,10.0,9
2025-05-10,Google Non-Brand Search,goog_search_01,20.0,2
2025-05-10,Google Non-Brand Search,goog_search_01,40.0,2
2025-05-10,Google Non-Brand Search,goog_search_01,63.0,2
2025-05-10,TikTok,tiktok_upper_01,0.0,2
2025-05-10,TikTok,tiktok_upper_01,5.0,5
2025-05-10,TikTok,tiktok_upper_01,10.0,4
2025-05-10,TikTok,tiktok_upper_02,0.0,7
2025-05-10,TikTok,tiktok_upper_02,5.0,4
2025-05-10,TikTok,tiktok_upper_02,63.0,1
2025-05-11,Meta,fb_prospect_01,0.0,4
2025-05-11,Meta,fb_prospect_01,5.0,8
2025-05-11,Meta,fb_prospect_01,10.0,7
2025-05-11,Meta,fb_prospect_01,20.0,1
2025-05-11,Meta,fb_prospect_01,40.0,1
2025-05-11,Meta,fb_prospect_01,63.0,3
2025-05-11,Meta,fb_prospect_02,0.0,6
2025-05-11,Meta,fb_prospect_02,5.0,4
2025-05-11,Meta,fb_prospect_02,10.0,4
2025-05-11,Meta,fb_prospect_02,20.0,2
2025-05-11,Google App Campaigns,goog_ac_01,0.0,1
2025-05-11,Google App Campaigns,goog_ac_01,5.0,3
2025-05-11,Google App Campaigns,goog_ac_01,10.0,3
2025-05-11,Google App Campaigns,goog_ac_01,20.0,2
2025-05-11,Google App Campaigns,goog_ac_01,40.0,1
2025-05-11,Google App Campaigns,goog_ac_01,63.0,2
2025-05-11,Google App Campaigns,goog_ac_02,0.0,3
2025-05-11,Google App Campaigns,goog_ac_02,5.0,4
2025-05-11,Google App Campaigns,goog_ac_02,10.0,4
2025-05-11,Google App Campaigns,goog_ac_02,40.0,1
2025-05-11,Google Brand Search,goog_brand_01,0.0,2
2025-05-11,Google Brand Search,goog_brand_01,5.0,2
2025-05-11,Google Brand Search,goog_brand_01,10.0,12
2025-05-11,Google Brand Search,goog_brand_01,20.0,3
2025-05-11,Google Non-Brand Search,goog_search_01,0.0,4
2025-05-11,Google Non-Brand Search,goog_search_01,5.0,3
2025-05-11,Google Non-Brand Search,goog_search_01,20.0,6
2025-05-11,Google Non-Brand Search,goog_search_01,40.0,1
2025-05-11,Google Non-Brand Search,goog_search_01,63.0,2
2025-05-11,TikTok,tiktok_upper_01,,7
2025-05-11,TikTok,tiktok_upper_02,0.0,2
2025-05-11,TikTok,tiktok_upper_02,5.0,7
2025-05-11,TikTok,tiktok_upper_02,20.0,1
2025-05-12,Meta,fb_prospect_01,0.0,3
2025-05-12,Meta,fb_prospect_01,5.0,5
2025-05-12,Meta,fb_prospect_01,10.0,8
2025-05-12,Meta,fb_prospect_01,20.0,5
2025-05-12,Meta,fb_prospect_01,40.0,1
2025-05-12,Meta,fb_prospect_01,63.0,1
2025-05-12,Meta,fb_prospect_02,0.0,8
2025-05-12,Meta,fb_prospect_02,5.0,3
2025-05-12,Meta,fb_prospect_02,10.0,7
2025-05-12,Meta,fb_prospect_02,20.0,2
2025-05-12,Google App Campaigns,goog_ac_01,0.0,4
2025-05-12,Google App Campaigns,goog_ac_01,5.0,2
2025-05-12,Google App Campaigns,goog_ac_01,20.0,1
2025-05-12,Google App Campaigns,goog_ac_01,40.0,2
2025-05-12,Google App Campaigns,goog_ac_01,63.0,1
2025-05-12,Google App Campaigns,goog_ac_02,0.0,2
2025-05-12,Google App Campaigns,goog_ac_02,5.0,4
2025-05-12,Google App Campaigns,goog_ac_02,10.0,2
2025-05-12,Google App Campaigns,goog_ac_02,20.0,3
2025-05-12,Google App Campaigns,goog_ac_02,40.0,2
2025-05-12,Google App Campaigns,goog_ac_02,63.0,1
2025-05-12,Google Brand Search,goog_brand_01,0.0,3
2025-05-12,Google Brand Search,goog_brand_01,5.0,5
2025-05-12,Google Brand Search,goog_brand_01,10.0,12
2025-05-12,Google Brand Search,goog_brand_01,20.0,4
2025-05-12,Google Brand Search,goog_brand_01,63.0,1
2025-05-12,Google Non-Brand Search,goog_search_01,0.0,2
2025-05-12,Google Non-Brand Search,goog_search_01,5.0,3
2025-05-12,Google Non-Brand Search,goog_search_01,10.0,3
2025-05-12,Google Non-Brand Search,goog_search_01,20.0,7
2025-05-12,Google Non-Brand Search,goog_search_01,63.0,2
2025-05-12,TikTok,tiktok_upper_01,0.0,7
2025-05-12,TikTok,tiktok_upper_01,5.0,2
2025-05-12,TikTok,tiktok_upper_01,10.0,2
2025-05-12,TikTok,tiktok_upper_01,40.0,1
2025-05-12,TikTok,tiktok_upper_02,0.0,4
2025-05-12,TikTok,tiktok_upper_02,5.0,2
2025-05-12,TikTok,tiktok_upper_02,10.0,3
2025-05-12,TikTok,tiktok_upper_02,63.0,1
2025-05-13,Meta,fb_prospect_01,0.0,4
2025-05-13,Meta,fb_prospect_01,5.0,1
2025-05-13,Meta,fb_prospect_01,10.0,9
2025-05-13,Meta,fb_prospect_01,20.0,1
2025-05-13,Meta,fb_prospect_01,40.0,1
2025-05-13,Meta,fb_prospect_02,0.0,6
2025-05-13,Meta,fb_prospect_02,5.0,3
2025-05-13,Meta,fb_prospect_02,10.0,2
2025-05-13,Google App Campaigns,goog_ac_01,,4
2025-05-13,Google App Campaigns,goog_ac_02,,9
2025-05-13,Google Brand Search,goog_brand_01,0.0,4
2025-05-13,Google Brand Search,goog_brand_01,5.0,2
2025-05-13,Google Brand Search,goog_brand_01,10.0,5
2025-05-13,Google Brand Search,goog_brand_01,20.0,2
2025-05-13,Google Non-Brand Search,goog_search_01,0.0,1
2025-05-13,Google Non-Brand Search,goog_search_01,5.0,2
2025-05-13,Google Non-Brand Search,goog_search_01,10.0,7
2025-05-13,Google Non-Brand Search,goog_search_01,20.0,3
2025-05-13,Google Non-Brand Search,goog_search_01,40.0,1
2025-05-13,Google Non-Brand Search,goog_search_01,63.0,2
2025-05-13,TikTok,tiktok_upper_01,0.0,3
2025-05-13,TikTok,tiktok_upper_01,5.0,6
2025-05-13,TikTok,tiktok_upper_01,10.0,2
2025-05-13,TikTok,tiktok_upper_02,0.0,7
2025-05-13,TikTok,tiktok_upper_02,5.0,1
2025-05-13,TikTok,tiktok_upper_02,10.0,4
2025-05-14,Meta,fb_prospect_01,0.0,2
2025-05-14,Meta,fb_prospect_01,5.0,5
2025-05-14,Meta,fb_prospect_01,10.0,4
2025-05-14,Meta,fb_prospect_01,20.0,1
2025-05-14,Meta,fb_prospect_01,40.0,1
2025-05-14,Meta,fb_prospect_01,63.0,1
2025-05-14,Meta,fb_prospect_02,0.0,2
2025-05-14,Meta,fb_prospect_02,5.0,2
2025-05-14,Meta,fb_prospect_02,10.0,6
2025-05-14,Meta,fb_prospect_02,20.0,2
2025-05-14,Meta,fb_prospect_02,63.0,1
2025-05-14,Google App Campaigns,goog_ac_01,,7
2025-05-14,Google App Campaigns,goog_ac_02,5.0,7
2025-05-14,Google App Campaigns,goog_ac_02,10.0,1
2025-05-14,Google App Campaigns,goog_ac_02,20.0,2
2025-05-14,Google Brand Search,goog_brand_01,0.0,2
2025-05-14,Google Brand Search,goog_brand_01,5.0,5
2025-05-14,Google Brand Search,goog_brand_01,10.0,5
2025-05-14,Google Brand Search,goog_brand_01,20.0,2
2025-05-14,Google Non-Brand Search,goog_search_01,0.0,2
2025-05-14,Google Non-Brand Search,goog_search_01,10.0,3
2025-05-14,Google Non-Brand Search,goog_search_01,20.0,5
2025-05-14,Google Non-Brand Search,goog_search_01,40.0,2
2025-05-14,Google Non-Brand Search,goog_search_01,63.0,2
2025-05-14,TikTok,tiktok_upper_01,,5
2025-05-14,TikTok,tiktok_upper_02,,4
2025-05-15,Meta,fb_prospect_01,0.0,3
2025-05-15,Meta,fb_prospect_01,5.0,4
2025-05-15,Meta,fb_prospect_01,10.0,4
2025-05-15,Meta,fb_prospect_01,20.0,3
2025-05-15,Meta,fb_prospect_01,40.0,1
2025-05-15,Meta,fb_prospect_02,0.0,4
2025-05-15,Meta,fb_prospect_02,5.0,3
2025-05-15,Meta,fb_prospect_02,10.0,3
2025-05-15,Meta,fb_prospect_02,40.0,1
2025-05-15,Meta,fb_prospect_02,63.0,2
2025-05-15,Google App Campaigns,goog_ac_01,0.0,5
2025-05-15,Google App Campaigns,goog_ac_01,5.0,3
2025-05-15,Google App Campaigns,goog_ac_01,10.0,3
2025-05-15,Google App Campaigns,goog_ac_01,20.0,1
2025-05-15,Google App Campaigns,goog_ac_01,40.0,1
2025-05-15,Google App Campaigns,goog_ac_02,,4
2025-05-15,Google Brand Search,goog_brand_01,0.0,2
2025-05-15,Google Brand Search,goog_brand_01,5.0,5
2025-05-15,Google Brand Search,goog_brand_01,10.0,3
2025-05-15,Google Brand Search,goog_brand_01,20.0,5
2025-05-15,Google Non-Brand Search,goog_search_01,0.0,3
2025-05-15,Google Non-Brand Search,goog_search_01,5.0,2
2025-05-15,Google Non-Brand Search,goog_search_01,10.0,3
2025-05-15,Google Non-Brand Search,goog_search_01,20.0,3
2025-05-15,Google Non-Brand Search,goog_search_01,40.0,1
2025-05-15,TikTok,tiktok_upper_01,0.0,2
2025-05-15,TikTok,tiktok_upper_01,5.0,3
2025-05-15,TikTok,tiktok_upper_01,10.0,5
2025-05-15,TikTok,tiktok_upper_01,20.0,1
2025-05-15,TikTok,tiktok_upper_01,63.0,1
2025-05-15,TikTok,tiktok_upper_02,0.0,3
2025-05-15,TikTok,tiktok_upper_02,5.0,5
2025-05-15,TikTok,tiktok_upper_02,10.0,1
2025-05-15,TikTok,tiktok_upper_02,20.0,2
2025-05-16,Meta,fb_prospect_01,0.0,2
2025-05-16,Meta,fb_prospect_01,5.0,5
2025-05-16,Meta,fb_prospect_01,10.0,5
2025-05-16,Meta,fb_prospect_01,20.0,3
2025-05-16,Meta,fb_prospect_01,40.0,2
2025-05-16,Meta,fb_prospect_02,0.0,3
2025-05-16,Meta,fb_prospect_02,5.0,4
2025-05-16,Meta,fb_prospect_02,10.0,8
2025-05-16,Meta,fb_prospect_02,20.0,1
2025-05-16,Meta,fb_prospect_02,40.0,1
2025-05-16,Meta,fb_prospect_02,63.0,2
2025-05-16,Google App Campaigns,goog_ac_01,0.0,6
2025-05-16,Google App Campaigns,goog_ac_01,5.0,4
2025-05-16,Google App Campaigns,goog_ac_01,10.0,1
2025-05-16,Google App Campaigns,goog_ac_01,40.0,1
2025-05-16,Google App Campaigns,goog_ac_01,63.0,1
2025-05-16,Google App Campaigns,goog_ac_02,0.0,1
2025-05-16,Google App Campaigns,goog_ac_02,5.0,5
2025-05-16,Google App Campaigns,goog_ac_02,10.0,3
2025-05-16,Google App Campaigns,goog_ac_02,40.0,1
2025-05-16,Google Brand Search,goog_brand_01,0.0,3
2025-05-16,Google Brand Search,goog_brand_01,5.0,4
2025-05-16,Google Brand Search,goog_brand_01,10.0,1
2025-05-16,Google Brand Search,goog_brand_01,20.0,2
2025-05-16,Google Brand Search,goog_brand_01,63.0,1
2025-05-16,Google Non-Brand Search,goog_search_01,0.0,4
2025-05-16,Google Non-Brand Search,goog_search_01,5.0,1
2025-05-16,Google Non-Brand Search,goog_search_01,10.0,1
2025-05-16,Google Non-Brand Search,goog_search_01,20.0,3
2025-05-16,Google Non-Brand Search,goog_search_01,40.0,1
2025-05-16,Google Non-Brand Search,goog_search_01,63.0,1
2025-05-16,TikTok,tiktok_upper_01,0.0,2
2025-05-16,TikTok,tiktok_upper_01,5.0,2
2025-05-16,TikTok,tiktok_upper_01,10.0,4
2025-05-16,TikTok,tiktok_upper_01,20.0,1
2025-05-16,TikTok,tiktok_upper_01,40.0,1
2025-05-16,TikTok,tiktok_upper_02,,8
2025-05-17,Meta,fb_prospect_01,0.0,2
2025-05-17,Meta,fb_prospect_01,5.0,4
2025-05-17,Meta,fb_prospect_01,10.0,9
2025-05-17,Meta,fb_prospect_01,20.0,3
2025-05-17,Meta,fb_prospect_01,40.0,1
2025-05-17,Meta,fb_prospect_02,0.0,5
2025-05-17,Meta,fb_prospect_02,5.0,5
2025-05-17,Meta,fb_prospect_02,10.0,7
2025-05-17,Meta,fb_prospect_02,20.0,1
2025-05-17,Meta,fb_prospect_02,40.0,2
2025-05-17,Google App Campaigns,goog_ac_01,0.0,1
2025-05-17,Google App Campaigns,goog_ac_01,5.0,4
2025-05-17,Google App Campaigns,goog_ac_01,10.0,2
2025-05-17,Google App Campaigns,goog_ac_01,20.0,2
2025-05-17,Google App Campaigns,goog_ac_01,40.0,3
2025-05-17,Google App Campaigns,goog_ac_02,0.0,3
2025-05-17,Google App Campaigns,goog_ac_02,5.0,4
2025-05-17,Google App Campaigns,goog_ac_02,10.0,5
2025-05-17,Google App Campaigns,goog_ac_02,20.0,2
2025-05-17,Google App Campaigns,goog_ac_02,40.0,1
2025-05-17,Google Brand Search,goog_brand_01,0.0,4
2025-05-17,Google Brand Search,goog_brand_01,5.0,6
2025-05-17,Google Brand Search,goog_brand_01,10.0,3
2025-05-17,Google Brand Search,goog_brand_01,20.0,4
2025-05-17,Google Brand Search,goog_brand_01,40.0,1
2025-05-17,Google Brand Search,goog_brand_01,63.0,2
2025-05-17,Google Non-Brand Search,goog_search_01,0.0,3
2025-05-17,Google Non-Brand Search,goog_search_01,5.0,4
2025-05-17,Google Non-Brand Search,goog_search_01,10.0,1
2025-05-17,Google Non-Brand Search,goog_search_01,20.0,5
2025-05-17,Google Non-Brand Search,goog_search_01,63.0,2
2025-05-17,TikTok,tiktok_upper_01,,8
2025-05-17,TikTok,tiktok_upper_02,,8
2025-05-18,Meta,fb_prospect_01,0.0,4
2025-05-18,Meta,fb_prospect_01,5.0,6
2025-05-18,Meta,fb_prospect_01,10.0,9
2025-05-18,Meta,fb_prospect_01,63.0,1
2025-05-18,Meta,fb_prospect_02,0.0,6
2025-05-18,Meta,fb_prospect_02,5.0,7
2025-05-18,Meta,fb_prospect_02,10.0,2
2025-05-18,Meta,fb_prospect_02,20.0,1
2025-05-18,Meta,fb_prospect_02,40.0,1
2025-05-18,Google App Campaigns,goog_ac_01,0.0,5
2025-05-18,Google App Campaigns,goog_ac_01,5.0,3
2025-05-18,Google App Campaigns,goog_ac_01,10.0,2
2025-05-18,Google App Campaigns,goog_ac_01,20.0,1
2025-05-18,Google App Campaigns,goog_ac_02,0.0,1
2025-05-18,Google App Campaigns,goog_ac_02,5.0,3
2025-05-18,Google App Campaigns,goog_ac_02,10.0,3
2025-05-18,Google App Campaigns,goog_ac_02,20.0,2
2025-05-18,Google App Campaigns,goog_ac_02,40.0,2
2025-05-18,Google Brand Search,goog_brand_01,5.0,3
2025-05-18,Google Brand Search,goog_brand_01,10.0,3
2025-05-18,Google Brand Search,goog_brand_01,20.0,4
2025-05-18,Google Brand Search,goog_brand_01,63.0,1
2025-05-18,Google Non-Brand Search,goog_search_01,0.0,4
2025-05-18,Google Non-Brand Search,goog_search_01,5.0,4
2025-05-18,Google Non-Brand Search,goog_search_01,10.0,3
2025-05-18,Google Non-Brand Search,goog_search_01,20.0,5
2025-05-18,Google Non-Brand Search,goog_search_01,40.0,2
2025-05-18,Google Non-Brand Search,goog_search_01,63.0,3
2025-05-18,TikTok,tiktok_upper_01,,8
2025-05-18,TikTok,tiktok_upper_02,,8
2025-05-19,Meta,fb_prospect_01,0.0,5
2025-05-19,Meta,fb_prospect_01,5.0,3
2025-05-19,Meta,fb_prospect_01,10.0,7
2025-05-19,Meta,fb_prospect_01,20.0,1
2025-05-19,Meta,fb_prospect_01,63.0,2
2025-05-19,Meta,fb_prospect_02,0.0,7
2025-05-19,Meta,fb_prospect_02,5.0,4
2025-05-19,Meta,fb_prospect_02,10.0,8
2025-05-19,Meta,fb_prospect_02,20.0,4
2025-05-19,Meta,fb_prospect_02,40.0,1
2025-05-19,Meta,fb_prospect_02,63.0,1
2025-05-19,Google App Campaigns,goog_ac_01,0.0,5
2025-05-19,Google App Campaigns,goog_ac_01,5.0,2
2025-05-19,Google App Campaigns,goog_ac_01,10.0,5
2025-05-19,Google App Campaigns,goog_ac_01,20.0,1
2025-05-19,Google App Campaigns,goog_ac_02,0.0,4
2025-05-19,Google App Campaigns,goog_ac_02,5.0,3
2025-05-19,Google App Campaigns,goog_ac_02,10.0,4
2025-05-19,Google App Campaigns,goog_ac_02,40.0,1
2025-05-19,Google Brand Search,goog_brand_01,0.0,3
2025-05-19,Google Brand Search,goog_brand_01,5.0,8
2025-05-19,Google Brand Search,goog_brand_01,10.0,5
2025-05-19,Google Brand Search,goog_brand_01,20.0,1
2025-05-19,Google Brand Search,goog_brand_01,63.0,1
2025-05-19,Google Non-Brand Search,goog_search_01,0.0,7
2025-05-19,Google Non-Brand Search,goog_search_01,5.0,3
2025-05-19,Google Non-Brand Search,goog_search_01,10.0,6
2025-05-19,Google Non-Brand Search,goog_search_01,20.0,7
2025-05-19,TikTok,tiktok_upper_01,0.0,3
2025-05-19,TikTok,tiktok_upper_01,5.0,5
2025-05-19,TikTok,tiktok_upper_01,10.0,3
2025-05-19,TikTok,tiktok_upper_01,40.0,1
2025-05-19,TikTok,tiktok_upper_02,,9
2025-05-20,Meta,fb_prospect_01,0.0,3
2025-05-20,Meta,fb_prospect_01,5.0,2
2025-05-20,Meta,fb_prospect_01,10.0,6
2025-05-20,Meta,fb_prospect_01,20.0,5
2025-05-20,Meta,fb_prospect_02,0.0,4
2025-05-20,Meta,fb_prospect_02,5.0,2
2025-05-20,Meta,fb_prospect_02,10.0,6
2025-05-20,Meta,fb_prospect_02,20.0,3
2025-05-20,Google App Campaigns,goog_ac_01,,9
2025-05-20,Google App Campaigns,goog_ac_02,0.0,4
2025-05-20,Google App Campaigns,goog_ac_02,5.0,3
2025-05-20,Google App Campaigns,goog_ac_02,10.0,1
2025-05-20,Google App Campaigns,goog_ac_02,20.0,2
2025-05-20,Google App Campaigns,goog_ac_02,63.0,1
2025-05-20,Google Brand Search,goog_brand_01,0.0,1
2025-05-20,Google Brand Search,goog_brand_01,5.0,3
2025-05-20,Google Brand Search,goog_brand_01,10.0,2
2025-05-20,Google Brand Search,goog_brand_01,20.0,3
2025-05-20,Google Brand Search,goog_brand_01,40.0,1
2025-05-20,Google Brand Search,goog_brand_01,63.0,3
2025-05-20,Google Non-Brand Search,goog_search_01,5.0,1
2025-05-20,Google Non-Brand Search,goog_search_01,10.0,4
2025-05-20,Google Non-Brand Search,goog_search_01,20.0,5
2025-05-20,Google Non-Brand Search,goog_search_01,63.0,1
2025-05-20,TikTok,tiktok_upper_01,,7
2025-05-20,TikTok,tiktok_upper_02,0.0,8
2025-05-20,TikTok,tiktok_upper_02,5.0,2
2025-05-20,TikTok,tiktok_upper_02,10.0,1
2025-05-21,Meta,fb_prospect_01,0.0,4
2025-05-21,Meta,fb_prospect_01,5.0,3
2025-05-21,Meta,fb_prospect_01,10.0,7
2025-05-21,Meta,fb_prospect_01,20.0,2
2025-05-21,Meta,fb_prospect_01,40.0,3
2025-05-21,Meta,fb_prospect_02,0.0,2
2025-05-21,Meta,fb_prospect_02,5.0,7
2025-05-21,Meta,fb_prospect_02,10.0,9
2025-05-21,Meta,fb_prospect_02,20.0,1
2025-05-21,Meta,fb_prospect_02,63.0,1
2025-05-21,Google App Campaigns,goog_ac_01,0.0,2
2025-05-21,Google App Campaigns,goog_ac_01,5.0,6
2025-05-21,Google App Campaigns,goog_ac_01,10.0,2
2025-05-21,Google App Campaigns,goog_ac_02,0.0,6
2025-05-21,Google App Campaigns,goog_ac_02,10.0,3
2025-05-21,Google App Campaigns,goog_ac_02,20.0,2
2025-05-21,Google App Campaigns,goog_ac_02,40.0,2
2025-05-21,Google Brand Search,goog_brand_01,0.0,6
2025-05-21,Google Brand Search,goog_brand_01,5.0,5
2025-05-21,Google Brand Search,goog_brand_01,10.0,2
2025-05-21,Google Brand Search,goog_brand_01,40.0,1
2025-05-21,Google Brand Search,goog_brand_01,63.0,3
2025-05-21,Google Non-Brand Search,goog_search_01,0.0,3
2025-05-21,Google Non-Brand Search,goog_search_01,5.0,5
2025-05-21,Google Non-Brand Search,goog_search_01,10.0,1
2025-05-21,Google Non-Brand Search,goog_search_01,20.0,2
2025-05-21,Google Non-Brand Search,goog_search_01,40.0,2
2025-05-21,TikTok,tiktok_upper_01,,7
2025-05-21,TikTok,tiktok_upper_02,0.0,3
2025-05-21,TikTok,tiktok_upper_02,5.0,3
2025-05-21,TikTok,tiktok_upper_02,10.0,4
2025-05-22,Meta,fb_prospect_01,0.0,8
2025-05-22,Meta,fb_prospect_01,5.0,5
2025-05-22,Meta,fb_prospect_01,10.0,5
2025-05-22,Meta,fb_prospect_01,20.0,2
2025-05-22,Meta,fb_prospect_01,40.0,2
2025-05-22,Meta,fb_prospect_02,0.0,9
2025-05-22,Meta,fb_prospect_02,5.0,7
2025-05-22,Meta,fb_prospect_02,10.0,2
2025-05-22,Meta,fb_prospect_02,20.0,2
2025-05-22,Google App Campaigns,goog_ac_01,0.0,5
2025-05-22,Google App Campaigns,goog_ac_01,5.0,5
2025-05-22,Google App Campaigns,goog_ac_01,10.0,3
2025-05-22,Google App Campaigns,goog_ac_01,63.0,2
2025-05-22,Google App Campaigns,goog_ac_02,0.0,1
2025-05-22,Google App Campaigns,goog_ac_02,5.0,3
2025-05-22,Google App Campaigns,goog_ac_02,10.0,5
2025-05-22,Google App Campaigns,goog_ac_02,20.0,1
2025-05-22,Google App Campaigns,goog_ac_02,63.0,1
2025-05-22,Google Brand Search,goog_brand_01,0.0,4
2025-05-22,Google Brand Search,goog_brand_01,5.0,3
2025-05-22,Google Brand Search,goog_brand_01,10.0,5
2025-05-22,Google Brand Search,goog_brand_01,40.0,3
2025-05-22,Google Non-Brand Search,goog_search_01,0.0,5
2025-05-22,Google Non-Brand Search,goog_search_01,10.0,3
2025-05-22,Google Non-Brand Search,goog_search_01,20.0,4
2025-05-22,Google Non-Brand Search,goog_search_01,40.0,1
2025-05-22,Google Non-Brand Search,goog_search_01,63.0,1
2025-05-22,TikTok,tiktok_upper_01,,4
2025-05-22,TikTok,tiktok_upper_02,0.0,5
2025-05-22,TikTok,tiktok_upper_02,5.0,4
2025-05-22,TikTok,tiktok_upper_02,10.0,2
2025-05-22,TikTok,tiktok_upper_02,20.0,1
2025-05-23,Meta,fb_prospect_01,,9
2025-05-23,Meta,fb_prospect_02,0.0,5
2025-05-23,Meta,fb_prospect_02,5.0,2
2025-05-23,Meta,fb_prospect_02,10.0,2
2025-05-23,Meta,fb_prospect_02,20.0,2
2025-05-23,Meta,fb_prospect_02,40.0,1
2025-05-23,Meta,fb_prospect_02,63.0,1
2025-05-23,Google App Campaigns,goog_ac_01,,5
2025-05-23,Google App Campaigns,goog_ac_02,0.0,1
2025-05-23,Google App Campaigns,goog_ac_02,5.0,5
2025-05-23,Google App Campaigns,goog_ac_02,10.0,3
2025-05-23,Google App Campaigns,goog_ac_02,20.0,1
2025-05-23,Google Brand Search,goog_brand_01,0.0,5
2025-05-23,Google Brand Search,goog_brand_01,5.0,4
2025-05-23,Google Brand Search,goog_brand_01,10.0,3
2025-05-23,Google Brand Search,goog_brand_01,20.0,3
2025-05-23,Google Brand Search,goog_brand_01,40.0,1
2025-05-23,Google Brand Search,goog_brand_01,63.0,1
2025-05-23,Google Non-Brand Search,goog_search_01,10.0,7
2025-05-23,Google Non-Brand Search,goog_search_01,20.0,6
2025-05-23,Google Non-Brand Search,goog_search_01,40.0,3
2025-05-23,Google Non-Brand Search,goog_search_01,63.0,1
2025-05-23,TikTok,tiktok_upper_01,0.0,7
2025-05-23,TikTok,tiktok_upper_01,5.0,2
2025-05-23,TikTok,tiktok_upper_01,10.0,1
2025-05-23,TikTok,tiktok_upper_02,,3
2025-05-24,Meta,fb_prospect_01,0.0,6
2025-05-24,Meta,fb_prospect_01,5.0,11
2025-05-24,Meta,fb_prospect_01,10.0,5
2025-05-24,Meta,fb_prospect_01,20.0,1
2025-05-24,Meta,fb_prospect_01,40.0,1
2025-05-24,Meta,fb_prospect_01,63.0,1
2025-05-24,Meta,fb_prospect_02,0.0,4
2025-05-24,Meta,fb_prospect_02,5.0,7
2025-05-24,Meta,fb_prospect_02,10.0,6
2025-05-24,Meta,fb_prospect_02,20.0,1
2025-05-24,Meta,fb_prospect_02,40.0,1
2025-05-24,Google App Campaigns,goog_ac_01,0.0,4
2025-05-24,Google App Campaigns,goog_ac_01,5.0,4
2025-05-24,Google App Campaigns,goog_ac_01,10.0,2
2025-05-24,Google App Campaigns,goog_ac_01,40.0,1
2025-05-24,Google App Campaigns,goog_ac_02,0.0,5
2025-05-24,Google App Campaigns,goog_ac_02,5.0,3
2025-05-24,Google App Campaigns,goog_ac_02,10.0,1
2025-05-24,Google App Campaigns,goog_ac_02,40.0,2
2025-05-24,Google App Campaigns,goog_ac_02,63.0,1
2025-05-24,Google Brand Search,goog_brand_01,0.0,5
2025-05-24,Google Brand Search,goog_brand_01,5.0,4
2025-05-24,Google Brand Search,goog_brand_01,10.0,4
2025-05-24,Google Brand Search,goog_brand_01,20.0,1
2025-05-24,Google Brand Search,goog_brand_01,63.0,1
2025-05-24,Google Non-Brand Search,goog_search_01,0.0,6
2025-05-24,Google Non-Brand Search,goog_search_01,5.0,7
2025-05-24,Google Non-Brand Search,goog_search_01,10.0,5
2025-05-24,Google Non-Brand Search,goog_search_01,20.0,2
2025-05-24,Google Non-Brand Search,goog_search_01,63.0,4
2025-05-24,TikTok,tiktok_upper_01,0.0,6
2025-05-24,TikTok,tiktok_upper_01,5.0,3
2025-05-24,TikTok,tiktok_upper_01,10.0,1
2025-05-24,TikTok,tiktok_upper_01,20.0,1
2025-05-24,TikTok,tiktok_upper_02,0.0,7
2025-05-24,TikTok,tiktok_upper_02,5.0,5
2025-05-24,TikTok,tiktok_upper_02,10.0,5
2025-05-24,TikTok,tiktok_upper_02,20.0,1
2025-05-24,TikTok,tiktok_upper_02,40.0,1
2025-05-25,Meta,fb_prospect_01,5.0,6
2025-05-25,Meta,fb_prospect_01,10.0,5
2025-05-25,Meta,fb_prospect_01,20.0,2
2025-05-25,Meta,fb_prospect_02,0.0,5
2025-05-25,Meta,fb_prospect_02,5.0,3
2025-05-25,Meta,fb_prospect_02,10.0,3
2025-05-25,Meta,fb_prospect_02,20.0,1
2025-05-25,Meta,fb_prospect_02,40.0,3
2025-05-25,Google App Campaigns,goog_ac_01,0.0,4
2025-05-25,Google App Campaigns,goog_ac_01,5.0,4
2025-05-25,Google App Campaigns,goog_ac_01,10.0,2
2025-05-25,Google App Campaigns,goog_ac_02,,9
2025-05-25,Google Brand Search,goog_brand_01,0.0,5
2025-05-25,Google Brand Search,goog_brand_01,5.0,6
2025-05-25,Google Brand Search,goog_brand_01,10.0,3
2025-05-25,Google Brand Search,goog_brand_01,20.0,5
2025-05-25,Google Brand Search,goog_brand_01,40.0,2
2025-05-25,Google Brand Search,goog_brand_01,63.0,2
2025-05-25,Google Non-Brand Search,goog_search_01,0.0,4
2025-05-25,Google Non-Brand Search,goog_search_01,5.0,3
2025-05-25,Google Non-Brand Search,goog_search_01,10.0,6
2025-05-25,Google Non-Brand Search,goog_search_01,20.0,6
2025-05-25,TikTok,tiktok_upper_01,0.0,3
2025-05-25,TikTok,tiktok_upper_01,5.0,4
2025-05-25,TikTok,tiktok_upper_01,10.0,3
2025-05-25,TikTok,tiktok_upper_01,20.0,1
2025-05-25,TikTok,tiktok_upper_02,0.0,1
2025-05-25,TikTok,tiktok_upper_02,5.0,4
2025-05-25,TikTok,tiktok_upper_02,10.0,5
2025-05-25,TikTok,tiktok_upper_02,63.0,1
2025-05-26,Meta,fb_prospect_01,0.0,8
2025-05-26,Meta,fb_prospect_01,5.0,5
2025-05-26,Meta,fb_prospect_01,10.0,8
2025-05-26,Meta,fb_prospect_01,20.0,3
2025-05-26,Meta,fb_prospect_02,0.0,9
2025-05-26,Meta,fb_prospect_02,5.0,6
2025-05-26,Meta,fb_prospect_02,10.0,6
2025-05-26,Meta,fb_prospect_02,20.0,3
2025-05-26,Meta,fb_prospect_02,63.0,1
2025-05-26,Google App Campaigns,goog_ac_01,0.0,2
2025-05-26,Google App Campaigns,goog_ac_01,5.0,3
2025-05-26,Google App Campaigns,goog_ac_01,10.0,5
2025-05-26,Google App Campaigns,goog_ac_01,40.0,2
2025-05-26,Google App Campaigns,goog_ac_01,63.0,3
2025-05-26,Google App Campaigns,goog_ac_02,,6
2025-05-26,Google Brand Search,goog_brand_01,0.0,5
2025-05-26,Google Brand Search,goog_brand_01,5.0,4
2025-05-26,Google Brand Search,goog_brand_01,10.0,3
2025-05-26,Google Brand Search,goog_brand_01,20.0,2
2025-05-26,Google Brand Search,goog_brand_01,40.0,2
2025-05-26,Google Brand Search,goog_brand_01,63.0,2
2025-05-26,Google Non-Brand Search,goog_search_01,0.0,3
2025-05-26,Google Non-Brand Search,goog_search_01,5.0,4
2025-05-26,Google Non-Brand Search,goog_search_01,10.0,3
2025-05-26,Google Non-Brand Search,goog_search_01,20.0,3
2025-05-26,Google Non-Brand Search,goog_search_01,40.0,3
2025-05-26,TikTok,tiktok_upper_01,0.0,4
2025-05-26,TikTok,tiktok_upper_01,5.0,4
2025-05-26,TikTok,tiktok_upper_01,10.0,1
2025-05-26,TikTok,tiktok_upper_01,40.0,1
2025-05-26,TikTok,tiktok_upper_02,0.0,4
2025-05-26,TikTok,tiktok_upper_02,5.0,4
2025-05-26,TikTok,tiktok_upper_02,10.0,2
2025-05-27,Meta,fb_prospect_01,0.0,4
2025-05-27,Meta,fb_prospect_01,5.0,2
2025-05-27,Meta,fb_prospect_01,10.0,3
2025-05-27,Meta,fb_prospect_01,63.0,2
2025-05-27,Meta,fb_prospect_02,0.0,6
2025-05-27,Meta,fb_prospect_02,5.0,4
2025-05-27,Meta,fb_prospect_02,10.0,3
2025-05-27,Meta,fb_prospect_02,40.0,1
2025-05-27,Google App Campaigns,goog_ac_01,0.0,3
2025-05-27,Google App Campaigns,goog_ac_01,5.0,1
2025-05-27,Google App Campaigns,goog_ac_01,10.0,3
2025-05-27,Google App Campaigns,goog_ac_01,20.0,3
2025-05-27,Google App Campaigns,goog_ac_02,0.0,3
2025-05-27,Google App Campaigns,goog_ac_02,5.0,3
2025-05-27,Google App Campaigns,goog_ac_02,10.0,6
2025-05-27,Google App Campaigns,goog_ac_02,20.0,2
2025-05-27,Google Brand Search,goog_brand_01,0.0,1
2025-05-27,Google Brand Search,goog_brand_01,5.0,4
2025-05-27,Google Brand Search,goog_brand_01,10.0,2
2025-05-27,Google Brand Search,goog_brand_01,20.0,4
2025-05-27,Google Brand Search,goog_brand_01,40.0,2
2025-05-27,Google Non-Brand Search,goog_search_01,0.0,1
2025-05-27,Google Non-Brand Search,goog_search_01,5.0,4
2025-05-27,Google Non-Brand Search,goog_search_01,10.0,4
2025-05-27,Google Non-Brand Search,goog_search_01,20.0,1
2025-05-27,Google Non-Brand Search,goog_search_01,40.0,1
2025-05-27,Google Non-Brand Search,goog_search_01,63.0,1
2025-05-27,TikTok,tiktok_upper_01,0.0,3
2025-05-27,TikTok,tiktok_upper_01,5.0,5
2025-05-27,TikTok,tiktok_upper_01,10.0,2
2025-05-27,TikTok,tiktok_upper_01,40.0,1
2025-05-27,TikTok,tiktok_upper_02,,5
2025-05-28,Meta,fb_prospect_01,0.0,4
2025-05-28,Meta,fb_prospect_01,5.0,6
2025-05-28,Meta,fb_prospect_01,10.0,3
2025-05-28,Meta,fb_prospect_01,20.0,2
2025-05-28,Meta,fb_prospect_02,0.0,6
2025-05-28,Meta,fb_prospect_02,5.0,7
2025-05-28,Meta,fb_prospect_02,10.0,3
2025-05-28,Meta,fb_prospect_02,20.0,2
2025-05-28,Meta,fb_prospect_02,63.0,1
2025-05-28,Google App Campaigns,goog_ac_01,,5
2025-05-28,Google App Campaigns,goog_ac_02,0.0,2
2025-05-28,Google App Campaigns,goog_ac_02,5.0,2
2025-05-28,Google App Campaigns,goog_ac_02,10.0,4
2025-05-28,Google App Campaigns,goog_ac_02,20.0,1
2025-05-28,Google App Campaigns,goog_ac_02,40.0,1
2025-05-28,Google Brand Search,goog_brand_01,0.0,1
2025-05-28,Google Brand Search,goog_brand_01,5.0,3
2025-05-28,Google Brand Search,goog_brand_01,10.0,3
2025-05-28,Google Brand Search,goog_brand_01,20.0,3
2025-05-28,Google Brand Search,goog_brand_01,40.0,1
2025-05-28,Google Brand Search,goog_brand_01,63.0,1
2025-05-28,Google Non-Brand Search,goog_search_01,0.0,5
2025-05-28,Google Non-Brand Search,goog_search_01,5.0,2
2025-05-28,Google Non-Brand Search,goog_search_01,10.0,6
2025-05-28,Google Non-Brand Search,goog_search_01,20.0,4
2025-05-28,Google Non-Brand Search,goog_search_01,40.0,2
2025-05-28,Google Non-Brand Search,goog_search_01,63.0,2
2025-05-28,TikTok,tiktok_upper_01,,9
2025-05-28,TikTok,tiktok_upper_02,,7
2025-05-29,Meta,fb_prospect_01,0.0,6
2025-05-29,Meta,fb_prospect_01,5.0,3
2025-05-29,Meta,fb_prospect_01,10.0,2
2025-05-29,Meta,fb_prospect_01,40.0,2
2025-05-29,Meta,fb_prospect_01,63.0,1
2025-05-29,Meta,fb_prospect_02,0.0,6
2025-05-29,Meta,fb_prospect_02,5.0,2
2025-05-29,Meta,fb_prospect_02,10.0,8
2025-05-29,Meta,fb_prospect_02,20.0,3
2025-05-29,Google App Campaigns,goog_ac_01,,8
2025-05-29,Google App Campaigns,goog_ac_02,,8
2025-05-29,Google Brand Search,goog_brand_01,0.0,3
2025-05-29,Google Brand Search,goog_brand_01,5.0,5
2025-05-29,Google Brand Search,goog_brand_01,10.0,1
2025-05-29,Google Brand Search,goog_brand_01,20.0,3
2025-05-29,Google Brand Search,goog_brand_01,40.0,1
2025-05-29,Google Brand Search,goog_brand_01,63.0,1
2025-05-29,Google Non-Brand Search,goog_search_01,0.0,1
2025-05-29,Google Non-Brand Search,goog_search_01,5.0,3
2025-05-29,Google Non-Brand Search,goog_search_01,10.0,4
2025-05-29,Google Non-Brand Search,goog_search_01,20.0,2
2025-05-29,Google Non-Brand Search,goog_search_01,40.0,1
2025-05-29,Google Non-Brand Search,goog_search_01,63.0,1
2025-05-29,TikTok,tiktok_upper_01,,8
2025-05-29,TikTok,tiktok_upper_02,,9
2025-05-30,Meta,fb_prospect_01,0.0,8
2025-05-30,Meta,fb_prospect_01,5.0,6
2025-05-30,Meta,fb_prospect_01,10.0,3
2025-05-30,Meta,fb_prospect_01,20.0,4
2025-05-30,Meta,fb_prospect_01,40.0,2
2025-05-30,Meta,fb_prospect_02,0.0,6
2025-05-30,Meta,fb_prospect_02,5.0,3
2025-05-30,Meta,fb_prospect_02,10.0,6
2025-05-30,Meta,fb_prospect_02,20.0,1
2025-05-30,Meta,fb_prospect_02,63.0,1
2025-05-30,Google App Campaigns,goog_ac_01,,5
2025-05-30,Google App Campaigns,goog_ac_02,,7
2025-05-30,Google Brand Search,goog_brand_01,0.0,3
2025-05-30,Google Brand Search,goog_brand_01,5.0,3
2025-05-30,Google Brand Search,goog_brand_01,10.0,4
2025-05-30,Google Brand Search,goog_brand_01,40.0,1
2025-05-30,Google Non-Brand Search,goog_search_01,,8
2025-05-30,TikTok,tiktok_upper_01,0.0,7
2025-05-30,TikTok,tiktok_upper_01,5.0,3
2025-05-30,TikTok,tiktok_upper_01,20.0,2
2025-05-30,TikTok,tiktok_upper_02,,4
2025-05-31,Meta,fb_prospect_01,0.0,4
2025-05-31,Meta,fb_prospect_01,5.0,8
2025-05-31,Meta,fb_prospect_01,10.0,10
2025-05-31,Meta,fb_prospect_01,20.0,2
2025-05-31,Meta,fb_prospect_01,40.0,1
2025-05-31,Meta,fb_prospect_02,0.0,3
2025-05-31,Meta,fb_prospect_02,5.0,3
2025-05-31,Meta,fb_prospect_02,10.0,4
2025-05-31,Meta,fb_prospect_02,40.0,2
2025-05-31,Meta,fb_prospect_02,63.0,1
2025-05-31,Google App Campaigns,goog_ac_01,0.0,2
2025-05-31,Google App Campaigns,goog_ac_01,5.0,2
2025-05-31,Google App Campaigns,goog_ac_01,10.0,4
2025-05-31,Google App Campaigns,goog_ac_01,20.0,1
2025-05-31,Google App Campaigns,goog_ac_01,40.0,1
2025-05-31,Google App Campaigns,goog_ac_01,63.0,1
2025-05-31,Google App Campaigns,goog_ac_02,,7
2025-05-31,Google Brand Search,goog_brand_01,0.0,2
2025-05-31,Google Brand Search,goog_brand_01,5.0,3
2025-05-31,Google Brand Search,goog_brand_01,10.0,3
2025-05-31,Google Brand Search,goog_brand_01,20.0,4
2025-05-31,Google Brand Search,goog_brand_01,40.0,1
2025-05-31,Google Brand Search,goog_brand_01,63.0,2
2025-05-31,Google Non-Brand Search,goog_search_01,0.0,4
2025-05-31,Google Non-Brand Search,goog_search_01,5.0,3
2025-05-31,Google Non-Brand Search,goog_search_01,10.0,9
2025-05-31,Google Non-Brand Search,goog_search_01,20.0,3
2025-05-31,Google Non-Brand Search,goog_search_01,40.0,2
2025-05-31,Google Non-Brand Search,goog_search_01,63.0,1
2025-05-31,TikTok,tiktok_upper_01,0.0,1
2025-05-31,TikTok,tiktok_upper_01,5.0,6
2025-05-31,TikTok,tiktok_upper_01,10.0,3
2025-05-31,TikTok,tiktok_upper_02,,7
2025-06-01,Meta,fb_prospect_01,0.0,7
2025-06-01,Meta,fb_prospect_01,5.0,1
2025-06-01,Meta,fb_prospect_01,10.0,3
2025-06-01,Meta,fb_prospect_01,20.0,2
2025-06-01,Meta,fb_prospect_01,40.0,1
2025-06-01,Meta,fb_prospect_02,0.0,7
2025-06-01,Meta,fb_prospect_02,5.0,7
2025-06-01,Meta,fb_prospect_02,10.0,5
2025-06-01,Meta,fb_prospect_02,20.0,2
2025-06-01,Meta,fb_prospect_02,40.0,1
2025-06-01,Google App Campaigns,goog_ac_01,,9
2025-06-01,Google App Campaigns,goog_ac_02,,5
2025-06-01,Google Brand Search,goog_brand_01,0.0,1
2025-06-01,Google Brand Search,goog_brand_01,5.0,3
2025-06-01,Google Brand Search,goog_brand_01,10.0,5
2025-06-01,Google Brand Search,goog_brand_01,40.0,1
2025-06-01,Google Brand Search,goog_brand_01,63.0,1
2025-06-01,Google Non-Brand Search,goog_search_01,0.0,1
2025-06-01,Google Non-Brand Search,goog_search_01,5.0,5
2025-06-01,Google Non-Brand Search,goog_search_01,10.0,2
2025-06-01,Google Non-Brand Search,goog_search_01,20.0,4
2025-06-01,Google Non-Brand Search,goog_search_01,63.0,1
2025-06-01,TikTok,tiktok_upper_01,,5
2025-06-01,TikTok,tiktok_upper_02,,7
2025-06-02,Meta,fb_prospect_01,0.0,6
2025-06-02,Meta,fb_prospect_01,5.0,7
2025-06-02,Meta,fb_prospect_01,10.0,3
2025-06-02,Meta,fb_prospect_01,20.0,1
2025-06-02,Meta,fb_prospect_01,40.0,4
2025-06-02,Meta,fb_prospect_01,63.0,1
2025-06-02,Meta,fb_prospect_02,0.0,5
2025-06-02,Meta,fb_prospect_02,5.0,5
2025-06-02,Meta,fb_prospect_02,10.0,6
2025-06-02,Meta,fb_prospect_02,20.0,3
2025-06-02,Meta,fb_prospect_02,40.0,2
2025-06-02,Google App Campaigns,goog_ac_01,,8
2025-06-02,Google App Campaigns,goog_ac_02,0.0,3
2025-06-02,Google App Campaigns,goog_ac_02,5.0,1
2025-06-02,Google App Campaigns,goog_ac_02,10.0,2
2025-06-02,Google App Campaigns,goog_ac_02,20.0,3
2025-06-02,Google App Campaigns,goog_ac_02,63.0,2
2025-06-02,Google Brand Search,goog_brand_01,0.0,4
2025-06-02,Google Brand Search,goog_brand_01,5.0,5
2025-06-02,Google Brand Search,goog_brand_01,10.0,5
2025-06-02,Google Brand Search,goog_brand_01,20.0,9
2025-06-02,Google Brand Search,goog_brand_01,63.0,3
2025-06-02,Google Non-Brand Search,goog_search_01,0.0,5
2025-06-02,Google Non-Brand Search,goog_search_01,5.0,5
2025-06-02,Google Non-Brand Search,goog_search_01,10.0,2
2025-06-02,Google Non-Brand Search,goog_search_01,20.0,4
2025-06-02,Google Non-Brand Search,goog_search_01,40.0,3
2025-06-02,Google Non-Brand Search,goog_search_01,63.0,1
2025-06-02,TikTok,tiktok_upper_01,0.0,6
2025-06-02,TikTok,tiktok_upper_01,5.0,3
2025-06-02,TikTok,tiktok_upper_01,10.0,2
2025-06-02,TikTok,tiktok_upper_02,0.0,3
2025-06-02,TikTok,tiktok_upper_02,5.0,5
2025-06-02,TikTok,tiktok_upper_02,10.0,2
2025-06-02,TikTok,tiktok_upper_02,20.0,2
2025-06-03,Meta,fb_prospect_01,0.0,3
2025-06-03,Meta,fb_prospect_01,5.0,5
2025-06-03,Meta,fb_prospect_01,10.0,5
2025-06-03,Meta,fb_prospect_01,20.0,2
2025-06-03,Meta,fb_prospect_01,40.0,2
2025-06-03,Meta,fb_prospect_02,0.0,4
2025-06-03,Meta,fb_prospect_02,5.0,3
2025-06-03,Meta,fb_prospect_02,10.0,2
2025-06-03,Meta,fb_prospect_02,20.0,1
2025-06-03,Google App Campaigns,goog_ac_01,,5
2025-06-03,Google App Campaigns,goog_ac_02,,9
2025-06-03,Google Brand Search,goog_brand_01,0.0,1
2025-06-03,Google Brand Search,goog_brand_01,5.0,6
2025-06-03,Google Brand Search,goog_brand_01,10.0,2
2025-06-03,Google Brand Search,goog_brand_01,40.0,1
2025-06-03,Google Brand Search,goog_brand_01,63.0,1
2025-06-03,Google Non-Brand Search,goog_search_01,,7
2025-06-03,TikTok,tiktok_upper_01,,6
2025-06-03,TikTok,tiktok_upper_02,,6
2025-06-04,Meta,fb_prospect_01,0.0,4
2025-06-04,Meta,fb_prospect_01,5.0,3
2025-06-04,Meta,fb_prospect_01,10.0,3
2025-06-04,Meta,fb_prospect_01,20.0,1
2025-06-04,Meta,fb_prospect_01,40.0,2
2025-06-04,Meta,fb_prospect_02,0.0,5
2025-06-04,Meta,fb_prospect_02,5.0,5
2025-06-04,Meta,fb_prospect_02,10.0,6
2025-06-04,Meta,fb_prospect_02,63.0,2
2025-06-04,Google App Campaigns,goog_ac_01,,7
2025-06-04,Google App Campaigns,goog_ac_02,,8
2025-06-04,Google Brand Search,goog_brand_01,0.0,6
2025-06-04,Google Brand Search,goog_brand_01,5.0,1
2025-06-04,Google Brand Search,goog_brand_01,10.0,4
2025-06-04,Google Brand Search,goog_brand_01,20.0,4
2025-06-04,Google Brand Search,goog_brand_01,40.0,1
2025-06-04,Google Brand Search,goog_brand_01,63.0,1
2025-06-04,Google Non-Brand Search,goog_search_01,0.0,1
2025-06-04,Google Non-Brand Search,goog_search_01,5.0,4
2025-06-04,Google Non-Brand Search,goog_search_01,10.0,5
2025-06-04,Google Non-Brand Search,goog_search_01,20.0,1
2025-06-04,Google Non-Brand Search,goog_search_01,63.0,1
2025-06-04,TikTok,tiktok_upper_01,0.0,8
2025-06-04,TikTok,tiktok_upper_01,5.0,5
2025-06-04,TikTok,tiktok_upper_01,20.0,1
2025-06-04,TikTok,tiktok_upper_02,,7
2025-06-05,Meta,fb_prospect_01,0.0,2
2025-06-05,Meta,fb_prospect_01,5.0,2
2025-06-05,Meta,fb_prospect_01,10.0,6
2025-06-05,Meta,fb_prospect_01,20.0,3
2025-06-05,Meta,fb_prospect_01,40.0,2
2025-06-05,Meta,fb_prospect_02,0.0,2
2025-06-05,Meta,fb_prospect_02,5.0,5
2025-06-05,Meta,fb_prospect_02,10.0,6
2025-06-05,Meta,fb_prospect_02,20.0,2
2025-06-05,Meta,fb_prospect_02,40.0,1
2025-06-05,Meta,fb_prospect_02,63.0,1
2025-06-05,Google App Campaigns,goog_ac_01,0.0,4
2025-06-05,Google App Campaigns,goog_ac_01,5.0,1
2025-06-05,Google App Campaigns,goog_ac_01,10.0,5
2025-06-05,Google App Campaigns,goog_ac_01,20.0,3
2025-06-05,Google App Campaigns,goog_ac_01,63.0,1
2025-06-05,Google App Campaigns,goog_ac_02,0.0,3
2025-06-05,Google App Campaigns,goog_ac_02,5.0,1
2025-06-05,Google App Campaigns,goog_ac_02,10.0,3
2025-06-05,Google App Campaigns,goog_ac_02,20.0,3
2025-06-05,Google Brand Search,goog_brand_01,,8
2025-06-05,Google Non-Brand Search,goog_search_01,5.0,2
2025-06-05,Google Non-Brand Search,goog_search_01,10.0,5
2025-06-05,Google Non-Brand Search,goog_search_01,20.0,2
2025-06-05,Google Non-Brand Search,goog_search_01,40.0,1
2025-06-05,TikTok,tiktok_upper_01,,6
2025-06-05,TikTok,tiktok_upper_02,,6
2025-06-06,Meta,fb_prospect_01,0.0,8
2025-06-06,Meta,fb_prospect_01,5.0,5
2025-06-06,Meta,fb_prospect_01,10.0,6
2025-06-06,Meta,fb_prospect_01,20.0,1
2025-06-06,Meta,fb_prospect_01,63.0,1
2025-06-06,Meta,fb_prospect_02,0.0,6
2025-06-06,Meta,fb_prospect_02,5.0,2
2025-06-06,Meta,fb_prospect_02,10.0,3
2025-06-06,Meta,fb_prospect_02,63.0,1
2025-06-06,Google App Campaigns,goog_ac_01,,7
2025-06-06,Google App Campaigns,goog_ac_02,,9
2025-06-06,Google Brand Search,goog_brand_01,0.0,3
2025-06-06,Google Brand Search,goog_brand_01,5.0,6
2025-06-06,Google Brand Search,goog_brand_01,10.0,4
2025-06-06,Google Brand Search,goog_brand_01,20.0,1
2025-06-06,Google Brand Search,goog_brand_01,40.0,1
2025-06-06,Google Brand Search,goog_brand_01,63.0,1
2025-06-06,Google Non-Brand Search,goog_search_01,0.0,3
2025-06-06,Google Non-Brand Search,goog_search_01,5.0,3
2025-06-06,Google Non-Brand Search,goog_search_01,10.0,2
2025-06-06,Google Non-Brand Search,goog_search_01,20.0,4
2025-06-06,Google Non-Brand Search,goog_search_01,63.0,2
2025-06-06,TikTok,tiktok_upper_01,0.0,3
2025-06-06,TikTok,tiktok_upper_01,5.0,4
2025-06-06,TikTok,tiktok_upper_01,10.0,1
2025-06-06,TikTok,tiktok_upper_01,20.0,2
2025-06-06,TikTok,tiktok_upper_02,,4
2025-06-07,Meta,fb_prospect_01,0.0,3
2025-06-07,Meta,fb_prospect_01,5.0,5
2025-06-07,Meta,fb_prospect_01,10.0,7
2025-06-07,Meta,fb_prospect_01,40.0,1
2025-06-07,Meta,fb_prospect_01,63.0,1
2025-06-07,Meta,fb_prospect_02,0.0,1
2025-06-07,Meta,fb_prospect_02,5.0,5
2025-06-07,Meta,fb_prospect_02,10.0,3
2025-06-07,Meta,fb_prospect_02,20.0,1
2025-06-07,Google App Campaigns,goog_ac_01,0.0,2
2025-06-07,Google App Campaigns,goog_ac_01,5.0,5
2025-06-07,Google App Campaigns,goog_ac_01,10.0,2
2025-06-07,Google App Campaigns,goog_ac_01,20.0,2
2025-06-07,Google App Campaigns,goog_ac_02,0.0,4
2025-06-07,Google App Campaigns,goog_ac_02,5.0,3
2025-06-07,Google App Campaigns,goog_ac_02,10.0,5
2025-06-07,Google App Campaigns,goog_ac_02,20.0,3
2025-06-07,Google Brand Search,goog_brand_01,0.0,1
2025-06-07,Google Brand Search,goog_brand_01,5.0,3
2025-06-07,Google Brand Search,goog_brand_01,10.0,2
2025-06-07,Google Brand Search,goog_brand_01,20.0,3
2025-06-07,Google Brand Search,goog_brand_01,40.0,1
2025-06-07,Google Brand Search,goog_brand_01,63.0,2
2025-06-07,Google Non-Brand Search,goog_search_01,0.0,2
2025-06-07,Google Non-Brand Search,goog_search_01,5.0,3
2025-06-07,Google Non-Brand Search,goog_search_01,10.0,7
2025-06-07,Google Non-Brand Search,goog_search_01,20.0,9
2025-06-07,Google Non-Brand Search,goog_search_01,40.0,1
2025-06-07,Google Non-Brand Search,goog_search_01,63.0,2
2025-06-07,TikTok,tiktok_upper_01,0.0,4
2025-06-07,TikTok,tiktok_upper_01,5.0,2
2025-06-07,TikTok,tiktok_upper_01,10.0,3
2025-06-07,TikTok,tiktok_upper_01,20.0,1
2025-06-07,TikTok,tiktok_upper_02,,5
2025-06-08,Meta,fb_prospect_01,0.0,8
2025-06-08,Meta,fb_prospect_01,5.0,3
2025-06-08,Meta,fb_prospect_01,10.0,4
2025-06-08,Meta,fb_prospect_01,20.0,3
2025-06-08,Meta,fb_prospect_01,40.0,2
2025-06-08,Meta,fb_prospect_02,0.0,7
2025-06-08,Meta,fb_prospect_02,5.0,8
2025-06-08,Meta,fb_prospect_02,10.0,4
2025-06-08,Meta,fb_prospect_02,20.0,3
2025-06-08,Meta,fb_prospect_02,63.0,1
2025-06-08,Google App Campaigns,goog_ac_01,,8
2025-06-08,Google App Campaigns,goog_ac_02,0.0,2
2025-06-08,Google App Campaigns,goog_ac_02,5.0,6
2025-06-08,Google App Campaigns,goog_ac_02,10.0,3
2025-06-08,Google App Campaigns,goog_ac_02,20.0,1
2025-06-08,Google App Campaigns,goog_ac_02,40.0,1
2025-06-08,Google App Campaigns,goog_ac_02,63.0,2
2025-06-08,Google Brand Search,goog_brand_01,0.0,1
2025-06-08,Google Brand Search,goog_brand_01,5.0,1
2025-06-08,Google Brand Search,goog_brand_01,10.0,3
2025-06-08,Google Brand Search,goog_brand_01,20.0,4
2025-06-08,Google Brand Search,goog_brand_01,40.0,1
2025-06-08,Google Brand Search,goog_brand_01,63.0,1
2025-06-08,Google Non-Brand Search,goog_search_01,0.0,5
2025-06-08,Google Non-Brand Search,goog_search_01,5.0,1
2025-06-08,Google Non-Brand Search,goog_search_01,10.0,4
2025-06-08,Google Non-Brand Search,goog_search_01,20.0,4
2025-06-08,TikTok,tiktok_upper_01,,5
2025-06-08,TikTok,tiktok_upper_02,0.0,4
2025-06-08,TikTok,tiktok_upper_02,5.0,5
2025-06-08,TikTok,tiktok_upper_02,10.0,2
2025-06-09,Meta,fb_prospect_01,0.0,4
2025-06-09,Meta,fb_prospect_01,5.0,6
2025-06-09,Meta,fb_prospect_01,10.0,9
2025-06-09,Meta,fb_prospect_01,20.0,4
2025-06-09,Meta,fb_prospect_01,40.0,1
2025-06-09,Meta,fb_prospect_01,63.0,1
2025-06-09,Meta,fb_prospect_02,0.0,1
2025-06-09,Meta,fb_prospect_02,5.0,5
2025-06-09,Meta,fb_prospect_02,10.0,5
2025-06-09,Meta,fb_prospect_02,20.0,3
2025-06-09,Meta,fb_prospect_02,40.0,2
2025-06-09,Google App Campaigns,goog_ac_01,0.0,4
2025-06-09,Google App Campaigns,goog_ac_01,5.0,3
2025-06-09,Google App Campaigns,goog_ac_01,10.0,2
2025-06-09,Google App Campaigns,goog_ac_01,20.0,2
2025-06-09,Google App Campaigns,goog_ac_02,0.0,3
2025-06-09,Google App Campaigns,goog_ac_02,5.0,2
2025-06-09,Google App Campaigns,goog_ac_02,10.0,6
2025-06-09,Google App Campaigns,goog_ac_02,20.0,1
2025-06-09,Google Brand Search,goog_brand_01,0.0,3
2025-06-09,Google Brand Search,goog_brand_01,5.0,4
2025-06-09,Google Brand Search,goog_brand_01,10.0,6
2025-06-09,Google Brand Search,goog_brand_01,20.0,3
2025-06-09,Google Brand Search,goog_brand_01,40.0,1
2025-06-09,Google Brand Search,goog_brand_01,63.0,1
2025-06-09,Google Non-Brand Search,goog_search_01,0.0,4
2025-06-09,Google Non-Brand Search,goog_search_01,5.0,3
2025-06-09,Google Non-Brand Search,goog_search_01,10.0,4
2025-06-09,Google Non-Brand Search,goog_search_01,20.0,4
2025-06-09,Google Non-Brand Search,goog_search_01,40.0,2
2025-06-09,Google Non-Brand Search,goog_search_01,63.0,1
2025-06-09,TikTok,tiktok_upper_01,0.0,1
2025-06-09,TikTok,tiktok_upper_01,5.0,6
2025-06-09,TikTok,tiktok_upper_01,10.0,3
2025-06-09,TikTok,tiktok_upper_02,,9
2025-06-10,Meta,fb_prospect_01,0.0,5
2025-06-10,Meta,fb_prospect_01,5.0,6
2025-06-10,Meta,fb_prospect_01,10.0,5
2025-06-10,Meta,fb_prospect_01,20.0,1
2025-06-10,Meta,fb_prospect_02,0.0,3
2025-06-10,Meta,fb_prospect_02,5.0,4
2025-06-10,Meta,fb_prospect_02,10.0,3
2025-06-10,Google App Campaigns,goog_ac_01,0.0,4
2025-06-10,Google App Campaigns,goog_ac_01,5.0,2
2025-06-10,Google App Campaigns,goog_ac_01,10.0,3
2025-06-10,Google App Campaigns,goog_ac_01,20.0,1
2025-06-10,Google App Campaigns,goog_ac_01,40.0,1
2025-06-10,Google App Campaigns,goog_ac_02,0.0,1
2025-06-10,Google App Campaigns,goog_ac_02,5.0,4
2025-06-10,Google App Campaigns,goog_ac_02,10.0,2
2025-06-10,Google App Campaigns,goog_ac_02,20.0,3
2025-06-10,Google App Campaigns,goog_ac_02,40.0,1
2025-06-10,Google App Campaigns,goog_ac_02,63.0,1
2025-06-10,Google Brand Search,goog_brand_01,0.0,1
2025-06-10,Google Brand Search,goog_brand_01,5.0,2
2025-06-10,Google Brand Search,goog_brand_01,10.0,5
2025-06-10,Google Brand Search,goog_brand_01,20.0,1
2025-06-10,Google Brand Search,goog_brand_01,63.0,1
2025-06-10,Google Non-Brand Search,goog_search_01,0.0,6
2025-06-10,Google Non-Brand Search,goog_search_01,10.0,3
2025-06-10,Google Non-Brand Search,goog_search_01,20.0,3
2025-06-10,Google Non-Brand Search,goog_search_01,40.0,1
2025-06-10,Google Non-Brand Search,goog_search_01,63.0,3
2025-06-10,TikTok,tiktok_upper_01,,8
2025-06-10,TikTok,tiktok_upper_02,,9
2025-06-11,Meta,fb_prospect_01,0.0,5
2025-06-11,Meta,fb_prospect_01,5.0,4
2025-06-11,Meta,fb_prospect_01,10.0,4
2025-06-11,Meta,fb_prospect_01,20.0,2
2025-06-11,Meta,fb_prospect_01,40.0,1
2025-06-11,Meta,fb_prospect_02,0.0,5
2025-06-11,Meta,fb_prospect_02,5.0,7
2025-06-11,Meta,fb_prospect_02,10.0,6
2025-06-11,Meta,fb_prospect_02,63.0,3
2025-06-11,Google App Campaigns,goog_ac_01,,7
2025-06-11,Google App Campaigns,goog_ac_02,0.0,5
2025-06-11,Google App Campaigns,goog_ac_02,5.0,3
2025-06-11,Google App Campaigns,goog_ac_02,10.0,3
2025-06-11,Google App Campaigns,goog_ac_02,63.0,1
2025-06-11,Google Brand Search,goog_brand_01,0.0,2
2025-06-11,Google Brand Search,goog_brand_01,5.0,6
2025-06-11,Google Brand Search,goog_brand_01,10.0,2
2025-06-11,Google Brand Search,goog_brand_01,20.0,3
2025-06-11,Google Non-Brand Search,goog_search_01,0.0,4
2025-06-11,Google Non-Brand Search,goog_search_01,5.0,5
2025-06-11,Google Non-Brand Search,goog_search_01,10.0,2
2025-06-11,Google Non-Brand Search,goog_search_01,20.0,2
2025-06-11,Google Non-Brand Search,goog_search_01,40.0,1
2025-06-11,TikTok,tiktok_upper_01,,7
2025-06-11,TikTok,tiktok_upper_02,,3
2025-06-12,Meta,fb_prospect_01,0.0,7
2025-06-12,Meta,fb_prospect_01,5.0,3
2025-06-12,Meta,fb_prospect_01,10.0,1
2025-06-12,Meta,fb_prospect_01,20.0,3
2025-06-12,Meta,fb_prospect_01,40.0,2
2025-06-12,Meta,fb_prospect_02,0.0,3
2025-06-12,Meta,fb_prospect_02,5.0,5
2025-06-12,Meta,fb_prospect_02,10.0,8
2025-06-12,Meta,fb_prospect_02,63.0,1
2025-06-12,Google App Campaigns,goog_ac_01,,6
2025-06-12,Google App Campaigns,goog_ac_02,,5
2025-06-12,Google Brand Search,goog_brand_01,0.0,3
2025-06-12,Google Brand Search,goog_brand_01,5.0,3
2025-06-12,Google Brand Search,goog_brand_01,10.0,4
2025-06-12,Google Brand Search,goog_brand_01,20.0,3
2025-06-12,Google Brand Search,goog_brand_01,63.0,3
2025-06-12,Google Non-Brand Search,goog_search_01,5.0,5
2025-06-12,Google Non-Brand Search,goog_search_01,10.0,6
2025-06-12,Google Non-Brand Search,goog_search_01,20.0,7
2025-06-12,Google Non-Brand Search,goog_search_01,40.0,1
2025-06-12,TikTok,tiktok_upper_01,,1
2025-06-12,TikTok,tiktok_upper_02,,6
2025-06-13,Meta,fb_prospect_01,0.0,4
2025-06-13,Meta,fb_prospect_01,5.0,2
2025-06-13,Meta,fb_prospect_01,20.0,3
2025-06-13,Meta,fb_prospect_01,40.0,2
2025-06-13,Meta,fb_prospect_02,0.0,4
2025-06-13,Meta,fb_prospect_02,5.0,3
2025-06-13,Meta,fb_prospect_02,10.0,1
2025-06-13,Meta,fb_prospect_02,20.0,3
2025-06-13,Google App Campaigns,goog_ac_01,0.0,1
2025-06-13,Google App Campaigns,goog_ac_01,5.0,2
2025-06-13,Google App Campaigns,goog_ac_01,10.0,5
2025-06-13,Google App Campaigns,goog_ac_01,20.0,4
2025-06-13,Google App Campaigns,goog_ac_01,63.0,1
2025-06-13,Google App Campaigns,goog_ac_02,,9
2025-06-13,Google Brand Search,goog_brand_01,0.0,2
2025-06-13,Google Brand Search,goog_brand_01,5.0,4
2025-06-13,Google Brand Search,goog_brand_01,10.0,1
2025-06-13,Google Brand Search,goog_brand_01,20.0,7
2025-06-13,Google Brand Search,goog_brand_01,40.0,2
2025-06-13,Google Non-Brand Search,goog_search_01,0.0,3
2025-06-13,Google Non-Brand Search,goog_search_01,5.0,4
2025-06-13,Google Non-Brand Search,goog_search_01,10.0,2
2025-06-13,Google Non-Brand Search,goog_search_01,20.0,2
2025-06-13,Google Non-Brand Search,goog_search_01,40.0,1
2025-06-13,Google Non-Brand Search,goog_search_01,63.0,1
2025-06-13,TikTok,tiktok_upper_01,,5
2025-06-13,TikTok,tiktok_upper_02,,8
2025-06-14,Meta,fb_prospect_01,5.0,9
2025-06-14,Meta,fb_prospect_01,10.0,4
2025-06-14,Meta,fb_prospect_01,20.0,3
2025-06-14,Meta,fb_prospect_01,40.0,1
2025-06-14,Meta,fb_prospect_02,0.0,5
2025-06-14,Meta,fb_prospect_02,5.0,6
2025-06-14,Meta,fb_prospect_02,10.0,6
2025-06-14,Meta,fb_prospect_02,20.0,2
2025-06-14,Meta,fb_prospect_02,40.0,1
2025-06-14,Meta,fb_prospect_02,63.0,1
2025-06-14,Google App Campaigns,goog_ac_01,0.0,1
2025-06-14,Google App Campaigns,goog_ac_01,5.0,5
2025-06-14,Google App Campaigns,goog_ac_01,10.0,1
2025-06-14,Google App Campaigns,goog_ac_01,20.0,2
2025-06-14,Google App Campaigns,goog_ac_01,63.0,1
2025-06-14,Google App Campaigns,goog_ac_02,0.0,2
2025-06-14,Google App Campaigns,goog_ac_02,5.0,5
2025-06-14,Google App Campaigns,goog_ac_02,10.0,4
2025-06-14,Google App Campaigns,goog_ac_02,20.0,1
2025-06-14,Google Brand Search,goog_brand_01,0.0,2
2025-06-14,Google Brand Search,goog_brand_01,5.0,3
2025-06-14,Google Brand Search,goog_brand_01,10.0,6
2025-06-14,Google Brand Search,goog_brand_01,20.0,3
2025-06-14,Google Brand Search,goog_brand_01,63.0,2
2025-06-14,Google Non-Brand Search,goog_search_01,0.0,2
2025-06-14,Google Non-Brand Search,goog_search_01,5.0,2
2025-06-14,Google Non-Brand Search,goog_search_01,10.0,7
2025-06-14,Google Non-Brand Search,goog_search_01,20.0,7
2025-06-14,Google Non-Brand Search,goog_search_01,63.0,2
2025-06-14,TikTok,tiktok_upper_01,0.0,5
2025-06-14,TikTok,tiktok_upper_01,5.0,8
2025-06-14,TikTok,tiktok_upper_01,20.0,2
2025-06-14,TikTok,tiktok_upper_02,0.0,4
2025-06-14,TikTok,tiktok_upper_02,5.0,1
2025-06-14,TikTok,tiktok_upper_02,10.0,4
2025-06-14,TikTok,tiktok_upper_02,40.0,1
2025-06-15,Meta,fb_prospect_01,0.0,3
2025-06-15,Meta,fb_prospect_01,5.0,6
2025-06-15,Meta,fb_prospect_01,10.0,4
2025-06-15,Meta,fb_prospect_01,40.0,1
2025-06-15,Meta,fb_prospect_01,63.0,1
2025-06-15,Meta,fb_prospect_02,0.0,5
2025-06-15,Meta,fb_prospect_02,5.0,7
2025-06-15,Meta,fb_prospect_02,10.0,3
2025-06-15,Meta,fb_prospect_02,20.0,1
2025-06-15,Google App Campaigns,goog_ac_01,0.0,1
2025-06-15,Google App Campaigns,goog_ac_01,5.0,7
2025-06-15,Google App Campaigns,goog_ac_01,10.0,2
2025-06-15,Google App Campaigns,goog_ac_01,20.0,1
2025-06-15,Google App Campaigns,goog_ac_01,40.0,1
2025-06-15,Google App Campaigns,goog_ac_02,,8
2025-06-15,Google Brand Search,goog_brand_01,0.0,6
2025-06-15,Google Brand Search,goog_brand_01,5.0,3
2025-06-15,Google Brand Search,goog_brand_01,10.0,7
2025-06-15,Google Brand Search,goog_brand_01,20.0,2
2025-06-15,Google Brand Search,goog_brand_01,40.0,4
2025-06-15,Google Brand Search,goog_brand_01,63.0,1
2025-06-15,Google Non-Brand Search,goog_search_01,0.0,4
2025-06-15,Google Non-Brand Search,goog_search_01,5.0,1
2025-06-15,Google Non-Brand Search,goog_search_01,10.0,3
2025-06-15,Google Non-Brand Search,goog_search_01,20.0,3
2025-06-15,Google Non-Brand Search,goog_search_01,40.0,1
2025-06-15,Google Non-Brand Search,goog_search_01,63.0,2
2025-06-15,TikTok,tiktok_upper_01,0.0,5
2025-06-15,TikTok,tiktok_upper_01,5.0,2
2025-06-15,TikTok,tiktok_upper_01,10.0,1
2025-06-15,TikTok,tiktok_upper_01,20.0,2
2025-06-15,TikTok,tiktok_upper_01,40.0,1
2025-06-15,TikTok,tiktok_upper_02,0.0,2
2025-06-15,TikTok,tiktok_upper_02,5.0,5
2025-06-15,TikTok,tiktok_upper_02,10.0,3
2025-06-16,Meta,fb_prospect_01,0.0,3
2025-06-16,Meta,fb_prospect_01,5.0,10
2025-06-16,Meta,fb_prospect_01,10.0,7
2025-06-16,Meta,fb_prospect_01,63.0,1
2025-06-16,Meta,fb_prospect_02,0.0,3
2025-06-16,Meta,fb_prospect_02,5.0,7
2025-06-16,Meta,fb_prospect_02,10.0,8
2025-06-16,Meta,fb_prospect_02,40.0,1
2025-06-16,Google App Campaigns,goog_ac_01,0.0,4
2025-06-16,Google App Campaigns,goog_ac_01,5.0,3
2025-06-16,Google App Campaigns,goog_ac_01,10.0,3
2025-06-16,Google App Campaigns,goog_ac_02,,9
2025-06-16,Google Brand Search,goog_brand_01,0.0,4
2025-06-16,Google Brand Search,goog_brand_01,5.0,4
2025-06-16,Google Brand Search,goog_brand_01,10.0,2
2025-06-16,Google Brand Search,goog_brand_01,20.0,4
2025-06-16,Google Brand Search,goog_brand_01,40.0,1
2025-06-16,Google Brand Search,goog_brand_01,63.0,2
2025-06-16,Google Non-Brand Search,goog_search_01,0.0,4
2025-06-16,Google Non-Brand Search,goog_search_01,5.0,3
2025-06-16,Google Non-Brand Search,goog_search_01,10.0,3
2025-06-16,Google Non-Brand Search,goog_search_01,20.0,2
2025-06-16,Google Non-Brand Search,goog_search_01,40.0,2
2025-06-16,Google Non-Brand Search,goog_search_01,63.0,2
2025-06-16,TikTok,tiktok_upper_01,0.0,7
2025-06-16,TikTok,tiktok_upper_01,5.0,3
2025-06-16,TikTok,tiktok_upper_01,20.0,1
2025-06-16,TikTok,tiktok_upper_02,0.0,2
2025-06-16,TikTok,tiktok_upper_02,5.0,6
2025-06-16,TikTok,tiktok_upper_02,10.0,2
2025-06-16,TikTok,tiktok_upper_02,20.0,1
2025-06-17,Meta,fb_prospect_01,0.0,8
2025-06-17,Meta,fb_prospect_01,5.0,1
2025-06-17,Meta,fb_prospect_01,10.0,7
2025-06-17,Meta,fb_prospect_01,20.0,3
2025-06-17,Meta,fb_prospect_01,40.0,1
2025-06-17,Meta,fb_prospect_01,63.0,1
2025-06-17,Meta,fb_prospect_02,0.0,3
2025-06-17,Meta,fb_prospect_02,5.0,3
2025-06-17,Meta,fb_prospect_02,10.0,5
2025-06-17,Meta,fb_prospect_02,20.0,1
2025-06-17,Meta,fb_prospect_02,40.0,1
2025-06-17,Google App Campaigns,goog_ac_01,,9
2025-06-17,Google App Campaigns,goog_ac_02,0.0,3
2025-06-17,Google App Campaigns,goog_ac_02,5.0,2
2025-06-17,Google App Campaigns,goog_ac_02,10.0,2
2025-06-17,Google App Campaigns,goog_ac_02,20.0,4
2025-06-17,Google Brand Search,goog_brand_01,0.0,1
2025-06-17,Google Brand Search,goog_brand_01,5.0,4
2025-06-17,Google Brand Search,goog_brand_01,10.0,8
2025-06-17,Google Brand Search,goog_brand_01,20.0,1
2025-06-17,Google Brand Search,goog_brand_01,63.0,1
2025-06-17,Google Non-Brand Search,goog_search_01,0.0,2
2025-06-17,Google Non-Brand Search,goog_search_01,5.0,2
2025-06-17,Google Non-Brand Search,goog_search_01,10.0,3
2025-06-17,Google Non-Brand Search,goog_search_01,20.0,4
2025-06-17,Google Non-Brand Search,goog_search_01,40.0,2
2025-06-17,Google Non-Brand Search,goog_search_01,63.0,2
2025-06-17,TikTok,tiktok_upper_01,,5
2025-06-17,TikTok,tiktok_upper_02,,5
2025-06-18,Meta,fb_prospect_01,0.0,5
2025-06-18,Meta,fb_prospect_01,5.0,4
2025-06-18,Meta,fb_prospect_01,10.0,1
2025-06-18,Meta,fb_prospect_01,20.0,2
2025-06-18,Meta,fb_prospect_01,63.0,1
2025-06-18,Meta,fb_prospect_02,0.0,7
2025-06-18,Meta,fb_prospect_02,5.0,6
2025-06-18,Meta,fb_prospect_02,10.0,2
2025-06-18,Meta,fb_prospect_02,20.0,1
2025-06-18,Meta,fb_prospect_02,40.0,1
2025-06-18,Google App Campaigns,goog_ac_01,,9
2025-06-18,Google App Campaigns,goog_ac_02,,7
2025-06-18,Google Brand Search,goog_brand_01,0.0,3
2025-06-18,Google Brand Search,goog_brand_01,5.0,4
2025-06-18,Google Brand Search,goog_brand_01,10.0,3
2025-06-18,Google Brand Search,goog_brand_01,20.0,2
2025-06-18,Google Brand Search,goog_brand_01,40.0,1
2025-06-18,Google Non-Brand Search,goog_search_01,0.0,4
2025-06-18,Google Non-Brand Search,goog_search_01,5.0,5
2025-06-18,Google Non-Brand Search,goog_search_01,10.0,1
2025-06-18,Google Non-Brand Search,goog_search_01,20.0,3
2025-06-18,Google Non-Brand Search,goog_search_01,40.0,1
2025-06-18,Google Non-Brand Search,goog_search_01,63.0,2
2025-06-18,TikTok,tiktok_upper_01,,9
2025-06-18,TikTok,tiktok_upper_02,0.0,4
2025-06-18,TikTok,tiktok_upper_02,5.0,5
2025-06-18,TikTok,tiktok_upper_02,10.0,1
2025-06-18,TikTok,tiktok_upper_02,40.0,1
2025-06-19,Meta,fb_prospect_01,0.0,3
2025-06-19,Meta,fb_prospect_01,5.0,5
2025-06-19,Meta,fb_prospect_01,10.0,4
2025-06-19,Meta,fb_prospect_01,20.0,2
2025-06-19,Meta,fb_prospect_01,40.0,2
2025-06-19,Meta,fb_prospect_02,0.0,2
2025-06-19,Meta,fb_prospect_02,5.0,12
2025-06-19,Meta,fb_prospect_02,10.0,3
2025-06-19,Meta,fb_prospect_02,20.0,2
2025-06-19,Meta,fb_prospect_02,40.0,1
2025-06-19,Meta,fb_prospect_02,63.0,2
2025-06-19,Google App Campaigns,goog_ac_01,,8
2025-06-19,Google App Campaigns,goog_ac_02,,5
2025-06-19,Google Brand Search,goog_brand_01,0.0,4
2025-06-19,Google Brand Search,goog_brand_01,5.0,3
2025-06-19,Google Brand Search,goog_brand_01,10.0,3
2025-06-19,Google Brand Search,goog_brand_01,20.0,3
2025-06-19,Google Non-Brand Search,goog_search_01,0.0,3
2025-06-19,Google Non-Brand Search,goog_search_01,5.0,4
2025-06-19,Google Non-Brand Search,goog_search_01,10.0,2
2025-06-19,Google Non-Brand Search,goog_search_01,20.0,8
2025-06-19,Google Non-Brand Search,goog_search_01,40.0,1
2025-06-19,TikTok,tiktok_upper_01,,5
2025-06-19,TikTok,tiktok_upper_02,,8
2025-06-20,Meta,fb_prospect_01,0.0,2
2025-06-20,Meta,fb_prospect_01,5.0,6
2025-06-20,Meta,fb_prospect_01,10.0,6
2025-06-20,Meta,fb_prospect_01,20.0,3
2025-06-20,Meta,fb_prospect_01,40.0,1
2025-06-20,Meta,fb_prospect_02,0.0,5
2025-06-20,Meta,fb_prospect_02,10.0,4
2025-06-20,Meta,fb_prospect_02,20.0,1
2025-06-20,Meta,fb_prospect_02,40.0,1
2025-06-20,Google App Campaigns,goog_ac_01,,7
2025-06-20,Google App Campaigns,goog_ac_02,0.0,3
2025-06-20,Google App Campaigns,goog_ac_02,5.0,4
2025-06-20,Google App Campaigns,goog_ac_02,10.0,3
2025-06-20,Google App Campaigns,goog_ac_02,20.0,1
2025-06-20,Google App Campaigns,goog_ac_02,63.0,1
2025-06-20,Google Brand Search,goog_brand_01,0.0,5
2025-06-20,Google Brand Search,goog_brand_01,5.0,3
2025-06-20,Google Brand Search,goog_brand_01,10.0,2
2025-06-20,Google Brand Search,goog_brand_01,20.0,2
2025-06-20,Google Non-Brand Search,goog_search_01,0.0,4
2025-06-20,Google Non-Brand Search,goog_search_01,5.0,3
2025-06-20,Google Non-Brand Search,goog_search_01,10.0,5
2025-06-20,Google Non-Brand Search,goog_search_01,20.0,2
2025-06-20,Google Non-Brand Search,goog_search_01,40.0,2
2025-06-20,Google Non-Brand Search,goog_search_01,63.0,1
2025-06-20,TikTok,tiktok_upper_01,,5
2025-06-20,TikTok,tiktok_upper_02,0.0,4
2025-06-20,TikTok,tiktok_upper_02,5.0,5
2025-06-20,TikTok,tiktok_upper_02,10.0,1
2025-06-20,TikTok,tiktok_upper_02,20.0,1
2025-06-21,Meta,fb_prospect_01,0.0,7
2025-06-21,Meta,fb_prospect_01,5.0,3
2025-06-21,Meta,fb_prospect_01,10.0,9
2025-06-21,Meta,fb_prospect_01,20.0,1
2025-06-21,Meta,fb_prospect_01,40.0,1
2025-06-21,Meta,fb_prospect_01,63.0,1
2025-06-21,Meta,fb_prospect_02,0.0,4
2025-06-21,Meta,fb_prospect_02,5.0,2
2025-06-21,Meta,fb_prospect_02,10.0,8
2025-06-21,Meta,fb_prospect_02,20.0,2
2025-06-21,Meta,fb_prospect_02,63.0,1
2025-06-21,Google App Campaigns,goog_ac_01,,8
2025-06-21,Google App Campaigns,goog_ac_02,0.0,4
2025-06-21,Google App Campaigns,goog_ac_02,5.0,4
2025-06-21,Google App Campaigns,goog_ac_02,10.0,2
2025-06-21,Google App Campaigns,goog_ac_02,20.0,1
2025-06-21,Google Brand Search,goog_brand_01,0.0,2
2025-06-21,Google Brand Search,goog_brand_01,5.0,6
2025-06-21,Google Brand Search,goog_brand_01,10.0,9
2025-06-21,Google Brand Search,goog_brand_01,20.0,3
2025-06-21,Google Brand Search,goog_brand_01,40.0,1
2025-06-21,Google Non-Brand Search,goog_search_01,0.0,4
2025-06-21,Google Non-Brand Search,goog_search_01,5.0,6
2025-06-21,Google Non-Brand Search,goog_search_01,10.0,5
2025-06-21,Google Non-Brand Search,goog_search_01,20.0,1
2025-06-21,Google Non-Brand Search,goog_search_01,40.0,1
2025-06-21,TikTok,tiktok_upper_01,,5
2025-06-21,TikTok,tiktok_upper_02,,7
2025-06-22,Meta,fb_prospect_01,0.0,9
2025-06-22,Meta,fb_prospect_01,5.0,5
2025-06-22,Meta,fb_prospect_01,10.0,3
2025-06-22,Meta,fb_prospect_01,20.0,3
2025-06-22,Meta,fb_prospect_01,40.0,1
2025-06-22,Meta,fb_prospect_01,63.0,2
2025-06-22,Meta,fb_prospect_02,0.0,4
2025-06-22,Meta,fb_prospect_02,5.0,9
2025-06-22,Meta,fb_prospect_02,10.0,3
2025-06-22,Meta,fb_prospect_02,20.0,3
2025-06-22,Meta,fb_prospect_02,63.0,1
2025-06-22,Google App Campaigns,goog_ac_01,0.0,3
2025-06-22,Google App Campaigns,goog_ac_01,5.0,6
2025-06-22,Google App Campaigns,goog_ac_01,10.0,5
2025-06-22,Google App Campaigns,goog_ac_02,,9
2025-06-22,Google Brand Search,goog_brand_01,0.0,3
2025-06-22,Google Brand Search,goog_brand_01,5.0,4
2025-06-22,Google Brand Search,goog_brand_01,10.0,4
2025-06-22,Google Brand Search,goog_brand_01,20.0,3
2025-06-22,Google Brand Search,goog_brand_01,40.0,1
2025-06-22,Google Brand Search,goog_brand_01,63.0,1
2025-06-22,Google Non-Brand Search,goog_search_01,0.0,5
2025-06-22,Google Non-Brand Search,goog_search_01,5.0,5
2025-06-22,Google Non-Brand Search,goog_search_01,10.0,4
2025-06-22,Google Non-Brand Search,goog_search_01,20.0,1
2025-06-22,Google Non-Brand Search,goog_search_01,63.0,4
2025-06-22,TikTok,tiktok_upper_01,,9
2025-06-22,TikTok,tiktok_upper_02,,7
2025-06-23,Meta,fb_prospect_01,0.0,9
2025-06-23,Meta,fb_prospect_01,5.0,6
2025-06-23,Meta,fb_prospect_01,10.0,5
2025-06-23,Meta,fb_prospect_01,20.0,2
2025-06-23,Meta,fb_prospect_01,40.0,1
2025-06-23,Meta,fb_prospect_01,63.0,1
2025-06-23,Meta,fb_prospect_02,0.0,1
2025-06-23,Meta,fb_prospect_02,5.0,11
2025-06-23,Meta,fb_prospect_02,10.0,9
2025-06-23,Meta,fb_prospect_02,20.0,1
2025-06-23,Google App Campaigns,goog_ac_01,0.0,2
2025-06-23,Google App Campaigns,goog_ac_01,5.0,2
2025-06-23,Google App Campaigns,goog_ac_01,10.0,3
2025-06-23,Google App Campaigns,goog_ac_01,20.0,3
2025-06-23,Google App Campaigns,goog_ac_01,63.0,1
2025-06-23,Google App Campaigns,goog_ac_02,0.0,5
2025-06-23,Google App Campaigns,goog_ac_02,5.0,3
2025-06-23,Google App Campaigns,goog_ac_02,20.0,1
2025-06-23,Google App Campaigns,goog_ac_02,63.0,1
2025-06-23,Google Brand Search,goog_brand_01,0.0,6
2025-06-23,Google Brand Search,goog_brand_01,5.0,6
2025-06-23,Google Brand Search,goog_brand_01,10.0,5
2025-06-23,Google Brand Search,goog_brand_01,63.0,2
2025-06-23,Google Non-Brand Search,goog_search_01,0.0,3
2025-06-23,Google Non-Brand Search,goog_search_01,5.0,4
2025-06-23,Google Non-Brand Search,goog_search_01,10.0,7
2025-06-23,Google Non-Brand Search,goog_search_01,20.0,3
2025-06-23,Google Non-Brand Search,goog_search_01,63.0,1
2025-06-23,TikTok,tiktok_upper_01,,7
2025-06-23,TikTok,tiktok_upper_02,0.0,4
2025-06-23,TikTok,tiktok_upper_02,5.0,6
2025-06-23,TikTok,tiktok_upper_02,10.0,2
2025-06-24,Meta,fb_prospect_01,0.0,5
2025-06-24,Meta,fb_prospect_01,5.0,5
2025-06-24,Meta,fb_prospect_01,10.0,4
2025-06-24,Meta,fb_prospect_01,20.0,3
2025-06-24,Meta,fb_prospect_02,0.0,2
2025-06-24,Meta,fb_prospect_02,5.0,6
2025-06-24,Meta,fb_prospect_02,10.0,4
2025-06-24,Meta,fb_prospect_02,20.0,2
2025-06-24,Google App Campaigns,goog_ac_01,0.0,2
2025-06-24,Google App Campaigns,goog_ac_01,5.0,4
2025-06-24,Google App Campaigns,goog_ac_01,10.0,5
2025-06-24,Google App Campaigns,goog_ac_01,40.0,1
2025-06-24,Google App Campaigns,goog_ac_02,,7
2025-06-24,Google Brand Search,goog_brand_01,0.0,1
2025-06-24,Google Brand Search,goog_brand_01,5.0,3
2025-06-24,Google Brand Search,goog_brand_01,10.0,1
2025-06-24,Google Brand Search,goog_brand_01,20.0,2
2025-06-24,Google Brand Search,goog_brand_01,40.0,3
2025-06-24,Google Brand Search,goog_brand_01,63.0,2
2025-06-24,Google Non-Brand Search,goog_search_01,5.0,3
2025-06-24,Google Non-Brand Search,goog_search_01,10.0,2
2025-06-24,Google Non-Brand Search,goog_search_01,20.0,1
2025-06-24,Google Non-Brand Search,goog_search_01,40.0,1
2025-06-24,Google Non-Brand Search,goog_search_01,63.0,4
2025-06-24,TikTok,tiktok_upper_01,0.0,3
2025-06-24,TikTok,tiktok_upper_01,5.0,4
2025-06-24,TikTok,tiktok_upper_01,10.0,2
2025-06-24,TikTok,tiktok_upper_01,20.0,1
2025-06-24,TikTok,tiktok_upper_02,0.0,4
2025-06-24,TikTok,tiktok_upper_02,5.0,3
2025-06-24,TikTok,tiktok_upper_02,10.0,3
2025-06-24,TikTok,tiktok_upper_02,20.0,1
2025-06-24,TikTok,tiktok_upper_02,40.0,1
2025-06-25,Meta,fb_prospect_01,0.0,5
2025-06-25,Meta,fb_prospect_01,5.0,4
2025-06-25,Meta,fb_prospect_01,10.0,4
2025-06-25,Meta,fb_prospect_01,20.0,5
2025-06-25,Meta,fb_prospect_02,0.0,4
2025-06-25,Meta,fb_prospect_02,5.0,5
2025-06-25,Meta,fb_prospect_02,10.0,6
2025-06-25,Meta,fb_prospect_02,20.0,3
2025-06-25,Meta,fb_prospect_02,40.0,1
2025-06-25,Google App Campaigns,goog_ac_01,,8
2025-06-25,Google App Campaigns,goog_ac_02,0.0,4
2025-06-25,Google App Campaigns,goog_ac_02,5.0,3
2025-06-25,Google App Campaigns,goog_ac_02,10.0,3
2025-06-25,Google App Campaigns,goog_ac_02,20.0,1
2025-06-25,Google App Campaigns,goog_ac_02,40.0,1
2025-06-25,Google Brand Search,goog_brand_01,0.0,3
2025-06-25,Google Brand Search,goog_brand_01,5.0,1
2025-06-25,Google Brand Search,goog_brand_01,10.0,2
2025-06-25,Google Brand Search,goog_brand_01,20.0,2
2025-06-25,Google Brand Search,goog_brand_01,40.0,2
2025-06-25,Google Brand Search,goog_brand_01,63.0,2
2025-06-25,Google Non-Brand Search,goog_search_01,,8
2025-06-25,TikTok,tiktok_upper_01,0.0,3
2025-06-25,TikTok,tiktok_upper_01,5.0,4
2025-06-25,TikTok,tiktok_upper_01,10.0,2
2025-06-25,TikTok,tiktok_upper_01,20.0,1
2025-06-25,TikTok,tiktok_upper_02,,8
2025-06-26,Meta,fb_prospect_01,0.0,11
2025-06-26,Meta,fb_prospect_01,5.0,7
2025-06-26,Meta,fb_prospect_01,10.0,4
2025-06-26,Meta,fb_prospect_01,20.0,1
2025-06-26,Meta,fb_prospect_01,40.0,1
2025-06-26,Meta,fb_prospect_01,63.0,1
2025-06-26,Meta,fb_prospect_02,0.0,2
2025-06-26,Meta,fb_prospect_02,5.0,2
2025-06-26,Meta,fb_prospect_02,10.0,3
2025-06-26,Meta,fb_prospect_02,20.0,2
2025-06-26,Meta,fb_prospect_02,40.0,3
2025-06-26,Google App Campaigns,goog_ac_01,0.0,4
2025-06-26,Google App Campaigns,goog_ac_01,5.0,5
2025-06-26,Google App Campaigns,goog_ac_01,20.0,1
2025-06-26,Google App Campaigns,goog_ac_02,,8
2025-06-26,Google Brand Search,goog_brand_01,0.0,2
2025-06-26,Google Brand Search,goog_brand_01,5.0,2
2025-06-26,Google Brand Search,goog_brand_01,10.0,5
2025-06-26,Google Brand Search,goog_brand_01,20.0,3
2025-06-26,Google Brand Search,goog_brand_01,63.0,1
2025-06-26,Google Non-Brand Search,goog_search_01,,9
2025-06-26,TikTok,tiktok_upper_01,,8
2025-06-26,TikTok,tiktok_upper_02,,9
2025-06-27,Meta,fb_prospect_01,0.0,3
2025-06-27,Meta,fb_prospect_01,5.0,6
2025-06-27,Meta,fb_prospect_01,10.0,2
2025-06-27,Meta,fb_prospect_01,20.0,2
2025-06-27,Meta,fb_prospect_01,63.0,1
2025-06-27,Meta,fb_prospect_02,0.0,4
2025-06-27,Meta,fb_prospect_02,5.0,4
2025-06-27,Meta,fb_prospect_02,10.0,4
2025-06-27,Meta,fb_prospect_02,20.0,1
2025-06-27,Google App Campaigns,goog_ac_01,,5
2025-06-27,Google App Campaigns,goog_ac_02,,9
2025-06-27,Google Brand Search,goog_brand_01,0.0,3
2025-06-27,Google Brand Search,goog_brand_01,5.0,3
2025-06-27,Google Brand Search,goog_brand_01,10.0,3
2025-06-27,Google Brand Search,goog_brand_01,20.0,1
2025-06-27,Google Brand Search,goog_brand_01,40.0,3
2025-06-27,Google Brand Search,goog_brand_01,63.0,1
2025-06-27,Google Non-Brand Search,goog_search_01,0.0,5
2025-06-27,Google Non-Brand Search,goog_search_01,5.0,5
2025-06-27,Google Non-Brand Search,goog_search_01,10.0,1
2025-06-27,Google Non-Brand Search,goog_search_01,20.0,1
2025-06-27,Google Non-Brand Search,goog_search_01,40.0,1
2025-06-27,Google Non-Brand Search,goog_search_01,63.0,2
2025-06-27,TikTok,tiktok_upper_01,,6
2025-06-27,TikTok,tiktok_upper_02,,9
2025-06-28,Meta,fb_prospect_01,0.0,5
2025-06-28,Meta,fb_prospect_01,5.0,11
2025-06-28,Meta,fb_prospect_01,10.0,7
2025-06-28,Meta,fb_prospect_01,20.0,2
2025-06-28,Meta,fb_prospect_01,63.0,1
2025-06-28,Meta,fb_prospect_02,0.0,5
2025-06-28,Meta,fb_prospect_02,5.0,8
2025-06-28,Meta,fb_prospect_02,10.0,3
2025-06-28,Meta,fb_prospect_02,20.0,2
2025-06-28,Meta,fb_prospect_02,63.0,1
2025-06-28,Google App Campaigns,goog_ac_01,0.0,2
2025-06-28,Google App Campaigns,goog_ac_01,5.0,2
2025-06-28,Google App Campaigns,goog_ac_01,10.0,5
2025-06-28,Google App Campaigns,goog_ac_01,20.0,2
2025-06-28,Google App Campaigns,goog_ac_01,63.0,1
2025-06-28,Google App Campaigns,goog_ac_02,0.0,2
2025-06-28,Google App Campaigns,goog_ac_02,5.0,4
2025-06-28,Google App Campaigns,goog_ac_02,10.0,1
2025-06-28,Google App Campaigns,goog_ac_02,20.0,3
2025-06-28,Google Brand Search,goog_brand_01,0.0,5
2025-06-28,Google Brand Search,goog_brand_01,5.0,1
2025-06-28,Google Brand Search,goog_brand_01,10.0,7
2025-06-28,Google Brand Search,goog_brand_01,20.0,3
2025-06-28,Google Brand Search,goog_brand_01,40.0,1
2025-06-28,Google Brand Search,goog_brand_01,63.0,1
2025-06-28,Google Non-Brand Search,goog_search_01,0.0,2
2025-06-28,Google Non-Brand Search,goog_search_01,5.0,3
2025-06-28,Google Non-Brand Search,goog_search_01,10.0,4
2025-06-28,Google Non-Brand Search,goog_search_01,20.0,6
2025-06-28,Google Non-Brand Search,goog_search_01,63.0,1
2025-06-28,TikTok,tiktok_upper_01,0.0,7
2025-06-28,TikTok,tiktok_upper_01,5.0,2
2025-06-28,TikTok,tiktok_upper_01,10.0,1
2025-06-28,TikTok,tiktok_upper_01,20.0,1
2025-06-28,TikTok,tiktok_upper_01,40.0,1
2025-06-28,TikTok,tiktok_upper_02,,9
2025-06-29,Meta,fb_prospect_01,0.0,6
2025-06-29,Meta,fb_prospect_01,5.0,6
2025-06-29,Meta,fb_prospect_01,10.0,5
2025-06-29,Meta,fb_prospect_01,20.0,5
2025-06-29,Meta,fb_prospect_02,0.0,7
2025-06-29,Meta,fb_prospect_02,5.0,7
2025-06-29,Meta,fb_prospect_02,10.0,5
2025-06-29,Meta,fb_prospect_02,20.0,1
2025-06-29,Meta,fb_prospect_02,40.0,1
2025-06-29,Google App Campaigns,goog_ac_01,,8
2025-06-29,Google App Campaigns,goog_ac_02,,9
2025-06-29,Google Brand Search,goog_brand_01,0.0,3
2025-06-29,Google Brand Search,goog_brand_01,5.0,1
2025-06-29,Google Brand Search,goog_brand_01,10.0,3
2025-06-29,Google Brand Search,goog_brand_01,20.0,3
2025-06-29,Google Brand Search,goog_brand_01,63.0,1
2025-06-29,Google Non-Brand Search,goog_search_01,0.0,3
2025-06-29,Google Non-Brand Search,goog_search_01,5.0,5
2025-06-29,Google Non-Brand Search,goog_search_01,10.0,4
2025-06-29,Google Non-Brand Search,goog_search_01,20.0,4
2025-06-29,Google Non-Brand Search,goog_search_01,40.0,2
2025-06-29,TikTok,tiktok_upper_01,0.0,6
2025-06-29,TikTok,tiktok_upper_01,5.0,5
2025-06-29,TikTok,tiktok_upper_01,10.0,2
2025-06-29,TikTok,tiktok_upper_01,40.0,1
2025-06-29,TikTok,tiktok_upper_02,,9
2025-06-30,Meta,fb_prospect_01,0.0,4
2025-06-30,Meta,fb_prospect_01,5.0,4
2025-06-30,Meta,fb_prospect_01,10.0,4
2025-06-30,Meta,fb_prospect_01,20.0,3
2025-06-30,Meta,fb_prospect_02,0.0,3
2025-06-30,Meta,fb_prospect_02,5.0,3
2025-06-30,Meta,fb_prospect_02,10.0,7
2025-06-30,Meta,fb_prospect_02,20.0,3
2025-06-30,Meta,fb_prospect_02,40.0,2
2025-06-30,Meta,fb_prospect_02,63.0,1
2025-06-30,Google App Campaigns,goog_ac_01,,9
2025-06-30,Google App Campaigns,goog_ac_02,,8
2025-06-30,Google Brand Search,goog_brand_01,0.0,1
2025-06-30,Google Brand Search,goog_brand_01,5.0,5
2025-06-30,Google Brand Search,goog_brand_01,10.0,4
2025-06-30,Google Brand Search,goog_brand_01,20.0,2
2025-06-30,Google Non-Brand Search,goog_search_01,0.0,2
2025-06-30,Google Non-Brand Search,goog_search_01,5.0,3
2025-06-30,Google Non-Brand Search,goog_search_01,10.0,4
2025-06-30,Google Non-Brand Search,goog_search_01,20.0,7
2025-06-30,Google Non-Brand Search,goog_search_01,40.0,1
2025-06-30,Google Non-Brand Search,goog_search_01,63.0,1
2025-06-30,TikTok,tiktok_upper_01,0.0,2
2025-06-30,TikTok,tiktok_upper_01,5.0,5
2025-06-30,TikTok,tiktok_upper_01,10.0,2
2025-06-30,TikTok,tiktok_upper_01,63.0,1
2025-06-30,TikTok,tiktok_upper_02,,5
2025-07-01,Meta,fb_prospect_01,0.0,5
2025-07-01,Meta,fb_prospect_01,5.0,4
2025-07-01,Meta,fb_prospect_01,10.0,2
2025-07-01,Meta,fb_prospect_01,40.0,2
2025-07-01,Meta,fb_prospect_01,63.0,1
2025-07-01,Meta,fb_prospect_02,0.0,3
2025-07-01,Meta,fb_prospect_02,5.0,6
2025-07-01,Meta,fb_prospect_02,10.0,6
2025-07-01,Meta,fb_prospect_02,40.0,1
2025-07-01,Meta,fb_prospect_02,63.0,1
2025-07-01,Google App Campaigns,goog_ac_01,0.0,5
2025-07-01,Google App Campaigns,goog_ac_01,5.0,4
2025-07-01,Google App Campaigns,goog_ac_01,10.0,1
2025-07-01,Google App Campaigns,goog_ac_01,20.0,1
2025-07-01,Google App Campaigns,goog_ac_01,40.0,1
2025-07-01,Google App Campaigns,goog_ac_02,,6
2025-07-01,Google Brand Search,goog_brand_01,0.0,3
2025-07-01,Google Brand Search,goog_brand_01,5.0,3
2025-07-01,Google Brand Search,goog_brand_01,10.0,1
2025-07-01,Google Brand Search,goog_brand_01,20.0,2
2025-07-01,Google Brand Search,goog_brand_01,40.0,3
2025-07-01,Google Brand Search,goog_brand_01,63.0,4
2025-07-01,Google Non-Brand Search,goog_search_01,5.0,2
2025-07-01,Google Non-Brand Search,goog_search_01,10.0,4
2025-07-01,Google Non-Brand Search,goog_search_01,20.0,3
2025-07-01,Google Non-Brand Search,goog_search_01,40.0,1
2025-07-01,Google Non-Brand Search,goog_search_01,63.0,2
2025-07-01,TikTok,tiktok_upper_01,0.0,5
2025-07-01,TikTok,tiktok_upper_01,5.0,4
2025-07-01,TikTok,tiktok_upper_01,10.0,1
2025-07-01,TikTok,tiktok_upper_02,0.0,5
2025-07-01,TikTok,tiktok_upper_02,5.0,4
2025-07-01,TikTok,tiktok_upper_02,10.0,1
2025-07-02,Meta,fb_prospect_01,0.0,5
2025-07-02,Meta,fb_prospect_01,5.0,4
2025-07-02,Meta,fb_prospect_01,10.0,3
2025-07-02,Meta,fb_prospect_01,20.0,2
2025-07-02,Meta,fb_prospect_02,,8
2025-07-02,Google App Campaigns,goog_ac_01,,9
2025-07-02,Google App Campaigns,goog_ac_02,,7
2025-07-02,Google Brand Search,goog_brand_01,0.0,5
2025-07-02,Google Brand Search,goog_brand_01,5.0,3
2025-07-02,Google Brand Search,goog_brand_01,10.0,4
2025-07-02,Google Brand Search,goog_brand_01,20.0,1
2025-07-02,Google Brand Search,goog_brand_01,40.0,1
2025-07-02,Google Non-Brand Search,goog_search_01,0.0,2
2025-07-02,Google Non-Brand Search,goog_search_01,5.0,4
2025-07-02,Google Non-Brand Search,goog_search_01,20.0,4
2025-07-02,Google Non-Brand Search,goog_search_01,40.0,1
2025-07-02,Google Non-Brand Search,goog_search_01,63.0,1
2025-07-02,TikTok,tiktok_upper_01,,5
2025-07-02,TikTok,tiktok_upper_02,,7
2025-07-03,Meta,fb_prospect_01,0.0,4
2025-07-03,Meta,fb_prospect_01,5.0,4
2025-07-03,Meta,fb_prospect_01,10.0,3
2025-07-03,Meta,fb_prospect_01,20.0,3
2025-07-03,Meta,fb_prospect_01,40.0,1
2025-07-03,Meta,fb_prospect_01,63.0,1
2025-07-03,Meta,fb_prospect_02,0.0,4
2025-07-03,Meta,fb_prospect_02,5.0,5
2025-07-03,Meta,fb_prospect_02,10.0,3
2025-07-03,Meta,fb_prospect_02,20.0,1
2025-07-03,Meta,fb_prospect_02,63.0,1
2025-07-03,Google App Campaigns,goog_ac_01,0.0,2
2025-07-03,Google App Campaigns,goog_ac_01,5.0,1
2025-07-03,Google App Campaigns,goog_ac_01,10.0,4
2025-07-03,Google App Campaigns,goog_ac_01,20.0,1
2025-07-03,Google App Campaigns,goog_ac_01,40.0,2
2025-07-03,Google App Campaigns,goog_ac_02,,9
2025-07-03,Google Brand Search,goog_brand_01,0.0,3
2025-07-03,Google Brand Search,goog_brand_01,5.0,7
2025-07-03,Google Brand Search,goog_brand_01,10.0,3
2025-07-03,Google Brand Search,goog_brand_01,20.0,7
2025-07-03,Google Brand Search,goog_brand_01,63.0,1
2025-07-03,Google Non-Brand Search,goog_search_01,0.0,2
2025-07-03,Google Non-Brand Search,goog_search_01,5.0,5
2025-07-03,Google Non-Brand Search,goog_search_01,10.0,5
2025-07-03,Google Non-Brand Search,goog_search_01,20.0,2
2025-07-03,Google Non-Brand Search,goog_search_01,63.0,1
2025-07-03,TikTok,tiktok_upper_01,,9
2025-07-03,TikTok,tiktok_upper_02,,7
2025-07-04,Meta,fb_prospect_01,,9
2025-07-04,Meta,fb_prospect_02,0.0,8
2025-07-04,Meta,fb_prospect_02,5.0,2
2025-07-04,Meta,fb_prospect_02,10.0,3
2025-07-04,Meta,fb_prospect_02,20.0,1
2025-07-04,Meta,fb_prospect_02,40.0,1
2025-07-04,Google App Campaigns,goog_ac_01,,9
2025-07-04,Google App Campaigns,goog_ac_02,0.0,5
2025-07-04,Google App Campaigns,goog_ac_02,5.0,2
2025-07-04,Google App Campaigns,goog_ac_02,10.0,4
2025-07-04,Google App Campaigns,goog_ac_02,20.0,1
2025-07-04,Google Brand Search,goog_brand_01,0.0,2
2025-07-04,Google Brand Search,goog_brand_01,5.0,5
2025-07-04,Google Brand Search,goog_brand_01,10.0,1
2025-07-04,Google Brand Search,goog_brand_01,20.0,3
2025-07-04,Google Brand Search,goog_brand_01,40.0,1
2025-07-04,Google Brand Search,goog_brand_01,63.0,2
2025-07-04,Google Non-Brand Search,goog_search_01,0.0,4
2025-07-04,Google Non-Brand Search,goog_search_01,5.0,3
2025-07-04,Google Non-Brand Search,goog_search_01,10.0,4
2025-07-04,Google Non-Brand Search,goog_search_01,20.0,4
2025-07-04,Google Non-Brand Search,goog_search_01,40.0,1
2025-07-04,Google Non-Brand Search,goog_search_01,63.0,1
2025-07-04,TikTok,tiktok_upper_01,,9
2025-07-04,TikTok,tiktok_upper_02,,9
2025-07-05,Meta,fb_prospect_01,0.0,7
2025-07-05,Meta,fb_prospect_01,5.0,8
2025-07-05,Meta,fb_prospect_01,10.0,2
2025-07-05,Meta,fb_prospect_01,20.0,3
2025-07-05,Meta,fb_prospect_01,63.0,1
2025-07-05,Meta,fb_prospect_02,0.0,3
2025-07-05,Meta,fb_prospect_02,5.0,10
2025-07-05,Meta,fb_prospect_02,10.0,3
2025-07-05,Meta,fb_prospect_02,40.0,3
2025-07-05,Google App Campaigns,goog_ac_01,0.0,3
2025-07-05,Google App Campaigns,goog_ac_01,10.0,5
2025-07-05,Google App Campaigns,goog_ac_01,20.0,1
2025-07-05,Google App Campaigns,goog_ac_01,63.0,3
2025-07-05,Google App Campaigns,goog_ac_02,0.0,1
2025-07-05,Google App Campaigns,goog_ac_02,5.0,5
2025-07-05,Google App Campaigns,goog_ac_02,10.0,2
2025-07-05,Google App Campaigns,goog_ac_02,20.0,1
2025-07-05,Google App Campaigns,goog_ac_02,40.0,1
2025-07-05,Google App Campaigns,goog_ac_02,63.0,2
2025-07-05,Google Brand Search,goog_brand_01,0.0,4
2025-07-05,Google Brand Search,goog_brand_01,5.0,2
2025-07-05,Google Brand Search,goog_brand_01,10.0,2
2025-07-05,Google Brand Search,goog_brand_01,20.0,3
2025-07-05,Google Brand Search,goog_brand_01,40.0,1
2025-07-05,Google Brand Search,goog_brand_01,63.0,3
2025-07-05,Google Non-Brand Search,goog_search_01,0.0,1
2025-07-05,Google Non-Brand Search,goog_search_01,5.0,6
2025-07-05,Google Non-Brand Search,goog_search_01,10.0,3
2025-07-05,Google Non-Brand Search,goog_search_01,20.0,2
2025-07-05,TikTok,tiktok_upper_01,,5
2025-07-05,TikTok,tiktok_upper_02,0.0,4
2025-07-05,TikTok,tiktok_upper_02,5.0,4
2025-07-05,TikTok,tiktok_upper_02,10.0,2
2025-07-05,TikTok,tiktok_upper_02,20.0,1
2025-07-06,Meta,fb_prospect_01,0.0,7
2025-07-06,Meta,fb_prospect_01,5.0,10
2025-07-06,Meta,fb_prospect_01,10.0,7
2025-07-06,Meta,fb_prospect_01,20.0,2
2025-07-06,Meta,fb_prospect_02,0.0,7
2025-07-06,Meta,fb_prospect_02,5.0,4
2025-07-06,Meta,fb_prospect_02,10.0,9
2025-07-06,Meta,fb_prospect_02,20.0,1
2025-07-06,Meta,fb_prospect_02,63.0,1
2025-07-06,Google App Campaigns,goog_ac_01,,6
2025-07-06,Google App Campaigns,goog_ac_02,0.0,1
2025-07-06,Google App Campaigns,goog_ac_02,5.0,3
2025-07-06,Google App Campaigns,goog_ac_02,10.0,6
2025-07-06,Google App Campaigns,goog_ac_02,20.0,4
2025-07-06,Google Brand Search,goog_brand_01,5.0,9
2025-07-06,Google Brand Search,goog_brand_01,10.0,5
2025-07-06,Google Brand Search,goog_brand_01,20.0,1
2025-07-06,Google Brand Search,goog_brand_01,63.0,2
2025-07-06,Google Non-Brand Search,goog_search_01,0.0,1
2025-07-06,Google Non-Brand Search,goog_search_01,5.0,3
2025-07-06,Google Non-Brand Search,goog_search_01,10.0,5
2025-07-06,Google Non-Brand Search,goog_search_01,20.0,1
2025-07-06,Google Non-Brand Search,goog_search_01,40.0,1
2025-07-06,Google Non-Brand Search,goog_search_01,63.0,1
2025-07-06,TikTok,tiktok_upper_01,,9
2025-07-06,TikTok,tiktok_upper_02,,5
2025-07-07,Meta,fb_prospect_01,0.0,8
2025-07-07,Meta,fb_prospect_01,5.0,7
2025-07-07,Meta,fb_prospect_01,10.0,5
2025-07-07,Meta,fb_prospect_02,0.0,7
2025-07-07,Meta,fb_prospect_02,5.0,7
2025-07-07,Meta,fb_prospect_02,10.0,5
2025-07-07,Meta,fb_prospect_02,20.0,1
2025-07-07,Meta,fb_prospect_02,40.0,1
2025-07-07,Google App Campaigns,goog_ac_01,0.0,4
2025-07-07,Google App Campaigns,goog_ac_01,5.0,5
2025-07-07,Google App Campaigns,goog_ac_01,10.0,2
2025-07-07,Google App Campaigns,goog_ac_01,63.0,1
2025-07-07,Google App Campaigns,goog_ac_02,0.0,3
2025-07-07,Google App Campaigns,goog_ac_02,5.0,4
2025-07-07,Google App Campaigns,goog_ac_02,10.0,2
2025-07-07,Google App Campaigns,goog_ac_02,63.0,1
2025-07-07,Google Brand Search,goog_brand_01,0.0,4
2025-07-07,Google Brand Search,goog_brand_01,5.0,4
2025-07-07,Google Brand Search,goog_brand_01,10.0,5
2025-07-07,Google Brand Search,goog_brand_01,20.0,1
2025-07-07,Google Brand Search,goog_brand_01,40.0,2
2025-07-07,Google Brand Search,goog_brand_01,63.0,1
2025-07-07,Google Non-Brand Search,goog_search_01,0.0,5
2025-07-07,Google Non-Brand Search,goog_search_01,5.0,3
2025-07-07,Google Non-Brand Search,goog_search_01,10.0,3
2025-07-07,Google Non-Brand Search,goog_search_01,20.0,5
2025-07-07,Google Non-Brand Search,goog_search_01,63.0,2
2025-07-07,TikTok,tiktok_upper_01,0.0,4
2025-07-07,TikTok,tiktok_upper_01,5.0,6
2025-07-07,TikTok,tiktok_upper_01,20.0,2
2025-07-07,TikTok,tiktok_upper_02,,7
2025-07-08,Meta,fb_prospect_01,0.0,9
2025-07-08,Meta,fb_prospect_01,5.0,4
2025-07-08,Meta,fb_prospect_01,10.0,2
2025-07-08,Meta,fb_prospect_01,40.0,2
2025-07-08,Meta,fb_prospect_02,0.0,7
2025-07-08,Meta,fb_prospect_02,5.0,4
2025-07-08,Meta,fb_prospect_02,10.0,6
2025-07-08,Meta,fb_prospect_02,20.0,2
2025-07-08,Meta,fb_prospect_02,40.0,1
2025-07-08,Meta,fb_prospect_02,63.0,1
2025-07-08,Google App Campaigns,goog_ac_01,0.0,6
2025-07-08,Google App Campaigns,goog_ac_01,5.0,2
2025-07-08,Google App Campaigns,goog_ac_01,10.0,1
2025-07-08,Google App Campaigns,goog_ac_01,20.0,1
2025-07-08,Google App Campaigns,goog_ac_02,0.0,2
2025-07-08,Google App Campaigns,goog_ac_02,5.0,6
2025-07-08,Google App Campaigns,goog_ac_02,10.0,1
2025-07-08,Google App Campaigns,goog_ac_02,20.0,1
2025-07-08,Google App Campaigns,goog_ac_02,63.0,1
2025-07-08,Google Brand Search,goog_brand_01,0.0,5
2025-07-08,Google Brand Search,goog_brand_01,5.0,4
2025-07-08,Google Brand Search,goog_brand_01,10.0,3
2025-07-08,Google Brand Search,goog_brand_01,20.0,1
2025-07-08,Google Non-Brand Search,goog_search_01,0.0,4
2025-07-08,Google Non-Brand Search,goog_search_01,5.0,1
2025-07-08,Google Non-Brand Search,goog_search_01,10.0,4
2025-07-08,Google Non-Brand Search,goog_search_01,20.0,1
2025-07-08,Google Non-Brand Search,goog_search_01,40.0,1
2025-07-08,Google Non-Brand Search,goog_search_01,63.0,1
2025-07-08,TikTok,tiktok_upper_01,,7
2025-07-08,TikTok,tiktok_upper_02,,7
2025-07-09,Meta,fb_prospect_01,0.0,4
2025-07-09,Meta,fb_prospect_01,5.0,4
2025-07-09,Meta,fb_prospect_01,10.0,5
2025-07-09,Meta,fb_prospect_01,20.0,4
2025-07-09,Meta,fb_prospect_01,40.0,3
2025-07-09,Meta,fb_prospect_01,63.0,2
2025-07-09,Meta,fb_prospect_02,0.0,4
2025-07-09,Meta,fb_prospect_02,5.0,6
2025-07-09,Meta,fb_prospect_02,10.0,4
2025-07-09,Meta,fb_prospect_02,20.0,2
2025-07-09,Meta,fb_prospect_02,63.0,1
2025-07-09,Google App Campaigns,goog_ac_01,0.0,4
2025-07-09,Google App Campaigns,goog_ac_01,5.0,5
2025-07-09,Google App Campaigns,goog_ac_01,10.0,3
2025-07-09,Google App Campaigns,goog_ac_01,20.0,3
2025-07-09,Google App Campaigns,goog_ac_02,,6
2025-07-09,Google Brand Search,goog_brand_01,0.0,3
2025-07-09,Google Brand Search,goog_brand_01,5.0,3
2025-07-09,Google Brand Search,goog_brand_01,10.0,3
2025-07-09,Google Brand Search,goog_brand_01,20.0,2
2025-07-09,Google Brand Search,goog_brand_01,40.0,3
2025-07-09,Google Non-Brand Search,goog_search_01,,9
2025-07-09,TikTok,tiktok_upper_01,,5
2025-07-09,TikTok,tiktok_upper_02,0.0,9
2025-07-09,TikTok,tiktok_upper_02,5.0,2
2025-07-09,TikTok,tiktok_upper_02,10.0,1
2025-07-10,Meta,fb_prospect_01,0.0,6
2025-07-10,Meta,fb_prospect_01,5.0,3
2025-07-10,Meta,fb_prospect_01,10.0,4
2025-07-10,Meta,fb_prospect_01,20.0,1
2025-07-10,Meta,fb_prospect_02,0.0,5
2025-07-10,Meta,fb_prospect_02,5.0,5
2025-07-10,Meta,fb_prospect_02,10.0,4
2025-07-10,Meta,fb_prospect_02,40.0,1
2025-07-10,Meta,fb_prospect_02,63.0,2
2025-07-10,Google App Campaigns,goog_ac_01,0.0,4
2025-07-10,Google App Campaigns,goog_ac_01,5.0,1
2025-07-10,Google App Campaigns,goog_ac_01,10.0,5
2025-07-10,Google App Campaigns,goog_ac_01,20.0,1
2025-07-10,Google App Campaigns,goog_ac_01,40.0,1
2025-07-10,Google App Campaigns,goog_ac_01,63.0,1
2025-07-10,Google App Campaigns,goog_ac_02,,9
2025-07-10,Google Brand Search,goog_brand_01,0.0,4
2025-07-10,Google Brand Search,goog_brand_01,5.0,3
2025-07-10,Google Brand Search,goog_brand_01,10.0,3
2025-07-10,Google Brand Search,goog_brand_01,20.0,3
2025-07-10,Google Brand Search,goog_brand_01,63.0,1
2025-07-10,Google Non-Brand Search,goog_search_01,0.0,2
2025-07-10,Google Non-Brand Search,goog_search_01,5.0,4
2025-07-10,Google Non-Brand Search,goog_search_01,10.0,5
2025-07-10,Google Non-Brand Search,goog_search_01,20.0,4
2025-07-10,Google Non-Brand Search,goog_search_01,40.0,3
2025-07-10,TikTok,tiktok_upper_01,,5
2025-07-10,TikTok,tiktok_upper_02,,8
2025-07-11,Meta,fb_prospect_01,0.0,4
2025-07-11,Meta,fb_prospect_01,5.0,5
2025-07-11,Meta,fb_prospect_01,10.0,4
2025-07-11,Meta,fb_prospect_01,20.0,4
2025-07-11,Meta,fb_prospect_01,40.0,2
2025-07-11,Meta,fb_prospect_02,0.0,5
2025-07-11,Meta,fb_prospect_02,5.0,4
2025-07-11,Meta,fb_prospect_02,10.0,4
2025-07-11,Meta,fb_prospect_02,20.0,1
2025-07-11,Google App Campaigns,goog_ac_01,,9
2025-07-11,Google App Campaigns,goog_ac_02,,7
2025-07-11,Google Brand Search,goog_brand_01,5.0,6
2025-07-11,Google Brand Search,goog_brand_01,10.0,6
2025-07-11,Google Brand Search,goog_brand_01,20.0,3
2025-07-11,Google Brand Search,goog_brand_01,40.0,3
2025-07-11,Google Brand Search,goog_brand_01,63.0,2
2025-07-11,Google Non-Brand Search,goog_search_01,0.0,7
2025-07-11,Google Non-Brand Search,goog_search_01,5.0,4
2025-07-11,Google Non-Brand Search,goog_search_01,10.0,5
2025-07-11,Google Non-Brand Search,goog_search_01,20.0,2
2025-07-11,Google Non-Brand Search,goog_search_01,40.0,4
2025-07-11,Google Non-Brand Search,goog_search_01,63.0,2
2025-07-11,TikTok,tiktok_upper_01,,9
2025-07-11,TikTok,tiktok_upper_02,,6
2025-07-12,Meta,fb_prospect_01,0.0,4
2025-07-12,Meta,fb_prospect_01,5.0,7
2025-07-12,Meta,fb_prospect_01,10.0,4
2025-07-12,Meta,fb_prospect_01,20.0,1
2025-07-12,Meta,fb_prospect_01,63.0,1
2025-07-12,Meta,fb_prospect_02,0.0,3
2025-07-12,Meta,fb_prospect_02,5.0,3
2025-07-12,Meta,fb_prospect_02,10.0,8
2025-07-12,Meta,fb_prospect_02,20.0,4
2025-07-12,Google App Campaigns,goog_ac_01,,8
2025-07-12,Google App Campaigns,goog_ac_02,0.0,3
2025-07-12,Google App Campaigns,goog_ac_02,5.0,4
2025-07-12,Google App Campaigns,goog_ac_02,10.0,3
2025-07-12,Google App Campaigns,goog_ac_02,40.0,1
2025-07-12,Google App Campaigns,goog_ac_02,63.0,1
2025-07-12,Google Brand Search,goog_brand_01,0.0,2
2025-07-12,Google Brand Search,goog_brand_01,5.0,2
2025-07-12,Google Brand Search,goog_brand_01,10.0,4
2025-07-12,Google Brand Search,goog_brand_01,20.0,3
2025-07-12,Google Brand Search,goog_brand_01,63.0,1
2025-07-12,Google Non-Brand Search,goog_search_01,0.0,4
2025-07-12,Google Non-Brand Search,goog_search_01,5.0,1
2025-07-12,Google Non-Brand Search,goog_search_01,10.0,4
2025-07-12,Google Non-Brand Search,goog_search_01,20.0,3
2025-07-12,Google Non-Brand Search,goog_search_01,40.0,1
2025-07-12,TikTok,tiktok_upper_01,,9
2025-07-12,TikTok,tiktok_upper_02,,9
2025-07-13,Meta,fb_prospect_01,0.0,5
2025-07-13,Meta,fb_prospect_01,5.0,9
2025-07-13,Meta,fb_prospect_01,10.0,4
2025-07-13,Meta,fb_prospect_01,20.0,1
2025-07-13,Meta,fb_prospect_01,40.0,2
2025-07-13,Meta,fb_prospect_01,63.0,1
2025-07-13,Meta,fb_prospect_02,0.0,3
2025-07-13,Meta,fb_prospect_02,5.0,2
2025-07-13,Meta,fb_prospect_02,10.0,10
2025-07-13,Meta,fb_prospect_02,20.0,2
2025-07-13,Meta,fb_prospect_02,63.0,1
2025-07-13,Google App Campaigns,goog_ac_01,0.0,3
2025-07-13,Google App Campaigns,goog_ac_01,5.0,1
2025-07-13,Google App Campaigns,goog_ac_01,10.0,6
2025-07-13,Google App Campaigns,goog_ac_01,20.0,1
2025-07-13,Google App Campaigns,goog_ac_01,63.0,2
2025-07-13,Google App Campaigns,goog_ac_02,0.0,3
2025-07-13,Google App Campaigns,goog_ac_02,5.0,3
2025-07-13,Google App Campaigns,goog_ac_02,10.0,3
2025-07-13,Google App Campaigns,goog_ac_02,20.0,2
2025-07-13,Google App Campaigns,goog_ac_02,40.0,2
2025-07-13,Google App Campaigns,goog_ac_02,63.0,1
2025-07-13,Google Brand Search,goog_brand_01,0.0,8
2025-07-13,Google Brand Search,goog_brand_01,5.0,2
2025-07-13,Google Brand Search,goog_brand_01,10.0,5
2025-07-13,Google Brand Search,goog_brand_01,20.0,2
2025-07-13,Google Brand Search,goog_brand_01,40.0,1
2025-07-13,Google Brand Search,goog_brand_01,63.0,1
2025-07-13,Google Non-Brand Search,goog_search_01,0.0,2
2025-07-13,Google Non-Brand Search,goog_search_01,5.0,10
2025-07-13,Google Non-Brand Search,goog_search_01,10.0,9
2025-07-13,Google Non-Brand Search,goog_search_01,40.0,1
2025-07-13,Google Non-Brand Search,goog_search_01,63.0,1
2025-07-13,TikTok,tiktok_upper_01,0.0,8
2025-07-13,TikTok,tiktok_upper_01,5.0,4
2025-07-13,TikTok,tiktok_upper_01,10.0,1
2025-07-13,TikTok,tiktok_upper_01,20.0,1
2025-07-13,TikTok,tiktok_upper_02,,5
2025-07-14,Meta,fb_prospect_01,0.0,6
2025-07-14,Meta,fb_prospect_01,5.0,5
2025-07-14,Meta,fb_prospect_01,10.0,5
2025-07-14,Meta,fb_prospect_01,20.0,2
2025-07-14,Meta,fb_prospect_01,40.0,1
2025-07-14,Meta,fb_prospect_02,0.0,8
2025-07-14,Meta,fb_prospect_02,5.0,6
2025-07-14,Meta,fb_prospect_02,10.0,2
2025-07-14,Meta,fb_prospect_02,40.0,1
2025-07-14,Meta,fb_prospect_02,63.0,1
2025-07-14,Google App Campaigns,goog_ac_01,,9
2025-07-14,Google App Campaigns,goog_ac_02,0.0,2
2025-07-14,Google App Campaigns,goog_ac_02,5.0,2
2025-07-14,Google App Campaigns,goog_ac_02,10.0,2
2025-07-14,Google App Campaigns,goog_ac_02,20.0,4
2025-07-14,Google App Campaigns,goog_ac_02,63.0,1
2025-07-14,Google Brand Search,goog_brand_01,0.0,4
2025-07-14,Google Brand Search,goog_brand_01,5.0,7
2025-07-14,Google Brand Search,goog_brand_01,10.0,4
2025-07-14,Google Brand Search,goog_brand_01,40.0,2
2025-07-14,Google Brand Search,goog_brand_01,63.0,1
2025-07-14,Google Non-Brand Search,goog_search_01,0.0,3
2025-07-14,Google Non-Brand Search,goog_search_01,5.0,3
2025-07-14,Google Non-Brand Search,goog_search_01,10.0,6
2025-07-14,Google Non-Brand Search,goog_search_01,20.0,5
2025-07-14,Google Non-Brand Search,goog_search_01,40.0,2
2025-07-14,Google Non-Brand Search,goog_search_01,63.0,1
2025-07-14,TikTok,tiktok_upper_01,0.0,6
2025-07-14,TikTok,tiktok_upper_01,5.0,6
2025-07-14,TikTok,tiktok_upper_01,63.0,2
2025-07-14,TikTok,tiktok_upper_02,0.0,7
2025-07-14,TikTok,tiktok_upper_02,5.0,3
2025-07-14,TikTok,tiktok_upper_02,10.0,3
2025-07-15,Meta,fb_prospect_01,0.0,5
2025-07-15,Meta,fb_prospect_01,5.0,4
2025-07-15,Meta,fb_prospect_01,10.0,7
2025-07-15,Meta,fb_prospect_01,20.0,2
2025-07-15,Meta,fb_prospect_01,63.0,1
2025-07-15,Meta,fb_prospect_02,0.0,5
2025-07-15,Meta,fb_prospect_02,5.0,4
2025-07-15,Meta,fb_prospect_02,10.0,2
2025-07-15,Meta,fb_prospect_02,20.0,1
2025-07-15,Google App Campaigns,goog_ac_01,,8
2025-07-15,Google App Campaigns,goog_ac_02,0.0,6
2025-07-15,Google App Campaigns,goog_ac_02,5.0,3
2025-07-15,Google App Campaigns,goog_ac_02,10.0,1
2025-07-15,Google Brand Search,goog_brand_01,0.0,2
2025-07-15,Google Brand Search,goog_brand_01,5.0,1
2025-07-15,Google Brand Search,goog_brand_01,10.0,7
2025-07-15,Google Brand Search,goog_brand_01,20.0,2
2025-07-15,Google Non-Brand Search,goog_search_01,5.0,1
2025-07-15,Google Non-Brand Search,goog_search_01,10.0,5
2025-07-15,Google Non-Brand Search,goog_search_01,20.0,2
2025-07-15,Google Non-Brand Search,goog_search_01,40.0,5
2025-07-15,Google Non-Brand Search,goog_search_01,63.0,4
2025-07-15,TikTok,tiktok_upper_01,,5
2025-07-15,TikTok,tiktok_upper_02,0.0,4
2025-07-15,TikTok,tiktok_upper_02,5.0,6
2025-07-15,TikTok,tiktok_upper_02,10.0,1
2025-07-16,Meta,fb_prospect_01,0.0,2
2025-07-16,Meta,fb_prospect_01,5.0,7
2025-07-16,Meta,fb_prospect_01,10.0,5
2025-07-16,Meta,fb_prospect_01,20.0,1
2025-07-16,Meta,fb_prospect_02,0.0,5
2025-07-16,Meta,fb_prospect_02,5.0,2
2025-07-16,Meta,fb_prospect_02,10.0,5
2025-07-16,Meta,fb_prospect_02,20.0,1
2025-07-16,Google App Campaigns,goog_ac_01,0.0,3
2025-07-16,Google App Campaigns,goog_ac_01,5.0,4
2025-07-16,Google App Campaigns,goog_ac_01,10.0,2
2025-07-16,Google App Campaigns,goog_ac_01,20.0,1
2025-07-16,Google App Campaigns,goog_ac_02,0.0,2
2025-07-16,Google App Campaigns,goog_ac_02,5.0,2
2025-07-16,Google App Campaigns,goog_ac_02,10.0,3
2025-07-16,Google App Campaigns,goog_ac_02,20.0,2
2025-07-16,Google App Campaigns,goog_ac_02,40.0,1
2025-07-16,Google App Campaigns,goog_ac_02,63.0,1
2025-07-16,Google Brand Search,goog_brand_01,0.0,2
2025-07-16,Google Brand Search,goog_brand_01,10.0,1
2025-07-16,Google Brand Search,goog_brand_01,20.0,6
2025-07-16,Google Brand Search,goog_brand_01,40.0,2
2025-07-16,Google Non-Brand Search,goog_search_01,0.0,4
2025-07-16,Google Non-Brand Search,goog_search_01,5.0,1
2025-07-16,Google Non-Brand Search,goog_search_01,10.0,4
2025-07-16,Google Non-Brand Search,goog_search_01,20.0,3
2025-07-16,Google Non-Brand Search,goog_search_01,40.0,3
2025-07-16,Google Non-Brand Search,goog_search_01,63.0,2
2025-07-16,TikTok,tiktok_upper_01,0.0,6
2025-07-16,TikTok,tiktok_upper_01,5.0,1
2025-07-16,TikTok,tiktok_upper_01,10.0,1
2025-07-16,TikTok,tiktok_upper_01,20.0,3
2025-07-16,TikTok,tiktok_upper_02,0.0,7
2025-07-16,TikTok,tiktok_upper_02,5.0,3
2025-07-16,TikTok,tiktok_upper_02,10.0,2
2025-07-17,Meta,fb_prospect_01,0.0,7
2025-07-17,Meta,fb_prospect_01,5.0,4
2025-07-17,Meta,fb_prospect_01,10.0,3
2025-07-17,Meta,fb_prospect_01,20.0,4
2025-07-17,Meta,fb_prospect_01,40.0,1
2025-07-17,Meta,fb_prospect_01,63.0,1
2025-07-17,Meta,fb_prospect_02,,9
2025-07-17,Google App Campaigns,goog_ac_01,,4
2025-07-17,Google App Campaigns,goog_ac_02,,7
2025-07-17,Google Brand Search,goog_brand_01,0.0,3
2025-07-17,Google Brand Search,goog_brand_01,5.0,3
2025-07-17,Google Brand Search,goog_brand_01,10.0,3
2025-07-17,Google Brand Search,goog_brand_01,20.0,4
2025-07-17,Google Brand Search,goog_brand_01,40.0,3
2025-07-17,Google Non-Brand Search,goog_search_01,0.0,2
2025-07-17,Google Non-Brand Search,goog_search_01,5.0,2
2025-07-17,Google Non-Brand Search,goog_search_01,10.0,5
2025-07-17,Google Non-Brand Search,goog_search_01,20.0,1
2025-07-17,Google Non-Brand Search,goog_search_01,40.0,2
2025-07-17,Google Non-Brand Search,goog_search_01,63.0,2
2025-07-17,TikTok,tiktok_upper_01,,6
2025-07-17,TikTok,tiktok_upper_02,0.0,3
2025-07-17,TikTok,tiktok_upper_02,5.0,6
2025-07-17,TikTok,tiktok_upper_02,10.0,2
2025-07-17,TikTok,tiktok_upper_02,20.0,1
2025-07-18,Meta,fb_prospect_01,0.0,4
2025-07-18,Meta,fb_prospect_01,5.0,5
2025-07-18,Meta,fb_prospect_01,10.0,3
2025-07-18,Meta,fb_prospect_01,20.0,2
2025-07-18,Meta,fb_prospect_01,40.0,2
2025-07-18,Meta,fb_prospect_02,0.0,6
2025-07-18,Meta,fb_prospect_02,5.0,5
2025-07-18,Meta,fb_prospect_02,10.0,2
2025-07-18,Meta,fb_prospect_02,40.0,1
2025-07-18,Google App Campaigns,goog_ac_01,,9
2025-07-18,Google App Campaigns,goog_ac_02,,7
2025-07-18,Google Brand Search,goog_brand_01,0.0,3
2025-07-18,Google Brand Search,goog_brand_01,5.0,2
2025-07-18,Google Brand Search,goog_brand_01,10.0,4
2025-07-18,Google Brand Search,goog_brand_01,20.0,1
2025-07-18,Google Brand Search,goog_brand_01,40.0,4
2025-07-18,Google Brand Search,goog_brand_01,63.0,3
2025-07-18,Google Non-Brand Search,goog_search_01,0.0,4
2025-07-18,Google Non-Brand Search,goog_search_01,5.0,5
2025-07-18,Google Non-Brand Search,goog_search_01,10.0,5
2025-07-18,Google Non-Brand Search,goog_search_01,20.0,4
2025-07-18,Google Non-Brand Search,goog_search_01,40.0,1
2025-07-18,Google Non-Brand Search,goog_search_01,63.0,1
2025-07-18,TikTok,tiktok_upper_01,,7
2025-07-18,TikTok,tiktok_upper_02,,9
2025-07-19,Meta,fb_prospect_01,0.0,7
2025-07-19,Meta,fb_prospect_01,5.0,3
2025-07-19,Meta,fb_prospect_01,10.0,8
2025-07-19,Meta,fb_prospect_01,20.0,5
2025-07-19,Meta,fb_prospect_01,40.0,1
2025-07-19,Meta,fb_prospect_02,0.0,5
2025-07-19,Meta,fb_prospect_02,5.0,3
2025-07-19,Meta,fb_prospect_02,10.0,5
2025-07-19,Meta,fb_prospect_02,20.0,1
2025-07-19,Meta,fb_prospect_02,63.0,1
2025-07-19,Google App Campaigns,goog_ac_01,0.0,2
2025-07-19,Google App Campaigns,goog_ac_01,5.0,5
2025-07-19,Google App Campaigns,goog_ac_01,10.0,3
2025-07-19,Google App Campaigns,goog_ac_01,20.0,2
2025-07-19,Google App Campaigns,goog_ac_02,,8
2025-07-19,Google Brand Search,goog_brand_01,0.0,3
2025-07-19,Google Brand Search,goog_brand_01,5.0,5
2025-07-19,Google Brand Search,goog_brand_01,10.0,4
2025-07-19,Google Brand Search,goog_brand_01,40.0,2
2025-07-19,Google Brand Search,goog_brand_01,63.0,2
2025-07-19,Google Non-Brand Search,goog_search_01,0.0,3
2025-07-19,Google Non-Brand Search,goog_search_01,5.0,5
2025-07-19,Google Non-Brand Search,goog_search_01,10.0,6
2025-07-19,Google Non-Brand Search,goog_search_01,20.0,3
2025-07-19,Google Non-Brand Search,goog_search_01,40.0,1
2025-07-19,Google Non-Brand Search,goog_search_01,63.0,2
2025-07-19,TikTok,tiktok_upper_01,,8
2025-07-19,TikTok,tiktok_upper_02,0.0,8
2025-07-19,TikTok,tiktok_upper_02,5.0,4
2025-07-19,TikTok,tiktok_upper_02,10.0,1
2025-07-20,Meta,fb_prospect_01,0.0,5
2025-07-20,Meta,fb_prospect_01,5.0,6
2025-07-20,Meta,fb_prospect_01,10.0,5
2025-07-20,Meta,fb_prospect_01,20.0,2
2025-07-20,Meta,fb_prospect_01,40.0,1
2025-07-20,Meta,fb_prospect_02,0.0,8
2025-07-20,Meta,fb_prospect_02,5.0,6
2025-07-20,Meta,fb_prospect_02,10.0,1
2025-07-20,Meta,fb_prospect_02,20.0,3
2025-07-20,Meta,fb_prospect_02,63.0,2
2025-07-20,Google App Campaigns,goog_ac_01,0.0,7
2025-07-20,Google App Campaigns,goog_ac_01,5.0,3
2025-07-20,Google App Campaigns,goog_ac_01,20.0,2
2025-07-20,Google App Campaigns,goog_ac_02,,9
2025-07-20,Google Brand Search,goog_brand_01,0.0,2
2025-07-20,Google Brand Search,goog_brand_01,5.0,5
2025-07-20,Google Brand Search,goog_brand_01,10.0,7
2025-07-20,Google Brand Search,goog_brand_01,20.0,2
2025-07-20,Google Brand Search,goog_brand_01,40.0,2
2025-07-20,Google Non-Brand Search,goog_search_01,0.0,4
2025-07-20,Google Non-Brand Search,goog_search_01,5.0,3
2025-07-20,Google Non-Brand Search,goog_search_01,10.0,2
2025-07-20,Google Non-Brand Search,goog_search_01,20.0,6
2025-07-20,Google Non-Brand Search,goog_search_01,40.0,4
2025-07-20,Google Non-Brand Search,goog_search_01,63.0,1
2025-07-20,TikTok,tiktok_upper_01,0.0,3
2025-07-20,TikTok,tiktok_upper_01,5.0,7
2025-07-20,TikTok,tiktok_upper_01,10.0,3
2025-07-20,TikTok,tiktok_upper_01,20.0,1
2025-07-20,TikTok,tiktok_upper_02,0.0,8
2025-07-20,TikTok,tiktok_upper_02,5.0,4
2025-07-20,TikTok,tiktok_upper_02,10.0,2
2025-07-21,Meta,fb_prospect_01,0.0,5
2025-07-21,Meta,fb_prospect_01,5.0,7
2025-07-21,Meta,fb_prospect_01,10.0,4
2025-07-21,Meta,fb_prospect_01,20.0,2
2025-07-21,Meta,fb_prospect_01,40.0,1
2025-07-21,Meta,fb_prospect_02,0.0,3
2025-07-21,Meta,fb_prospect_02,5.0,2
2025-07-21,Meta,fb_prospect_02,10.0,7
2025-07-21,Meta,fb_prospect_02,40.0,3
2025-07-21,Meta,fb_prospect_02,63.0,1
2025-07-21,Google App Campaigns,goog_ac_01,0.0,4
2025-07-21,Google App Campaigns,goog_ac_01,5.0,5
2025-07-21,Google App Campaigns,goog_ac_01,10.0,2
2025-07-21,Google App Campaigns,goog_ac_02,,8
2025-07-21,Google Brand Search,goog_brand_01,0.0,2
2025-07-21,Google Brand Search,goog_brand_01,5.0,6
2025-07-21,Google Brand Search,goog_brand_01,10.0,6
2025-07-21,Google Brand Search,goog_brand_01,20.0,1
2025-07-21,Google Brand Search,goog_brand_01,40.0,2
2025-07-21,Google Brand Search,goog_brand_01,63.0,1
2025-07-21,Google Non-Brand Search,goog_search_01,0.0,1
2025-07-21,Google Non-Brand Search,goog_search_01,5.0,8
2025-07-21,Google Non-Brand Search,goog_search_01,10.0,5
2025-07-21,Google Non-Brand Search,goog_search_01,20.0,6
2025-07-21,Google Non-Brand Search,goog_search_01,63.0,1
2025-07-21,TikTok,tiktok_upper_01,0.0,6
2025-07-21,TikTok,tiktok_upper_01,5.0,3
2025-07-21,TikTok,tiktok_upper_01,10.0,1
2025-07-21,TikTok,tiktok_upper_01,20.0,2
2025-07-21,TikTok,tiktok_upper_02,,8
2025-07-22,Meta,fb_prospect_01,0.0,1
2025-07-22,Meta,fb_prospect_01,5.0,6
2025-07-22,Meta,fb_prospect_01,10.0,7
2025-07-22,Meta,fb_prospect_02,0.0,2
2025-07-22,Meta,fb_prospect_02,5.0,2
2025-07-22,Meta,fb_prospect_02,10.0,7
2025-07-22,Meta,fb_prospect_02,20.0,2
2025-07-22,Google App Campaigns,goog_ac_01,0.0,5
2025-07-22,Google App Campaigns,goog_ac_01,5.0,3
2025-07-22,Google App Campaigns,goog_ac_01,10.0,1
2025-07-22,Google App Campaigns,goog_ac_01,20.0,2
2025-07-22,Google App Campaigns,goog_ac_02,,9
2025-07-22,Google Brand Search,goog_brand_01,0.0,3
2025-07-22,Google Brand Search,goog_brand_01,5.0,2
2025-07-22,Google Brand Search,goog_brand_01,10.0,5
2025-07-22,Google Brand Search,goog_brand_01,20.0,3
2025-07-22,Google Brand Search,goog_brand_01,40.0,1
2025-07-22,Google Brand Search,goog_brand_01,63.0,1
2025-07-22,Google Non-Brand Search,goog_search_01,5.0,3
2025-07-22,Google Non-Brand Search,goog_search_01,10.0,3
2025-07-22,Google Non-Brand Search,goog_search_01,20.0,3
2025-07-22,Google Non-Brand Search,goog_search_01,40.0,1
2025-07-22,Google Non-Brand Search,goog_search_01,63.0,2
2025-07-22,TikTok,tiktok_upper_01,,8
2025-07-22,TikTok,tiktok_upper_02,,8
2025-07-23,Meta,fb_prospect_01,0.0,4
2025-07-23,Meta,fb_prospect_01,5.0,2
2025-07-23,Meta,fb_prospect_01,10.0,5
2025-07-23,Meta,fb_prospect_01,20.0,4
2025-07-23,Meta,fb_prospect_02,0.0,11
2025-07-23,Meta,fb_prospect_02,5.0,5
2025-07-23,Meta,fb_prospect_02,10.0,2
2025-07-23,Meta,fb_prospect_02,20.0,2
2025-07-23,Meta,fb_prospect_02,40.0,1
2025-07-23,Google App Campaigns,goog_ac_01,,7
2025-07-23,Google App Campaigns,goog_ac_02,,8
2025-07-23,Google Brand Search,goog_brand_01,0.0,4
2025-07-23,Google Brand Search,goog_brand_01,5.0,4
2025-07-23,Google Brand Search,goog_brand_01,10.0,5
2025-07-23,Google Brand Search,goog_brand_01,20.0,2
2025-07-23,Google Non-Brand Search,goog_search_01,0.0,3
2025-07-23,Google Non-Brand Search,goog_search_01,10.0,6
2025-07-23,Google Non-Brand Search,goog_search_01,20.0,2
2025-07-23,TikTok,tiktok_upper_01,,7
2025-07-23,TikTok,tiktok_upper_02,,6
2025-07-24,Meta,fb_prospect_01,0.0,4
2025-07-24,Meta,fb_prospect_01,5.0,2
2025-07-24,Meta,fb_prospect_01,10.0,5
2025-07-24,Meta,fb_prospect_01,20.0,1
2025-07-24,Meta,fb_prospect_01,40.0,1
2025-07-24,Meta,fb_prospect_02,0.0,5
2025-07-24,Meta,fb_prospect_02,5.0,3
2025-07-24,Meta,fb_prospect_02,10.0,4
2025-07-24,Meta,fb_prospect_02,20.0,1
2025-07-24,Meta,fb_prospect_02,40.0,1
2025-07-24,Google App Campaigns,goog_ac_01,,6
2025-07-24,Google App Campaigns,goog_ac_02,0.0,2
2025-07-24,Google App Campaigns,goog_ac_02,5.0,3
2025-07-24,Google App Campaigns,goog_ac_02,10.0,3
2025-07-24,Google App Campaigns,goog_ac_02,20.0,1
2025-07-24,Google App Campaigns,goog_ac_02,40.0,1
2025-07-24,Google Brand Search,goog_brand_01,0.0,2
2025-07-24,Google Brand Search,goog_brand_01,5.0,3
2025-07-24,Google Brand Search,goog_brand_01,10.0,4
2025-07-24,Google Brand Search,goog_brand_01,20.0,2
2025-07-24,Google Brand Search,goog_brand_01,40.0,1
2025-07-24,Google Brand Search,goog_brand_01,63.0,1
2025-07-24,Google Non-Brand Search,goog_search_01,,9
2025-07-24,TikTok,tiktok_upper_01,,9
2025-07-24,TikTok,tiktok_upper_02,,5
2025-07-25,Meta,fb_prospect_01,0.0,2
2025-07-25,Meta,fb_prospect_01,5.0,6
2025-07-25,Meta,fb_prospect_01,10.0,5
2025-07-25,Meta,fb_prospect_01,20.0,4
2025-07-25,Meta,fb_prospect_02,0.0,8
2025-07-25,Meta,fb_prospect_02,5.0,6
2025-07-25,Meta,fb_prospect_02,10.0,3
2025-07-25,Meta,fb_prospect_02,20.0,2
2025-07-25,Google App Campaigns,goog_ac_01,,9
2025-07-25,Google App Campaigns,goog_ac_02,,7
2025-07-25,Google Brand Search,goog_brand_01,0.0,3
2025-07-25,Google Brand Search,goog_brand_01,5.0,5
2025-07-25,Google Brand Search,goog_brand_01,10.0,1
2025-07-25,Google Brand Search,goog_brand_01,20.0,1
2025-07-25,Google Brand Search,goog_brand_01,40.0,1
2025-07-25,Google Brand Search,goog_brand_01,63.0,1
2025-07-25,Google Non-Brand Search,goog_search_01,0.0,3
2025-07-25,Google Non-Brand Search,goog_search_01,5.0,3
2025-07-25,Google Non-Brand Search,goog_search_01,10.0,5
2025-07-25,Google Non-Brand Search,goog_search_01,20.0,2
2025-07-25,Google Non-Brand Search,goog_search_01,40.0,1
2025-07-25,Google Non-Brand Search,goog_search_01,63.0,2
2025-07-25,TikTok,tiktok_upper_01,0.0,3
2025-07-25,TikTok,tiktok_upper_01,5.0,5
2025-07-25,TikTok,tiktok_upper_01,10.0,2
2025-07-25,TikTok,tiktok_upper_02,,8
2025-07-26,Meta,fb_prospect_01,0.0,3
2025-07-26,Meta,fb_prospect_01,5.0,9
2025-07-26,Meta,fb_prospect_01,10.0,3
2025-07-26,Meta,fb_prospect_01,20.0,1
2025-07-26,Meta,fb_prospect_01,40.0,2
2025-07-26,Meta,fb_prospect_02,0.0,3
2025-07-26,Meta,fb_prospect_02,5.0,2
2025-07-26,Meta,fb_prospect_02,10.0,6
2025-07-26,Meta,fb_prospect_02,20.0,1
2025-07-26,Meta,fb_prospect_02,40.0,1
2025-07-26,Google App Campaigns,goog_ac_01,0.0,2
2025-07-26,Google App Campaigns,goog_ac_01,5.0,5
2025-07-26,Google App Campaigns,goog_ac_01,10.0,4
2025-07-26,Google App Campaigns,goog_ac_02,5.0,4
2025-07-26,Google App Campaigns,goog_ac_02,10.0,5
2025-07-26,Google App Campaigns,goog_ac_02,20.0,4
2025-07-26,Google Brand Search,goog_brand_01,0.0,7
2025-07-26,Google Brand Search,goog_brand_01,5.0,5
2025-07-26,Google Brand Search,goog_brand_01,10.0,4
2025-07-26,Google Brand Search,goog_brand_01,20.0,1
2025-07-26,Google Non-Brand Search,goog_search_01,0.0,4
2025-07-26,Google Non-Brand Search,goog_search_01,5.0,5
2025-07-26,Google Non-Brand Search,goog_search_01,10.0,8
2025-07-26,Google Non-Brand Search,goog_search_01,20.0,3
2025-07-26,Google Non-Brand Search,goog_search_01,63.0,1
2025-07-26,TikTok,tiktok_upper_01,,9
2025-07-26,TikTok,tiktok_upper_02,0.0,4
2025-07-26,TikTok,tiktok_upper_02,5.0,3
2025-07-26,TikTok,tiktok_upper_02,10.0,2
2025-07-26,TikTok,tiktok_upper_02,20.0,1
2025-07-27,Meta,fb_prospect_01,0.0,6
2025-07-27,Meta,fb_prospect_01,5.0,3
2025-07-27,Meta,fb_prospect_01,10.0,6
2025-07-27,Meta,fb_prospect_01,20.0,2
2025-07-27,Meta,fb_prospect_02,0.0,3
2025-07-27,Meta,fb_prospect_02,5.0,6
2025-07-27,Meta,fb_prospect_02,10.0,6
2025-07-27,Meta,fb_prospect_02,20.0,2
2025-07-27,Meta,fb_prospect_02,40.0,3
2025-07-27,Meta,fb_prospect_02,63.0,1
2025-07-27,Google App Campaigns,goog_ac_01,0.0,4
2025-07-27,Google App Campaigns,goog_ac_01,5.0,3
2025-07-27,Google App Campaigns,goog_ac_01,10.0,1
2025-07-27,Google App Campaigns,goog_ac_01,20.0,2
2025-07-27,Google App Campaigns,goog_ac_02,,8
2025-07-27,Google Brand Search,goog_brand_01,0.0,3
2025-07-27,Google Brand Search,goog_brand_01,5.0,7
2025-07-27,Google Brand Search,goog_brand_01,10.0,7
2025-07-27,Google Brand Search,goog_brand_01,20.0,2
2025-07-27,Google Brand Search,goog_brand_01,40.0,2
2025-07-27,Google Non-Brand Search,goog_search_01,0.0,2
2025-07-27,Google Non-Brand Search,goog_search_01,5.0,4
2025-07-27,Google Non-Brand Search,goog_search_01,10.0,5
2025-07-27,Google Non-Brand Search,goog_search_01,20.0,2
2025-07-27,Google Non-Brand Search,goog_search_01,40.0,2
2025-07-27,TikTok,tiktok_upper_01,0.0,3
2025-07-27,TikTok,tiktok_upper_01,5.0,7
2025-07-27,TikTok,tiktok_upper_01,10.0,2
2025-07-27,TikTok,tiktok_upper_01,20.0,3
2025-07-27,TikTok,tiktok_upper_02,,7
2025-07-28,Meta,fb_prospect_01,0.0,4
2025-07-28,Meta,fb_prospect_01,5.0,4
2025-07-28,Meta,fb_prospect_01,10.0,10
2025-07-28,Meta,fb_prospect_01,20.0,3
2025-07-28,Meta,fb_prospect_01,63.0,1
2025-07-28,Meta,fb_prospect_02,0.0,8
2025-07-28,Meta,fb_prospect_02,5.0,3
2025-07-28,Meta,fb_prospect_02,10.0,5
2025-07-28,Meta,fb_prospect_02,20.0,2
2025-07-28,Meta,fb_prospect_02,63.0,1
2025-07-28,Google App Campaigns,goog_ac_01,0.0,1
2025-07-28,Google App Campaigns,goog_ac_01,5.0,2
2025-07-28,Google App Campaigns,goog_ac_01,10.0,6
2025-07-28,Google App Campaigns,goog_ac_01,40.0,2
2025-07-28,Google App Campaigns,goog_ac_01,63.0,1
2025-07-28,Google App Campaigns,goog_ac_02,,7
2025-07-28,Google Brand Search,goog_brand_01,0.0,2
2025-07-28,Google Brand Search,goog_brand_01,5.0,1
2025-07-28,Google Brand Search,goog_brand_01,10.0,3
2025-07-28,Google Brand Search,goog_brand_01,20.0,3
2025-07-28,Google Brand Search,goog_brand_01,40.0,6
2025-07-28,Google Non-Brand Search,goog_search_01,0.0,3
2025-07-28,Google Non-Brand Search,goog_search_01,5.0,2
2025-07-28,Google Non-Brand Search,goog_search_01,10.0,5
2025-07-28,Google Non-Brand Search,goog_search_01,20.0,4
2025-07-28,Google Non-Brand Search,goog_search_01,40.0,1
2025-07-28,Google Non-Brand Search,goog_search_01,63.0,2
2025-07-28,TikTok,tiktok_upper_01,,5
2025-07-28,TikTok,tiktok_upper_02,0.0,3
2025-07-28,TikTok,tiktok_upper_02,5.0,8
2025-07-28,TikTok,tiktok_upper_02,10.0,1
2025-07-29,Meta,fb_prospect_01,,9
2025-07-29,Meta,fb_prospect_02,0.0,9
2025-07-29,Meta,fb_prospect_02,5.0,4
2025-07-29,Meta,fb_prospect_02,10.0,4
2025-07-29,Meta,fb_prospect_02,40.0,1
2025-07-29,Google App Campaigns,goog_ac_01,0.0,3
2025-07-29,Google App Campaigns,goog_ac_01,5.0,3
2025-07-29,Google App Campaigns,goog_ac_01,10.0,6
2025-07-29,Google App Campaigns,goog_ac_01,20.0,2
2025-07-29,Google App Campaigns,goog_ac_02,,4
2025-07-29,Google Brand Search,goog_brand_01,0.0,3
2025-07-29,Google Brand Search,goog_brand_01,5.0,2
2025-07-29,Google Brand Search,goog_brand_01,10.0,6
2025-07-29,Google Brand Search,goog_brand_01,40.0,2
2025-07-29,Google Brand Search,goog_brand_01,63.0,1
2025-07-29,Google Non-Brand Search,goog_search_01,0.0,3
2025-07-29,Google Non-Brand Search,goog_search_01,5.0,3
2025-07-29,Google Non-Brand Search,goog_search_01,10.0,4
2025-07-29,Google Non-Brand Search,goog_search_01,20.0,2
2025-07-29,Google Non-Brand Search,goog_search_01,63.0,1
2025-07-29,TikTok,tiktok_upper_01,,6
2025-07-29,TikTok,tiktok_upper_02,,5
2025-07-30,Meta,fb_prospect_01,0.0,9
2025-07-30,Meta,fb_prospect_01,5.0,5
2025-07-30,Meta,fb_prospect_01,10.0,4
2025-07-30,Meta,fb_prospect_01,20.0,3
2025-07-30,Meta,fb_prospect_01,40.0,2
2025-07-30,Meta,fb_prospect_01,63.0,1
2025-07-30,Meta,fb_prospect_02,,9
2025-07-30,Google App Campaigns,goog_ac_01,0.0,3
2025-07-30,Google App Campaigns,goog_ac_01,5.0,2
2025-07-30,Google App Campaigns,goog_ac_01,10.0,4
2025-07-30,Google App Campaigns,goog_ac_01,20.0,1
2025-07-30,Google App Campaigns,goog_ac_02,,9
2025-07-30,Google Brand Search,goog_brand_01,0.0,2
2025-07-30,Google Brand Search,goog_brand_01,5.0,2
2025-07-30,Google Brand Search,goog_brand_01,10.0,1
2025-07-30,Google Brand Search,goog_brand_01,20.0,2
2025-07-30,Google Brand Search,goog_brand_01,40.0,1
2025-07-30,Google Brand Search,goog_brand_01,63.0,4
2025-07-30,Google Non-Brand Search,goog_search_01,0.0,2
2025-07-30,Google Non-Brand Search,goog_search_01,5.0,4
2025-07-30,Google Non-Brand Search,goog_search_01,10.0,5
2025-07-30,Google Non-Brand Search,goog_search_01,40.0,1
2025-07-30,Google Non-Brand Search,goog_search_01,63.0,3
2025-07-30,TikTok,tiktok_upper_01,,8
2025-07-30,TikTok,tiktok_upper_02,,7
2025-07-31,Meta,fb_prospect_01,0.0,3
2025-07-31,Meta,fb_prospect_01,5.0,8
2025-07-31,Meta,fb_prospect_01,20.0,2
2025-07-31,Meta,fb_prospect_01,40.0,1
2025-07-31,Meta,fb_prospect_01,63.0,1
2025-07-31,Meta,fb_prospect_02,0.0,3
2025-07-31,Meta,fb_prospect_02,5.0,3
2025-07-31,Meta,fb_prospect_02,10.0,3
2025-07-31,Meta,fb_prospect_02,20.0,5
2025-07-31,Meta,fb_prospect_02,40.0,1
2025-07-31,Meta,fb_prospect_02,63.0,1
2025-07-31,Google App Campaigns,goog_ac_01,,4
2025-07-31,Google App Campaigns,goog_ac_02,0.0,4
2025-07-31,Google App Campaigns,goog_ac_02,5.0,1
2025-07-31,Google App Campaigns,goog_ac_02,10.0,3
2025-07-31,Google App Campaigns,goog_ac_02,20.0,1
2025-07-31,Google App Campaigns,goog_ac_02,40.0,1
2025-07-31,Google Brand Search,goog_brand_01,0.0,6
2025-07-31,Google Brand Search,goog_brand_01,5.0,2
2025-07-31,Google Brand Search,goog_brand_01,10.0,1
2025-07-31,Google Brand Search,goog_brand_01,20.0,3
2025-07-31,Google Brand Search,goog_brand_01,40.0,2
2025-07-31,Google Brand Search,goog_brand_01,63.0,1
2025-07-31,Google Non-Brand Search,goog_search_01,0.0,6
2025-07-31,Google Non-Brand Search,goog_search_01,5.0,4
2025-07-31,Google Non-Brand Search,goog_search_01,10.0,2
2025-07-31,Google Non-Brand Search,goog_search_01,20.0,2
2025-07-31,Google Non-Brand Search,goog_search_01,40.0,1
2025-07-31,Google Non-Brand Search,goog_search_01,63.0,1
2025-07-31,TikTok,tiktok_upper_01,0.0,6
2025-07-31,TikTok,tiktok_upper_01,5.0,3
2025-07-31,TikTok,tiktok_upper_01,10.0,1
2025-07-31,TikTok,tiktok_upper_01,40.0,1
2025-07-31,TikTok,tiktok_upper_01,63.0,1
2025-07-31,TikTok,tiktok_upper_02,,9
2025-08-01,Meta,fb_prospect_01,0.0,4
2025-08-01,Meta,fb_prospect_01,5.0,5
2025-08-01,Meta,fb_prospect_01,10.0,1
2025-08-01,Meta,fb_prospect_01,20.0,1
2025-08-01,Meta,fb_prospect_01,40.0,1
2025-08-01,Meta,fb_prospect_02,0.0,5
2025-08-01,Meta,fb_prospect_02,5.0,4
2025-08-01,Meta,fb_prospect_02,10.0,3
2025-08-01,Meta,fb_prospect_02,20.0,3
2025-08-01,Google App Campaigns,goog_ac_01,0.0,3
2025-08-01,Google App Campaigns,goog_ac_01,5.0,3
2025-08-01,Google App Campaigns,goog_ac_01,10.0,3
2025-08-01,Google App Campaigns,goog_ac_01,20.0,1
2025-08-01,Google App Campaigns,goog_ac_01,63.0,2
2025-08-01,Google App Campaigns,goog_ac_02,,8
2025-08-01,Google Brand Search,goog_brand_01,0.0,1
2025-08-01,Google Brand Search,goog_brand_01,5.0,3
2025-08-01,Google Brand Search,goog_brand_01,10.0,2
2025-08-01,Google Brand Search,goog_brand_01,20.0,5
2025-08-01,Google Non-Brand Search,goog_search_01,0.0,4
2025-08-01,Google Non-Brand Search,goog_search_01,5.0,4
2025-08-01,Google Non-Brand Search,goog_search_01,10.0,4
2025-08-01,Google Non-Brand Search,goog_search_01,20.0,3
2025-08-01,Google Non-Brand Search,goog_search_01,40.0,4
2025-08-01,Google Non-Brand Search,goog_search_01,63.0,1
2025-08-01,TikTok,tiktok_upper_01,,5
2025-08-01,TikTok,tiktok_upper_02,,8
2025-08-02,Meta,fb_prospect_01,0.0,3
2025-08-02,Meta,fb_prospect_01,5.0,12
2025-08-02,Meta,fb_prospect_01,10.0,7
2025-08-02,Meta,fb_prospect_02,0.0,6
2025-08-02,Meta,fb_prospect_02,5.0,6
2025-08-02,Meta,fb_prospect_02,10.0,6
2025-08-02,Meta,fb_prospect_02,20.0,3
2025-08-02,Google App Campaigns,goog_ac_01,,7
2025-08-02,Google App Campaigns,goog_ac_02,0.0,4
2025-08-02,Google App Campaigns,goog_ac_02,5.0,3
2025-08-02,Google App Campaigns,goog_ac_02,10.0,1
2025-08-02,Google App Campaigns,goog_ac_02,20.0,2
2025-08-02,Google App Campaigns,goog_ac_02,40.0,2
2025-08-02,Google Brand Search,goog_brand_01,0.0,2
2025-08-02,Google Brand Search,goog_brand_01,5.0,3
2025-08-02,Google Brand Search,goog_brand_01,10.0,3
2025-08-02,Google Brand Search,goog_brand_01,20.0,1
2025-08-02,Google Brand Search,goog_brand_01,40.0,1
2025-08-02,Google Brand Search,goog_brand_01,63.0,2
2025-08-02,Google Non-Brand Search,goog_search_01,0.0,1
2025-08-02,Google Non-Brand Search,goog_search_01,5.0,3
2025-08-02,Google Non-Brand Search,goog_search_01,10.0,9
2025-08-02,Google Non-Brand Search,goog_search_01,20.0,1
2025-08-02,Google Non-Brand Search,goog_search_01,40.0,1
2025-08-02,Google Non-Brand Search,goog_search_01,63.0,2
2025-08-02,TikTok,tiktok_upper_01,0.0,4
2025-08-02,TikTok,tiktok_upper_01,5.0,6
2025-08-02,TikTok,tiktok_upper_01,10.0,1
2025-08-02,TikTok,tiktok_upper_01,40.0,1
2025-08-02,TikTok,tiktok_upper_01,63.0,1
2025-08-02,TikTok,tiktok_upper_02,0.0,3
2025-08-02,TikTok,tiktok_upper_02,5.0,4
2025-08-02,TikTok,tiktok_upper_02,10.0,3
2025-08-03,Meta,fb_prospect_01,0.0,8
2025-08-03,Meta,fb_prospect_01,5.0,6
2025-08-03,Meta,fb_prospect_01,10.0,1
2025-08-03,Meta,fb_prospect_01,40.0,1
2025-08-03,Meta,fb_prospect_01,63.0,1
2025-08-03,Meta,fb_prospect_02,0.0,3
2025-08-03,Meta,fb_prospect_02,5.0,4
2025-08-03,Meta,fb_prospect_02,10.0,6
2025-08-03,Meta,fb_prospect_02,20.0,1
2025-08-03,Google App Campaigns,goog_ac_01,0.0,4
2025-08-03,Google App Campaigns,goog_ac_01,5.0,4
2025-08-03,Google App Campaigns,goog_ac_01,10.0,2
2025-08-03,Google App Campaigns,goog_ac_01,63.0,1
2025-08-03,Google App Campaigns,goog_ac_02,,9
2025-08-03,Google Brand Search,goog_brand_01,0.0,1
2025-08-03,Google Brand Search,goog_brand_01,5.0,3
2025-08-03,Google Brand Search,goog_brand_01,10.0,2
2025-08-03,Google Brand Search,goog_brand_01,40.0,2
2025-08-03,Google Brand Search,goog_brand_01,63.0,2
2025-08-03,Google Non-Brand Search,goog_search_01,0.0,6
2025-08-03,Google Non-Brand Search,goog_search_01,5.0,3
2025-08-03,Google Non-Brand Search,goog_search_01,10.0,5
2025-08-03,Google Non-Brand Search,goog_search_01,20.0,4
2025-08-03,Google Non-Brand Search,goog_search_01,63.0,1
2025-08-03,TikTok,tiktok_upper_01,,9
2025-08-03,TikTok,tiktok_upper_02,,6
2025-08-04,Meta,fb_prospect_01,0.0,7
2025-08-04,Meta,fb_prospect_01,5.0,5
2025-08-04,Meta,fb_prospect_01,10.0,7
2025-08-04,Meta,fb_prospect_01,20.0,3
2025-08-04,Meta,fb_prospect_01,40.0,1
2025-08-04,Meta,fb_prospect_01,63.0,1
2025-08-04,Meta,fb_prospect_02,0.0,4
2025-08-04,Meta,fb_prospect_02,5.0,3
2025-08-04,Meta,fb_prospect_02,10.0,2
2025-08-04,Meta,fb_prospect_02,40.0,2
2025-08-04,Meta,fb_prospect_02,63.0,1
2025-08-04,Google App Campaigns,goog_ac_01,0.0,4
2025-08-04,Google App Campaigns,goog_ac_01,5.0,4
2025-08-04,Google App Campaigns,goog_ac_01,10.0,2
2025-08-04,Google App Campaigns,goog_ac_01,20.0,2
2025-08-04,Google App Campaigns,goog_ac_01,40.0,1
2025-08-04,Google App Campaigns,goog_ac_02,0.0,2
2025-08-04,Google App Campaigns,goog_ac_02,5.0,2
2025-08-04,Google App Campaigns,goog_ac_02,10.0,6
2025-08-04,Google App Campaigns,goog_ac_02,20.0,3
2025-08-04,Google App Campaigns,goog_ac_02,63.0,2
2025-08-04,Google Brand Search,goog_brand_01,0.0,3
2025-08-04,Google Brand Search,goog_brand_01,5.0,2
2025-08-04,Google Brand Search,goog_brand_01,10.0,5
2025-08-04,Google Brand Search,goog_brand_01,20.0,2
2025-08-04,Google Brand Search,goog_brand_01,40.0,1
2025-08-04,Google Non-Brand Search,goog_search_01,0.0,1
2025-08-04,Google Non-Brand Search,goog_search_01,5.0,4
2025-08-04,Google Non-Brand Search,goog_search_01,10.0,4
2025-08-04,Google Non-Brand Search,goog_search_01,20.0,4
2025-08-04,Google Non-Brand Search,goog_search_01,40.0,1
2025-08-04,Google Non-Brand Search,goog_search_01,63.0,1
2025-08-04,TikTok,tiktok_upper_01,,8
2025-08-04,TikTok,tiktok_upper_02,0.0,4
2025-08-04,TikTok,tiktok_upper_02,5.0,6
2025-08-04,TikTok,tiktok_upper_02,10.0,1
2025-08-04,TikTok,tiktok_upper_02,40.0,1
2025-08-05,Meta,fb_prospect_01,0.0,4
2025-08-05,Meta,fb_prospect_01,5.0,6
2025-08-05,Meta,fb_prospect_01,10.0,6
2025-08-05,Meta,fb_prospect_01,20.0,4
2025-08-05,Meta,fb_prospect_01,40.0,1
2025-08-05,Meta,fb_prospect_02,0.0,4
2025-08-05,Meta,fb_prospect_02,5.0,7
2025-08-05,Meta,fb_prospect_02,10.0,7
2025-08-05,Meta,fb_prospect_02,20.0,1
2025-08-05,Meta,fb_prospect_02,40.0,2
2025-08-05,Google App Campaigns,goog_ac_01,0.0,5
2025-08-05,Google App Campaigns,goog_ac_01,5.0,2
2025-08-05,Google App Campaigns,goog_ac_01,10.0,3
2025-08-05,Google App Campaigns,goog_ac_01,20.0,1
2025-08-05,Google App Campaigns,goog_ac_02,,6
2025-08-05,Google Brand Search,goog_brand_01,0.0,3
2025-08-05,Google Brand Search,goog_brand_01,5.0,2
2025-08-05,Google Brand Search,goog_brand_01,10.0,5
2025-08-05,Google Brand Search,goog_brand_01,20.0,1
2025-08-05,Google Brand Search,goog_brand_01,63.0,2
2025-08-05,Google Non-Brand Search,goog_search_01,0.0,1
2025-08-05,Google Non-Brand Search,goog_search_01,5.0,4
2025-08-05,Google Non-Brand Search,goog_search_01,10.0,3
2025-08-05,Google Non-Brand Search,goog_search_01,20.0,3
2025-08-05,TikTok,tiktok_upper_01,,8
2025-08-05,TikTok,tiktok_upper_02,,9
2025-08-06,Meta,fb_prospect_01,0.0,3
2025-08-06,Meta,fb_prospect_01,5.0,3
2025-08-06,Meta,fb_prospect_01,10.0,3
2025-08-06,Meta,fb_prospect_01,20.0,2
2025-08-06,Meta,fb_prospect_02,0.0,4
2025-08-06,Meta,fb_prospect_02,5.0,3
2025-08-06,Meta,fb_prospect_02,10.0,6
2025-08-06,Meta,fb_prospect_02,20.0,1
2025-08-06,Meta,fb_prospect_02,40.0,1
2025-08-06,Meta,fb_prospect_02,63.0,2
2025-08-06,Google App Campaigns,goog_ac_01,,7
2025-08-06,Google App Campaigns,goog_ac_02,0.0,3
2025-08-06,Google App Campaigns,goog_ac_02,5.0,4
2025-08-06,Google App Campaigns,goog_ac_02,10.0,2
2025-08-06,Google App Campaigns,goog_ac_02,20.0,1
2025-08-06,Google Brand Search,goog_brand_01,0.0,3
2025-08-06,Google Brand Search,goog_brand_01,5.0,3
2025-08-06,Google Brand Search,goog_brand_01,10.0,5
2025-08-06,Google Brand Search,goog_brand_01,20.0,2
2025-08-06,Google Brand Search,goog_brand_01,40.0,1
2025-08-06,Google Brand Search,goog_brand_01,63.0,3
2025-08-06,Google Non-Brand Search,goog_search_01,0.0,1
2025-08-06,Google Non-Brand Search,goog_search_01,5.0,5
2025-08-06,Google Non-Brand Search,goog_search_01,10.0,1
2025-08-06,Google Non-Brand Search,goog_search_01,20.0,4
2025-08-06,Google Non-Brand Search,goog_search_01,63.0,2
2025-08-06,TikTok,tiktok_upper_01,,9
2025-08-06,TikTok,tiktok_upper_02,,4
2025-08-07,Meta,fb_prospect_01,,9
2025-08-07,Meta,fb_prospect_02,0.0,6
2025-08-07,Meta,fb_prospect_02,5.0,9
2025-08-07,Meta,fb_prospect_02,10.0,3
2025-08-07,Meta,fb_prospect_02,20.0,3
2025-08-07,Google App Campaigns,goog_ac_01,,9
2025-08-07,Google App Campaigns,goog_ac_02,,9
2025-08-07,Google Brand Search,goog_brand_01,0.0,3
2025-08-07,Google Brand Search,goog_brand_01,5.0,1
2025-08-07,Google Brand Search,goog_brand_01,10.0,5
2025-08-07,Google Brand Search,goog_brand_01,20.0,2
2025-08-07,Google Brand Search,goog_brand_01,40.0,2
2025-08-07,Google Brand Search,goog_brand_01,63.0,1
2025-08-07,Google Non-Brand Search,goog_search_01,0.0,2
2025-08-07,Google Non-Brand Search,goog_search_01,5.0,3
2025-08-07,Google Non-Brand Search,goog_search_01,10.0,2
2025-08-07,Google Non-Brand Search,goog_search_01,20.0,2
2025-08-07,Google Non-Brand Search,goog_search_01,40.0,1
2025-08-07,TikTok,tiktok_upper_01,,6
2025-08-07,TikTok,tiktok_upper_02,0.0,5
2025-08-07,TikTok,tiktok_upper_02,5.0,3
2025-08-07,TikTok,tiktok_upper_02,10.0,1
2025-08-07,TikTok,tiktok_upper_02,63.0,1
2025-08-08,Meta,fb_prospect_01,0.0,3
2025-08-08,Meta,fb_prospect_01,5.0,4
2025-08-08,Meta,fb_prospect_01,10.0,3
2025-08-08,Meta,fb_prospect_01,20.0,1
2025-08-08,Meta,fb_prospect_01,63.0,2
2025-08-08,Meta,fb_prospect_02,0.0,7
2025-08-08,Meta,fb_prospect_02,5.0,7
2025-08-08,Meta,fb_prospect_02,10.0,2
2025-08-08,Meta,fb_prospect_02,20.0,4
2025-08-08,Meta,fb_prospect_02,63.0,1
2025-08-08,Google App Campaigns,goog_ac_01,5.0,4
2025-08-08,Google App Campaigns,goog_ac_01,10.0,5
2025-08-08,Google App Campaigns,goog_ac_01,20.0,3
2025-08-08,Google App Campaigns,goog_ac_02,,9
2025-08-08,Google Brand Search,goog_brand_01,0.0,2
2025-08-08,Google Brand Search,goog_brand_01,5.0,3
2025-08-08,Google Brand Search,goog_brand_01,10.0,4
2025-08-08,Google Brand Search,goog_brand_01,20.0,4
2025-08-08,Google Non-Brand Search,goog_search_01,0.0,3
2025-08-08,Google Non-Brand Search,goog_search_01,5.0,2
2025-08-08,Google Non-Brand Search,goog_search_01,10.0,6
2025-08-08,Google Non-Brand Search,goog_search_01,63.0,1
2025-08-08,TikTok,tiktok_upper_01,0.0,4
2025-08-08,TikTok,tiktok_upper_01,5.0,8
2025-08-08,TikTok,tiktok_upper_01,20.0,1
2025-08-08,TikTok,tiktok_upper_02,,7
2025-08-09,Meta,fb_prospect_01,0.0,3
2025-08-09,Meta,fb_prospect_01,5.0,5
2025-08-09,Meta,fb_prospect_01,10.0,6
2025-08-09,Meta,fb_prospect_01,20.0,5
2025-08-09,Meta,fb_prospect_01,40.0,2
2025-08-09,Meta,fb_prospect_02,0.0,8
2025-08-09,Meta,fb_prospect_02,5.0,6
2025-08-09,Meta,fb_prospect_02,10.0,3
2025-08-09,Meta,fb_prospect_02,20.0,3
2025-08-09,Meta,fb_prospect_02,40.0,1
2025-08-09,Google App Campaigns,goog_ac_01,0.0,3
2025-08-09,Google App Campaigns,goog_ac_01,5.0,6
2025-08-09,Google App Campaigns,goog_ac_01,10.0,3
2025-08-09,Google App Campaigns,goog_ac_02,0.0,2
2025-08-09,Google App Campaigns,goog_ac_02,5.0,3
2025-08-09,Google App Campaigns,goog_ac_02,10.0,3
2025-08-09,Google App Campaigns,goog_ac_02,20.0,2
2025-08-09,Google Brand Search,goog_brand_01,0.0,8
2025-08-09,Google Brand Search,goog_brand_01,5.0,4
2025-08-09,Google Brand Search,goog_brand_01,10.0,6
2025-08-09,Google Brand Search,goog_brand_01,63.0,2
2025-08-09,Google Non-Brand Search,goog_search_01,5.0,4
2025-08-09,Google Non-Brand Search,goog_search_01,10.0,4
2025-08-09,Google Non-Brand Search,goog_search_01,20.0,2
2025-08-09,Google Non-Brand Search,goog_search_01,63.0,3
2025-08-09,TikTok,tiktok_upper_01,0.0,5
2025-08-09,TikTok,tiktok_upper_01,5.0,6
2025-08-09,TikTok,tiktok_upper_01,20.0,1
2025-08-09,TikTok,tiktok_upper_02,,9
2025-08-10,Meta,fb_prospect_01,0.0,7
2025-08-10,Meta,fb_prospect_01,5.0,6
2025-08-10,Meta,fb_prospect_01,10.0,6
2025-08-10,Meta,fb_prospect_01,20.0,3
2025-08-10,Meta,fb_prospect_01,40.0,1
2025-08-10,Meta,fb_prospect_02,0.0,6
2025-08-10,Meta,fb_prospect_02,5.0,12
2025-08-10,Meta,fb_prospect_02,10.0,3
2025-08-10,Meta,fb_prospect_02,40.0,2
2025-08-10,Meta,fb_prospect_02,63.0,1
2025-08-10,Google App Campaigns,goog_ac_01,0.0,3
2025-08-10,Google App Campaigns,goog_ac_01,5.0,4
2025-08-10,Google App Campaigns,goog_ac_01,10.0,2
2025-08-10,Google App Campaigns,goog_ac_01,20.0,2
2025-08-10,Google App Campaigns,goog_ac_01,63.0,1
2025-08-10,Google App Campaigns,goog_ac_02,0.0,4
2025-08-10,Google App Campaigns,goog_ac_02,5.0,6
2025-08-10,Google App Campaigns,goog_ac_02,10.0,2
2025-08-10,Google App Campaigns,goog_ac_02,20.0,1
2025-08-10,Google App Campaigns,goog_ac_02,40.0,1
2025-08-10,Google Brand Search,goog_brand_01,0.0,2
2025-08-10,Google Brand Search,goog_brand_01,5.0,4
2025-08-10,Google Brand Search,goog_brand_01,10.0,7
2025-08-10,Google Brand Search,goog_brand_01,20.0,2
2025-08-10,Google Brand Search,goog_brand_01,40.0,2
2025-08-10,Google Non-Brand Search,goog_search_01,0.0,3
2025-08-10,Google Non-Brand Search,goog_search_01,5.0,3
2025-08-10,Google Non-Brand Search,goog_search_01,10.0,5
2025-08-10,Google Non-Brand Search,goog_search_01,20.0,7
2025-08-10,Google Non-Brand Search,goog_search_01,63.0,3
2025-08-10,TikTok,tiktok_upper_01,,6
2025-08-10,TikTok,tiktok_upper_02,,7
2025-08-11,Meta,fb_prospect_01,0.0,4
2025-08-11,Meta,fb_prospect_01,5.0,2
2025-08-11,Meta,fb_prospect_01,10.0,5
2025-08-11,Meta,fb_prospect_01,20.0,2
2025-08-11,Meta,fb_prospect_01,40.0,1
2025-08-11,Meta,fb_prospect_02,0.0,3
2025-08-11,Meta,fb_prospect_02,5.0,3
2025-08-11,Meta,fb_prospect_02,10.0,5
2025-08-11,Meta,fb_prospect_02,20.0,1
2025-08-11,Meta,fb_prospect_02,40.0,1
2025-08-11,Meta,fb_prospect_02,63.0,1
2025-08-11,Google App Campaigns,goog_ac_01,0.0,3
2025-08-11,Google App Campaigns,goog_ac_01,5.0,2
2025-08-11,Google App Campaigns,goog_ac_01,10.0,3
2025-08-11,Google App Campaigns,goog_ac_01,20.0,2
2025-08-11,Google App Campaigns,goog_ac_02,,9
2025-08-11,Google Brand Search,goog_brand_01,0.0,5
2025-08-11,Google Brand Search,goog_brand_01,5.0,4
2025-08-11,Google Brand Search,goog_brand_01,10.0,6
2025-08-11,Google Brand Search,goog_brand_01,20.0,5
2025-08-11,Google Brand Search,goog_brand_01,40.0,1
2025-08-11,Google Brand Search,goog_brand_01,63.0,1
2025-08-11,Google Non-Brand Search,goog_search_01,0.0,4
2025-08-11,Google Non-Brand Search,goog_search_01,5.0,4
2025-08-11,Google Non-Brand Search,goog_search_01,10.0,2
2025-08-11,Google Non-Brand Search,goog_search_01,20.0,4
2025-08-11,Google Non-Brand Search,goog_search_01,40.0,1
2025-08-11,TikTok,tiktok_upper_01,0.0,8
2025-08-11,TikTok,tiktok_upper_01,5.0,1
2025-08-11,TikTok,tiktok_upper_01,10.0,2
2025-08-11,TikTok,tiktok_upper_02,0.0,6
2025-08-11,TikTok,tiktok_upper_02,5.0,8
2025-08-11,TikTok,tiktok_upper_02,10.0,2
2025-08-12,Meta,fb_prospect_01,0.0,3
2025-08-12,Meta,fb_prospect_01,5.0,5
2025-08-12,Meta,fb_prospect_01,10.0,2
2025-08-12,Meta,fb_prospect_01,20.0,4
2025-08-12,Meta,fb_prospect_01,40.0,1
2025-08-12,Meta,fb_prospect_01,63.0,1
2025-08-12,Meta,fb_prospect_02,0.0,5
2025-08-12,Meta,fb_prospect_02,5.0,2
2025-08-12,Meta,fb_prospect_02,10.0,5
2025-08-12,Meta,fb_prospect_02,20.0,2
2025-08-12,Meta,fb_prospect_02,63.0,1
2025-08-12,Google App Campaigns,goog_ac_01,,8
2025-08-12,Google App Campaigns,goog_ac_02,,7
2025-08-12,Google Brand Search,goog_brand_01,0.0,4
2025-08-12,Google Brand Search,goog_brand_01,5.0,3
2025-08-12,Google Brand Search,goog_brand_01,10.0,3
2025-08-12,Google Brand Search,goog_brand_01,20.0,1
2025-08-12,Google Brand Search,goog_brand_01,40.0,1
2025-08-12,Google Brand Search,goog_brand_01,63.0,1
2025-08-12,Google Non-Brand Search,goog_search_01,0.0,4
2025-08-12,Google Non-Brand Search,goog_search_01,5.0,3
2025-08-12,Google Non-Brand Search,goog_search_01,10.0,1
2025-08-12,Google Non-Brand Search,goog_search_01,20.0,4
2025-08-12,Google Non-Brand Search,goog_search_01,40.0,1
2025-08-12,Google Non-Brand Search,goog_search_01,63.0,1
2025-08-12,TikTok,tiktok_upper_01,,5
2025-08-12,TikTok,tiktok_upper_02,,7
2025-08-13,Meta,fb_prospect_01,0.0,4
2025-08-13,Meta,fb_prospect_01,5.0,3
2025-08-13,Meta,fb_prospect_01,10.0,4
2025-08-13,Meta,fb_prospect_01,20.0,1
2025-08-13,Meta,fb_prospect_01,40.0,1
2025-08-13,Meta,fb_prospect_01,63.0,2
2025-08-13,Meta,fb_prospect_02,0.0,2
2025-08-13,Meta,fb_prospect_02,5.0,5
2025-08-13,Meta,fb_prospect_02,10.0,2
2025-08-13,Meta,fb_prospect_02,20.0,2
2025-08-13,Google App Campaigns,goog_ac_01,0.0,2
2025-08-13,Google App Campaigns,goog_ac_01,5.0,4
2025-08-13,Google App Campaigns,goog_ac_01,10.0,3
2025-08-13,Google App Campaigns,goog_ac_01,20.0,1
2025-08-13,Google App Campaigns,goog_ac_02,,6
2025-08-13,Google Brand Search,goog_brand_01,0.0,2
2025-08-13,Google Brand Search,goog_brand_01,5.0,2
2025-08-13,Google Brand Search,goog_brand_01,10.0,3
2025-08-13,Google Brand Search,goog_brand_01,20.0,3
2025-08-13,Google Non-Brand Search,goog_search_01,0.0,2
2025-08-13,Google Non-Brand Search,goog_search_01,5.0,2
2025-08-13,Google Non-Brand Search,goog_search_01,10.0,3
2025-08-13,Google Non-Brand Search,goog_search_01,20.0,5
2025-08-13,TikTok,tiktok_upper_01,,7
2025-08-13,TikTok,tiktok_upper_02,,9
2025-08-14,Meta,fb_prospect_01,,9
2025-08-14,Meta,fb_prospect_02,0.0,7
2025-08-14,Meta,fb_prospect_02,5.0,2
2025-08-14,Meta,fb_prospect_02,10.0,3
2025-08-14,Meta,fb_prospect_02,40.0,1
2025-08-14,Google App Campaigns,goog_ac_01,0.0,4
2025-08-14,Google App Campaigns,goog_ac_01,5.0,2
2025-08-14,Google App Campaigns,goog_ac_01,10.0,3
2025-08-14,Google App Campaigns,goog_ac_01,20.0,1
2025-08-14,Google App Campaigns,goog_ac_01,40.0,1
2025-08-14,Google App Campaigns,goog_ac_02,,6
2025-08-14,Google Brand Search,goog_brand_01,0.0,3
2025-08-14,Google Brand Search,goog_brand_01,5.0,6
2025-08-14,Google Brand Search,goog_brand_01,10.0,4
2025-08-14,Google Brand Search,goog_brand_01,20.0,3
2025-08-14,Google Brand Search,goog_brand_01,63.0,1
2025-08-14,Google Non-Brand Search,goog_search_01,0.0,6
2025-08-14,Google Non-Brand Search,goog_search_01,5.0,2
2025-08-14,Google Non-Brand Search,goog_search_01,10.0,4
2025-08-14,Google Non-Brand Search,goog_search_01,40.0,2
2025-08-14,TikTok,tiktok_upper_01,,9
2025-08-14,TikTok,tiktok_upper_02,,7
2025-08-15,Meta,fb_prospect_01,0.0,8
2025-08-15,Meta,fb_prospect_01,5.0,2
2025-08-15,Meta,fb_prospect_01,10.0,2
2025-08-15,Meta,fb_prospect_01,20.0,3
2025-08-15,Meta,fb_prospect_01,63.0,1
2025-08-15,Meta,fb_prospect_02,0.0,6
2025-08-15,Meta,fb_prospect_02,5.0,5
2025-08-15,Meta,fb_prospect_02,10.0,7
2025-08-15,Meta,fb_prospect_02,20.0,2
2025-08-15,Meta,fb_prospect_02,40.0,1
2025-08-15,Google App Campaigns,goog_ac_01,0.0,6
2025-08-15,Google App Campaigns,goog_ac_01,5.0,1
2025-08-15,Google App Campaigns,goog_ac_01,10.0,1
2025-08-15,Google App Campaigns,goog_ac_01,20.0,1
2025-08-15,Google App Campaigns,goog_ac_01,63.0,1
2025-08-15,Google App Campaigns,goog_ac_02,,8
2025-08-15,Google Brand Search,goog_brand_01,0.0,2
2025-08-15,Google Brand Search,goog_brand_01,5.0,5
2025-08-15,Google Brand Search,goog_brand_01,10.0,4
2025-08-15,Google Brand Search,goog_brand_01,20.0,3
2025-08-15,Google Brand Search,goog_brand_01,40.0,1
2025-08-15,Google Brand Search,goog_brand_01,63.0,3
2025-08-15,Google Non-Brand Search,goog_search_01,0.0,5
2025-08-15,Google Non-Brand Search,goog_search_01,5.0,3
2025-08-15,Google Non-Brand Search,goog_search_01,10.0,3
2025-08-15,Google Non-Brand Search,goog_search_01,20.0,1
2025-08-15,Google Non-Brand Search,goog_search_01,40.0,4
2025-08-15,Google Non-Brand Search,goog_search_01,63.0,1
2025-08-15,TikTok,tiktok_upper_01,,9
2025-08-15,TikTok,tiktok_upper_02,,6
2025-08-16,Meta,fb_prospect_01,0.0,6
2025-08-16,Meta,fb_prospect_01,5.0,3
2025-08-16,Meta,fb_prospect_01,10.0,9
2025-08-16,Meta,fb_prospect_01,20.0,4
2025-08-16,Meta,fb_prospect_02,0.0,4
2025-08-16,Meta,fb_prospect_02,5.0,6
2025-08-16,Meta,fb_prospect_02,10.0,7
2025-08-16,Meta,fb_prospect_02,20.0,2
2025-08-16,Meta,fb_prospect_02,40.0,2
2025-08-16,Google App Campaigns,goog_ac_01,0.0,5
2025-08-16,Google App Campaigns,goog_ac_01,5.0,3
2025-08-16,Google App Campaigns,goog_ac_01,10.0,5
2025-08-16,Google App Campaigns,goog_ac_01,40.0,1
2025-08-16,Google App Campaigns,goog_ac_02,0.0,3
2025-08-16,Google App Campaigns,goog_ac_02,5.0,4
2025-08-16,Google App Campaigns,goog_ac_02,20.0,1
2025-08-16,Google App Campaigns,goog_ac_02,40.0,1
2025-08-16,Google App Campaigns,goog_ac_02,63.0,1
2025-08-16,Google Brand Search,goog_brand_01,0.0,3
2025-08-16,Google Brand Search,goog_brand_01,5.0,4
2025-08-16,Google Brand Search,goog_brand_01,10.0,8
2025-08-16,Google Brand Search,goog_brand_01,20.0,2
2025-08-16,Google Brand Search,goog_brand_01,40.0,2
2025-08-16,Google Brand Search,goog_brand_01,63.0,4
2025-08-16,Google Non-Brand Search,goog_search_01,0.0,7
2025-08-16,Google Non-Brand Search,goog_search_01,5.0,3
2025-08-16,Google Non-Brand Search,goog_search_01,10.0,3
2025-08-16,Google Non-Brand Search,goog_search_01,20.0,1
2025-08-16,Google Non-Brand Search,goog_search_01,40.0,3
2025-08-16,Google Non-Brand Search,goog_search_01,63.0,1
2025-08-16,TikTok,tiktok_upper_01,,8
2025-08-16,TikTok,tiktok_upper_02,,9
2025-08-17,Meta,fb_prospect_01,0.0,6
2025-08-17,Meta,fb_prospect_01,5.0,2
2025-08-17,Meta,fb_prospect_01,10.0,5
2025-08-17,Meta,fb_prospect_01,20.0,3
2025-08-17,Meta,fb_prospect_01,40.0,1
2025-08-17,Meta,fb_prospect_02,0.0,5
2025-08-17,Meta,fb_prospect_02,5.0,7
2025-08-17,Meta,fb_prospect_02,10.0,5
2025-08-17,Meta,fb_prospect_02,20.0,1
2025-08-17,Meta,fb_prospect_02,63.0,1
2025-08-17,Google App Campaigns,goog_ac_01,0.0,3
2025-08-17,Google App Campaigns,goog_ac_01,5.0,1
2025-08-17,Google App Campaigns,goog_ac_01,10.0,4
2025-08-17,Google App Campaigns,goog_ac_01,20.0,2
2025-08-17,Google App Campaigns,goog_ac_01,40.0,1
2025-08-17,Google App Campaigns,goog_ac_02,0.0,5
2025-08-17,Google App Campaigns,goog_ac_02,5.0,1
2025-08-17,Google App Campaigns,goog_ac_02,10.0,3
2025-08-17,Google App Campaigns,goog_ac_02,20.0,1
2025-08-17,Google App Campaigns,goog_ac_02,40.0,1
2025-08-17,Google Brand Search,goog_brand_01,0.0,4
2025-08-17,Google Brand Search,goog_brand_01,5.0,3
2025-08-17,Google Brand Search,goog_brand_01,10.0,3
2025-08-17,Google Brand Search,goog_brand_01,20.0,3
2025-08-17,Google Brand Search,goog_brand_01,63.0,3
2025-08-17,Google Non-Brand Search,goog_search_01,5.0,7
2025-08-17,Google Non-Brand Search,goog_search_01,10.0,1
2025-08-17,Google Non-Brand Search,goog_search_01,20.0,5
2025-08-17,Google Non-Brand Search,goog_search_01,40.0,2
2025-08-17,Google Non-Brand Search,goog_search_01,63.0,1
2025-08-17,TikTok,tiktok_upper_01,0.0,6
2025-08-17,TikTok,tiktok_upper_01,5.0,3
2025-08-17,TikTok,tiktok_upper_01,10.0,2
2025-08-17,TikTok,tiktok_upper_01,20.0,1
2025-08-17,TikTok,tiktok_upper_02,,7
2025-08-18,Meta,fb_prospect_01,0.0,7
2025-08-18,Meta,fb_prospect_01,5.0,2
2025-08-18,Meta,fb_prospect_01,10.0,5
2025-08-18,Meta,fb_prospect_01,20.0,3
2025-08-18,Meta,fb_prospect_01,40.0,1
2025-08-18,Meta,fb_prospect_01,63.0,2
2025-08-18,Meta,fb_prospect_02,0.0,6
2025-08-18,Meta,fb_prospect_02,5.0,2
2025-08-18,Meta,fb_prospect_02,10.0,6
2025-08-18,Meta,fb_prospect_02,20.0,1
2025-08-18,Meta,fb_prospect_02,40.0,2
2025-08-18,Meta,fb_prospect_02,63.0,2
2025-08-18,Google App Campaigns,goog_ac_01,0.0,1
2025-08-18,Google App Campaigns,goog_ac_01,5.0,6
2025-08-18,Google App Campaigns,goog_ac_01,10.0,2
2025-08-18,Google App Campaigns,goog_ac_01,20.0,1
2025-08-18,Google App Campaigns,goog_ac_02,,4
2025-08-18,Google Brand Search,goog_brand_01,0.0,5
2025-08-18,Google Brand Search,goog_brand_01,5.0,1
2025-08-18,Google Brand Search,goog_brand_01,10.0,6
2025-08-18,Google Brand Search,goog_brand_01,20.0,1
2025-08-18,Google Brand Search,goog_brand_01,40.0,1
2025-08-18,Google Non-Brand Search,goog_search_01,0.0,7
2025-08-18,Google Non-Brand Search,goog_search_01,5.0,2
2025-08-18,Google Non-Brand Search,goog_search_01,10.0,4
2025-08-18,Google Non-Brand Search,goog_search_01,20.0,6
2025-08-18,TikTok,tiktok_upper_01,0.0,6
2025-08-18,TikTok,tiktok_upper_01,5.0,4
2025-08-18,TikTok,tiktok_upper_01,10.0,3
2025-08-18,TikTok,tiktok_upper_02,,8
2025-08-19,Meta,fb_prospect_01,0.0,6
2025-08-19,Meta,fb_prospect_01,5.0,2
2025-08-19,Meta,fb_prospect_01,10.0,2
2025-08-19,Meta,fb_prospect_01,20.0,4
2025-08-19,Meta,fb_prospect_01,40.0,1
2025-08-19,Meta,fb_prospect_02,0.0,4
2025-08-19,Meta,fb_prospect_02,5.0,3
2025-08-19,Meta,fb_prospect_02,10.0,5
2025-08-19,Meta,fb_prospect_02,20.0,2
2025-08-19,Meta,fb_prospect_02,40.0,1
2025-08-19,Google App Campaigns,goog_ac_01,0.0,4
2025-08-19,Google App Campaigns,goog_ac_01,5.0,2
2025-08-19,Google App Campaigns,goog_ac_01,20.0,1
2025-08-19,Google App Campaigns,goog_ac_01,40.0,2
2025-08-19,Google App Campaigns,goog_ac_01,63.0,1
2025-08-19,Google App Campaigns,goog_ac_02,0.0,2
2025-08-19,Google App Campaigns,goog_ac_02,5.0,3
2025-08-19,Google App Campaigns,goog_ac_02,10.0,1
2025-08-19,Google App Campaigns,goog_ac_02,20.0,2
2025-08-19,Google App Campaigns,goog_ac_02,63.0,3
2025-08-19,Google Brand Search,goog_brand_01,0.0,4
2025-08-19,Google Brand Search,goog_brand_01,5.0,1
2025-08-19,Google Brand Search,goog_brand_01,10.0,3
2025-08-19,Google Brand Search,goog_brand_01,20.0,2
2025-08-19,Google Brand Search,goog_brand_01,40.0,2
2025-08-19,Google Non-Brand Search,goog_search_01,0.0,5
2025-08-19,Google Non-Brand Search,goog_search_01,5.0,6
2025-08-19,Google Non-Brand Search,goog_search_01,10.0,3
2025-08-19,Google Non-Brand Search,goog_search_01,20.0,1
2025-08-19,Google Non-Brand Search,goog_search_01,40.0,2
2025-08-19,Google Non-Brand Search,goog_search_01,63.0,2
2025-08-19,TikTok,tiktok_upper_01,0.0,4
2025-08-19,TikTok,tiktok_upper_01,5.0,6
2025-08-19,TikTok,tiktok_upper_02,,8
2025-08-20,Meta,fb_prospect_01,0.0,5
2025-08-20,Meta,fb_prospect_01,10.0,6
2025-08-20,Meta,fb_prospect_01,40.0,1
2025-08-20,Meta,fb_prospect_02,0.0,2
2025-08-20,Meta,fb_prospect_02,5.0,7
2025-08-20,Meta,fb_prospect_02,10.0,1
2025-08-20,Meta,fb_prospect_02,20.0,1
2025-08-20,Google App Campaigns,goog_ac_01,,4
2025-08-20,Google App Campaigns,goog_ac_02,,8
2025-08-20,Google Brand Search,goog_brand_01,0.0,4
2025-08-20,Google Brand Search,goog_brand_01,5.0,2
2025-08-20,Google Brand Search,goog_brand_01,10.0,1
2025-08-20,Google Brand Search,goog_brand_01,20.0,3
2025-08-20,Google Brand Search,goog_brand_01,63.0,2
2025-08-20,Google Non-Brand Search,goog_search_01,0.0,3
2025-08-20,Google Non-Brand Search,goog_search_01,5.0,5
2025-08-20,Google Non-Brand Search,goog_search_01,10.0,3
2025-08-20,Google Non-Brand Search,goog_search_01,20.0,2
2025-08-20,Google Non-Brand Search,goog_search_01,63.0,1
2025-08-20,TikTok,tiktok_upper_01,,8
2025-08-20,TikTok,tiktok_upper_02,0.0,7
2025-08-20,TikTok,tiktok_upper_02,5.0,4
2025-08-21,Meta,fb_prospect_01,0.0,5
2025-08-21,Meta,fb_prospect_01,5.0,3
2025-08-21,Meta,fb_prospect_01,10.0,4
2025-08-21,Meta,fb_prospect_01,20.0,3
2025-08-21,Meta,fb_prospect_01,63.0,1
2025-08-21,Meta,fb_prospect_02,0.0,6
2025-08-21,Meta,fb_prospect_02,5.0,8
2025-08-21,Meta,fb_prospect_02,10.0,3
2025-08-21,Meta,fb_prospect_02,20.0,2
2025-08-21,Meta,fb_prospect_02,63.0,1
2025-08-21,Google App Campaigns,goog_ac_01,,8
2025-08-21,Google App Campaigns,goog_ac_02,,7
2025-08-21,Google Brand Search,goog_brand_01,0.0,1
2025-08-21,Google Brand Search,goog_brand_01,5.0,6
2025-08-21,Google Brand Search,goog_brand_01,10.0,2
2025-08-21,Google Brand Search,goog_brand_01,40.0,1
2025-08-21,Google Non-Brand Search,goog_search_01,0.0,4
2025-08-21,Google Non-Brand Search,goog_search_01,5.0,2
2025-08-21,Google Non-Brand Search,goog_search_01,10.0,1
2025-08-21,Google Non-Brand Search,goog_search_01,20.0,2
2025-08-21,Google Non-Brand Search,goog_search_01,40.0,3
2025-08-21,Google Non-Brand Search,goog_search_01,63.0,1
2025-08-21,TikTok,tiktok_upper_01,,3
2025-08-21,TikTok,tiktok_upper_02,,5
2025-08-22,Meta,fb_prospect_01,0.0,4
2025-08-22,Meta,fb_prospect_01,5.0,4
2025-08-22,Meta,fb_prospect_01,10.0,8
2025-08-22,Meta,fb_prospect_01,40.0,1
2025-08-22,Meta,fb_prospect_02,0.0,8
2025-08-22,Meta,fb_prospect_02,5.0,7
2025-08-22,Meta,fb_prospect_02,10.0,2
2025-08-22,Meta,fb_prospect_02,20.0,1
2025-08-22,Meta,fb_prospect_02,40.0,1
2025-08-22,Google App Campaigns,goog_ac_01,0.0,5
2025-08-22,Google App Campaigns,goog_ac_01,5.0,3
2025-08-22,Google App Campaigns,goog_ac_01,20.0,2
2025-08-22,Google App Campaigns,goog_ac_01,63.0,1
2025-08-22,Google App Campaigns,goog_ac_02,,6
2025-08-22,Google Brand Search,goog_brand_01,0.0,2
2025-08-22,Google Brand Search,goog_brand_01,5.0,5
2025-08-22,Google Brand Search,goog_brand_01,10.0,4
2025-08-22,Google Brand Search,goog_brand_01,20.0,3
2025-08-22,Google Brand Search,goog_brand_01,40.0,1
2025-08-22,Google Non-Brand Search,goog_search_01,0.0,1
2025-08-22,Google Non-Brand Search,goog_search_01,5.0,5
2025-08-22,Google Non-Brand Search,goog_search_01,10.0,6
2025-08-22,Google Non-Brand Search,goog_search_01,20.0,3
2025-08-22,Google Non-Brand Search,goog_search_01,40.0,1
2025-08-22,TikTok,tiktok_upper_01,,7
2025-08-22,TikTok,tiktok_upper_02,,8
2025-08-23,Meta,fb_prospect_01,0.0,4
2025-08-23,Meta,fb_prospect_01,5.0,6
2025-08-23,Meta,fb_prospect_01,10.0,9
2025-08-23,Meta,fb_prospect_02,0.0,6
2025-08-23,Meta,fb_prospect_02,5.0,5
2025-08-23,Meta,fb_prospect_02,10.0,5
2025-08-23,Meta,fb_prospect_02,20.0,2
2025-08-23,Meta,fb_prospect_02,40.0,1
2025-08-23,Google App Campaigns,goog_ac_01,,4
2025-08-23,Google App Campaigns,goog_ac_02,,8
2025-08-23,Google Brand Search,goog_brand_01,0.0,5
2025-08-23,Google Brand Search,goog_brand_01,5.0,4
2025-08-23,Google Brand Search,goog_brand_01,10.0,6
2025-08-23,Google Brand Search,goog_brand_01,20.0,4
2025-08-23,Google Brand Search,goog_brand_01,40.0,2
2025-08-23,Google Non-Brand Search,goog_search_01,0.0,2
2025-08-23,Google Non-Brand Search,goog_search_01,5.0,4
2025-08-23,Google Non-Brand Search,goog_search_01,10.0,4
2025-08-23,Google Non-Brand Search,goog_search_01,20.0,3
2025-08-23,Google Non-Brand Search,goog_search_01,63.0,2
2025-08-23,TikTok,tiktok_upper_01,,7
2025-08-23,TikTok,tiktok_upper_02,,8
2025-08-24,Meta,fb_prospect_01,0.0,3
2025-08-24,Meta,fb_prospect_01,5.0,8
2025-08-24,Meta,fb_prospect_01,10.0,7
2025-08-24,Meta,fb_prospect_01,20.0,3
2025-08-24,Meta,fb_prospect_01,40.0,1
2025-08-24,Meta,fb_prospect_01,63.0,1
2025-08-24,Meta,fb_prospect_02,0.0,6
2025-08-24,Meta,fb_prospect_02,5.0,6
2025-08-24,Meta,fb_prospect_02,10.0,5
2025-08-24,Meta,fb_prospect_02,20.0,2
2025-08-24,Meta,fb_prospect_02,40.0,1
2025-08-24,Meta,fb_prospect_02,63.0,1
2025-08-24,Google App Campaigns,goog_ac_01,0.0,3
2025-08-24,Google App Campaigns,goog_ac_01,5.0,2
2025-08-24,Google App Campaigns,goog_ac_01,10.0,8
2025-08-24,Google App Campaigns,goog_ac_01,20.0,1
2025-08-24,Google App Campaigns,goog_ac_01,40.0,1
2025-08-24,Google App Campaigns,goog_ac_02,5.0,6
2025-08-24,Google App Campaigns,goog_ac_02,10.0,1
2025-08-24,Google App Campaigns,goog_ac_02,20.0,2
2025-08-24,Google App Campaigns,goog_ac_02,40.0,1
2025-08-24,Google App Campaigns,goog_ac_02,63.0,1
2025-08-24,Google Brand Search,goog_brand_01,0.0,3
2025-08-24,Google Brand Search,goog_brand_01,5.0,4
2025-08-24,Google Brand Search,goog_brand_01,10.0,3
2025-08-24,Google Brand Search,goog_brand_01,20.0,2
2025-08-24,Google Brand Search,goog_brand_01,40.0,2
2025-08-24,Google Non-Brand Search,goog_search_01,0.0,3
2025-08-24,Google Non-Brand Search,goog_search_01,5.0,6
2025-08-24,Google Non-Brand Search,goog_search_01,10.0,3
2025-08-24,Google Non-Brand Search,goog_search_01,20.0,7
2025-08-24,Google Non-Brand Search,goog_search_01,40.0,2
2025-08-24,TikTok,tiktok_upper_01,0.0,9
2025-08-24,TikTok,tiktok_upper_01,5.0,5
2025-08-24,TikTok,tiktok_upper_01,10.0,2
2025-08-24,TikTok,tiktok_upper_02,0.0,8
2025-08-24,TikTok,tiktok_upper_02,5.0,4
2025-08-24,TikTok,tiktok_upper_02,10.0,2
2025-08-25,Meta,fb_prospect_01,0.0,13
2025-08-25,Meta,fb_prospect_01,5.0,6
2025-08-25,Meta,fb_prospect_01,10.0,7
2025-08-25,Meta,fb_prospect_01,20.0,1
2025-08-25,Meta,fb_prospect_01,40.0,1
2025-08-25,Meta,fb_prospect_01,63.0,1
2025-08-25,Meta,fb_prospect_02,0.0,4
2025-08-25,Meta,fb_prospect_02,5.0,5
2025-08-25,Meta,fb_prospect_02,10.0,5
2025-08-25,Meta,fb_prospect_02,20.0,1
2025-08-25,Meta,fb_prospect_02,40.0,1
2025-08-25,Meta,fb_prospect_02,63.0,2
2025-08-25,Google App Campaigns,goog_ac_01,0.0,4
2025-08-25,Google App Campaigns,goog_ac_01,5.0,5
2025-08-25,Google App Campaigns,goog_ac_01,10.0,2
2025-08-25,Google App Campaigns,goog_ac_01,40.0,1
2025-08-25,Google App Campaigns,goog_ac_02,0.0,4
2025-08-25,Google App Campaigns,goog_ac_02,5.0,6
2025-08-25,Google App Campaigns,goog_ac_02,10.0,2
2025-08-25,Google Brand Search,goog_brand_01,0.0,1
2025-08-25,Google Brand Search,goog_brand_01,5.0,7
2025-08-25,Google Brand Search,goog_brand_01,10.0,1
2025-08-25,Google Brand Search,goog_brand_01,20.0,3
2025-08-25,Google Brand Search,goog_brand_01,40.0,1
2025-08-25,Google Brand Search,goog_brand_01,63.0,3
2025-08-25,Google Non-Brand Search,goog_search_01,0.0,2
2025-08-25,Google Non-Brand Search,goog_search_01,5.0,5
2025-08-25,Google Non-Brand Search,goog_search_01,10.0,5
2025-08-25,Google Non-Brand Search,goog_search_01,20.0,1
2025-08-25,Google Non-Brand Search,goog_search_01,40.0,2
2025-08-25,TikTok,tiktok_upper_01,,9
2025-08-25,TikTok,tiktok_upper_02,0.0,2
2025-08-25,TikTok,tiktok_upper_02,5.0,5
2025-08-25,TikTok,tiktok_upper_02,10.0,1
2025-08-25,TikTok,tiktok_upper_02,20.0,2
2025-08-25,TikTok,tiktok_upper_02,63.0,1
2025-08-26,Meta,fb_prospect_01,0.0,10
2025-08-26,Meta,fb_prospect_01,5.0,2
2025-08-26,Meta,fb_prospect_01,10.0,4
2025-08-26,Meta,fb_prospect_01,20.0,2
2025-08-26,Meta,fb_prospect_01,63.0,1
2025-08-26,Meta,fb_prospect_02,0.0,7
2025-08-26,Meta,fb_prospect_02,5.0,2
2025-08-26,Meta,fb_prospect_02,10.0,5
2025-08-26,Meta,fb_prospect_02,20.0,2
2025-08-26,Meta,fb_prospect_02,63.0,1
2025-08-26,Google App Campaigns,goog_ac_01,0.0,4
2025-08-26,Google App Campaigns,goog_ac_01,5.0,4
2025-08-26,Google App Campaigns,goog_ac_01,10.0,3
2025-08-26,Google App Campaigns,goog_ac_02,,8
2025-08-26,Google Brand Search,goog_brand_01,,9
2025-08-26,Google Non-Brand Search,goog_search_01,0.0,2
2025-08-26,Google Non-Brand Search,goog_search_01,5.0,2
2025-08-26,Google Non-Brand Search,goog_search_01,10.0,4
2025-08-26,Google Non-Brand Search,goog_search_01,40.0,2
2025-08-26,Google Non-Brand Search,goog_search_01,63.0,2
2025-08-26,TikTok,tiktok_upper_01,,7
2025-08-26,TikTok,tiktok_upper_02,0.0,6
2025-08-26,TikTok,tiktok_upper_02,5.0,2
2025-08-26,TikTok,tiktok_upper_02,10.0,2
2025-08-26,TikTok,tiktok_upper_02,40.0,2
2025-08-27,Meta,fb_prospect_01,0.0,5
2025-08-27,Meta,fb_prospect_01,5.0,4
2025-08-27,Meta,fb_prospect_01,10.0,6
2025-08-27,Meta,fb_prospect_01,20.0,2
2025-08-27,Meta,fb_prospect_02,0.0,7
2025-08-27,Meta,fb_prospect_02,5.0,3
2025-08-27,Meta,fb_prospect_02,10.0,1
2025-08-27,Meta,fb_prospect_02,20.0,2
2025-08-27,Meta,fb_prospect_02,40.0,1
2025-08-27,Google App Campaigns,goog_ac_01,0.0,2
2025-08-27,Google App Campaigns,goog_ac_01,5.0,4
2025-08-27,Google App Campaigns,goog_ac_01,10.0,3
2025-08-27,Google App Campaigns,goog_ac_01,20.0,1
2025-08-27,Google App Campaigns,goog_ac_01,63.0,1
2025-08-27,Google App Campaigns,goog_ac_02,,8
2025-08-27,Google Brand Search,goog_brand_01,0.0,7
2025-08-27,Google Brand Search,goog_brand_01,5.0,4
2025-08-27,Google Brand Search,goog_brand_01,10.0,1
2025-08-27,Google Brand Search,goog_brand_01,20.0,1
2025-08-27,Google Brand Search,goog_brand_01,40.0,1
2025-08-27,Google Brand Search,goog_brand_01,63.0,1
2025-08-27,Google Non-Brand Search,goog_search_01,0.0,3
2025-08-27,Google Non-Brand Search,goog_search_01,5.0,1
2025-08-27,Google Non-Brand Search,goog_search_01,10.0,3
2025-08-27,Google Non-Brand Search,goog_search_01,20.0,3
2025-08-27,Google Non-Brand Search,goog_search_01,40.0,2
2025-08-27,TikTok,tiktok_upper_01,,9
2025-08-27,TikTok,tiktok_upper_02,0.0,5
2025-08-27,TikTok,tiktok_upper_02,5.0,5
2025-08-27,TikTok,tiktok_upper_02,10.0,1
2025-08-28,Meta,fb_prospect_01,0.0,8
2025-08-28,Meta,fb_prospect_01,5.0,2
2025-08-28,Meta,fb_prospect_01,10.0,6
2025-08-28,Meta,fb_prospect_01,40.0,1
2025-08-28,Meta,fb_prospect_02,0.0,3
2025-08-28,Meta,fb_prospect_02,5.0,3
2025-08-28,Meta,fb_prospect_02,10.0,3
2025-08-28,Meta,fb_prospect_02,20.0,3
2025-08-28,Google App Campaigns,goog_ac_01,,8
2025-08-28,Google App Campaigns,goog_ac_02,,7
2025-08-28,Google Brand Search,goog_brand_01,0.0,3
2025-08-28,Google Brand Search,goog_brand_01,5.0,3
2025-08-28,Google Brand Search,goog_brand_01,10.0,5
2025-08-28,Google Brand Search,goog_brand_01,20.0,2
2025-08-28,Google Brand Search,goog_brand_01,40.0,1
2025-08-28,Google Non-Brand Search,goog_search_01,0.0,5
2025-08-28,Google Non-Brand Search,goog_search_01,5.0,2
2025-08-28,Google Non-Brand Search,goog_search_01,10.0,1
2025-08-28,Google Non-Brand Search,goog_search_01,20.0,3
2025-08-28,Google Non-Brand Search,goog_search_01,40.0,1
2025-08-28,TikTok,tiktok_upper_01,,6
2025-08-28,TikTok,tiktok_upper_02,,4
2025-08-29,Meta,fb_prospect_01,0.0,3
2025-08-29,Meta,fb_prospect_01,5.0,5
2025-08-29,Meta,fb_prospect_01,10.0,4
2025-08-29,Meta,fb_prospect_01,20.0,1
2025-08-29,Meta,fb_prospect_01,63.0,1
2025-08-29,Meta,fb_prospect_02,0.0,4
2025-08-29,Meta,fb_prospect_02,5.0,8
2025-08-29,Meta,fb_prospect_02,10.0,5
2025-08-29,Meta,fb_prospect_02,20.0,1
2025-08-29,Meta,fb_prospect_02,40.0,1
2025-08-29,Google App Campaigns,goog_ac_01,,8
2025-08-29,Google App Campaigns,goog_ac_02,,7
2025-08-29,Google Brand Search,goog_brand_01,0.0,1
2025-08-29,Google Brand Search,goog_brand_01,5.0,5
2025-08-29,Google Brand Search,goog_brand_01,10.0,6
2025-08-29,Google Brand Search,goog_brand_01,20.0,1
2025-08-29,Google Non-Brand Search,goog_search_01,0.0,7
2025-08-29,Google Non-Brand Search,goog_search_01,5.0,5
2025-08-29,Google Non-Brand Search,goog_search_01,10.0,3
2025-08-29,Google Non-Brand Search,goog_search_01,20.0,3
2025-08-29,Google Non-Brand Search,goog_search_01,40.0,1
2025-08-29,Google Non-Brand Search,goog_search_01,63.0,1
2025-08-29,TikTok,tiktok_upper_01,0.0,3
2025-08-29,TikTok,tiktok_upper_01,5.0,5
2025-08-29,TikTok,tiktok_upper_01,10.0,1
2025-08-29,TikTok,tiktok_upper_01,40.0,1
2025-08-29,TikTok,tiktok_upper_02,,4
2025-08-30,Meta,fb_prospect_01,0.0,7
2025-08-30,Meta,fb_prospect_01,5.0,6
2025-08-30,Meta,fb_prospect_01,10.0,4
2025-08-30,Meta,fb_prospect_01,20.0,3
2025-08-30,Meta,fb_prospect_01,40.0,1
2025-08-30,Meta,fb_prospect_01,63.0,1
2025-08-30,Meta,fb_prospect_02,0.0,4
2025-08-30,Meta,fb_prospect_02,5.0,6
2025-08-30,Meta,fb_prospect_02,20.0,1
2025-08-30,Meta,fb_prospect_02,40.0,2
2025-08-30,Meta,fb_prospect_02,63.0,2
2025-08-30,Google App Campaigns,goog_ac_01,0.0,4
2025-08-30,Google App Campaigns,goog_ac_01,5.0,4
2025-08-30,Google App Campaigns,goog_ac_01,10.0,3
2025-08-30,Google App Campaigns,goog_ac_02,0.0,3
2025-08-30,Google App Campaigns,goog_ac_02,5.0,2
2025-08-30,Google App Campaigns,goog_ac_02,10.0,1
2025-08-30,Google App Campaigns,goog_ac_02,20.0,2
2025-08-30,Google App Campaigns,goog_ac_02,40.0,1
2025-08-30,Google App Campaigns,goog_ac_02,63.0,1
2025-08-30,Google Brand Search,goog_brand_01,0.0,2
2025-08-30,Google Brand Search,goog_brand_01,5.0,2
2025-08-30,Google Brand Search,goog_brand_01,10.0,3
2025-08-30,Google Brand Search,goog_brand_01,40.0,1
2025-08-30,Google Brand Search,goog_brand_01,63.0,2
2025-08-30,Google Non-Brand Search,goog_search_01,0.0,3
2025-08-30,Google Non-Brand Search,goog_search_01,5.0,5
2025-08-30,Google Non-Brand Search,goog_search_01,10.0,6
2025-08-30,Google Non-Brand Search,goog_search_01,20.0,3
2025-08-30,Google Non-Brand Search,goog_search_01,40.0,2
2025-08-30,Google Non-Brand Search,goog_search_01,63.0,1
2025-08-30,TikTok,tiktok_upper_01,0.0,6
2025-08-30,TikTok,tiktok_upper_01,5.0,2
2025-08-30,TikTok,tiktok_upper_01,10.0,2
2025-08-30,TikTok,tiktok_upper_02,0.0,4
2025-08-30,TikTok,tiktok_upper_02,5.0,3
2025-08-30,TikTok,tiktok_upper_02,10.0,4
2025-08-30,TikTok,tiktok_upper_02,63.0,1
2025-08-31,Meta,fb_prospect_01,0.0,5
2025-08-31,Meta,fb_prospect_01,5.0,6
2025-08-31,Meta,fb_prospect_01,10.0,7
2025-08-31,Meta,fb_prospect_01,20.0,2
2025-08-31,Meta,fb_prospect_01,40.0,1
2025-08-31,Meta,fb_prospect_02,0.0,2
2025-08-31,Meta,fb_prospect_02,5.0,4
2025-08-31,Meta,fb_prospect_02,10.0,9
2025-08-31,Meta,fb_prospect_02,20.0,5
2025-08-31,Meta,fb_prospect_02,63.0,1
2025-08-31,Google App Campaigns,goog_ac_01,0.0,4
2025-08-31,Google App Campaigns,goog_ac_01,10.0,2
2025-08-31,Google App Campaigns,goog_ac_01,20.0,2
2025-08-31,Google App Campaigns,goog_ac_01,40.0,1
2025-08-31,Google App Campaigns,goog_ac_01,63.0,1
2025-08-31,Google App Campaigns,goog_ac_02,0.0,3
2025-08-31,Google App Campaigns,goog_ac_02,5.0,4
2025-08-31,Google App Campaigns,goog_ac_02,10.0,3
2025-08-31,Google App Campaigns,goog_ac_02,40.0,2
2025-08-31,Google Brand Search,goog_brand_01,,9
2025-08-31,Google Non-Brand Search,goog_search_01,0.0,6
2025-08-31,Google Non-Brand Search,goog_search_01,5.0,5
2025-08-31,Google Non-Brand Search,goog_search_01,10.0,4
2025-08-31,Google Non-Brand Search,goog_search_01,20.0,1
2025-08-31,Google Non-Brand Search,goog_search_01,40.0,2
2025-08-31,Google Non-Brand Search,goog_search_01,63.0,1
2025-08-31,TikTok,tiktok_upper_01,,7
2025-08-31,TikTok,tiktok_upper_02,0.0,5
2025-08-31,TikTok,tiktok_upper_02,5.0,5
2025-08-31,TikTok,tiktok_upper_02,20.0,1
2025-09-01,Meta,fb_prospect_01,5.0,9
2025-09-01,Meta,fb_prospect_01,10.0,1
2025-09-01,Meta,fb_prospect_01,20.0,2
2025-09-01,Meta,fb_prospect_01,63.0,1
2025-09-01,Meta,fb_prospect_02,0.0,10
2025-09-01,Meta,fb_prospect_02,5.0,5
2025-09-01,Meta,fb_prospect_02,10.0,4
2025-09-01,Meta,fb_prospect_02,20.0,2
2025-09-01,Meta,fb_prospect_02,63.0,1
2025-09-01,Google App Campaigns,goog_ac_01,0.0,2
2025-09-01,Google App Campaigns,goog_ac_01,5.0,1
2025-09-01,Google App Campaigns,goog_ac_01,10.0,6
2025-09-01,Google App Campaigns,goog_ac_01,20.0,1
2025-09-01,Google App Campaigns,goog_ac_02,0.0,4
2025-09-01,Google App Campaigns,goog_ac_02,5.0,3
2025-09-01,Google App Campaigns,goog_ac_02,10.0,2
2025-09-01,Google App Campaigns,goog_ac_02,20.0,2
2025-09-01,Google App Campaigns,goog_ac_02,40.0,1
2025-09-01,Google App Campaigns,goog_ac_02,63.0,1
2025-09-01,Google Brand Search,goog_brand_01,0.0,3
2025-09-01,Google Brand Search,goog_brand_01,5.0,5
2025-09-01,Google Brand Search,goog_brand_01,10.0,6
2025-09-01,Google Brand Search,goog_brand_01,20.0,2
2025-09-01,Google Brand Search,goog_brand_01,40.0,1
2025-09-01,Google Brand Search,goog_brand_01,63.0,1
2025-09-01,Google Non-Brand Search,goog_search_01,0.0,1
2025-09-01,Google Non-Brand Search,goog_search_01,5.0,1
2025-09-01,Google Non-Brand Search,goog_search_01,10.0,3
2025-09-01,Google Non-Brand Search,goog_search_01,20.0,1
2025-09-01,Google Non-Brand Search,goog_search_01,40.0,3
2025-09-01,Google Non-Brand Search,goog_search_01,63.0,1
2025-09-01,TikTok,tiktok_upper_01,0.0,6
2025-09-01,TikTok,tiktok_upper_01,5.0,4
2025-09-01,TikTok,tiktok_upper_01,10.0,2
2025-09-01,TikTok,tiktok_upper_02,0.0,7
2025-09-01,TikTok,tiktok_upper_02,5.0,6
2025-09-01,TikTok,tiktok_upper_02,10.0,1
2025-09-02,Meta,fb_prospect_01,0.0,7
2025-09-02,Meta,fb_prospect_01,5.0,3
2025-09-02,Meta,fb_prospect_01,10.0,6
2025-09-02,Meta,fb_prospect_01,20.0,3
2025-09-02,Meta,fb_prospect_01,63.0,1
2025-09-02,Meta,fb_prospect_02,0.0,7
2025-09-02,Meta,fb_prospect_02,5.0,2
2025-09-02,Meta,fb_prospect_02,10.0,5
2025-09-02,Meta,fb_prospect_02,20.0,1
2025-09-02,Google App Campaigns,goog_ac_01,0.0,4
2025-09-02,Google App Campaigns,goog_ac_01,5.0,1
2025-09-02,Google App Campaigns,goog_ac_01,10.0,2
2025-09-02,Google App Campaigns,goog_ac_01,20.0,5
2025-09-02,Google App Campaigns,goog_ac_02,0.0,2
2025-09-02,Google App Campaigns,goog_ac_02,5.0,3
2025-09-02,Google App Campaigns,goog_ac_02,10.0,5
2025-09-02,Google Brand Search,goog_brand_01,0.0,2
2025-09-02,Google Brand Search,goog_brand_01,5.0,4
2025-09-02,Google Brand Search,goog_brand_01,10.0,3
2025-09-02,Google Brand Search,goog_brand_01,20.0,4
2025-09-02,Google Non-Brand Search,goog_search_01,0.0,2
2025-09-02,Google Non-Brand Search,goog_search_01,5.0,3
2025-09-02,Google Non-Brand Search,goog_search_01,10.0,3
2025-09-02,Google Non-Brand Search,goog_search_01,20.0,2
2025-09-02,Google Non-Brand Search,goog_search_01,40.0,2
2025-09-02,TikTok,tiktok_upper_01,0.0,4
2025-09-02,TikTok,tiktok_upper_01,5.0,3
2025-09-02,TikTok,tiktok_upper_01,10.0,1
2025-09-02,TikTok,tiktok_upper_01,20.0,1
2025-09-02,TikTok,tiktok_upper_01,40.0,1
2025-09-02,TikTok,tiktok_upper_01,63.0,1
2025-09-02,TikTok,tiktok_upper_02,0.0,4
2025-09-02,TikTok,tiktok_upper_02,5.0,4
2025-09-02,TikTok,tiktok_upper_02,10.0,1
2025-09-02,TikTok,tiktok_upper_02,20.0,1
2025-09-03,Meta,fb_prospect_01,0.0,2
2025-09-03,Meta,fb_prospect_01,5.0,4
2025-09-03,Meta,fb_prospect_01,10.0,5
2025-09-03,Meta,fb_prospect_01,20.0,1
2025-09-03,Meta,fb_prospect_02,0.0,4
2025-09-03,Meta,fb_prospect_02,5.0,5
2025-09-03,Meta,fb_prospect_02,10.0,4
2025-09-03,Meta,fb_prospect_02,20.0,2
2025-09-03,Google App Campaigns,goog_ac_01,,4
2025-09-03,Google App Campaigns,goog_ac_02,0.0,3
2025-09-03,Google App Campaigns,goog_ac_02,5.0,4
2025-09-03,Google App Campaigns,goog_ac_02,10.0,2
2025-09-03,Google App Campaigns,goog_ac_02,20.0,1
2025-09-03,Google Brand Search,goog_brand_01,0.0,5
2025-09-03,Google Brand Search,goog_brand_01,5.0,4
2025-09-03,Google Brand Search,goog_brand_01,10.0,5
2025-09-03,Google Brand Search,goog_brand_01,20.0,3
2025-09-03,Google Non-Brand Search,goog_search_01,0.0,2
2025-09-03,Google Non-Brand Search,goog_search_01,5.0,3
2025-09-03,Google Non-Brand Search,goog_search_01,10.0,3
2025-09-03,Google Non-Brand Search,goog_search_01,40.0,1
2025-09-03,Google Non-Brand Search,goog_search_01,63.0,2
2025-09-03,TikTok,tiktok_upper_01,,8
2025-09-03,TikTok,tiktok_upper_02,,7
2025-09-04,Meta,fb_prospect_01,0.0,4
2025-09-04,Meta,fb_prospect_01,5.0,2
2025-09-04,Meta,fb_prospect_01,10.0,2
2025-09-04,Meta,fb_prospect_01,20.0,3
2025-09-04,Meta,fb_prospect_01,63.0,1
2025-09-04,Meta,fb_prospect_02,0.0,2
2025-09-04,Meta,fb_prospect_02,5.0,7
2025-09-04,Meta,fb_prospect_02,10.0,4
2025-09-04,Meta,fb_prospect_02,20.0,1
2025-09-04,Meta,fb_prospect_02,63.0,1
2025-09-04,Google App Campaigns,goog_ac_01,,7
2025-09-04,Google App Campaigns,goog_ac_02,0.0,4
2025-09-04,Google App Campaigns,goog_ac_02,5.0,3
2025-09-04,Google App Campaigns,goog_ac_02,10.0,5
2025-09-04,Google Brand Search,goog_brand_01,0.0,2
2025-09-04,Google Brand Search,goog_brand_01,5.0,1
2025-09-04,Google Brand Search,goog_brand_01,10.0,9
2025-09-04,Google Brand Search,goog_brand_01,20.0,4
2025-09-04,Google Brand Search,goog_brand_01,40.0,2
2025-09-04,Google Non-Brand Search,goog_search_01,0.0,3
2025-09-04,Google Non-Brand Search,goog_search_01,5.0,5
2025-09-04,Google Non-Brand Search,goog_search_01,10.0,1
2025-09-04,Google Non-Brand Search,goog_search_01,20.0,1
2025-09-04,Google Non-Brand Search,goog_search_01,40.0,2
2025-09-04,Google Non-Brand Search,goog_search_01,63.0,4
2025-09-04,TikTok,tiktok_upper_01,0.0,4
2025-09-04,TikTok,tiktok_upper_01,5.0,8
2025-09-04,TikTok,tiktok_upper_01,10.0,1
2025-09-04,TikTok,tiktok_upper_01,20.0,1
2025-09-04,TikTok,tiktok_upper_02,,9
2025-09-05,Meta,fb_prospect_01,0.0,6
2025-09-05,Meta,fb_prospect_01,5.0,1
2025-09-05,Meta,fb_prospect_01,10.0,4
2025-09-05,Meta,fb_prospect_01,20.0,1
2025-09-05,Meta,fb_prospect_01,40.0,1
2025-09-05,Meta,fb_prospect_01,63.0,1
2025-09-05,Meta,fb_prospect_02,0.0,4
2025-09-05,Meta,fb_prospect_02,5.0,3
2025-09-05,Meta,fb_prospect_02,10.0,3
2025-09-05,Meta,fb_prospect_02,20.0,3
2025-09-05,Meta,fb_prospect_02,63.0,1
2025-09-05,Google App Campaigns,goog_ac_01,0.0,6
2025-09-05,Google App Campaigns,goog_ac_01,5.0,2
2025-09-05,Google App Campaigns,goog_ac_01,10.0,2
2025-09-05,Google App Campaigns,goog_ac_01,20.0,1
2025-09-05,Google App Campaigns,goog_ac_02,,8
2025-09-05,Google Brand Search,goog_brand_01,0.0,4
2025-09-05,Google Brand Search,goog_brand_01,10.0,2
2025-09-05,Google Brand Search,goog_brand_01,20.0,4
2025-09-05,Google Brand Search,goog_brand_01,63.0,1
2025-09-05,Google Non-Brand Search,goog_search_01,0.0,6
2025-09-05,Google Non-Brand Search,goog_search_01,10.0,2
2025-09-05,Google Non-Brand Search,goog_search_01,20.0,1
2025-09-05,Google Non-Brand Search,goog_search_01,40.0,1
2025-09-05,TikTok,tiktok_upper_01,,9
2025-09-05,TikTok,tiktok_upper_02,0.0,7
2025-09-05,TikTok,tiktok_upper_02,5.0,4
2025-09-06,Meta,fb_prospect_01,0.0,4
2025-09-06,Meta,fb_prospect_01,5.0,4
2025-09-06,Meta,fb_prospect_01,10.0,2
2025-09-06,Meta,fb_prospect_01,20.0,2
2025-09-06,Meta,fb_prospect_01,40.0,1
2025-09-06,Meta,fb_prospect_02,0.0,8
2025-09-06,Meta,fb_prospect_02,5.0,4
2025-09-06,Meta,fb_prospect_02,10.0,8
2025-09-06,Meta,fb_prospect_02,20.0,1
2025-09-06,Meta,fb_prospect_02,63.0,3
2025-09-06,Google App Campaigns,goog_ac_01,,6
2025-09-06,Google App Campaigns,goog_ac_02,0.0,1
2025-09-06,Google App Campaigns,goog_ac_02,5.0,4
2025-09-06,Google App Campaigns,goog_ac_02,10.0,3
2025-09-06,Google App Campaigns,goog_ac_02,40.0,1
2025-09-06,Google App Campaigns,goog_ac_02,63.0,1
2025-09-06,Google Brand Search,goog_brand_01,0.0,1
2025-09-06,Google Brand Search,goog_brand_01,5.0,4
2025-09-06,Google Brand Search,goog_brand_01,10.0,4
2025-09-06,Google Brand Search,goog_brand_01,20.0,5
2025-09-06,Google Brand Search,goog_brand_01,40.0,5
2025-09-06,Google Brand Search,goog_brand_01,63.0,1
2025-09-06,Google Non-Brand Search,goog_search_01,,9
2025-09-06,TikTok,tiktok_upper_01,,9
2025-09-06,TikTok,tiktok_upper_02,0.0,3
2025-09-06,TikTok,tiktok_upper_02,5.0,4
2025-09-06,TikTok,tiktok_upper_02,10.0,2
2025-09-06,TikTok,tiktok_upper_02,20.0,1
2025-09-07,Meta,fb_prospect_01,0.0,7
2025-09-07,Meta,fb_prospect_01,5.0,7
2025-09-07,Meta,fb_prospect_01,10.0,2
2025-09-07,Meta,fb_prospect_01,40.0,2
2025-09-07,Meta,fb_prospect_01,63.0,1
2025-09-07,Meta,fb_prospect_02,0.0,10
2025-09-07,Meta,fb_prospect_02,5.0,4
2025-09-07,Meta,fb_prospect_02,10.0,9
2025-09-07,Meta,fb_prospect_02,20.0,1
2025-09-07,Meta,fb_prospect_02,40.0,1
2025-09-07,Google App Campaigns,goog_ac_01,0.0,6
2025-09-07,Google App Campaigns,goog_ac_01,5.0,3
2025-09-07,Google App Campaigns,goog_ac_01,10.0,1
2025-09-07,Google App Campaigns,goog_ac_01,20.0,1
2025-09-07,Google App Campaigns,goog_ac_01,40.0,1
2025-09-07,Google App Campaigns,goog_ac_01,63.0,1
2025-09-07,Google App Campaigns,goog_ac_02,0.0,8
2025-09-07,Google App Campaigns,goog_ac_02,5.0,1
2025-09-07,Google App Campaigns,goog_ac_02,10.0,2
2025-09-07,Google App Campaigns,goog_ac_02,20.0,2
2025-09-07,Google App Campaigns,goog_ac_02,40.0,1
2025-09-07,Google App Campaigns,goog_ac_02,63.0,1
2025-09-07,Google Brand Search,goog_brand_01,0.0,1
2025-09-07,Google Brand Search,goog_brand_01,5.0,6
2025-09-07,Google Brand Search,goog_brand_01,10.0,6
2025-09-07,Google Brand Search,goog_brand_01,20.0,2
2025-09-07,Google Brand Search,goog_brand_01,40.0,1
2025-09-07,Google Brand Search,goog_brand_01,63.0,1
2025-09-07,Google Non-Brand Search,goog_search_01,0.0,5
2025-09-07,Google Non-Brand Search,goog_search_01,5.0,6
2025-09-07,Google Non-Brand Search,goog_search_01,10.0,3
2025-09-07,Google Non-Brand Search,goog_search_01,20.0,3
2025-09-07,Google Non-Brand Search,goog_search_01,40.0,1
2025-09-07,Google Non-Brand Search,goog_search_01,63.0,1
2025-09-07,TikTok,tiktok_upper_01,0.0,5
2025-09-07,TikTok,tiktok_upper_01,5.0,5
2025-09-07,TikTok,tiktok_upper_01,10.0,1
2025-09-07,TikTok,tiktok_upper_01,20.0,2
2025-09-07,TikTok,tiktok_upper_02,0.0,7
2025-09-07,TikTok,tiktok_upper_02,5.0,3
2025-09-07,TikTok,tiktok_upper_02,10.0,1
2025-09-07,TikTok,tiktok_upper_02,20.0,1
2025-09-08,Meta,fb_prospect_01,0.0,8
2025-09-08,Meta,fb_prospect_01,5.0,5
2025-09-08,Meta,fb_prospect_01,10.0,3
2025-09-08,Meta,fb_prospect_01,20.0,1
2025-09-08,Meta,fb_prospect_01,40.0,1
2025-09-08,Meta,fb_prospect_01,63.0,1
2025-09-08,Meta,fb_prospect_02,0.0,7
2025-09-08,Meta,fb_prospect_02,5.0,9
2025-09-08,Meta,fb_prospect_02,10.0,6
2025-09-08,Meta,fb_prospect_02,20.0,1
2025-09-08,Google App Campaigns,goog_ac_01,0.0,2
2025-09-08,Google App Campaigns,goog_ac_01,5.0,5
2025-09-08,Google App Campaigns,goog_ac_01,10.0,3
2025-09-08,Google App Campaigns,goog_ac_01,20.0,1
2025-09-08,Google App Campaigns,goog_ac_02,5.0,4
2025-09-08,Google App Campaigns,goog_ac_02,10.0,5
2025-09-08,Google App Campaigns,goog_ac_02,20.0,3
2025-09-08,Google Brand Search,goog_brand_01,0.0,4
2025-09-08,Google Brand Search,goog_brand_01,5.0,4
2025-09-08,Google Brand Search,goog_brand_01,10.0,3
2025-09-08,Google Brand Search,goog_brand_01,20.0,1
2025-09-08,Google Brand Search,goog_brand_01,40.0,1
2025-09-08,Google Non-Brand Search,goog_search_01,0.0,5
2025-09-08,Google Non-Brand Search,goog_search_01,5.0,4
2025-09-08,Google Non-Brand Search,goog_search_01,10.0,5
2025-09-08,Google Non-Brand Search,goog_search_01,20.0,4
2025-09-08,Google Non-Brand Search,goog_search_01,40.0,2
2025-09-08,TikTok,tiktok_upper_01,,7
2025-09-08,TikTok,tiktok_upper_02,,8
2025-09-09,Meta,fb_prospect_01,0.0,6
2025-09-09,Meta,fb_prospect_01,5.0,5
2025-09-09,Meta,fb_prospect_01,10.0,4
2025-09-09,Meta,fb_prospect_01,20.0,2
2025-09-09,Meta,fb_prospect_02,0.0,4
2025-09-09,Meta,fb_prospect_02,5.0,8
2025-09-09,Meta,fb_prospect_02,10.0,4
2025-09-09,Meta,fb_prospect_02,20.0,2
2025-09-09,Meta,fb_prospect_02,40.0,2
2025-09-09,Google App Campaigns,goog_ac_01,0.0,7
2025-09-09,Google App Campaigns,goog_ac_01,5.0,2
2025-09-09,Google App Campaigns,goog_ac_01,10.0,4
2025-09-09,Google App Campaigns,goog_ac_01,20.0,1
2025-09-09,Google App Campaigns,goog_ac_02,0.0,2
2025-09-09,Google App Campaigns,goog_ac_02,5.0,1
2025-09-09,Google App Campaigns,goog_ac_02,10.0,2
2025-09-09,Google App Campaigns,goog_ac_02,20.0,2
2025-09-09,Google App Campaigns,goog_ac_02,40.0,2
2025-09-09,Google App Campaigns,goog_ac_02,63.0,1
2025-09-09,Google Brand Search,goog_brand_01,0.0,2
2025-09-09,Google Brand Search,goog_brand_01,5.0,5
2025-09-09,Google Brand Search,goog_brand_01,10.0,3
2025-09-09,Google Brand Search,goog_brand_01,20.0,1
2025-09-09,Google Brand Search,goog_brand_01,40.0,1
2025-09-09,Google Non-Brand Search,goog_search_01,0.0,6
2025-09-09,Google Non-Brand Search,goog_search_01,5.0,1
2025-09-09,Google Non-Brand Search,goog_search_01,10.0,7
2025-09-09,Google Non-Brand Search,goog_search_01,20.0,4
2025-09-09,Google Non-Brand Search,goog_search_01,63.0,2
2025-09-09,TikTok,tiktok_upper_01,,8
2025-09-09,TikTok,tiktok_upper_02,,8
2025-09-10,Meta,fb_prospect_01,0.0,6
2025-09-10,Meta,fb_prospect_01,5.0,4
2025-09-10,Meta,fb_prospect_01,10.0,4
2025-09-10,Meta,fb_prospect_01,40.0,2
2025-09-10,Meta,fb_prospect_01,63.0,1
2025-09-10,Meta,fb_prospect_02,0.0,2
2025-09-10,Meta,fb_prospect_02,5.0,2
2025-09-10,Meta,fb_prospect_02,10.0,8
2025-09-10,Meta,fb_prospect_02,20.0,3
2025-09-10,Meta,fb_prospect_02,40.0,2
2025-09-10,Meta,fb_prospect_02,63.0,2
2025-09-10,Google App Campaigns,goog_ac_01,0.0,1
2025-09-10,Google App Campaigns,goog_ac_01,5.0,3
2025-09-10,Google App Campaigns,goog_ac_01,10.0,4
2025-09-10,Google App Campaigns,goog_ac_01,20.0,3
2025-09-10,Google App Campaigns,goog_ac_02,,7
2025-09-10,Google Brand Search,goog_brand_01,,9
2025-09-10,Google Non-Brand Search,goog_search_01,5.0,5
2025-09-10,Google Non-Brand Search,goog_search_01,10.0,3
2025-09-10,Google Non-Brand Search,goog_search_01,20.0,2
2025-09-10,Google Non-Brand Search,goog_search_01,40.0,1
2025-09-10,TikTok,tiktok_upper_01,,7
2025-09-10,TikTok,tiktok_upper_02,,6
2025-09-11,Meta,fb_prospect_01,0.0,5
2025-09-11,Meta,fb_prospect_01,5.0,5
2025-09-11,Meta,fb_prospect_01,10.0,6
2025-09-11,Meta,fb_prospect_01,40.0,1
2025-09-11,Meta,fb_prospect_02,0.0,6
2025-09-11,Meta,fb_prospect_02,5.0,5
2025-09-11,Meta,fb_prospect_02,10.0,8
2025-09-11,Meta,fb_prospect_02,20.0,1
2025-09-11,Meta,fb_prospect_02,63.0,1
2025-09-11,Google App Campaigns,goog_ac_01,0.0,2
2025-09-11,Google App Campaigns,goog_ac_01,5.0,6
2025-09-11,Google App Campaigns,goog_ac_01,10.0,3
2025-09-11,Google App Campaigns,goog_ac_01,20.0,1
2025-09-11,Google App Campaigns,goog_ac_02,,6
2025-09-11,Google Brand Search,goog_brand_01,,6
2025-09-11,Google Non-Brand Search,goog_search_01,0.0,3
2025-09-11,Google Non-Brand Search,goog_search_01,5.0,4
2025-09-11,Google Non-Brand Search,goog_search_01,10.0,2
2025-09-11,Google Non-Brand Search,goog_search_01,20.0,2
2025-09-11,Google Non-Brand Search,goog_search_01,40.0,3
2025-09-11,Google Non-Brand Search,goog_search_01,63.0,2
2025-09-11,TikTok,tiktok_upper_01,,4
2025-09-11,TikTok,tiktok_upper_02,,9
2025-09-12,Meta,fb_prospect_01,0.0,3
2025-09-12,Meta,fb_prospect_01,5.0,7
2025-09-12,Meta,fb_prospect_01,10.0,7
2025-09-12,Meta,fb_prospect_01,20.0,2
2025-09-12,Meta,fb_prospect_01,40.0,1
2025-09-12,Meta,fb_prospect_02,0.0,6
2025-09-12,Meta,fb_prospect_02,5.0,3
2025-09-12,Meta,fb_prospect_02,10.0,5
2025-09-12,Meta,fb_prospect_02,20.0,1
2025-09-12,Meta,fb_prospect_02,40.0,2
2025-09-12,Google App Campaigns,goog_ac_01,,8
2025-09-12,Google App Campaigns,goog_ac_02,,8
2025-09-12,Google Brand Search,goog_brand_01,0.0,3
2025-09-12,Google Brand Search,goog_brand_01,5.0,2
2025-09-12,Google Brand Search,goog_brand_01,10.0,6
2025-09-12,Google Brand Search,goog_brand_01,20.0,2
2025-09-12,Google Brand Search,goog_brand_01,40.0,2
2025-09-12,Google Non-Brand Search,goog_search_01,0.0,3
2025-09-12,Google Non-Brand Search,goog_search_01,5.0,3
2025-09-12,Google Non-Brand Search,goog_search_01,10.0,5
2025-09-12,Google Non-Brand Search,goog_search_01,20.0,5
2025-09-12,Google Non-Brand Search,goog_search_01,40.0,1
2025-09-12,TikTok,tiktok_upper_01,,5
2025-09-12,TikTok,tiktok_upper_02,,9
2025-09-13,Meta,fb_prospect_01,0.0,4
2025-09-13,Meta,fb_prospect_01,5.0,6
2025-09-13,Meta,fb_prospect_01,10.0,5
2025-09-13,Meta,fb_prospect_01,63.0,1
2025-09-13,Meta,fb_prospect_02,0.0,5
2025-09-13,Meta,fb_prospect_02,5.0,5
2025-09-13,Meta,fb_prospect_02,10.0,4
2025-09-13,Google App Campaigns,goog_ac_01,,9
2025-09-13,Google App Campaigns,goog_ac_02,0.0,2
2025-09-13,Google App Campaigns,goog_ac_02,5.0,5
2025-09-13,Google App Campaigns,goog_ac_02,10.0,4
2025-09-13,Google Brand Search,goog_brand_01,0.0,4
2025-09-13,Google Brand Search,goog_brand_01,5.0,7
2025-09-13,Google Brand Search,goog_brand_01,10.0,7
2025-09-13,Google Brand Search,goog_brand_01,20.0,3
2025-09-13,Google Brand Search,goog_brand_01,40.0,1
2025-09-13,Google Brand Search,goog_brand_01,63.0,1
2025-09-13,Google Non-Brand Search,goog_search_01,0.0,2
2025-09-13,Google Non-Brand Search,goog_search_01,5.0,5
2025-09-13,Google Non-Brand Search,goog_search_01,10.0,7
2025-09-13,Google Non-Brand Search,goog_search_01,20.0,4
2025-09-13,Google Non-Brand Search,goog_search_01,40.0,1
2025-09-13,TikTok,tiktok_upper_01,0.0,4
2025-09-13,TikTok,tiktok_upper_01,5.0,4
2025-09-13,TikTok,tiktok_upper_01,40.0,2
2025-09-13,TikTok,tiktok_upper_02,,6
2025-09-14,Meta,fb_prospect_01,0.0,4
2025-09-14,Meta,fb_prospect_01,5.0,8
2025-09-14,Meta,fb_prospect_01,10.0,3
2025-09-14,Meta,fb_prospect_01,20.0,6
2025-09-14,Meta,fb_prospect_01,40.0,1
2025-09-14,Meta,fb_prospect_02,0.0,7
2025-09-14,Meta,fb_prospect_02,5.0,7
2025-09-14,Meta,fb_prospect_02,10.0,5
2025-09-14,Meta,fb_prospect_02,20.0,2
2025-09-14,Meta,fb_prospect_02,40.0,2
2025-09-14,Meta,fb_prospect_02,63.0,1
2025-09-14,Google App Campaigns,goog_ac_01,0.0,7
2025-09-14,Google App Campaigns,goog_ac_01,5.0,1
2025-09-14,Google App Campaigns,goog_ac_01,10.0,3
2025-09-14,Google App Campaigns,goog_ac_01,20.0,2
2025-09-14,Google App Campaigns,goog_ac_02,0.0,1
2025-09-14,Google App Campaigns,goog_ac_02,5.0,5
2025-09-14,Google App Campaigns,goog_ac_02,10.0,6
2025-09-14,Google App Campaigns,goog_ac_02,20.0,2
2025-09-14,Google App Campaigns,goog_ac_02,63.0,2
2025-09-14,Google Brand Search,goog_brand_01,0.0,5
2025-09-14,Google Brand Search,goog_brand_01,5.0,3
2025-09-14,Google Brand Search,goog_brand_01,10.0,4
2025-09-14,Google Brand Search,goog_brand_01,63.0,2
2025-09-14,Google Non-Brand Search,goog_search_01,0.0,2
2025-09-14,Google Non-Brand Search,goog_search_01,5.0,4
2025-09-14,Google Non-Brand Search,goog_search_01,10.0,3
2025-09-14,Google Non-Brand Search,goog_search_01,20.0,6
2025-09-14,Google Non-Brand Search,goog_search_01,40.0,4
2025-09-14,TikTok,tiktok_upper_01,,7
2025-09-14,TikTok,tiktok_upper_02,0.0,2
2025-09-14,TikTok,tiktok_upper_02,5.0,9
2025-09-14,TikTok,tiktok_upper_02,10.0,3
2025-09-15,Meta,fb_prospect_01,0.0,3
2025-09-15,Meta,fb_prospect_01,5.0,7
2025-09-15,Meta,fb_prospect_01,10.0,4
2025-09-15,Meta,fb_prospect_01,20.0,1
2025-09-15,Meta,fb_prospect_01,63.0,2
2025-09-15,Meta,fb_prospect_02,0.0,5
2025-09-15,Meta,fb_prospect_02,5.0,6
2025-09-15,Meta,fb_prospect_02,10.0,2
2025-09-15,Meta,fb_prospect_02,20.0,1
2025-09-15,Meta,fb_prospect_02,40.0,1
2025-09-15,Meta,fb_prospect_02,63.0,2
2025-09-15,Google App Campaigns,goog_ac_01,,8
2025-09-15,Google App Campaigns,goog_ac_02,0.0,3
2025-09-15,Google App Campaigns,goog_ac_02,5.0,4
2025-09-15,Google App Campaigns,goog_ac_02,10.0,2
2025-09-15,Google App Campaigns,goog_ac_02,63.0,2
2025-09-15,Google Brand Search,goog_brand_01,0.0,9
2025-09-15,Google Brand Search,goog_brand_01,5.0,4
2025-09-15,Google Brand Search,goog_brand_01,10.0,2
2025-09-15,Google Brand Search,goog_brand_01,20.0,3
2025-09-15,Google Brand Search,goog_brand_01,40.0,1
2025-09-15,Google Brand Search,goog_brand_01,63.0,1
2025-09-15,Google Non-Brand Search,goog_search_01,0.0,6
2025-09-15,Google Non-Brand Search,goog_search_01,5.0,3
2025-09-15,Google Non-Brand Search,goog_search_01,10.0,6
2025-09-15,Google Non-Brand Search,goog_search_01,20.0,4
2025-09-15,Google Non-Brand Search,goog_search_01,40.0,5
2025-09-15,TikTok,tiktok_upper_01,,7
2025-09-15,TikTok,tiktok_upper_02,0.0,5
2025-09-15,TikTok,tiktok_upper_02,5.0,2
2025-09-15,TikTok,tiktok_upper_02,10.0,2
2025-09-15,TikTok,tiktok_upper_02,40.0,1
2025-09-16,Meta,fb_prospect_01,0.0,2
2025-09-16,Meta,fb_prospect_01,5.0,4
2025-09-16,Meta,fb_prospect_01,10.0,3
2025-09-16,Meta,fb_prospect_01,20.0,1
2025-09-16,Meta,fb_prospect_01,40.0,3
2025-09-16,Meta,fb_prospect_02,0.0,6
2025-09-16,Meta,fb_prospect_02,5.0,6
2025-09-16,Meta,fb_prospect_02,10.0,5
2025-09-16,Meta,fb_prospect_02,20.0,1
2025-09-16,Meta,fb_prospect_02,40.0,2
2025-09-16,Google App Campaigns,goog_ac_01,0.0,4
2025-09-16,Google App Campaigns,goog_ac_01,5.0,2
2025-09-16,Google App Campaigns,goog_ac_01,10.0,1
2025-09-16,Google App Campaigns,goog_ac_01,20.0,1
2025-09-16,Google App Campaigns,goog_ac_01,40.0,2
2025-09-16,Google App Campaigns,goog_ac_01,63.0,1
2025-09-16,Google App Campaigns,goog_ac_02,0.0,3
2025-09-16,Google App Campaigns,goog_ac_02,5.0,4
2025-09-16,Google App Campaigns,goog_ac_02,10.0,2
2025-09-16,Google App Campaigns,goog_ac_02,20.0,2
2025-09-16,Google App Campaigns,goog_ac_02,40.0,1
2025-09-16,Google Brand Search,goog_brand_01,0.0,3
2025-09-16,Google Brand Search,goog_brand_01,5.0,2
2025-09-16,Google Brand Search,goog_brand_01,10.0,5
2025-09-16,Google Brand Search,goog_brand_01,20.0,1
2025-09-16,Google Brand Search,goog_brand_01,40.0,2
2025-09-16,Google Brand Search,goog_brand_01,63.0,1
2025-09-16,Google Non-Brand Search,goog_search_01,0.0,4
2025-09-16,Google Non-Brand Search,goog_search_01,5.0,2
2025-09-16,Google Non-Brand Search,goog_search_01,10.0,3
2025-09-16,Google Non-Brand Search,goog_search_01,20.0,2
2025-09-16,Google Non-Brand Search,goog_search_01,40.0,1
2025-09-16,Google Non-Brand Search,goog_search_01,63.0,1
2025-09-16,TikTok,tiktok_upper_01,,9
2025-09-16,TikTok,tiktok_upper_02,,6
2025-09-17,Meta,fb_prospect_01,0.0,8
2025-09-17,Meta,fb_prospect_01,5.0,2
2025-09-17,Meta,fb_prospect_01,10.0,5
2025-09-17,Meta,fb_prospect_01,20.0,2
2025-09-17,Meta,fb_prospect_02,0.0,3
2025-09-17,Meta,fb_prospect_02,5.0,3
2025-09-17,Meta,fb_prospect_02,10.0,2
2025-09-17,Meta,fb_prospect_02,20.0,2
2025-09-17,Meta,fb_prospect_02,63.0,1
2025-09-17,Google App Campaigns,goog_ac_01,,6
2025-09-17,Google App Campaigns,goog_ac_02,,7
2025-09-17,Google Brand Search,goog_brand_01,0.0,4
2025-09-17,Google Brand Search,goog_brand_01,5.0,2
2025-09-17,Google Brand Search,goog_brand_01,10.0,4
2025-09-17,Google Brand Search,goog_brand_01,20.0,4
2025-09-17,Google Brand Search,goog_brand_01,63.0,2
2025-09-17,Google Non-Brand Search,goog_search_01,0.0,3
2025-09-17,Google Non-Brand Search,goog_search_01,5.0,2
2025-09-17,Google Non-Brand Search,goog_search_01,20.0,3
2025-09-17,Google Non-Brand Search,goog_search_01,40.0,2
2025-09-17,Google Non-Brand Search,goog_search_01,63.0,1
2025-09-17,TikTok,tiktok_upper_01,0.0,4
2025-09-17,TikTok,tiktok_upper_01,5.0,2
2025-09-17,TikTok,tiktok_upper_01,10.0,1
2025-09-17,TikTok,tiktok_upper_01,20.0,1
2025-09-17,TikTok,tiktok_upper_01,40.0,1
2025-09-17,TikTok,tiktok_upper_01,63.0,1
2025-09-17,TikTok,tiktok_upper_02,,8
2025-09-18,Meta,fb_prospect_01,0.0,5
2025-09-18,Meta,fb_prospect_01,5.0,7
2025-09-18,Meta,fb_prospect_01,10.0,5
2025-09-18,Meta,fb_prospect_01,20.0,1
2025-09-18,Meta,fb_prospect_01,63.0,1
2025-09-18,Meta,fb_prospect_02,0.0,5
2025-09-18,Meta,fb_prospect_02,5.0,3
2025-09-18,Meta,fb_prospect_02,10.0,4
2025-09-18,Meta,fb_prospect_02,63.0,1
2025-09-18,Google App Campaigns,goog_ac_01,,7
2025-09-18,Google App Campaigns,goog_ac_02,0.0,6
2025-09-18,Google App Campaigns,goog_ac_02,5.0,2
2025-09-18,Google App Campaigns,goog_ac_02,10.0,2
2025-09-18,Google App Campaigns,goog_ac_02,63.0,1
2025-09-18,Google Brand Search,goog_brand_01,0.0,3
2025-09-18,Google Brand Search,goog_brand_01,5.0,2
2025-09-18,Google Brand Search,goog_brand_01,10.0,3
2025-09-18,Google Brand Search,goog_brand_01,20.0,2
2025-09-18,Google Brand Search,goog_brand_01,40.0,2
2025-09-18,Google Non-Brand Search,goog_search_01,0.0,1
2025-09-18,Google Non-Brand Search,goog_search_01,5.0,2
2025-09-18,Google Non-Brand Search,goog_search_01,10.0,7
2025-09-18,Google Non-Brand Search,goog_search_01,20.0,5
2025-09-18,Google Non-Brand Search,goog_search_01,40.0,3
2025-09-18,Google Non-Brand Search,goog_search_01,63.0,3
2025-09-18,TikTok,tiktok_upper_01,0.0,6
2025-09-18,TikTok,tiktok_upper_01,5.0,2
2025-09-18,TikTok,tiktok_upper_01,10.0,2
2025-09-18,TikTok,tiktok_upper_01,20.0,1
2025-09-18,TikTok,tiktok_upper_02,0.0,6
2025-09-18,TikTok,tiktok_upper_02,5.0,4
2025-09-18,TikTok,tiktok_upper_02,10.0,1
2025-09-19,Meta,fb_prospect_01,0.0,3
2025-09-19,Meta,fb_prospect_01,5.0,5
2025-09-19,Meta,fb_prospect_01,10.0,3
2025-09-19,Meta,fb_prospect_01,40.0,1
2025-09-19,Meta,fb_prospect_02,0.0,5
2025-09-19,Meta,fb_prospect_02,5.0,9
2025-09-19,Meta,fb_prospect_02,10.0,5
2025-09-19,Meta,fb_prospect_02,20.0,3
2025-09-19,Google App Campaigns,goog_ac_01,0.0,4
2025-09-19,Google App Campaigns,goog_ac_01,5.0,4
2025-09-19,Google App Campaigns,goog_ac_01,10.0,2
2025-09-19,Google App Campaigns,goog_ac_01,20.0,1
2025-09-19,Google App Campaigns,goog_ac_02,,7
2025-09-19,Google Brand Search,goog_brand_01,0.0,2
2025-09-19,Google Brand Search,goog_brand_01,5.0,7
2025-09-19,Google Brand Search,goog_brand_01,10.0,5
2025-09-19,Google Brand Search,goog_brand_01,20.0,1
2025-09-19,Google Brand Search,goog_brand_01,40.0,1
2025-09-19,Google Brand Search,goog_brand_01,63.0,2
2025-09-19,Google Non-Brand Search,goog_search_01,0.0,3
2025-09-19,Google Non-Brand Search,goog_search_01,5.0,3
2025-09-19,Google Non-Brand Search,goog_search_01,10.0,10
2025-09-19,Google Non-Brand Search,goog_search_01,20.0,3
2025-09-19,Google Non-Brand Search,goog_search_01,63.0,1
2025-09-19,TikTok,tiktok_upper_01,,6
2025-09-19,TikTok,tiktok_upper_02,,7
2025-09-20,Meta,fb_prospect_01,0.0,6
2025-09-20,Meta,fb_prospect_01,5.0,4
2025-09-20,Meta,fb_prospect_01,10.0,5
2025-09-20,Meta,fb_prospect_01,20.0,2
2025-09-20,Meta,fb_prospect_01,40.0,1
2025-09-20,Meta,fb_prospect_02,0.0,5
2025-09-20,Meta,fb_prospect_02,5.0,4
2025-09-20,Meta,fb_prospect_02,10.0,7
2025-09-20,Meta,fb_prospect_02,20.0,4
2025-09-20,Meta,fb_prospect_02,40.0,1
2025-09-20,Google App Campaigns,goog_ac_01,,5
2025-09-20,Google App Campaigns,goog_ac_02,0.0,6
2025-09-20,Google App Campaigns,goog_ac_02,10.0,3
2025-09-20,Google App Campaigns,goog_ac_02,20.0,1
2025-09-20,Google App Campaigns,goog_ac_02,63.0,1
2025-09-20,Google Brand Search,goog_brand_01,0.0,3
2025-09-20,Google Brand Search,goog_brand_01,5.0,1
2025-09-20,Google Brand Search,goog_brand_01,10.0,8
2025-09-20,Google Brand Search,goog_brand_01,20.0,4
2025-09-20,Google Brand Search,goog_brand_01,40.0,1
2025-09-20,Google Non-Brand Search,goog_search_01,0.0,4
2025-09-20,Google Non-Brand Search,goog_search_01,5.0,3
2025-09-20,Google Non-Brand Search,goog_search_01,10.0,5
2025-09-20,Google Non-Brand Search,goog_search_01,20.0,6
2025-09-20,Google Non-Brand Search,goog_search_01,40.0,2
2025-09-20,Google Non-Brand Search,goog_search_01,63.0,1
2025-09-20,TikTok,tiktok_upper_01,,6
2025-09-20,TikTok,tiktok_upper_02,0.0,4
2025-09-20,TikTok,tiktok_upper_02,5.0,7
2025-09-20,TikTok,tiktok_upper_02,10.0,2
2025-09-20,TikTok,tiktok_upper_02,20.0,1
2025-09-21,Meta,fb_prospect_01,0.0,2
2025-09-21,Meta,fb_prospect_01,5.0,8
2025-09-21,Meta,fb_prospect_01,10.0,6
2025-09-21,Meta,fb_prospect_01,20.0,4
2025-09-21,Meta,fb_prospect_02,0.0,7
2025-09-21,Meta,fb_prospect_02,5.0,7
2025-09-21,Meta,fb_prospect_02,10.0,4
2025-09-21,Meta,fb_prospect_02,20.0,2
2025-09-21,Meta,fb_prospect_02,40.0,2
2025-09-21,Google App Campaigns,goog_ac_01,0.0,2
2025-09-21,Google App Campaigns,goog_ac_01,5.0,2
2025-09-21,Google App Campaigns,goog_ac_01,10.0,5
2025-09-21,Google App Campaigns,goog_ac_01,20.0,1
2025-09-21,Google App Campaigns,goog_ac_02,,9
2025-09-21,Google Brand Search,goog_brand_01,0.0,5
2025-09-21,Google Brand Search,goog_brand_01,5.0,6
2025-09-21,Google Brand Search,goog_brand_01,10.0,5
2025-09-21,Google Brand Search,goog_brand_01,20.0,4
2025-09-21,Google Brand Search,goog_brand_01,40.0,3
2025-09-21,Google Brand Search,goog_brand_01,63.0,3
2025-09-21,Google Non-Brand Search,goog_search_01,0.0,1
2025-09-21,Google Non-Brand Search,goog_search_01,5.0,3
2025-09-21,Google Non-Brand Search,goog_search_01,10.0,3
2025-09-21,Google Non-Brand Search,goog_search_01,20.0,4
2025-09-21,Google Non-Brand Search,goog_search_01,40.0,3
2025-09-21,Google Non-Brand Search,goog_search_01,63.0,1
2025-09-21,TikTok,tiktok_upper_01,,6
2025-09-21,TikTok,tiktok_upper_02,0.0,4
2025-09-21,TikTok,tiktok_upper_02,5.0,2
2025-09-21,TikTok,tiktok_upper_02,10.0,5
2025-09-21,TikTok,tiktok_upper_02,40.0,1
2025-09-22,Meta,fb_prospect_01,0.0,5
2025-09-22,Meta,fb_prospect_01,5.0,6
2025-09-22,Meta,fb_prospect_01,10.0,2
2025-09-22,Meta,fb_prospect_01,20.0,2
2025-09-22,Meta,fb_prospect_01,40.0,2
2025-09-22,Meta,fb_prospect_01,63.0,1
2025-09-22,Meta,fb_prospect_02,0.0,4
2025-09-22,Meta,fb_prospect_02,5.0,7
2025-09-22,Meta,fb_prospect_02,10.0,7
2025-09-22,Meta,fb_prospect_02,20.0,1
2025-09-22,Meta,fb_prospect_02,40.0,1
2025-09-22,Meta,fb_prospect_02,63.0,1
2025-09-22,Google App Campaigns,goog_ac_01,0.0,3
2025-09-22,Google App Campaigns,goog_ac_01,5.0,2
2025-09-22,Google App Campaigns,goog_ac_01,10.0,1
2025-09-22,Google App Campaigns,goog_ac_01,20.0,2
2025-09-22,Google App Campaigns,goog_ac_01,63.0,3
2025-09-22,Google App Campaigns,goog_ac_02,0.0,4
2025-09-22,Google App Campaigns,goog_ac_02,5.0,5
2025-09-22,Google App Campaigns,goog_ac_02,10.0,2
2025-09-22,Google App Campaigns,goog_ac_02,20.0,5
2025-09-22,Google Brand Search,goog_brand_01,0.0,3
2025-09-22,Google Brand Search,goog_brand_01,10.0,6
2025-09-22,Google Brand Search,goog_brand_01,20.0,2
2025-09-22,Google Brand Search,goog_brand_01,40.0,3
2025-09-22,Google Non-Brand Search,goog_search_01,0.0,5
2025-09-22,Google Non-Brand Search,goog_search_01,5.0,6
2025-09-22,Google Non-Brand Search,goog_search_01,10.0,4
2025-09-22,Google Non-Brand Search,goog_search_01,20.0,1
2025-09-22,Google Non-Brand Search,goog_search_01,40.0,1
2025-09-22,Google Non-Brand Search,goog_search_01,63.0,2
2025-09-22,TikTok,tiktok_upper_01,,9
2025-09-22,TikTok,tiktok_upper_02,,7
2025-09-23,Meta,fb_prospect_01,0.0,8
2025-09-23,Meta,fb_prospect_01,5.0,3
2025-09-23,Meta,fb_prospect_01,10.0,4
2025-09-23,Meta,fb_prospect_01,63.0,1
2025-09-23,Meta,fb_prospect_02,,9
2025-09-23,Google App Campaigns,goog_ac_01,0.0,2
2025-09-23,Google App Campaigns,goog_ac_01,5.0,4
2025-09-23,Google App Campaigns,goog_ac_01,10.0,4
2025-09-23,Google App Campaigns,goog_ac_01,20.0,2
2025-09-23,Google App Campaigns,goog_ac_02,0.0,7
2025-09-23,Google App Campaigns,goog_ac_02,5.0,4
2025-09-23,Google App Campaigns,goog_ac_02,10.0,1
2025-09-23,Google App Campaigns,goog_ac_02,20.0,1
2025-09-23,Google App Campaigns,goog_ac_02,40.0,1
2025-09-23,Google App Campaigns,goog_ac_02,63.0,1
2025-09-23,Google Brand Search,goog_brand_01,0.0,3
2025-09-23,Google Brand Search,goog_brand_01,5.0,5
2025-09-23,Google Brand Search,goog_brand_01,10.0,5
2025-09-23,Google Brand Search,goog_brand_01,63.0,1
2025-09-23,Google Non-Brand Search,goog_search_01,0.0,5
2025-09-23,Google Non-Brand Search,goog_search_01,5.0,2
2025-09-23,Google Non-Brand Search,goog_search_01,10.0,3
2025-09-23,Google Non-Brand Search,goog_search_01,20.0,2
2025-09-23,Google Non-Brand Search,goog_search_01,40.0,1
2025-09-23,Google Non-Brand Search,goog_search_01,63.0,2
2025-09-23,TikTok,tiktok_upper_01,,6
2025-09-23,TikTok,tiktok_upper_02,,5
2025-09-24,Meta,fb_prospect_01,0.0,2
2025-09-24,Meta,fb_prospect_01,5.0,3
2025-09-24,Meta,fb_prospect_01,10.0,6
2025-09-24,Meta,fb_prospect_01,20.0,2
2025-09-24,Meta,fb_prospect_02,0.0,4
2025-09-24,Meta,fb_prospect_02,5.0,4
2025-09-24,Meta,fb_prospect_02,10.0,4
2025-09-24,Meta,fb_prospect_02,20.0,1
2025-09-24,Meta,fb_prospect_02,63.0,3
2025-09-24,Google App Campaigns,goog_ac_01,,7
2025-09-24,Google App Campaigns,goog_ac_02,0.0,2
2025-09-24,Google App Campaigns,goog_ac_02,5.0,6
2025-09-24,Google App Campaigns,goog_ac_02,10.0,1
2025-09-24,Google App Campaigns,goog_ac_02,20.0,1
2025-09-24,Google Brand Search,goog_brand_01,0.0,2
2025-09-24,Google Brand Search,goog_brand_01,5.0,2
2025-09-24,Google Brand Search,goog_brand_01,10.0,2
2025-09-24,Google Brand Search,goog_brand_01,20.0,4
2025-09-24,Google Brand Search,goog_brand_01,63.0,1
2025-09-24,Google Non-Brand Search,goog_search_01,0.0,4
2025-09-24,Google Non-Brand Search,goog_search_01,5.0,4
2025-09-24,Google Non-Brand Search,goog_search_01,10.0,4
2025-09-24,Google Non-Brand Search,goog_search_01,20.0,3
2025-09-24,Google Non-Brand Search,goog_search_01,63.0,2
2025-09-24,TikTok,tiktok_upper_01,0.0,2
2025-09-24,TikTok,tiktok_upper_01,5.0,8
2025-09-24,TikTok,tiktok_upper_01,10.0,1
2025-09-24,TikTok,tiktok_upper_02,,9
2025-09-25,Meta,fb_prospect_01,0.0,3
2025-09-25,Meta,fb_prospect_01,5.0,4
2025-09-25,Meta,fb_prospect_01,10.0,5
2025-09-25,Meta,fb_prospect_01,40.0,1
2025-09-25,Meta,fb_prospect_02,0.0,5
2025-09-25,Meta,fb_prospect_02,5.0,3
2025-09-25,Meta,fb_prospect_02,10.0,3
2025-09-25,Meta,fb_prospect_02,40.0,1
2025-09-25,Google App Campaigns,goog_ac_01,0.0,3
2025-09-25,Google App Campaigns,goog_ac_01,5.0,5
2025-09-25,Google App Campaigns,goog_ac_01,10.0,6
2025-09-25,Google App Campaigns,goog_ac_01,20.0,1
2025-09-25,Google App Campaigns,goog_ac_02,,7
2025-09-25,Google Brand Search,goog_brand_01,0.0,3
2025-09-25,Google Brand Search,goog_brand_01,5.0,2
2025-09-25,Google Brand Search,goog_brand_01,10.0,4
2025-09-25,Google Brand Search,goog_brand_01,20.0,2
2025-09-25,Google Brand Search,goog_brand_01,40.0,2
2025-09-25,Google Non-Brand Search,goog_search_01,0.0,1
2025-09-25,Google Non-Brand Search,goog_search_01,5.0,1
2025-09-25,Google Non-Brand Search,goog_search_01,10.0,4
2025-09-25,Google Non-Brand Search,goog_search_01,20.0,2
2025-09-25,Google Non-Brand Search,goog_search_01,63.0,2
2025-09-25,TikTok,tiktok_upper_01,0.0,2
2025-09-25,TikTok,tiktok_upper_01,5.0,2
2025-09-25,TikTok,tiktok_upper_01,10.0,3
2025-09-25,TikTok,tiktok_upper_01,20.0,1
2025-09-25,TikTok,tiktok_upper_01,40.0,2
2025-09-25,TikTok,tiktok_upper_02,0.0,4
2025-09-25,TikTok,tiktok_upper_02,5.0,4
2025-09-25,TikTok,tiktok_upper_02,10.0,2
2025-09-25,TikTok,tiktok_upper_02,40.0,1
2025-09-26,Meta,fb_prospect_01,0.0,7
2025-09-26,Meta,fb_prospect_01,5.0,3
2025-09-26,Meta,fb_prospect_01,10.0,2
2025-09-26,Meta,fb_prospect_02,0.0,3
2025-09-26,Meta,fb_prospect_02,5.0,2
2025-09-26,Meta,fb_prospect_02,10.0,7
2025-09-26,Meta,fb_prospect_02,20.0,3
2025-09-26,Meta,fb_prospect_02,40.0,1
2025-09-26,Google App Campaigns,goog_ac_01,,7
2025-09-26,Google App Campaigns,goog_ac_02,,8
2025-09-26,Google Brand Search,goog_brand_01,,8
2025-09-26,Google Non-Brand Search,goog_search_01,0.0,2
2025-09-26,Google Non-Brand Search,goog_search_01,5.0,4
2025-09-26,Google Non-Brand Search,goog_search_01,10.0,3
2025-09-26,Google Non-Brand Search,goog_search_01,20.0,4
2025-09-26,Google Non-Brand Search,goog_search_01,63.0,3
2025-09-26,TikTok,tiktok_upper_01,0.0,7
2025-09-26,TikTok,tiktok_upper_01,5.0,2
2025-09-26,TikTok,tiktok_upper_01,10.0,1
2025-09-26,TikTok,tiktok_upper_02,0.0,5
2025-09-26,TikTok,tiktok_upper_02,5.0,1
2025-09-26,TikTok,tiktok_upper_02,10.0,5
2025-09-27,Meta,fb_prospect_01,0.0,5
2025-09-27,Meta,fb_prospect_01,5.0,6
2025-09-27,Meta,fb_prospect_01,10.0,2
2025-09-27,Meta,fb_prospect_01,20.0,4
2025-09-27,Meta,fb_prospect_01,40.0,2
2025-09-27,Meta,fb_prospect_01,63.0,1
2025-09-27,Meta,fb_prospect_02,0.0,4
2025-09-27,Meta,fb_prospect_02,5.0,9
2025-09-27,Meta,fb_prospect_02,10.0,5
2025-09-27,Meta,fb_prospect_02,20.0,2
2025-09-27,Meta,fb_prospect_02,40.0,1
2025-09-27,Meta,fb_prospect_02,63.0,2
2025-09-27,Google App Campaigns,goog_ac_01,0.0,2
2025-09-27,Google App Campaigns,goog_ac_01,5.0,3
2025-09-27,Google App Campaigns,goog_ac_01,10.0,2
2025-09-27,Google App Campaigns,goog_ac_01,20.0,6
2025-09-27,Google App Campaigns,goog_ac_02,0.0,1
2025-09-27,Google App Campaigns,goog_ac_02,5.0,3
2025-09-27,Google App Campaigns,goog_ac_02,10.0,6
2025-09-27,Google App Campaigns,goog_ac_02,20.0,2
2025-09-27,Google App Campaigns,goog_ac_02,40.0,1
2025-09-27,Google Brand Search,goog_brand_01,0.0,3
2025-09-27,Google Brand Search,goog_brand_01,5.0,5
2025-09-27,Google Brand Search,goog_brand_01,10.0,6
2025-09-27,Google Brand Search,goog_brand_01,20.0,1
2025-09-27,Google Brand Search,goog_brand_01,40.0,2
2025-09-27,Google Non-Brand Search,goog_search_01,0.0,6
2025-09-27,Google Non-Brand Search,goog_search_01,5.0,2
2025-09-27,Google Non-Brand Search,goog_search_01,10.0,4
2025-09-27,Google Non-Brand Search,goog_search_01,20.0,2
2025-09-27,Google Non-Brand Search,goog_search_01,40.0,3
2025-09-27,TikTok,tiktok_upper_01,,7
2025-09-27,TikTok,tiktok_upper_02,,7
2025-09-28,Meta,fb_prospect_01,0.0,7
2025-09-28,Meta,fb_prospect_01,5.0,2
2025-09-28,Meta,fb_prospect_01,10.0,3
2025-09-28,Meta,fb_prospect_01,20.0,2
2025-09-28,Meta,fb_prospect_01,63.0,2
2025-09-28,Meta,fb_prospect_02,0.0,7
2025-09-28,Meta,fb_prospect_02,5.0,7
2025-09-28,Meta,fb_prospect_02,10.0,5
2025-09-28,Meta,fb_prospect_02,20.0,2
2025-09-28,Meta,fb_prospect_02,40.0,1
2025-09-28,Google App Campaigns,goog_ac_01,0.0,3
2025-09-28,Google App Campaigns,goog_ac_01,5.0,4
2025-09-28,Google App Campaigns,goog_ac_01,10.0,4
2025-09-28,Google App Campaigns,goog_ac_01,20.0,2
2025-09-28,Google App Campaigns,goog_ac_01,40.0,2
2025-09-28,Google App Campaigns,goog_ac_02,0.0,3
2025-09-28,Google App Campaigns,goog_ac_02,5.0,3
2025-09-28,Google App Campaigns,goog_ac_02,10.0,2
2025-09-28,Google App Campaigns,goog_ac_02,20.0,1
2025-09-28,Google App Campaigns,goog_ac_02,40.0,1
2025-09-28,Google Brand Search,goog_brand_01,0.0,5
2025-09-28,Google Brand Search,goog_brand_01,10.0,8
2025-09-28,Google Brand Search,goog_brand_01,20.0,4
2025-09-28,Google Brand Search,goog_brand_01,40.0,1
2025-09-28,Google Non-Brand Search,goog_search_01,0.0,2
2025-09-28,Google Non-Brand Search,goog_search_01,5.0,5
2025-09-28,Google Non-Brand Search,goog_search_01,10.0,5
2025-09-28,Google Non-Brand Search,goog_search_01,20.0,2
2025-09-28,Google Non-Brand Search,goog_search_01,40.0,2
2025-09-28,Google Non-Brand Search,goog_search_01,63.0,1
2025-09-28,TikTok,tiktok_upper_01,0.0,7
2025-09-28,TikTok,tiktok_upper_01,5.0,4
2025-09-28,TikTok,tiktok_upper_02,,9
2025-09-29,Meta,fb_prospect_01,0.0,1
2025-09-29,Meta,fb_prospect_01,5.0,10
2025-09-29,Meta,fb_prospect_01,10.0,8
2025-09-29,Meta,fb_prospect_01,20.0,4
2025-09-29,Meta,fb_prospect_02,0.0,9
2025-09-29,Meta,fb_prospect_02,5.0,11
2025-09-29,Meta,fb_prospect_02,10.0,2
2025-09-29,Meta,fb_prospect_02,20.0,1
2025-09-29,Meta,fb_prospect_02,40.0,1
2025-09-29,Google App Campaigns,goog_ac_01,0.0,3
2025-09-29,Google App Campaigns,goog_ac_01,5.0,3
2025-09-29,Google App Campaigns,goog_ac_01,10.0,6
2025-09-29,Google App Campaigns,goog_ac_02,0.0,6
2025-09-29,Google App Campaigns,goog_ac_02,5.0,4
2025-09-29,Google App Campaigns,goog_ac_02,10.0,3
2025-09-29,Google App Campaigns,goog_ac_02,20.0,1
2025-09-29,Google App Campaigns,goog_ac_02,40.0,1
2025-09-29,Google Brand Search,goog_brand_01,0.0,6
2025-09-29,Google Brand Search,goog_brand_01,5.0,7
2025-09-29,Google Brand Search,goog_brand_01,10.0,9
2025-09-29,Google Brand Search,goog_brand_01,20.0,3
2025-09-29,Google Brand Search,goog_brand_01,63.0,2
2025-09-29,Google Non-Brand Search,goog_search_01,0.0,10
2025-09-29,Google Non-Brand Search,goog_search_01,5.0,5
2025-09-29,Google Non-Brand Search,goog_search_01,10.0,6
2025-09-29,Google Non-Brand Search,goog_search_01,20.0,4
2025-09-29,Google Non-Brand Search,goog_search_01,40.0,1
2025-09-29,Google Non-Brand Search,goog_search_01,63.0,1
2025-09-29,TikTok,tiktok_upper_01,,8
2025-09-29,TikTok,tiktok_upper_02,,9
2025-09-30,Meta,fb_prospect_01,0.0,1
2025-09-30,Meta,fb_prospect_01,5.0,6
2025-09-30,Meta,fb_prospect_01,10.0,2
2025-09-30,Meta,fb_prospect_01,20.0,1
2025-09-30,Meta,fb_prospect_02,0.0,4
2025-09-30,Meta,fb_prospect_02,5.0,6
2025-09-30,Meta,fb_prospect_02,10.0,7
2025-09-30,Meta,fb_prospect_02,20.0,2
2025-09-30,Meta,fb_prospect_02,40.0,1
2025-09-30,Meta,fb_prospect_02,63.0,1
2025-09-30,Google App Campaigns,goog_ac_01,0.0,6
2025-09-30,Google App Campaigns,goog_ac_01,5.0,6
2025-09-30,Google App Campaigns,goog_ac_01,10.0,3
2025-09-30,Google App Campaigns,goog_ac_01,20.0,2
2025-09-30,Google App Campaigns,goog_ac_01,40.0,1
2025-09-30,Google App Campaigns,goog_ac_02,,9
2025-09-30,Google Brand Search,goog_brand_01,,9
2025-09-30,Google Non-Brand Search,goog_search_01,0.0,4
2025-09-30,Google Non-Brand Search,goog_search_01,10.0,2
2025-09-30,Google Non-Brand Search,goog_search_01,20.0,4
2025-09-30,Google Non-Brand Search,goog_search_01,40.0,1
2025-09-30,TikTok,tiktok_upper_01,,8
2025-09-30,TikTok,tiktok_upper_02,,8
2025-10-01,Meta,fb_prospect_01,0.0,4
2025-10-01,Meta,fb_prospect_01,5.0,3
2025-10-01,Meta,fb_prospect_01,20.0,3
2025-10-01,Meta,fb_prospect_02,0.0,4
2025-10-01,Meta,fb_prospect_02,5.0,5
2025-10-01,Meta,fb_prospect_02,10.0,4
2025-10-01,Meta,fb_prospect_02,20.0,1
2025-10-01,Meta,fb_prospect_02,40.0,3
2025-10-01,Google App Campaigns,goog_ac_01,,9
2025-10-01,Google App Campaigns,goog_ac_02,0.0,2
2025-10-01,Google App Campaigns,goog_ac_02,5.0,4
2025-10-01,Google App Campaigns,goog_ac_02,10.0,2
2025-10-01,Google App Campaigns,goog_ac_02,20.0,1
2025-10-01,Google App Campaigns,goog_ac_02,40.0,1
2025-10-01,Google App Campaigns,goog_ac_02,63.0,1
2025-10-01,Google Brand Search,goog_brand_01,0.0,3
2025-10-01,Google Brand Search,goog_brand_01,5.0,5
2025-10-01,Google Brand Search,goog_brand_01,10.0,3
2025-10-01,Google Brand Search,goog_brand_01,20.0,1
2025-10-01,Google Brand Search,goog_brand_01,40.0,1
2025-10-01,Google Brand Search,goog_brand_01,63.0,3
2025-10-01,Google Non-Brand Search,goog_search_01,0.0,2
2025-10-01,Google Non-Brand Search,goog_search_01,5.0,5
2025-10-01,Google Non-Brand Search,goog_search_01,10.0,2
2025-10-01,Google Non-Brand Search,goog_search_01,20.0,2
2025-10-01,Google Non-Brand Search,goog_search_01,40.0,2
2025-10-01,Google Non-Brand Search,goog_search_01,63.0,1
2025-10-01,TikTok,tiktok_upper_01,0.0,8
2025-10-01,TikTok,tiktok_upper_01,5.0,5
2025-10-01,TikTok,tiktok_upper_01,10.0,1
2025-10-01,TikTok,tiktok_upper_01,63.0,1
2025-10-01,TikTok,tiktok_upper_02,,7
2025-10-02,Meta,fb_prospect_01,0.0,4
2025-10-02,Meta,fb_prospect_01,5.0,3
2025-10-02,Meta,fb_prospect_01,10.0,6
2025-10-02,Meta,fb_prospect_01,20.0,1
2025-10-02,Meta,fb_prospect_01,40.0,1
2025-10-02,Meta,fb_prospect_01,63.0,1
2025-10-02,Meta,fb_prospect_02,0.0,7
2025-10-02,Meta,fb_prospect_02,5.0,7
2025-10-02,Meta,fb_prospect_02,10.0,4
2025-10-02,Meta,fb_prospect_02,20.0,4
2025-10-02,Meta,fb_prospect_02,40.0,1
2025-10-02,Meta,fb_prospect_02,63.0,2
2025-10-02,Google App Campaigns,goog_ac_01,,7
2025-10-02,Google App Campaigns,goog_ac_02,0.0,2
2025-10-02,Google App Campaigns,goog_ac_02,5.0,3
2025-10-02,Google App Campaigns,goog_ac_02,10.0,4
2025-10-02,Google App Campaigns,goog_ac_02,20.0,1
2025-10-02,Google App Campaigns,goog_ac_02,40.0,1
2025-10-02,Google Brand Search,goog_brand_01,0.0,2
2025-10-02,Google Brand Search,goog_brand_01,5.0,5
2025-10-02,Google Brand Search,goog_brand_01,10.0,3
2025-10-02,Google Brand Search,goog_brand_01,20.0,2
2025-10-02,Google Brand Search,goog_brand_01,40.0,1
2025-10-02,Google Brand Search,goog_brand_01,63.0,3
2025-10-02,Google Non-Brand Search,goog_search_01,0.0,3
2025-10-02,Google Non-Brand Search,goog_search_01,5.0,2
2025-10-02,Google Non-Brand Search,goog_search_01,10.0,2
2025-10-02,Google Non-Brand Search,goog_search_01,20.0,2
2025-10-02,Google Non-Brand Search,goog_search_01,63.0,2
2025-10-02,TikTok,tiktok_upper_01,,6
2025-10-02,TikTok,tiktok_upper_02,,8
2025-10-03,Meta,fb_prospect_01,0.0,4
2025-10-03,Meta,fb_prospect_01,5.0,5
2025-10-03,Meta,fb_prospect_01,10.0,5
2025-10-03,Meta,fb_prospect_01,63.0,1
2025-10-03,Meta,fb_prospect_02,0.0,2
2025-10-03,Meta,fb_prospect_02,5.0,6
2025-10-03,Meta,fb_prospect_02,10.0,7
2025-10-03,Meta,fb_prospect_02,20.0,1
2025-10-03,Meta,fb_prospect_02,40.0,1
2025-10-03,Meta,fb_prospect_02,63.0,1
2025-10-03,Google App Campaigns,goog_ac_01,,9
2025-10-03,Google App Campaigns,goog_ac_02,,7
2025-10-03,Google Brand Search,goog_brand_01,0.0,2
2025-10-03,Google Brand Search,goog_brand_01,5.0,1
2025-10-03,Google Brand Search,goog_brand_01,10.0,7
2025-10-03,Google Brand Search,goog_brand_01,20.0,5
2025-10-03,Google Brand Search,goog_brand_01,40.0,2
2025-10-03,Google Brand Search,goog_brand_01,63.0,1
2025-10-03,Google Non-Brand Search,goog_search_01,0.0,4
2025-10-03,Google Non-Brand Search,goog_search_01,5.0,5
2025-10-03,Google Non-Brand Search,goog_search_01,10.0,3
2025-10-03,Google Non-Brand Search,goog_search_01,20.0,2
2025-10-03,Google Non-Brand Search,goog_search_01,40.0,1
2025-10-03,Google Non-Brand Search,goog_search_01,63.0,1
2025-10-03,TikTok,tiktok_upper_01,,8
2025-10-03,TikTok,tiktok_upper_02,,7
2025-10-04,Meta,fb_prospect_01,0.0,6
2025-10-04,Meta,fb_prospect_01,5.0,10
2025-10-04,Meta,fb_prospect_01,10.0,3
2025-10-04,Meta,fb_prospect_01,20.0,1
2025-10-04,Meta,fb_prospect_01,40.0,1
2025-10-04,Meta,fb_prospect_01,63.0,2
2025-10-04,Meta,fb_prospect_02,0.0,8
2025-10-04,Meta,fb_prospect_02,5.0,4
2025-10-04,Meta,fb_prospect_02,10.0,6
2025-10-04,Meta,fb_prospect_02,20.0,2
2025-10-04,Meta,fb_prospect_02,40.0,4
2025-10-04,Google App Campaigns,goog_ac_01,,9
2025-10-04,Google App Campaigns,goog_ac_02,0.0,5
2025-10-04,Google App Campaigns,goog_ac_02,5.0,5
2025-10-04,Google App Campaigns,goog_ac_02,10.0,5
2025-10-04,Google Brand Search,goog_brand_01,0.0,3
2025-10-04,Google Brand Search,goog_brand_01,5.0,2
2025-10-04,Google Brand Search,goog_brand_01,10.0,7
2025-10-04,Google Brand Search,goog_brand_01,20.0,7
2025-10-04,Google Brand Search,goog_brand_01,40.0,2
2025-10-04,Google Non-Brand Search,goog_search_01,0.0,3
2025-10-04,Google Non-Brand Search,goog_search_01,5.0,6
2025-10-04,Google Non-Brand Search,goog_search_01,10.0,2
2025-10-04,Google Non-Brand Search,goog_search_01,20.0,4
2025-10-04,Google Non-Brand Search,goog_search_01,40.0,2
2025-10-04,Google Non-Brand Search,goog_search_01,63.0,1
2025-10-04,TikTok,tiktok_upper_01,0.0,4
2025-10-04,TikTok,tiktok_upper_01,5.0,4
2025-10-04,TikTok,tiktok_upper_01,10.0,2
2025-10-04,TikTok,tiktok_upper_01,20.0,1
2025-10-04,TikTok,tiktok_upper_01,40.0,1
2025-10-04,TikTok,tiktok_upper_02,0.0,5
2025-10-04,TikTok,tiktok_upper_02,5.0,4
2025-10-04,TikTok,tiktok_upper_02,10.0,1
2025-10-05,Meta,fb_prospect_01,0.0,4
2025-10-05,Meta,fb_prospect_01,5.0,7
2025-10-05,Meta,fb_prospect_01,10.0,7
2025-10-05,Meta,fb_prospect_01,20.0,2
2025-10-05,Meta,fb_prospect_01,40.0,1
2025-10-05,Meta,fb_prospect_01,63.0,2
2025-10-05,Meta,fb_prospect_02,0.0,5
2025-10-05,Meta,fb_prospect_02,5.0,4
2025-10-05,Meta,fb_prospect_02,10.0,8
2025-10-05,Meta,fb_prospect_02,20.0,2
2025-10-05,Meta,fb_prospect_02,40.0,2
2025-10-05,Google App Campaigns,goog_ac_01,0.0,5
2025-10-05,Google App Campaigns,goog_ac_01,5.0,2
2025-10-05,Google App Campaigns,goog_ac_01,10.0,6
2025-10-05,Google App Campaigns,goog_ac_01,20.0,1
2025-10-05,Google App Campaigns,goog_ac_02,0.0,3
2025-10-05,Google App Campaigns,goog_ac_02,5.0,2
2025-10-05,Google App Campaigns,goog_ac_02,10.0,6
2025-10-05,Google App Campaigns,goog_ac_02,40.0,1
2025-10-05,Google Brand Search,goog_brand_01,0.0,1
2025-10-05,Google Brand Search,goog_brand_01,5.0,2
2025-10-05,Google Brand Search,goog_brand_01,10.0,5
2025-10-05,Google Brand Search,goog_brand_01,20.0,6
2025-10-05,Google Brand Search,goog_brand_01,63.0,2
2025-10-05,Google Non-Brand Search,goog_search_01,0.0,3
2025-10-05,Google Non-Brand Search,goog_search_01,5.0,4
2025-10-05,Google Non-Brand Search,goog_search_01,10.0,3
2025-10-05,Google Non-Brand Search,goog_search_01,40.0,1
2025-10-05,Google Non-Brand Search,goog_search_01,63.0,4
2025-10-05,TikTok,tiktok_upper_01,0.0,5
2025-10-05,TikTok,tiktok_upper_01,5.0,4
2025-10-05,TikTok,tiktok_upper_01,10.0,3
2025-10-05,TikTok,tiktok_upper_01,40.0,1
2025-10-05,TikTok,tiktok_upper_02,,9
2025-10-06,Meta,fb_prospect_01,0.0,10
2025-10-06,Meta,fb_prospect_01,5.0,3
2025-10-06,Meta,fb_prospect_01,10.0,1
2025-10-06,Meta,fb_prospect_01,63.0,1
2025-10-06,Meta,fb_prospect_02,0.0,4
2025-10-06,Meta,fb_prospect_02,5.0,9
2025-10-06,Meta,fb_prospect_02,10.0,5
2025-10-06,Meta,fb_prospect_02,20.0,2
2025-10-06,Meta,fb_prospect_02,63.0,1
2025-10-06,Google App Campaigns,goog_ac_01,0.0,1
2025-10-06,Google App Campaigns,goog_ac_01,5.0,4
2025-10-06,Google App Campaigns,goog_ac_01,10.0,3
2025-10-06,Google App Campaigns,goog_ac_01,20.0,4
2025-10-06,Google App Campaigns,goog_ac_01,63.0,1
2025-10-06,Google App Campaigns,goog_ac_02,,8
2025-10-06,Google Brand Search,goog_brand_01,0.0,1
2025-10-06,Google Brand Search,goog_brand_01,5.0,3
2025-10-06,Google Brand Search,goog_brand_01,10.0,4
2025-10-06,Google Brand Search,goog_brand_01,20.0,6
2025-10-06,Google Brand Search,goog_brand_01,40.0,1
2025-10-06,Google Brand Search,goog_brand_01,63.0,1
2025-10-06,Google Non-Brand Search,goog_search_01,0.0,3
2025-10-06,Google Non-Brand Search,goog_search_01,5.0,4
2025-10-06,Google Non-Brand Search,goog_search_01,10.0,3
2025-10-06,Google Non-Brand Search,goog_search_01,20.0,4
2025-10-06,Google Non-Brand Search,goog_search_01,40.0,2
2025-10-06,TikTok,tiktok_upper_01,0.0,1
2025-10-06,TikTok,tiktok_upper_01,5.0,3
2025-10-06,TikTok,tiktok_upper_01,10.0,4
2025-10-06,TikTok,tiktok_upper_01,20.0,2
2025-10-06,TikTok,tiktok_upper_02,0.0,6
2025-10-06,TikTok,tiktok_upper_02,5.0,4
2025-10-06,TikTok,tiktok_upper_02,10.0,4
2025-10-07,Meta,fb_prospect_01,0.0,4
2025-10-07,Meta,fb_prospect_01,5.0,4
2025-10-07,Meta,fb_prospect_01,10.0,2
2025-10-07,Meta,fb_prospect_01,20.0,2
2025-10-07,Meta,fb_prospect_02,0.0,8
2025-10-07,Meta,fb_prospect_02,5.0,5
2025-10-07,Meta,fb_prospect_02,10.0,8
2025-10-07,Meta,fb_prospect_02,20.0,1
2025-10-07,Meta,fb_prospect_02,40.0,1
2025-10-07,Google App Campaigns,goog_ac_01,0.0,5
2025-10-07,Google App Campaigns,goog_ac_01,5.0,5
2025-10-07,Google App Campaigns,goog_ac_01,20.0,4
2025-10-07,Google App Campaigns,goog_ac_02,0.0,1
2025-10-07,Google App Campaigns,goog_ac_02,5.0,1
2025-10-07,Google App Campaigns,goog_ac_02,10.0,5
2025-10-07,Google App Campaigns,goog_ac_02,20.0,1
2025-10-07,Google App Campaigns,goog_ac_02,40.0,1
2025-10-07,Google App Campaigns,goog_ac_02,63.0,1
2025-10-07,Google Brand Search,goog_brand_01,,9
2025-10-07,Google Non-Brand Search,goog_search_01,0.0,4
2025-10-07,Google Non-Brand Search,goog_search_01,5.0,3
2025-10-07,Google Non-Brand Search,goog_search_01,10.0,4
2025-10-07,Google Non-Brand Search,goog_search_01,20.0,2
2025-10-07,Google Non-Brand Search,goog_search_01,40.0,2
2025-10-07,Google Non-Brand Search,goog_search_01,63.0,1
2025-10-07,TikTok,tiktok_upper_01,0.0,3
2025-10-07,TikTok,tiktok_upper_01,5.0,5
2025-10-07,TikTok,tiktok_upper_01,20.0,1
2025-10-07,TikTok,tiktok_upper_01,40.0,1
2025-10-07,TikTok,tiktok_upper_02,,3
2025-10-08,Meta,fb_prospect_01,0.0,3
2025-10-08,Meta,fb_prospect_01,5.0,4
2025-10-08,Meta,fb_prospect_01,10.0,3
2025-10-08,Meta,fb_prospect_01,63.0,1
2025-10-08,Meta,fb_prospect_02,0.0,2
2025-10-08,Meta,fb_prospect_02,5.0,4
2025-10-08,Meta,fb_prospect_02,10.0,5
2025-10-08,Meta,fb_prospect_02,20.0,1
2025-10-08,Meta,fb_prospect_02,40.0,2
2025-10-08,Google App Campaigns,goog_ac_01,0.0,2
2025-10-08,Google App Campaigns,goog_ac_01,5.0,2
2025-10-08,Google App Campaigns,goog_ac_01,10.0,5
2025-10-08,Google App Campaigns,goog_ac_01,20.0,2
2025-10-08,Google App Campaigns,goog_ac_02,0.0,2
2025-10-08,Google App Campaigns,goog_ac_02,5.0,5
2025-10-08,Google App Campaigns,goog_ac_02,10.0,5
2025-10-08,Google App Campaigns,goog_ac_02,20.0,1
2025-10-08,Google App Campaigns,goog_ac_02,63.0,1
2025-10-08,Google Brand Search,goog_brand_01,0.0,3
2025-10-08,Google Brand Search,goog_brand_01,5.0,2
2025-10-08,Google Brand Search,goog_brand_01,10.0,8
2025-10-08,Google Brand Search,goog_brand_01,20.0,4
2025-10-08,Google Non-Brand Search,goog_search_01,0.0,1
2025-10-08,Google Non-Brand Search,goog_search_01,5.0,2
2025-10-08,Google Non-Brand Search,goog_search_01,10.0,2
2025-10-08,Google Non-Brand Search,goog_search_01,20.0,4
2025-10-08,Google Non-Brand Search,goog_search_01,40.0,2
2025-10-08,Google Non-Brand Search,goog_search_01,63.0,1
2025-10-08,TikTok,tiktok_upper_01,,6
2025-10-08,TikTok,tiktok_upper_02,0.0,4
2025-10-08,TikTok,tiktok_upper_02,5.0,4
2025-10-08,TikTok,tiktok_upper_02,10.0,3
2025-10-08,TikTok,tiktok_upper_02,20.0,1
2025-10-09,Meta,fb_prospect_01,0.0,7
2025-10-09,Meta,fb_prospect_01,5.0,1
2025-10-09,Meta,fb_prospect_01,10.0,3
2025-10-09,Meta,fb_prospect_01,20.0,2
2025-10-09,Meta,fb_prospect_02,0.0,4
2025-10-09,Meta,fb_prospect_02,5.0,8
2025-10-09,Meta,fb_prospect_02,10.0,5
2025-10-09,Meta,fb_prospect_02,20.0,2
2025-10-09,Google App Campaigns,goog_ac_01,,6
2025-10-09,Google App Campaigns,goog_ac_02,0.0,5
2025-10-09,Google App Campaigns,goog_ac_02,5.0,2
2025-10-09,Google App Campaigns,goog_ac_02,10.0,1
2025-10-09,Google App Campaigns,goog_ac_02,20.0,2
2025-10-09,Google Brand Search,goog_brand_01,0.0,2
2025-10-09,Google Brand Search,goog_brand_01,5.0,2
2025-10-09,Google Brand Search,goog_brand_01,10.0,4
2025-10-09,Google Brand Search,goog_brand_01,20.0,2
2025-10-09,Google Brand Search,goog_brand_01,63.0,1
2025-10-09,Google Non-Brand Search,goog_search_01,0.0,2
2025-10-09,Google Non-Brand Search,goog_search_01,5.0,4
2025-10-09,Google Non-Brand Search,goog_search_01,10.0,4
2025-10-09,Google Non-Brand Search,goog_search_01,20.0,5
2025-10-09,Google Non-Brand Search,goog_search_01,63.0,1
2025-10-09,TikTok,tiktok_upper_01,,8
2025-10-09,TikTok,tiktok_upper_02,0.0,5
2025-10-09,TikTok,tiktok_upper_02,5.0,3
2025-10-09,TikTok,tiktok_upper_02,10.0,1
2025-10-09,TikTok,tiktok_upper_02,20.0,2
2025-10-10,Meta,fb_prospect_01,0.0,2
2025-10-10,Meta,fb_prospect_01,5.0,9
2025-10-10,Meta,fb_prospect_01,10.0,1
2025-10-10,Meta,fb_prospect_01,63.0,1
2025-10-10,Meta,fb_prospect_02,0.0,7
2025-10-10,Meta,fb_prospect_02,5.0,4
2025-10-10,Meta,fb_prospect_02,10.0,3
2025-10-10,Meta,fb_prospect_02,20.0,2
2025-10-10,Google App Campaigns,goog_ac_01,0.0,4
2025-10-10,Google App Campaigns,goog_ac_01,5.0,3
2025-10-10,Google App Campaigns,goog_ac_01,10.0,1
2025-10-10,Google App Campaigns,goog_ac_01,20.0,1
2025-10-10,Google App Campaigns,goog_ac_01,40.0,2
2025-10-10,Google App Campaigns,goog_ac_02,0.0,4
2025-10-10,Google App Campaigns,goog_ac_02,5.0,7
2025-10-10,Google App Campaigns,goog_ac_02,10.0,3
2025-10-10,Google App Campaigns,goog_ac_02,40.0,1
2025-10-10,Google Brand Search,goog_brand_01,0.0,8
2025-10-10,Google Brand Search,goog_brand_01,5.0,4
2025-10-10,Google Brand Search,goog_brand_01,10.0,1
2025-10-10,Google Brand Search,goog_brand_01,20.0,2
2025-10-10,Google Brand Search,goog_brand_01,40.0,4
2025-10-10,Google Non-Brand Search,goog_search_01,0.0,3
2025-10-10,Google Non-Brand Search,goog_search_01,5.0,3
2025-10-10,Google Non-Brand Search,goog_search_01,10.0,4
2025-10-10,Google Non-Brand Search,goog_search_01,20.0,2
2025-10-10,Google Non-Brand Search,goog_search_01,40.0,2
2025-10-10,Google Non-Brand Search,goog_search_01,63.0,3
2025-10-10,TikTok,tiktok_upper_01,,5
2025-10-10,TikTok,tiktok_upper_02,0.0,4
2025-10-10,TikTok,tiktok_upper_02,5.0,4
2025-10-10,TikTok,tiktok_upper_02,10.0,2
2025-10-11,Meta,fb_prospect_01,0.0,4
2025-10-11,Meta,fb_prospect_01,5.0,2
2025-10-11,Meta,fb_prospect_01,10.0,4
2025-10-11,Meta,fb_prospect_01,20.0,6
2025-10-11,Meta,fb_prospect_01,40.0,6
2025-10-11,Meta,fb_prospect_02,0.0,4
2025-10-11,Meta,fb_prospect_02,5.0,5
2025-10-11,Meta,fb_prospect_02,10.0,6
2025-10-11,Meta,fb_prospect_02,63.0,2
2025-10-11,Google App Campaigns,goog_ac_01,0.0,8
2025-10-11,Google App Campaigns,goog_ac_01,10.0,2
2025-10-11,Google App Campaigns,goog_ac_01,40.0,1
2025-10-11,Google App Campaigns,goog_ac_02,0.0,4
2025-10-11,Google App Campaigns,goog_ac_02,5.0,2
2025-10-11,Google App Campaigns,goog_ac_02,10.0,4
2025-10-11,Google Brand Search,goog_brand_01,0.0,6
2025-10-11,Google Brand Search,goog_brand_01,5.0,5
2025-10-11,Google Brand Search,goog_brand_01,10.0,6
2025-10-11,Google Brand Search,goog_brand_01,20.0,3
2025-10-11,Google Brand Search,goog_brand_01,40.0,2
2025-10-11,Google Non-Brand Search,goog_search_01,5.0,5
2025-10-11,Google Non-Brand Search,goog_search_01,10.0,7
2025-10-11,Google Non-Brand Search,goog_search_01,20.0,1
2025-10-11,Google Non-Brand Search,goog_search_01,40.0,2
2025-10-11,Google Non-Brand Search,goog_search_01,63.0,1
2025-10-11,TikTok,tiktok_upper_01,,7
2025-10-11,TikTok,tiktok_upper_02,,9
2025-10-12,Meta,fb_prospect_01,0.0,6
2025-10-12,Meta,fb_prospect_01,5.0,3
2025-10-12,Meta,fb_prospect_01,10.0,4
2025-10-12,Meta,fb_prospect_01,20.0,3
2025-10-12,Meta,fb_prospect_01,40.0,2
2025-10-12,Meta,fb_prospect_02,0.0,7
2025-10-12,Meta,fb_prospect_02,5.0,5
2025-10-12,Meta,fb_prospect_02,10.0,3
2025-10-12,Meta,fb_prospect_02,20.0,1
2025-10-12,Meta,fb_prospect_02,40.0,1
2025-10-12,Google App Campaigns,goog_ac_01,0.0,1
2025-10-12,Google App Campaigns,goog_ac_01,5.0,4
2025-10-12,Google App Campaigns,goog_ac_01,10.0,2
2025-10-12,Google App Campaigns,goog_ac_01,40.0,4
2025-10-12,Google App Campaigns,goog_ac_01,63.0,2
2025-10-12,Google App Campaigns,goog_ac_02,0.0,2
2025-10-12,Google App Campaigns,goog_ac_02,5.0,2
2025-10-12,Google App Campaigns,goog_ac_02,10.0,4
2025-10-12,Google App Campaigns,goog_ac_02,40.0,3
2025-10-12,Google Brand Search,goog_brand_01,0.0,2
2025-10-12,Google Brand Search,goog_brand_01,5.0,5
2025-10-12,Google Brand Search,goog_brand_01,10.0,4
2025-10-12,Google Brand Search,goog_brand_01,20.0,2
2025-10-12,Google Brand Search,goog_brand_01,63.0,2
2025-10-12,Google Non-Brand Search,goog_search_01,0.0,1
2025-10-12,Google Non-Brand Search,goog_search_01,5.0,1
2025-10-12,Google Non-Brand Search,goog_search_01,10.0,4
2025-10-12,Google Non-Brand Search,goog_search_01,20.0,2
2025-10-12,Google Non-Brand Search,goog_search_01,63.0,3
2025-10-12,TikTok,tiktok_upper_01,0.0,9
2025-10-12,TikTok,tiktok_upper_01,5.0,4
2025-10-12,TikTok,tiktok_upper_01,10.0,3
2025-10-12,TikTok,tiktok_upper_02,,7
2025-10-13,Meta,fb_prospect_01,0.0,5
2025-10-13,Meta,fb_prospect_01,5.0,7
2025-10-13,Meta,fb_prospect_01,10.0,1
2025-10-13,Meta,fb_prospect_01,20.0,1
2025-10-13,Meta,fb_prospect_02,0.0,3
2025-10-13,Meta,fb_prospect_02,5.0,5
2025-10-13,Meta,fb_prospect_02,10.0,7
2025-10-13,Meta,fb_prospect_02,20.0,1
2025-10-13,Meta,fb_prospect_02,40.0,2
2025-10-13,Google App Campaigns,goog_ac_01,0.0,3
2025-10-13,Google App Campaigns,goog_ac_01,5.0,4
2025-10-13,Google App Campaigns,goog_ac_01,10.0,3
2025-10-13,Google App Campaigns,goog_ac_01,20.0,1
2025-10-13,Google App Campaigns,goog_ac_02,0.0,5
2025-10-13,Google App Campaigns,goog_ac_02,5.0,3
2025-10-13,Google App Campaigns,goog_ac_02,10.0,2
2025-10-13,Google App Campaigns,goog_ac_02,20.0,1
2025-10-13,Google Brand Search,goog_brand_01,0.0,2
2025-10-13,Google Brand Search,goog_brand_01,5.0,4
2025-10-13,Google Brand Search,goog_brand_01,10.0,6
2025-10-13,Google Brand Search,goog_brand_01,20.0,3
2025-10-13,Google Brand Search,goog_brand_01,40.0,1
2025-10-13,Google Non-Brand Search,goog_search_01,5.0,6
2025-10-13,Google Non-Brand Search,goog_search_01,10.0,4
2025-10-13,Google Non-Brand Search,goog_search_01,20.0,3
2025-10-13,Google Non-Brand Search,goog_search_01,40.0,1
2025-10-13,TikTok,tiktok_upper_01,,7
2025-10-13,TikTok,tiktok_upper_02,0.0,3
2025-10-13,TikTok,tiktok_upper_02,5.0,5
2025-10-13,TikTok,tiktok_upper_02,10.0,4
2025-10-14,Meta,fb_prospect_01,0.0,6
2025-10-14,Meta,fb_prospect_01,5.0,5
2025-10-14,Meta,fb_prospect_01,10.0,1
2025-10-14,Meta,fb_prospect_02,0.0,3
2025-10-14,Meta,fb_prospect_02,5.0,2
2025-10-14,Meta,fb_prospect_02,10.0,5
2025-10-14,Meta,fb_prospect_02,40.0,1
2025-10-14,Google App Campaigns,goog_ac_01,0.0,4
2025-10-14,Google App Campaigns,goog_ac_01,5.0,3
2025-10-14,Google App Campaigns,goog_ac_01,10.0,2
2025-10-14,Google App Campaigns,goog_ac_01,63.0,2
2025-10-14,Google App Campaigns,goog_ac_02,0.0,3
2025-10-14,Google App Campaigns,goog_ac_02,5.0,3
2025-10-14,Google App Campaigns,goog_ac_02,10.0,4
2025-10-14,Google App Campaigns,goog_ac_02,40.0,1
2025-10-14,Google App Campaigns,goog_ac_02,63.0,1
2025-10-14,Google Brand Search,goog_brand_01,0.0,3
2025-10-14,Google Brand Search,goog_brand_01,5.0,3
2025-10-14,Google Brand Search,goog_brand_01,10.0,4
2025-10-14,Google Brand Search,goog_brand_01,20.0,4
2025-10-14,Google Brand Search,goog_brand_01,63.0,1
2025-10-14,Google Non-Brand Search,goog_search_01,0.0,4
2025-10-14,Google Non-Brand Search,goog_search_01,5.0,5
2025-10-14,Google Non-Brand Search,goog_search_01,10.0,2
2025-10-14,Google Non-Brand Search,goog_search_01,20.0,6
2025-10-14,TikTok,tiktok_upper_01,,8
2025-10-14,TikTok,tiktok_upper_02,0.0,4
2025-10-14,TikTok,tiktok_upper_02,5.0,3
2025-10-14,TikTok,tiktok_upper_02,10.0,3
2025-10-14,TikTok,tiktok_upper_02,40.0,1
2025-10-15,Meta,fb_prospect_01,0.0,4
2025-10-15,Meta,fb_prospect_01,5.0,5
2025-10-15,Meta,fb_prospect_01,10.0,8
2025-10-15,Meta,fb_prospect_01,20.0,2
2025-10-15,Meta,fb_prospect_01,40.0,1
2025-10-15,Meta,fb_prospect_02,0.0,4
2025-10-15,Meta,fb_prospect_02,5.0,2
2025-10-15,Meta,fb_prospect_02,10.0,6
2025-10-15,Meta,fb_prospect_02,20.0,1
2025-10-15,Meta,fb_prospect_02,40.0,2
2025-10-15,Google App Campaigns,goog_ac_01,0.0,2
2025-10-15,Google App Campaigns,goog_ac_01,5.0,5
2025-10-15,Google App Campaigns,goog_ac_01,10.0,4
2025-10-15,Google App Campaigns,goog_ac_01,40.0,1
2025-10-15,Google App Campaigns,goog_ac_02,0.0,4
2025-10-15,Google App Campaigns,goog_ac_02,5.0,3
2025-10-15,Google App Campaigns,goog_ac_02,10.0,2
2025-10-15,Google App Campaigns,goog_ac_02,20.0,2
2025-10-15,Google App Campaigns,goog_ac_02,63.0,2
2025-10-15,Google Brand Search,goog_brand_01,0.0,6
2025-10-15,Google Brand Search,goog_brand_01,5.0,2
2025-10-15,Google Brand Search,goog_brand_01,10.0,3
2025-10-15,Google Brand Search,goog_brand_01,20.0,4
2025-10-15,Google Non-Brand Search,goog_search_01,0.0,3
2025-10-15,Google Non-Brand Search,goog_search_01,5.0,5
2025-10-15,Google Non-Brand Search,goog_search_01,10.0,5
2025-10-15,Google Non-Brand Search,goog_search_01,20.0,5
2025-10-15,Google Non-Brand Search,goog_search_01,40.0,2
2025-10-15,TikTok,tiktok_upper_01,,5
2025-10-15,TikTok,tiktok_upper_02,,7
2025-10-16,Meta,fb_prospect_01,0.0,3
2025-10-16,Meta,fb_prospect_01,5.0,6
2025-10-16,Meta,fb_prospect_01,10.0,3
2025-10-16,Meta,fb_prospect_01,20.0,2
2025-10-16,Meta,fb_prospect_01,40.0,1
2025-10-16,Meta,fb_prospect_02,0.0,8
2025-10-16,Meta,fb_prospect_02,5.0,3
2025-10-16,Meta,fb_prospect_02,10.0,3
2025-10-16,Meta,fb_prospect_02,20.0,2
2025-10-16,Meta,fb_prospect_02,40.0,2
2025-10-16,Google App Campaigns,goog_ac_01,,9
2025-10-16,Google App Campaigns,goog_ac_02,,8
2025-10-16,Google Brand Search,goog_brand_01,0.0,4
2025-10-16,Google Brand Search,goog_brand_01,5.0,3
2025-10-16,Google Brand Search,goog_brand_01,10.0,3
2025-10-16,Google Brand Search,goog_brand_01,20.0,2
2025-10-16,Google Brand Search,goog_brand_01,40.0,2
2025-10-16,Google Brand Search,goog_brand_01,63.0,2
2025-10-16,Google Non-Brand Search,goog_search_01,0.0,3
2025-10-16,Google Non-Brand Search,goog_search_01,5.0,6
2025-10-16,Google Non-Brand Search,goog_search_01,10.0,3
2025-10-16,Google Non-Brand Search,goog_search_01,20.0,2
2025-10-16,Google Non-Brand Search,goog_search_01,40.0,2
2025-10-16,Google Non-Brand Search,goog_search_01,63.0,2
2025-10-16,TikTok,tiktok_upper_01,,5
2025-10-16,TikTok,tiktok_upper_02,,8
2025-10-17,Meta,fb_prospect_01,0.0,5
2025-10-17,Meta,fb_prospect_01,5.0,6
2025-10-17,Meta,fb_prospect_01,10.0,2
2025-10-17,Meta,fb_prospect_01,20.0,2
2025-10-17,Meta,fb_prospect_02,,9
2025-10-17,Google App Campaigns,goog_ac_01,,9
2025-10-17,Google App Campaigns,goog_ac_02,,7
2025-10-17,Google Brand Search,goog_brand_01,0.0,2
2025-10-17,Google Brand Search,goog_brand_01,5.0,6
2025-10-17,Google Brand Search,goog_brand_01,10.0,5
2025-10-17,Google Brand Search,goog_brand_01,20.0,3
2025-10-17,Google Brand Search,goog_brand_01,40.0,1
2025-10-17,Google Brand Search,goog_brand_01,63.0,2
2025-10-17,Google Non-Brand Search,goog_search_01,0.0,3
2025-10-17,Google Non-Brand Search,goog_search_01,5.0,6
2025-10-17,Google Non-Brand Search,goog_search_01,10.0,2
2025-10-17,Google Non-Brand Search,goog_search_01,20.0,5
2025-10-17,Google Non-Brand Search,goog_search_01,63.0,1
2025-10-17,TikTok,tiktok_upper_01,0.0,3
2025-10-17,TikTok,tiktok_upper_01,5.0,4
2025-10-17,TikTok,tiktok_upper_01,10.0,3
2025-10-17,TikTok,tiktok_upper_02,,8
2025-10-18,Meta,fb_prospect_01,0.0,6
2025-10-18,Meta,fb_prospect_01,5.0,4
2025-10-18,Meta,fb_prospect_01,10.0,5
2025-10-18,Meta,fb_prospect_01,20.0,3
2025-10-18,Meta,fb_prospect_01,40.0,1
2025-10-18,Meta,fb_prospect_02,0.0,9
2025-10-18,Meta,fb_prospect_02,5.0,4
2025-10-18,Meta,fb_prospect_02,10.0,4
2025-10-18,Meta,fb_prospect_02,20.0,3
2025-10-18,Meta,fb_prospect_02,40.0,1
2025-10-18,Meta,fb_prospect_02,63.0,1
2025-10-18,Google App Campaigns,goog_ac_01,0.0,4
2025-10-18,Google App Campaigns,goog_ac_01,5.0,3
2025-10-18,Google App Campaigns,goog_ac_01,10.0,3
2025-10-18,Google App Campaigns,goog_ac_01,20.0,1
2025-10-18,Google App Campaigns,goog_ac_02,0.0,5
2025-10-18,Google App Campaigns,goog_ac_02,5.0,2
2025-10-18,Google App Campaigns,goog_ac_02,10.0,3
2025-10-18,Google App Campaigns,goog_ac_02,20.0,2
2025-10-18,Google Brand Search,goog_brand_01,0.0,4
2025-10-18,Google Brand Search,goog_brand_01,5.0,4
2025-10-18,Google Brand Search,goog_brand_01,10.0,2
2025-10-18,Google Brand Search,goog_brand_01,20.0,4
2025-10-18,Google Brand Search,goog_brand_01,40.0,2
2025-10-18,Google Brand Search,goog_brand_01,63.0,2
2025-10-18,Google Non-Brand Search,goog_search_01,0.0,5
2025-10-18,Google Non-Brand Search,goog_search_01,5.0,2
2025-10-18,Google Non-Brand Search,goog_search_01,10.0,4
2025-10-18,Google Non-Brand Search,goog_search_01,20.0,3
2025-10-18,Google Non-Brand Search,goog_search_01,40.0,3
2025-10-18,TikTok,tiktok_upper_01,0.0,8
2025-10-18,TikTok,tiktok_upper_01,5.0,1
2025-10-18,TikTok,tiktok_upper_01,10.0,4
2025-10-18,TikTok,tiktok_upper_02,,8
2025-10-19,Meta,fb_prospect_01,0.0,8
2025-10-19,Meta,fb_prospect_01,5.0,6
2025-10-19,Meta,fb_prospect_01,10.0,8
2025-10-19,Meta,fb_prospect_01,20.0,5
2025-10-19,Meta,fb_prospect_02,0.0,6
2025-10-19,Meta,fb_prospect_02,5.0,7
2025-10-19,Meta,fb_prospect_02,10.0,6
2025-10-19,Meta,fb_prospect_02,20.0,2
2025-10-19,Meta,fb_prospect_02,40.0,3
2025-10-19,Meta,fb_prospect_02,63.0,1
2025-10-19,Google App Campaigns,goog_ac_01,0.0,2
2025-10-19,Google App Campaigns,goog_ac_01,5.0,5
2025-10-19,Google App Campaigns,goog_ac_01,10.0,3
2025-10-19,Google App Campaigns,goog_ac_01,20.0,3
2025-10-19,Google App Campaigns,goog_ac_01,63.0,1
2025-10-19,Google App Campaigns,goog_ac_02,,9
2025-10-19,Google Brand Search,goog_brand_01,0.0,3
2025-10-19,Google Brand Search,goog_brand_01,5.0,3
2025-10-19,Google Brand Search,goog_brand_01,10.0,4
2025-10-19,Google Brand Search,goog_brand_01,20.0,5
2025-10-19,Google Brand Search,goog_brand_01,40.0,3
2025-10-19,Google Non-Brand Search,goog_search_01,0.0,6
2025-10-19,Google Non-Brand Search,goog_search_01,5.0,4
2025-10-19,Google Non-Brand Search,goog_search_01,10.0,3
2025-10-19,Google Non-Brand Search,goog_search_01,20.0,2
2025-10-19,Google Non-Brand Search,goog_search_01,40.0,1
2025-10-19,TikTok,tiktok_upper_01,0.0,3
2025-10-19,TikTok,tiktok_upper_01,5.0,3
2025-10-19,TikTok,tiktok_upper_01,10.0,3
2025-10-19,TikTok,tiktok_upper_01,20.0,1
2025-10-19,TikTok,tiktok_upper_01,40.0,1
2025-10-19,TikTok,tiktok_upper_01,63.0,1
2025-10-19,TikTok,tiktok_upper_02,,9
2025-10-20,Meta,fb_prospect_01,0.0,7
2025-10-20,Meta,fb_prospect_01,5.0,9
2025-10-20,Meta,fb_prospect_01,10.0,3
2025-10-20,Meta,fb_prospect_01,20.0,1
2025-10-20,Meta,fb_prospect_02,0.0,7
2025-10-20,Meta,fb_prospect_02,5.0,5
2025-10-20,Meta,fb_prospect_02,10.0,2
2025-10-20,Meta,fb_prospect_02,20.0,2
2025-10-20,Meta,fb_prospect_02,40.0,1
2025-10-20,Meta,fb_prospect_02,63.0,1
2025-10-20,Google App Campaigns,goog_ac_01,0.0,4
2025-10-20,Google App Campaigns,goog_ac_01,5.0,2
2025-10-20,Google App Campaigns,goog_ac_01,10.0,2
2025-10-20,Google App Campaigns,goog_ac_01,20.0,1
2025-10-20,Google App Campaigns,goog_ac_01,40.0,2
2025-10-20,Google App Campaigns,goog_ac_01,63.0,1
2025-10-20,Google App Campaigns,goog_ac_02,0.0,4
2025-10-20,Google App Campaigns,goog_ac_02,5.0,2
2025-10-20,Google App Campaigns,goog_ac_02,10.0,4
2025-10-20,Google App Campaigns,goog_ac_02,40.0,1
2025-10-20,Google Brand Search,goog_brand_01,0.0,4
2025-10-20,Google Brand Search,goog_brand_01,5.0,5
2025-10-20,Google Brand Search,goog_brand_01,10.0,6
2025-10-20,Google Brand Search,goog_brand_01,20.0,4
2025-10-20,Google Brand Search,goog_brand_01,40.0,1
2025-10-20,Google Non-Brand Search,goog_search_01,0.0,2
2025-10-20,Google Non-Brand Search,goog_search_01,5.0,4
2025-10-20,Google Non-Brand Search,goog_search_01,10.0,3
2025-10-20,Google Non-Brand Search,goog_search_01,20.0,3
2025-10-20,Google Non-Brand Search,goog_search_01,40.0,1
2025-10-20,Google Non-Brand Search,goog_search_01,63.0,2
2025-10-20,TikTok,tiktok_upper_01,0.0,2
2025-10-20,TikTok,tiktok_upper_01,5.0,4
2025-10-20,TikTok,tiktok_upper_01,10.0,2
2025-10-20,TikTok,tiktok_upper_01,20.0,1
2025-10-20,TikTok,tiktok_upper_01,63.0,1
2025-10-20,TikTok,tiktok_upper_02,0.0,4
2025-10-20,TikTok,tiktok_upper_02,5.0,4
2025-10-20,TikTok,tiktok_upper_02,10.0,3
2025-10-20,TikTok,tiktok_upper_02,20.0,2
2025-10-20,TikTok,tiktok_upper_02,63.0,1
2025-10-21,Meta,fb_prospect_01,0.0,2
2025-10-21,Meta,fb_prospect_01,5.0,8
2025-10-21,Meta,fb_prospect_01,20.0,3
2025-10-21,Meta,fb_prospect_01,40.0,1
2025-10-21,Meta,fb_prospect_02,0.0,4
2025-10-21,Meta,fb_prospect_02,5.0,3
2025-10-21,Meta,fb_prospect_02,10.0,8
2025-10-21,Meta,fb_prospect_02,20.0,1
2025-10-21,Meta,fb_prospect_02,63.0,1
2025-10-21,Google App Campaigns,goog_ac_01,0.0,6
2025-10-21,Google App Campaigns,goog_ac_01,5.0,3
2025-10-21,Google App Campaigns,goog_ac_01,10.0,1
2025-10-21,Google App Campaigns,goog_ac_01,20.0,1
2025-10-21,Google App Campaigns,goog_ac_01,40.0,2
2025-10-21,Google App Campaigns,goog_ac_01,63.0,2
2025-10-21,Google App Campaigns,goog_ac_02,,7
2025-10-21,Google Brand Search,goog_brand_01,0.0,4
2025-10-21,Google Brand Search,goog_brand_01,5.0,4
2025-10-21,Google Brand Search,goog_brand_01,10.0,6
2025-10-21,Google Brand Search,goog_brand_01,20.0,3
2025-10-21,Google Brand Search,goog_brand_01,40.0,1
2025-10-21,Google Brand Search,goog_brand_01,63.0,1
2025-10-21,Google Non-Brand Search,goog_search_01,0.0,6
2025-10-21,Google Non-Brand Search,goog_search_01,5.0,1
2025-10-21,Google Non-Brand Search,goog_search_01,10.0,6
2025-10-21,Google Non-Brand Search,goog_search_01,20.0,6
2025-10-21,Google Non-Brand Search,goog_search_01,63.0,1
2025-10-21,TikTok,tiktok_upper_01,,5
2025-10-21,TikTok,tiktok_upper_02,,7
2025-10-22,Meta,fb_prospect_01,0.0,4
2025-10-22,Meta,fb_prospect_01,5.0,5
2025-10-22,Meta,fb_prospect_01,10.0,4
2025-10-22,Meta,fb_prospect_01,20.0,1
2025-10-22,Meta,fb_prospect_02,0.0,4
2025-10-22,Meta,fb_prospect_02,5.0,6
2025-10-22,Meta,fb_prospect_02,10.0,5
2025-10-22,Meta,fb_prospect_02,20.0,3
2025-10-22,Meta,fb_prospect_02,40.0,2
2025-10-22,Google App Campaigns,goog_ac_01,5.0,7
2025-10-22,Google App Campaigns,goog_ac_01,10.0,2
2025-10-22,Google App Campaigns,goog_ac_01,20.0,2
2025-10-22,Google App Campaigns,goog_ac_02,,6
2025-10-22,Google Brand Search,goog_brand_01,0.0,2
2025-10-22,Google Brand Search,goog_brand_01,5.0,1
2025-10-22,Google Brand Search,goog_brand_01,10.0,4
2025-10-22,Google Brand Search,goog_brand_01,20.0,5
2025-10-22,Google Brand Search,goog_brand_01,63.0,1
2025-10-22,Google Non-Brand Search,goog_search_01,0.0,3
2025-10-22,Google Non-Brand Search,goog_search_01,5.0,5
2025-10-22,Google Non-Brand Search,goog_search_01,10.0,3
2025-10-22,Google Non-Brand Search,goog_search_01,20.0,2
2025-10-22,Google Non-Brand Search,goog_search_01,40.0,1
2025-10-22,Google Non-Brand Search,goog_search_01,63.0,1
2025-10-22,TikTok,tiktok_upper_01,0.0,7
2025-10-22,TikTok,tiktok_upper_01,5.0,2
2025-10-22,TikTok,tiktok_upper_01,10.0,2
2025-10-22,TikTok,tiktok_upper_01,40.0,1
2025-10-22,TikTok,tiktok_upper_02,,2
2025-10-23,Meta,fb_prospect_01,0.0,2
2025-10-23,Meta,fb_prospect_01,5.0,4
2025-10-23,Meta,fb_prospect_01,10.0,2
2025-10-23,Meta,fb_prospect_01,20.0,2
2025-10-23,Meta,fb_prospect_01,40.0,1
2025-10-23,Meta,fb_prospect_02,0.0,3
2025-10-23,Meta,fb_prospect_02,5.0,5
2025-10-23,Meta,fb_prospect_02,10.0,4
2025-10-23,Meta,fb_prospect_02,20.0,1
2025-10-23,Meta,fb_prospect_02,40.0,1
2025-10-23,Google App Campaigns,goog_ac_01,,7
2025-10-23,Google App Campaigns,goog_ac_02,,9
2025-10-23,Google Brand Search,goog_brand_01,0.0,5
2025-10-23,Google Brand Search,goog_brand_01,5.0,3
2025-10-23,Google Brand Search,goog_brand_01,10.0,1
2025-10-23,Google Brand Search,goog_brand_01,20.0,1
2025-10-23,Google Brand Search,goog_brand_01,40.0,3
2025-10-23,Google Brand Search,goog_brand_01,63.0,1
2025-10-23,Google Non-Brand Search,goog_search_01,5.0,2
2025-10-23,Google Non-Brand Search,goog_search_01,10.0,3
2025-10-23,Google Non-Brand Search,goog_search_01,20.0,5
2025-10-23,Google Non-Brand Search,goog_search_01,63.0,1
2025-10-23,TikTok,tiktok_upper_01,,9
2025-10-23,TikTok,tiktok_upper_02,0.0,6
2025-10-23,TikTok,tiktok_upper_02,5.0,1
2025-10-23,TikTok,tiktok_upper_02,10.0,2
2025-10-23,TikTok,tiktok_upper_02,20.0,2
2025-10-24,Meta,fb_prospect_01,0.0,1
2025-10-24,Meta,fb_prospect_01,5.0,5
2025-10-24,Meta,fb_prospect_01,10.0,3
2025-10-24,Meta,fb_prospect_01,20.0,2
2025-10-24,Meta,fb_prospect_01,63.0,2
2025-10-24,Meta,fb_prospect_02,0.0,11
2025-10-24,Meta,fb_prospect_02,5.0,5
2025-10-24,Meta,fb_prospect_02,10.0,3
2025-10-24,Meta,fb_prospect_02,20.0,1
2025-10-24,Meta,fb_prospect_02,40.0,1
2025-10-24,Google App Campaigns,goog_ac_01,0.0,5
2025-10-24,Google App Campaigns,goog_ac_01,5.0,3
2025-10-24,Google App Campaigns,goog_ac_01,10.0,2
2025-10-24,Google App Campaigns,goog_ac_01,20.0,2
2025-10-24,Google App Campaigns,goog_ac_02,,7
2025-10-24,Google Brand Search,goog_brand_01,5.0,1
2025-10-24,Google Brand Search,goog_brand_01,10.0,6
2025-10-24,Google Brand Search,goog_brand_01,20.0,4
2025-10-24,Google Brand Search,goog_brand_01,63.0,2
2025-10-24,Google Non-Brand Search,goog_search_01,5.0,3
2025-10-24,Google Non-Brand Search,goog_search_01,10.0,5
2025-10-24,Google Non-Brand Search,goog_search_01,20.0,6
2025-10-24,Google Non-Brand Search,goog_search_01,40.0,1
2025-10-24,Google Non-Brand Search,goog_search_01,63.0,2
2025-10-24,TikTok,tiktok_upper_01,0.0,6
2025-10-24,TikTok,tiktok_upper_01,5.0,2
2025-10-24,TikTok,tiktok_upper_01,10.0,2
2025-10-24,TikTok,tiktok_upper_01,20.0,1
2025-10-24,TikTok,tiktok_upper_02,0.0,3
2025-10-24,TikTok,tiktok_upper_02,5.0,6
2025-10-24,TikTok,tiktok_upper_02,20.0,1
2025-10-25,Meta,fb_prospect_01,0.0,3
2025-10-25,Meta,fb_prospect_01,5.0,5
2025-10-25,Meta,fb_prospect_01,10.0,3
2025-10-25,Meta,fb_prospect_01,20.0,3
2025-10-25,Meta,fb_prospect_02,0.0,7
2025-10-25,Meta,fb_prospect_02,5.0,8
2025-10-25,Meta,fb_prospect_02,10.0,5
2025-10-25,Google App Campaigns,goog_ac_01,0.0,2
2025-10-25,Google App Campaigns,goog_ac_01,5.0,2
2025-10-25,Google App Campaigns,goog_ac_01,10.0,2
2025-10-25,Google App Campaigns,goog_ac_01,20.0,2
2025-10-25,Google App Campaigns,goog_ac_01,40.0,2
2025-10-25,Google App Campaigns,goog_ac_02,0.0,3
2025-10-25,Google App Campaigns,goog_ac_02,5.0,5
2025-10-25,Google App Campaigns,goog_ac_02,10.0,2
2025-10-25,Google App Campaigns,goog_ac_02,20.0,1
2025-10-25,Google Brand Search,goog_brand_01,0.0,5
2025-10-25,Google Brand Search,goog_brand_01,5.0,4
2025-10-25,Google Brand Search,goog_brand_01,10.0,4
2025-10-25,Google Brand Search,goog_brand_01,20.0,4
2025-10-25,Google Brand Search,goog_brand_01,40.0,2
2025-10-25,Google Non-Brand Search,goog_search_01,0.0,3
2025-10-25,Google Non-Brand Search,goog_search_01,5.0,3
2025-10-25,Google Non-Brand Search,goog_search_01,10.0,4
2025-10-25,Google Non-Brand Search,goog_search_01,20.0,2
2025-10-25,Google Non-Brand Search,goog_search_01,40.0,5
2025-10-25,Google Non-Brand Search,goog_search_01,63.0,3
2025-10-25,TikTok,tiktok_upper_01,0.0,6
2025-10-25,TikTok,tiktok_upper_01,5.0,2
2025-10-25,TikTok,tiktok_upper_01,10.0,4
2025-10-25,TikTok,tiktok_upper_01,20.0,1
2025-10-25,TikTok,tiktok_upper_02,,9
2025-10-26,Meta,fb_prospect_01,0.0,6
2025-10-26,Meta,fb_prospect_01,5.0,4
2025-10-26,Meta,fb_prospect_01,10.0,8
2025-10-26,Meta,fb_prospect_01,20.0,2
2025-10-26,Meta,fb_prospect_01,63.0,1
2025-10-26,Meta,fb_prospect_02,0.0,6
2025-10-26,Meta,fb_prospect_02,5.0,7
2025-10-26,Meta,fb_prospect_02,10.0,8
2025-10-26,Meta,fb_prospect_02,20.0,3
2025-10-26,Google App Campaigns,goog_ac_01,,9
2025-10-26,Google App Campaigns,goog_ac_02,0.0,2
2025-10-26,Google App Campaigns,goog_ac_02,5.0,3
2025-10-26,Google App Campaigns,goog_ac_02,10.0,2
2025-10-26,Google App Campaigns,goog_ac_02,20.0,2
2025-10-26,Google App Campaigns,goog_ac_02,40.0,2
2025-10-26,Google Brand Search,goog_brand_01,0.0,5
2025-10-26,Google Brand Search,goog_brand_01,5.0,3
2025-10-26,Google Brand Search,goog_brand_01,10.0,4
2025-10-26,Google Brand Search,goog_brand_01,20.0,5
2025-10-26,Google Non-Brand Search,goog_search_01,0.0,5
2025-10-26,Google Non-Brand Search,goog_search_01,5.0,5
2025-10-26,Google Non-Brand Search,goog_search_01,10.0,6
2025-10-26,Google Non-Brand Search,goog_search_01,20.0,2
2025-10-26,Google Non-Brand Search,goog_search_01,40.0,3
2025-10-26,Google Non-Brand Search,goog_search_01,63.0,1
2025-10-26,TikTok,tiktok_upper_01,,8
2025-10-26,TikTok,tiktok_upper_02,0.0,4
2025-10-26,TikTok,tiktok_upper_02,5.0,3
2025-10-26,TikTok,tiktok_upper_02,10.0,3
2025-10-26,TikTok,tiktok_upper_02,20.0,1
2025-10-26,TikTok,tiktok_upper_02,40.0,1
2025-10-27,Meta,fb_prospect_01,0.0,4
2025-10-27,Meta,fb_prospect_01,5.0,3
2025-10-27,Meta,fb_prospect_01,10.0,7
2025-10-27,Meta,fb_prospect_01,63.0,2
2025-10-27,Meta,fb_prospect_02,0.0,4
2025-10-27,Meta,fb_prospect_02,5.0,7
2025-10-27,Meta,fb_prospect_02,10.0,4
2025-10-27,Meta,fb_prospect_02,20.0,4
2025-10-27,Meta,fb_prospect_02,40.0,1
2025-10-27,Google App Campaigns,goog_ac_01,0.0,3
2025-10-27,Google App Campaigns,goog_ac_01,5.0,1
2025-10-27,Google App Campaigns,goog_ac_01,10.0,4
2025-10-27,Google App Campaigns,goog_ac_01,20.0,3
2025-10-27,Google App Campaigns,goog_ac_01,40.0,2
2025-10-27,Google App Campaigns,goog_ac_01,63.0,1
2025-10-27,Google App Campaigns,goog_ac_02,0.0,7
2025-10-27,Google App Campaigns,goog_ac_02,5.0,5
2025-10-27,Google App Campaigns,goog_ac_02,10.0,1
2025-10-27,Google App Campaigns,goog_ac_02,20.0,1
2025-10-27,Google Brand Search,goog_brand_01,0.0,4
2025-10-27,Google Brand Search,goog_brand_01,5.0,4
2025-10-27,Google Brand Search,goog_brand_01,10.0,6
2025-10-27,Google Brand Search,goog_brand_01,20.0,1
2025-10-27,Google Brand Search,goog_brand_01,40.0,1
2025-10-27,Google Brand Search,goog_brand_01,63.0,1
2025-10-27,Google Non-Brand Search,goog_search_01,0.0,7
2025-10-27,Google Non-Brand Search,goog_search_01,5.0,1
2025-10-27,Google Non-Brand Search,goog_search_01,10.0,6
2025-10-27,Google Non-Brand Search,goog_search_01,20.0,8
2025-10-27,Google Non-Brand Search,goog_search_01,40.0,1
2025-10-27,Google Non-Brand Search,goog_search_01,63.0,1
2025-10-27,TikTok,tiktok_upper_01,,8
2025-10-27,TikTok,tiktok_upper_02,,7
2025-10-28,Meta,fb_prospect_01,0.0,3
2025-10-28,Meta,fb_prospect_01,5.0,4
2025-10-28,Meta,fb_prospect_01,10.0,5
2025-10-28,Meta,fb_prospect_01,20.0,1
2025-10-28,Meta,fb_prospect_02,0.0,3
2025-10-28,Meta,fb_prospect_02,5.0,1
2025-10-28,Meta,fb_prospect_02,10.0,5
2025-10-28,Meta,fb_prospect_02,20.0,2
2025-10-28,Google App Campaigns,goog_ac_01,,9
2025-10-28,Google App Campaigns,goog_ac_02,,7
2025-10-28,Google Brand Search,goog_brand_01,0.0,1
2025-10-28,Google Brand Search,goog_brand_01,5.0,3
2025-10-28,Google Brand Search,goog_brand_01,10.0,3
2025-10-28,Google Brand Search,goog_brand_01,20.0,2
2025-10-28,Google Brand Search,goog_brand_01,63.0,1
2025-10-28,Google Non-Brand Search,goog_search_01,0.0,3
2025-10-28,Google Non-Brand Search,goog_search_01,10.0,3
2025-10-28,Google Non-Brand Search,goog_search_01,20.0,6
2025-10-28,Google Non-Brand Search,goog_search_01,40.0,1
2025-10-28,Google Non-Brand Search,goog_search_01,63.0,3
2025-10-28,TikTok,tiktok_upper_01,0.0,5
2025-10-28,TikTok,tiktok_upper_01,5.0,4
2025-10-28,TikTok,tiktok_upper_01,10.0,3
2025-10-28,TikTok,tiktok_upper_01,20.0,1
2025-10-28,TikTok,tiktok_upper_02,,9
2025-10-29,Meta,fb_prospect_01,0.0,7
2025-10-29,Meta,fb_prospect_01,5.0,3
2025-10-29,Meta,fb_prospect_01,10.0,1
2025-10-29,Meta,fb_prospect_01,20.0,1
2025-10-29,Meta,fb_prospect_01,40.0,1
2025-10-29,Meta,fb_prospect_02,0.0,7
2025-10-29,Meta,fb_prospect_02,5.0,3
2025-10-29,Meta,fb_prospect_02,10.0,3
2025-10-29,Meta,fb_prospect_02,20.0,2
2025-10-29,Google App Campaigns,goog_ac_01,,9
2025-10-29,Google App Campaigns,goog_ac_02,0.0,5
2025-10-29,Google App Campaigns,goog_ac_02,10.0,2
2025-10-29,Google App Campaigns,goog_ac_02,20.0,1
2025-10-29,Google App Campaigns,goog_ac_02,40.0,1
2025-10-29,Google App Campaigns,goog_ac_02,63.0,1
2025-10-29,Google Brand Search,goog_brand_01,0.0,3
2025-10-29,Google Brand Search,goog_brand_01,5.0,4
2025-10-29,Google Brand Search,goog_brand_01,10.0,5
2025-10-29,Google Brand Search,goog_brand_01,20.0,5
2025-10-29,Google Brand Search,goog_brand_01,40.0,1
2025-10-29,Google Brand Search,goog_brand_01,63.0,1
2025-10-29,Google Non-Brand Search,goog_search_01,0.0,4
2025-10-29,Google Non-Brand Search,goog_search_01,5.0,2
2025-10-29,Google Non-Brand Search,goog_search_01,10.0,5
2025-10-29,Google Non-Brand Search,goog_search_01,20.0,3
2025-10-29,Google Non-Brand Search,goog_search_01,40.0,2
2025-10-29,TikTok,tiktok_upper_01,,9
2025-10-29,TikTok,tiktok_upper_02,0.0,4
2025-10-29,TikTok,tiktok_upper_02,5.0,3
2025-10-29,TikTok,tiktok_upper_02,20.0,3
2025-10-30,Meta,fb_prospect_01,0.0,3
2025-10-30,Meta,fb_prospect_01,5.0,6
2025-10-30,Meta,fb_prospect_01,10.0,8
2025-10-30,Meta,fb_prospect_01,20.0,1
2025-10-30,Meta,fb_prospect_02,0.0,6
2025-10-30,Meta,fb_prospect_02,5.0,3
2025-10-30,Meta,fb_prospect_02,10.0,4
2025-10-30,Meta,fb_prospect_02,20.0,1
2025-10-30,Meta,fb_prospect_02,63.0,1
2025-10-30,Google App Campaigns,goog_ac_01,,9
2025-10-30,Google App Campaigns,goog_ac_02,,4
2025-10-30,Google Brand Search,goog_brand_01,0.0,5
2025-10-30,Google Brand Search,goog_brand_01,5.0,4
2025-10-30,Google Brand Search,goog_brand_01,10.0,4
2025-10-30,Google Brand Search,goog_brand_01,20.0,1
2025-10-30,Google Brand Search,goog_brand_01,63.0,1
2025-10-30,Google Non-Brand Search,goog_search_01,0.0,8
2025-10-30,Google Non-Brand Search,goog_search_01,5.0,4
2025-10-30,Google Non-Brand Search,goog_search_01,10.0,1
2025-10-30,Google Non-Brand Search,goog_search_01,20.0,2
2025-10-30,Google Non-Brand Search,goog_search_01,40.0,3
2025-10-30,TikTok,tiktok_upper_01,,8
2025-10-30,TikTok,tiktok_upper_02,,7
2025-10-31,Meta,fb_prospect_01,0.0,3
2025-10-31,Meta,fb_prospect_01,5.0,4
2025-10-31,Meta,fb_prospect_01,10.0,4
2025-10-31,Meta,fb_prospect_01,20.0,2
2025-10-31,Meta,fb_prospect_01,40.0,1
2025-10-31,Meta,fb_prospect_02,0.0,4
2025-10-31,Meta,fb_prospect_02,5.0,6
2025-10-31,Meta,fb_prospect_02,10.0,6
2025-10-31,Meta,fb_prospect_02,20.0,1
2025-10-31,Google App Campaigns,goog_ac_01,0.0,3
2025-10-31,Google App Campaigns,goog_ac_01,5.0,7
2025-10-31,Google App Campaigns,goog_ac_01,10.0,4
2025-10-31,Google App Campaigns,goog_ac_01,20.0,2
2025-10-31,Google App Campaigns,goog_ac_01,63.0,1
2025-10-31,Google App Campaigns,goog_ac_02,0.0,4
2025-10-31,Google App Campaigns,goog_ac_02,5.0,1
2025-10-31,Google App Campaigns,goog_ac_02,10.0,4
2025-10-31,Google App Campaigns,goog_ac_02,20.0,1
2025-10-31,Google App Campaigns,goog_ac_02,63.0,1
2025-10-31,Google Brand Search,goog_brand_01,0.0,5
2025-10-31,Google Brand Search,goog_brand_01,10.0,2
2025-10-31,Google Brand Search,goog_brand_01,20.0,3
2025-10-31,Google Brand Search,goog_brand_01,63.0,3
2025-10-31,Google Non-Brand Search,goog_search_01,,9
2025-10-31,TikTok,tiktok_upper_01,,6
2025-10-31,TikTok,tiktok_upper_02,,8
2025-11-01,Meta,fb_prospect_01,0.0,4
2025-11-01,Meta,fb_prospect_01,5.0,3
2025-11-01,Meta,fb_prospect_01,10.0,7
2025-11-01,Meta,fb_prospect_01,20.0,2
2025-11-01,Meta,fb_prospect_01,40.0,2
2025-11-01,Meta,fb_prospect_02,0.0,6
2025-11-01,Meta,fb_prospect_02,5.0,5
2025-11-01,Meta,fb_prospect_02,10.0,8
2025-11-01,Meta,fb_prospect_02,20.0,1
2025-11-01,Meta,fb_prospect_02,40.0,1
2025-11-01,Google App Campaigns,goog_ac_01,0.0,1
2025-11-01,Google App Campaigns,goog_ac_01,5.0,3
2025-11-01,Google App Campaigns,goog_ac_01,10.0,4
2025-11-01,Google App Campaigns,goog_ac_01,20.0,1
2025-11-01,Google App Campaigns,goog_ac_01,40.0,1
2025-11-01,Google App Campaigns,goog_ac_01,63.0,1
2025-11-01,Google App Campaigns,goog_ac_02,0.0,3
2025-11-01,Google App Campaigns,goog_ac_02,5.0,4
2025-11-01,Google App Campaigns,goog_ac_02,10.0,1
2025-11-01,Google App Campaigns,goog_ac_02,20.0,2
2025-11-01,Google App Campaigns,goog_ac_02,63.0,1
2025-11-01,Google Brand Search,goog_brand_01,0.0,4
2025-11-01,Google Brand Search,goog_brand_01,5.0,3
2025-11-01,Google Brand Search,goog_brand_01,10.0,6
2025-11-01,Google Brand Search,goog_brand_01,20.0,2
2025-11-01,Google Brand Search,goog_brand_01,40.0,1
2025-11-01,Google Brand Search,goog_brand_01,63.0,2
2025-11-01,Google Non-Brand Search,goog_search_01,0.0,3
2025-11-01,Google Non-Brand Search,goog_search_01,5.0,6
2025-11-01,Google Non-Brand Search,goog_search_01,10.0,8
2025-11-01,Google Non-Brand Search,goog_search_01,20.0,2
2025-11-01,Google Non-Brand Search,goog_search_01,40.0,1
2025-11-01,Google Non-Brand Search,goog_search_01,63.0,2
2025-11-01,TikTok,tiktok_upper_01,,6
2025-11-01,TikTok,tiktok_upper_02,,5
2025-11-02,Meta,fb_prospect_01,0.0,6
2025-11-02,Meta,fb_prospect_01,5.0,6
2025-11-02,Meta,fb_prospect_01,20.0,1
2025-11-02,Meta,fb_prospect_01,40.0,1
2025-11-02,Meta,fb_prospect_02,0.0,4
2025-11-02,Meta,fb_prospect_02,5.0,8
2025-11-02,Meta,fb_prospect_02,10.0,2
2025-11-02,Meta,fb_prospect_02,40.0,1
2025-11-02,Google App Campaigns,goog_ac_01,0.0,7
2025-11-02,Google App Campaigns,goog_ac_01,5.0,2
2025-11-02,Google App Campaigns,goog_ac_01,10.0,2
2025-11-02,Google App Campaigns,goog_ac_01,20.0,2
2025-11-02,Google App Campaigns,goog_ac_02,0.0,4
2025-11-02,Google App Campaigns,goog_ac_02,5.0,2
2025-11-02,Google App Campaigns,goog_ac_02,20.0,2
2025-11-02,Google App Campaigns,goog_ac_02,40.0,1
2025-11-02,Google App Campaigns,goog_ac_02,63.0,1
2025-11-02,Google Brand Search,goog_brand_01,0.0,6
2025-11-02,Google Brand Search,goog_brand_01,5.0,4
2025-11-02,Google Brand Search,goog_brand_01,10.0,7
2025-11-02,Google Brand Search,goog_brand_01,20.0,1
2025-11-02,Google Non-Brand Search,goog_search_01,0.0,2
2025-11-02,Google Non-Brand Search,goog_search_01,5.0,1
2025-11-02,Google Non-Brand Search,goog_search_01,10.0,4
2025-11-02,Google Non-Brand Search,goog_search_01,20.0,4
2025-11-02,Google Non-Brand Search,goog_search_01,40.0,2
2025-11-02,Google Non-Brand Search,goog_search_01,63.0,1
2025-11-02,TikTok,tiktok_upper_01,0.0,3
2025-11-02,TikTok,tiktok_upper_01,5.0,4
2025-11-02,TikTok,tiktok_upper_01,10.0,2
2025-11-02,TikTok,tiktok_upper_01,20.0,2
2025-11-02,TikTok,tiktok_upper_02,,8
2025-11-03,Meta,fb_prospect_01,0.0,6
2025-11-03,Meta,fb_prospect_01,5.0,6
2025-11-03,Meta,fb_prospect_01,10.0,4
2025-11-03,Meta,fb_prospect_01,20.0,1
2025-11-03,Meta,fb_prospect_01,40.0,2
2025-11-03,Meta,fb_prospect_02,0.0,3
2025-11-03,Meta,fb_prospect_02,5.0,9
2025-11-03,Meta,fb_prospect_02,10.0,5
2025-11-03,Meta,fb_prospect_02,20.0,1
2025-11-03,Meta,fb_prospect_02,63.0,1
2025-11-03,Google App Campaigns,goog_ac_01,0.0,5
2025-11-03,Google App Campaigns,goog_ac_01,5.0,3
2025-11-03,Google App Campaigns,goog_ac_01,10.0,2
2025-11-03,Google App Campaigns,goog_ac_01,20.0,1
2025-11-03,Google App Campaigns,goog_ac_01,63.0,2
2025-11-03,Google App Campaigns,goog_ac_02,0.0,3
2025-11-03,Google App Campaigns,goog_ac_02,5.0,3
2025-11-03,Google App Campaigns,goog_ac_02,10.0,3
2025-11-03,Google App Campaigns,goog_ac_02,40.0,1
2025-11-03,Google Brand Search,goog_brand_01,0.0,2
2025-11-03,Google Brand Search,goog_brand_01,5.0,2
2025-11-03,Google Brand Search,goog_brand_01,10.0,4
2025-11-03,Google Brand Search,goog_brand_01,20.0,5
2025-11-03,Google Brand Search,goog_brand_01,40.0,2
2025-11-03,Google Non-Brand Search,goog_search_01,0.0,6
2025-11-03,Google Non-Brand Search,goog_search_01,5.0,2
2025-11-03,Google Non-Brand Search,goog_search_01,10.0,4
2025-11-03,Google Non-Brand Search,goog_search_01,20.0,3
2025-11-03,Google Non-Brand Search,goog_search_01,63.0,3
2025-11-03,TikTok,tiktok_upper_01,0.0,6
2025-11-03,TikTok,tiktok_upper_01,5.0,4
2025-11-03,TikTok,tiktok_upper_01,10.0,1
2025-11-03,TikTok,tiktok_upper_01,40.0,1
2025-11-03,TikTok,tiktok_upper_02,,6
2025-11-04,Meta,fb_prospect_01,0.0,5
2025-11-04,Meta,fb_prospect_01,5.0,5
2025-11-04,Meta,fb_prospect_01,10.0,4
2025-11-04,Meta,fb_prospect_01,20.0,1
2025-11-04,Meta,fb_prospect_01,40.0,2
2025-11-04,Meta,fb_prospect_01,63.0,1
2025-11-04,Meta,fb_prospect_02,0.0,3
2025-11-04,Meta,fb_prospect_02,5.0,5
2025-11-04,Meta,fb_prospect_02,10.0,4
2025-11-04,Meta,fb_prospect_02,20.0,3
2025-11-04,Meta,fb_prospect_02,63.0,1
2025-11-04,Google App Campaigns,goog_ac_01,,9
2025-11-04,Google App Campaigns,goog_ac_02,,8
2025-11-04,Google Brand Search,goog_brand_01,0.0,3
2025-11-04,Google Brand Search,goog_brand_01,5.0,5
2025-11-04,Google Brand Search,goog_brand_01,10.0,2
2025-11-04,Google Brand Search,goog_brand_01,20.0,5
2025-11-04,Google Brand Search,goog_brand_01,63.0,2
2025-11-04,Google Non-Brand Search,goog_search_01,5.0,4
2025-11-04,Google Non-Brand Search,goog_search_01,10.0,2
2025-11-04,Google Non-Brand Search,goog_search_01,20.0,4
2025-11-04,Google Non-Brand Search,goog_search_01,40.0,5
2025-11-04,Google Non-Brand Search,goog_search_01,63.0,2
2025-11-04,TikTok,tiktok_upper_01,,3
2025-11-04,TikTok,tiktok_upper_02,,5
2025-11-05,Meta,fb_prospect_01,0.0,4
2025-11-05,Meta,fb_prospect_01,5.0,9
2025-11-05,Meta,fb_prospect_01,10.0,4
2025-11-05,Meta,fb_prospect_01,20.0,2
2025-11-05,Meta,fb_prospect_02,0.0,5
2025-11-05,Meta,fb_prospect_02,5.0,3
2025-11-05,Meta,fb_prospect_02,10.0,6
2025-11-05,Meta,fb_prospect_02,20.0,1
2025-11-05,Meta,fb_prospect_02,63.0,1
2025-11-05,Google App Campaigns,goog_ac_01,0.0,4
2025-11-05,Google App Campaigns,goog_ac_01,5.0,2
2025-11-05,Google App Campaigns,goog_ac_01,10.0,4
2025-11-05,Google App Campaigns,goog_ac_01,20.0,2
2025-11-05,Google App Campaigns,goog_ac_01,40.0,1
2025-11-05,Google App Campaigns,goog_ac_02,0.0,2
2025-11-05,Google App Campaigns,goog_ac_02,5.0,3
2025-11-05,Google App Campaigns,goog_ac_02,10.0,2
2025-11-05,Google App Campaigns,goog_ac_02,20.0,1
2025-11-05,Google App Campaigns,goog_ac_02,40.0,2
2025-11-05,Google App Campaigns,goog_ac_02,63.0,1
2025-11-05,Google Brand Search,goog_brand_01,0.0,4
2025-11-05,Google Brand Search,goog_brand_01,5.0,1
2025-11-05,Google Brand Search,goog_brand_01,10.0,6
2025-11-05,Google Brand Search,goog_brand_01,40.0,1
2025-11-05,Google Brand Search,goog_brand_01,63.0,2
2025-11-05,Google Non-Brand Search,goog_search_01,0.0,3
2025-11-05,Google Non-Brand Search,goog_search_01,20.0,3
2025-11-05,Google Non-Brand Search,goog_search_01,40.0,3
2025-11-05,Google Non-Brand Search,goog_search_01,63.0,2
2025-11-05,TikTok,tiktok_upper_01,,8
2025-11-05,TikTok,tiktok_upper_02,,9
2025-11-06,Meta,fb_prospect_01,0.0,5
2025-11-06,Meta,fb_prospect_01,5.0,5
2025-11-06,Meta,fb_prospect_01,10.0,6
2025-11-06,Meta,fb_prospect_01,20.0,2
2025-11-06,Meta,fb_prospect_02,0.0,9
2025-11-06,Meta,fb_prospect_02,5.0,4
2025-11-06,Meta,fb_prospect_02,10.0,3
2025-11-06,Meta,fb_prospect_02,20.0,1
2025-11-06,Meta,fb_prospect_02,40.0,2
2025-11-06,Google App Campaigns,goog_ac_01,,7
2025-11-06,Google App Campaigns,goog_ac_02,,9
2025-11-06,Google Brand Search,goog_brand_01,0.0,1
2025-11-06,Google Brand Search,goog_brand_01,5.0,6
2025-11-06,Google Brand Search,goog_brand_01,10.0,4
2025-11-06,Google Brand Search,goog_brand_01,20.0,1
2025-11-06,Google Non-Brand Search,goog_search_01,0.0,2
2025-11-06,Google Non-Brand Search,goog_search_01,10.0,4
2025-11-06,Google Non-Brand Search,goog_search_01,20.0,4
2025-11-06,Google Non-Brand Search,goog_search_01,40.0,2
2025-11-06,TikTok,tiktok_upper_01,0.0,6
2025-11-06,TikTok,tiktok_upper_01,5.0,4
2025-11-06,TikTok,tiktok_upper_01,10.0,1
2025-11-06,TikTok,tiktok_upper_02,,8
2025-11-07,Meta,fb_prospect_01,0.0,3
2025-11-07,Meta,fb_prospect_01,5.0,4
2025-11-07,Meta,fb_prospect_01,10.0,3
2025-11-07,Meta,fb_prospect_01,20.0,4
2025-11-07,Meta,fb_prospect_02,0.0,6
2025-11-07,Meta,fb_prospect_02,5.0,8
2025-11-07,Meta,fb_prospect_02,10.0,2
2025-11-07,Meta,fb_prospect_02,20.0,3
2025-11-07,Google App Campaigns,goog_ac_01,,5
2025-11-07,Google App Campaigns,goog_ac_02,0.0,6
2025-11-07,Google App Campaigns,goog_ac_02,5.0,1
2025-11-07,Google App Campaigns,goog_ac_02,10.0,4
2025-11-07,Google Brand Search,goog_brand_01,,9
2025-11-07,Google Non-Brand Search,goog_search_01,0.0,3
2025-11-07,Google Non-Brand Search,goog_search_01,5.0,7
2025-11-07,Google Non-Brand Search,goog_search_01,10.0,3
2025-11-07,Google Non-Brand Search,goog_search_01,20.0,3
2025-11-07,TikTok,tiktok_upper_01,,3
2025-11-07,TikTok,tiktok_upper_02,0.0,6
2025-11-07,TikTok,tiktok_upper_02,5.0,5
2025-11-07,TikTok,tiktok_upper_02,10.0,2
2025-11-08,Meta,fb_prospect_01,0.0,9
2025-11-08,Meta,fb_prospect_01,5.0,4
2025-11-08,Meta,fb_prospect_01,10.0,9
2025-11-08,Meta,fb_prospect_01,20.0,2
2025-11-08,Meta,fb_prospect_01,40.0,1
2025-11-08,Meta,fb_prospect_02,0.0,6
2025-11-08,Meta,fb_prospect_02,5.0,1
2025-11-08,Meta,fb_prospect_02,10.0,6
2025-11-08,Meta,fb_prospect_02,20.0,4
2025-11-08,Meta,fb_prospect_02,40.0,1
2025-11-08,Meta,fb_prospect_02,63.0,1
2025-11-08,Google App Campaigns,goog_ac_01,0.0,2
2025-11-08,Google App Campaigns,goog_ac_01,5.0,6
2025-11-08,Google App Campaigns,goog_ac_01,10.0,2
2025-11-08,Google App Campaigns,goog_ac_01,20.0,1
2025-11-08,Google App Campaigns,goog_ac_02,0.0,4
2025-11-08,Google App Campaigns,goog_ac_02,5.0,5
2025-11-08,Google App Campaigns,goog_ac_02,10.0,3
2025-11-08,Google App Campaigns,goog_ac_02,20.0,2
2025-11-08,Google Brand Search,goog_brand_01,0.0,2
2025-11-08,Google Brand Search,goog_brand_01,5.0,7
2025-11-08,Google Brand Search,goog_brand_01,10.0,2
2025-11-08,Google Brand Search,goog_brand_01,20.0,5
2025-11-08,Google Brand Search,goog_brand_01,40.0,2
2025-11-08,Google Non-Brand Search,goog_search_01,0.0,1
2025-11-08,Google Non-Brand Search,goog_search_01,5.0,5
2025-11-08,Google Non-Brand Search,goog_search_01,10.0,4
2025-11-08,Google Non-Brand Search,goog_search_01,20.0,3
2025-11-08,Google Non-Brand Search,goog_search_01,63.0,1
2025-11-08,TikTok,tiktok_upper_01,0.0,5
2025-11-08,TikTok,tiktok_upper_01,5.0,5
2025-11-08,TikTok,tiktok_upper_01,10.0,3
2025-11-08,TikTok,tiktok_upper_01,63.0,1
2025-11-08,TikTok,tiktok_upper_02,0.0,8
2025-11-08,TikTok,tiktok_upper_02,5.0,2
2025-11-08,TikTok,tiktok_upper_02,20.0,1
2025-11-09,Meta,fb_prospect_01,0.0,4
2025-11-09,Meta,fb_prospect_01,5.0,4
2025-11-09,Meta,fb_prospect_01,10.0,8
2025-11-09,Meta,fb_prospect_01,20.0,2
2025-11-09,Meta,fb_prospect_01,63.0,1
2025-11-09,Meta,fb_prospect_02,0.0,3
2025-11-09,Meta,fb_prospect_02,5.0,4
2025-11-09,Meta,fb_prospect_02,10.0,4
2025-11-09,Meta,fb_prospect_02,40.0,1
2025-11-09,Google App Campaigns,goog_ac_01,0.0,5
2025-11-09,Google App Campaigns,goog_ac_01,5.0,5
2025-11-09,Google App Campaigns,goog_ac_01,10.0,6
2025-11-09,Google App Campaigns,goog_ac_01,20.0,2
2025-11-09,Google App Campaigns,goog_ac_02,0.0,3
2025-11-09,Google App Campaigns,goog_ac_02,5.0,2
2025-11-09,Google App Campaigns,goog_ac_02,10.0,4
2025-11-09,Google App Campaigns,goog_ac_02,20.0,3
2025-11-09,Google Brand Search,goog_brand_01,0.0,6
2025-11-09,Google Brand Search,goog_brand_01,5.0,3
2025-11-09,Google Brand Search,goog_brand_01,10.0,3
2025-11-09,Google Brand Search,goog_brand_01,20.0,5
2025-11-09,Google Brand Search,goog_brand_01,40.0,1
2025-11-09,Google Brand Search,goog_brand_01,63.0,1
2025-11-09,Google Non-Brand Search,goog_search_01,0.0,9
2025-11-09,Google Non-Brand Search,goog_search_01,5.0,3
2025-11-09,Google Non-Brand Search,goog_search_01,10.0,2
2025-11-09,Google Non-Brand Search,goog_search_01,20.0,4
2025-11-09,Google Non-Brand Search,goog_search_01,40.0,1
2025-11-09,Google Non-Brand Search,goog_search_01,63.0,2
2025-11-09,TikTok,tiktok_upper_01,0.0,6
2025-11-09,TikTok,tiktok_upper_01,5.0,3
2025-11-09,TikTok,tiktok_upper_01,10.0,1
2025-11-09,TikTok,tiktok_upper_01,20.0,1
2025-11-09,TikTok,tiktok_upper_02,,8
2025-11-10,Meta,fb_prospect_01,0.0,5
2025-11-10,Meta,fb_prospect_01,5.0,13
2025-11-10,Meta,fb_prospect_01,10.0,5
2025-11-10,Meta,fb_prospect_01,20.0,1
2025-11-10,Meta,fb_prospect_01,63.0,1
2025-11-10,Meta,fb_prospect_02,0.0,4
2025-11-10,Meta,fb_prospect_02,5.0,9
2025-11-10,Meta,fb_prospect_02,10.0,6
2025-11-10,Meta,fb_prospect_02,40.0,1
2025-11-10,Google App Campaigns,goog_ac_01,,8
2025-11-10,Google App Campaigns,goog_ac_02,0.0,3
2025-11-10,Google App Campaigns,goog_ac_02,5.0,2
2025-11-10,Google App Campaigns,goog_ac_02,10.0,4
2025-11-10,Google App Campaigns,goog_ac_02,20.0,1
2025-11-10,Google Brand Search,goog_brand_01,0.0,5
2025-11-10,Google Brand Search,goog_brand_01,5.0,4
2025-11-10,Google Brand Search,goog_brand_01,10.0,3
2025-11-10,Google Brand Search,goog_brand_01,20.0,2
2025-11-10,Google Brand Search,goog_brand_01,63.0,1
2025-11-10,Google Non-Brand Search,goog_search_01,0.0,6
2025-11-10,Google Non-Brand Search,goog_search_01,5.0,10
2025-11-10,Google Non-Brand Search,goog_search_01,10.0,7
2025-11-10,Google Non-Brand Search,goog_search_01,20.0,2
2025-11-10,TikTok,tiktok_upper_01,0.0,6
2025-11-10,TikTok,tiktok_upper_01,5.0,3
2025-11-10,TikTok,tiktok_upper_01,10.0,2
2025-11-10,TikTok,tiktok_upper_01,20.0,2
2025-11-10,TikTok,tiktok_upper_02,0.0,5
2025-11-10,TikTok,tiktok_upper_02,5.0,7
2025-11-10,TikTok,tiktok_upper_02,10.0,2
2025-11-10,TikTok,tiktok_upper_02,63.0,1
2025-11-11,Meta,fb_prospect_01,0.0,1
2025-11-11,Meta,fb_prospect_01,5.0,5
2025-11-11,Meta,fb_prospect_01,10.0,2
2025-11-11,Meta,fb_prospect_01,20.0,3
2025-11-11,Meta,fb_prospect_02,0.0,5
2025-11-11,Meta,fb_prospect_02,5.0,4
2025-11-11,Meta,fb_prospect_02,10.0,3
2025-11-11,Meta,fb_prospect_02,20.0,3
2025-11-11,Meta,fb_prospect_02,63.0,1
2025-11-11,Google App Campaigns,goog_ac_01,,9
2025-11-11,Google App Campaigns,goog_ac_02,,6
2025-11-11,Google Brand Search,goog_brand_01,,9
2025-11-11,Google Non-Brand Search,goog_search_01,0.0,2
2025-11-11,Google Non-Brand Search,goog_search_01,5.0,1
2025-11-11,Google Non-Brand Search,goog_search_01,10.0,4
2025-11-11,Google Non-Brand Search,goog_search_01,40.0,1
2025-11-11,Google Non-Brand Search,goog_search_01,63.0,3
2025-11-11,TikTok,tiktok_upper_01,0.0,2
2025-11-11,TikTok,tiktok_upper_01,5.0,5
2025-11-11,TikTok,tiktok_upper_01,10.0,1
2025-11-11,TikTok,tiktok_upper_01,40.0,2
2025-11-11,TikTok,tiktok_upper_02,0.0,2
2025-11-11,TikTok,tiktok_upper_02,5.0,5
2025-11-11,TikTok,tiktok_upper_02,10.0,1
2025-11-11,TikTok,tiktok_upper_02,20.0,2
2025-11-12,Meta,fb_prospect_01,0.0,5
2025-11-12,Meta,fb_prospect_01,5.0,5
2025-11-12,Meta,fb_prospect_01,10.0,6
2025-11-12,Meta,fb_prospect_02,0.0,5
2025-11-12,Meta,fb_prospect_02,5.0,5
2025-11-12,Meta,fb_prospect_02,10.0,3
2025-11-12,Meta,fb_prospect_02,20.0,3
2025-11-12,Google App Campaigns,goog_ac_01,,9
2025-11-12,Google App Campaigns,goog_ac_02,0.0,4
2025-11-12,Google App Campaigns,goog_ac_02,5.0,1
2025-11-12,Google App Campaigns,goog_ac_02,10.0,3
2025-11-12,Google App Campaigns,goog_ac_02,63.0,2
2025-11-12,Google Brand Search,goog_brand_01,,8
2025-11-12,Google Non-Brand Search,goog_search_01,0.0,2
2025-11-12,Google Non-Brand Search,goog_search_01,5.0,6
2025-11-12,Google Non-Brand Search,goog_search_01,10.0,4
2025-11-12,Google Non-Brand Search,goog_search_01,20.0,1
2025-11-12,Google Non-Brand Search,goog_search_01,40.0,1
2025-11-12,Google Non-Brand Search,goog_search_01,63.0,2
2025-11-12,TikTok,tiktok_upper_01,,9
2025-11-12,TikTok,tiktok_upper_02,,8
2025-11-13,Meta,fb_prospect_01,0.0,8
2025-11-13,Meta,fb_prospect_01,5.0,8
2025-11-13,Meta,fb_prospect_01,10.0,2
2025-11-13,Meta,fb_prospect_01,20.0,2
2025-11-13,Meta,fb_prospect_02,0.0,2
2025-11-13,Meta,fb_prospect_02,5.0,10
2025-11-13,Meta,fb_prospect_02,10.0,3
2025-11-13,Meta,fb_prospect_02,20.0,2
2025-11-13,Meta,fb_prospect_02,63.0,1
2025-11-13,Google App Campaigns,goog_ac_01,0.0,3
2025-11-13,Google App Campaigns,goog_ac_01,10.0,7
2025-11-13,Google App Campaigns,goog_ac_01,20.0,2
2025-11-13,Google App Campaigns,goog_ac_01,63.0,1
2025-11-13,Google App Campaigns,goog_ac_02,0.0,2
2025-11-13,Google App Campaigns,goog_ac_02,5.0,6
2025-11-13,Google App Campaigns,goog_ac_02,10.0,4
2025-11-13,Google App Campaigns,goog_ac_02,20.0,1
2025-11-13,Google App Campaigns,goog_ac_02,40.0,1
2025-11-13,Google App Campaigns,goog_ac_02,63.0,1
2025-11-13,Google Brand Search,goog_brand_01,0.0,2
2025-11-13,Google Brand Search,goog_brand_01,5.0,3
2025-11-13,Google Brand Search,goog_brand_01,10.0,2
2025-11-13,Google Brand Search,goog_brand_01,20.0,3
2025-11-13,Google Non-Brand Search,goog_search_01,0.0,5
2025-11-13,Google Non-Brand Search,goog_search_01,5.0,2
2025-11-13,Google Non-Brand Search,goog_search_01,10.0,6
2025-11-13,Google Non-Brand Search,goog_search_01,20.0,3
2025-11-13,TikTok,tiktok_upper_01,,9
2025-11-13,TikTok,tiktok_upper_02,,9
2025-11-14,Meta,fb_prospect_01,0.0,3
2025-11-14,Meta,fb_prospect_01,5.0,4
2025-11-14,Meta,fb_prospect_01,10.0,5
2025-11-14,Meta,fb_prospect_01,20.0,1
2025-11-14,Meta,fb_prospect_01,40.0,1
2025-11-14,Meta,fb_prospect_02,0.0,3
2025-11-14,Meta,fb_prospect_02,5.0,6
2025-11-14,Meta,fb_prospect_02,20.0,2
2025-11-14,Meta,fb_prospect_02,40.0,2
2025-11-14,Google App Campaigns,goog_ac_01,,9
2025-11-14,Google App Campaigns,goog_ac_02,,8
2025-11-14,Google Brand Search,goog_brand_01,0.0,7
2025-11-14,Google Brand Search,goog_brand_01,5.0,5
2025-11-14,Google Brand Search,goog_brand_01,10.0,3
2025-11-14,Google Brand Search,goog_brand_01,20.0,3
2025-11-14,Google Non-Brand Search,goog_search_01,,9
2025-11-14,TikTok,tiktok_upper_01,,9
2025-11-14,TikTok,tiktok_upper_02,0.0,3
2025-11-14,TikTok,tiktok_upper_02,5.0,8
2025-11-14,TikTok,tiktok_upper_02,10.0,1
2025-11-15,Meta,fb_prospect_01,0.0,4
2025-11-15,Meta,fb_prospect_01,5.0,4
2025-11-15,Meta,fb_prospect_01,10.0,5
2025-11-15,Meta,fb_prospect_01,20.0,1
2025-11-15,Meta,fb_prospect_01,40.0,1
2025-11-15,Meta,fb_prospect_01,63.0,2
2025-11-15,Meta,fb_prospect_02,0.0,3
2025-11-15,Meta,fb_prospect_02,5.0,10
2025-11-15,Meta,fb_prospect_02,10.0,6
2025-11-15,Meta,fb_prospect_02,20.0,6
2025-11-15,Google App Campaigns,goog_ac_01,0.0,4
2025-11-15,Google App Campaigns,goog_ac_01,5.0,2
2025-11-15,Google App Campaigns,goog_ac_01,10.0,3
2025-11-15,Google App Campaigns,goog_ac_01,40.0,1
2025-11-15,Google App Campaigns,goog_ac_02,,9
2025-11-15,Google Brand Search,goog_brand_01,0.0,2
2025-11-15,Google Brand Search,goog_brand_01,5.0,5
2025-11-15,Google Brand Search,goog_brand_01,10.0,3
2025-11-15,Google Brand Search,goog_brand_01,20.0,4
2025-11-15,Google Brand Search,goog_brand_01,40.0,1
2025-11-15,Google Non-Brand Search,goog_search_01,0.0,2
2025-11-15,Google Non-Brand Search,goog_search_01,5.0,6
2025-11-15,Google Non-Brand Search,goog_search_01,10.0,3
2025-11-15,Google Non-Brand Search,goog_search_01,40.0,2
2025-11-15,TikTok,tiktok_upper_01,,4
2025-11-15,TikTok,tiktok_upper_02,,9
2025-11-16,Meta,fb_prospect_01,0.0,2
2025-11-16,Meta,fb_prospect_01,5.0,6
2025-11-16,Meta,fb_prospect_01,10.0,4
2025-11-16,Meta,fb_prospect_01,20.0,2
2025-11-16,Meta,fb_prospect_01,40.0,2
2025-11-16,Meta,fb_prospect_02,0.0,6
2025-11-16,Meta,fb_prospect_02,5.0,13
2025-11-16,Meta,fb_prospect_02,10.0,5
2025-11-16,Meta,fb_prospect_02,40.0,1
2025-11-16,Meta,fb_prospect_02,63.0,1
2025-11-16,Google App Campaigns,goog_ac_01,,7
2025-11-16,Google App Campaigns,goog_ac_02,0.0,6
2025-11-16,Google App Campaigns,goog_ac_02,10.0,6
2025-11-16,Google App Campaigns,goog_ac_02,20.0,2
2025-11-16,Google App Campaigns,goog_ac_02,40.0,1
2025-11-16,Google Brand Search,goog_brand_01,0.0,2
2025-11-16,Google Brand Search,goog_brand_01,5.0,5
2025-11-16,Google Brand Search,goog_brand_01,10.0,2
2025-11-16,Google Brand Search,goog_brand_01,20.0,4
2025-11-16,Google Brand Search,goog_brand_01,40.0,2
2025-11-16,Google Brand Search,goog_brand_01,63.0,3
2025-11-16,Google Non-Brand Search,goog_search_01,0.0,1
2025-11-16,Google Non-Brand Search,goog_search_01,5.0,4
2025-11-16,Google Non-Brand Search,goog_search_01,10.0,10
2025-11-16,Google Non-Brand Search,goog_search_01,20.0,4
2025-11-16,Google Non-Brand Search,goog_search_01,40.0,1
2025-11-16,TikTok,tiktok_upper_01,,9
2025-11-16,TikTok,tiktok_upper_02,0.0,4
2025-11-16,TikTok,tiktok_upper_02,5.0,3
2025-11-16,TikTok,tiktok_upper_02,10.0,5
2025-11-16,TikTok,tiktok_upper_02,20.0,1
2025-11-17,Meta,fb_prospect_01,0.0,8
2025-11-17,Meta,fb_prospect_01,5.0,3
2025-11-17,Meta,fb_prospect_01,10.0,5
2025-11-17,Meta,fb_prospect_01,20.0,2
2025-11-17,Meta,fb_prospect_01,40.0,1
2025-11-17,Meta,fb_prospect_01,63.0,3
2025-11-17,Meta,fb_prospect_02,0.0,1
2025-11-17,Meta,fb_prospect_02,5.0,8
2025-11-17,Meta,fb_prospect_02,10.0,8
2025-11-17,Meta,fb_prospect_02,20.0,1
2025-11-17,Google App Campaigns,goog_ac_01,0.0,5
2025-11-17,Google App Campaigns,goog_ac_01,5.0,5
2025-11-17,Google App Campaigns,goog_ac_01,10.0,4
2025-11-17,Google App Campaigns,goog_ac_01,63.0,1
2025-11-17,Google App Campaigns,goog_ac_02,,6
2025-11-17,Google Brand Search,goog_brand_01,0.0,3
2025-11-17,Google Brand Search,goog_brand_01,5.0,4
2025-11-17,Google Brand Search,goog_brand_01,10.0,4
2025-11-17,Google Brand Search,goog_brand_01,20.0,2
2025-11-17,Google Brand Search,goog_brand_01,63.0,1
2025-11-17,Google Non-Brand Search,goog_search_01,0.0,3
2025-11-17,Google Non-Brand Search,goog_search_01,5.0,3
2025-11-17,Google Non-Brand Search,goog_search_01,10.0,3
2025-11-17,Google Non-Brand Search,goog_search_01,20.0,2
2025-11-17,Google Non-Brand Search,goog_search_01,40.0,2
2025-11-17,Google Non-Brand Search,goog_search_01,63.0,2
2025-11-17,TikTok,tiktok_upper_01,0.0,8
2025-11-17,TikTok,tiktok_upper_01,5.0,3
2025-11-17,TikTok,tiktok_upper_01,10.0,3
2025-11-17,TikTok,tiktok_upper_02,,9
2025-11-18,Meta,fb_prospect_01,0.0,2
2025-11-18,Meta,fb_prospect_01,5.0,3
2025-11-18,Meta,fb_prospect_01,10.0,4
2025-11-18,Meta,fb_prospect_01,20.0,1
2025-11-18,Meta,fb_prospect_02,0.0,9
2025-11-18,Meta,fb_prospect_02,5.0,4
2025-11-18,Meta,fb_prospect_02,10.0,7
2025-11-18,Meta,fb_prospect_02,20.0,3
2025-11-18,Google App Campaigns,goog_ac_01,,8
2025-11-18,Google App Campaigns,goog_ac_02,,8
2025-11-18,Google Brand Search,goog_brand_01,0.0,3
2025-11-18,Google Brand Search,goog_brand_01,5.0,4
2025-11-18,Google Brand Search,goog_brand_01,10.0,3
2025-11-18,Google Brand Search,goog_brand_01,20.0,2
2025-11-18,Google Brand Search,goog_brand_01,40.0,2
2025-11-18,Google Non-Brand Search,goog_search_01,0.0,3
2025-11-18,Google Non-Brand Search,goog_search_01,5.0,5
2025-11-18,Google Non-Brand Search,goog_search_01,10.0,3
2025-11-18,Google Non-Brand Search,goog_search_01,20.0,1
2025-11-18,Google Non-Brand Search,goog_search_01,40.0,1
2025-11-18,TikTok,tiktok_upper_01,,8
2025-11-18,TikTok,tiktok_upper_02,,7
2025-11-19,Meta,fb_prospect_01,0.0,5
2025-11-19,Meta,fb_prospect_01,5.0,5
2025-11-19,Meta,fb_prospect_01,20.0,3
2025-11-19,Meta,fb_prospect_01,40.0,1
2025-11-19,Meta,fb_prospect_02,0.0,2
2025-11-19,Meta,fb_prospect_02,5.0,6
2025-11-19,Meta,fb_prospect_02,10.0,3
2025-11-19,Meta,fb_prospect_02,20.0,2
2025-11-19,Google App Campaigns,goog_ac_01,,8
2025-11-19,Google App Campaigns,goog_ac_02,,7
2025-11-19,Google Brand Search,goog_brand_01,0.0,3
2025-11-19,Google Brand Search,goog_brand_01,5.0,2
2025-11-19,Google Brand Search,goog_brand_01,10.0,3
2025-11-19,Google Brand Search,goog_brand_01,20.0,2
2025-11-19,Google Brand Search,goog_brand_01,63.0,1
2025-11-19,Google Non-Brand Search,goog_search_01,,7
2025-11-19,TikTok,tiktok_upper_01,,8
2025-11-19,TikTok,tiktok_upper_02,0.0,3
2025-11-19,TikTok,tiktok_upper_02,5.0,6
2025-11-19,TikTok,tiktok_upper_02,10.0,1
2025-11-20,Meta,fb_prospect_01,0.0,6
2025-11-20,Meta,fb_prospect_01,5.0,8
2025-11-20,Meta,fb_prospect_01,10.0,7
2025-11-20,Meta,fb_prospect_02,0.0,10
2025-11-20,Meta,fb_prospect_02,5.0,5
2025-11-20,Meta,fb_prospect_02,10.0,3
2025-11-20,Meta,fb_prospect_02,20.0,1
2025-11-20,Meta,fb_prospect_02,40.0,2
2025-11-20,Meta,fb_prospect_02,63.0,2
2025-11-20,Google App Campaigns,goog_ac_01,,6
2025-11-20,Google App Campaigns,goog_ac_02,,7
2025-11-20,Google Brand Search,goog_brand_01,0.0,3
2025-11-20,Google Brand Search,goog_brand_01,5.0,5
2025-11-20,Google Brand Search,goog_brand_01,10.0,3
2025-11-20,Google Non-Brand Search,goog_search_01,0.0,2
2025-11-20,Google Non-Brand Search,goog_search_01,5.0,4
2025-11-20,Google Non-Brand Search,goog_search_01,10.0,4
2025-11-20,Google Non-Brand Search,goog_search_01,20.0,5
2025-11-20,Google Non-Brand Search,goog_search_01,40.0,1
2025-11-20,Google Non-Brand Search,goog_search_01,63.0,2
2025-11-20,TikTok,tiktok_upper_01,,5
2025-11-20,TikTok,tiktok_upper_02,,4
2025-11-21,Meta,fb_prospect_01,0.0,4
2025-11-21,Meta,fb_prospect_01,5.0,6
2025-11-21,Meta,fb_prospect_01,10.0,4
2025-11-21,Meta,fb_prospect_02,0.0,4
2025-11-21,Meta,fb_prospect_02,5.0,4
2025-11-21,Meta,fb_prospect_02,10.0,5
2025-11-21,Meta,fb_prospect_02,20.0,2
2025-11-21,Google App Campaigns,goog_ac_01,,6
2025-11-21,Google App Campaigns,goog_ac_02,0.0,1
2025-11-21,Google App Campaigns,goog_ac_02,5.0,3
2025-11-21,Google App Campaigns,goog_ac_02,10.0,4
2025-11-21,Google App Campaigns,goog_ac_02,20.0,1
2025-11-21,Google App Campaigns,goog_ac_02,63.0,1
2025-11-21,Google Brand Search,goog_brand_01,0.0,4
2025-11-21,Google Brand Search,goog_brand_01,5.0,4
2025-11-21,Google Brand Search,goog_brand_01,10.0,3
2025-11-21,Google Brand Search,goog_brand_01,20.0,2
2025-11-21,Google Brand Search,goog_brand_01,40.0,1
2025-11-21,Google Brand Search,goog_brand_01,63.0,1
2025-11-21,Google Non-Brand Search,goog_search_01,0.0,4
2025-11-21,Google Non-Brand Search,goog_search_01,5.0,3
2025-11-21,Google Non-Brand Search,goog_search_01,10.0,4
2025-11-21,Google Non-Brand Search,goog_search_01,20.0,2
2025-11-21,Google Non-Brand Search,goog_search_01,40.0,1
2025-11-21,Google Non-Brand Search,goog_search_01,63.0,2
2025-11-21,TikTok,tiktok_upper_01,,6
2025-11-21,TikTok,tiktok_upper_02,,6
2025-11-22,Meta,fb_prospect_01,0.0,5
2025-11-22,Meta,fb_prospect_01,5.0,5
2025-11-22,Meta,fb_prospect_01,10.0,11
2025-11-22,Meta,fb_prospect_01,20.0,1
2025-11-22,Meta,fb_prospect_01,40.0,4
2025-11-22,Meta,fb_prospect_01,63.0,1
2025-11-22,Meta,fb_prospect_02,0.0,6
2025-11-22,Meta,fb_prospect_02,5.0,5
2025-11-22,Meta,fb_prospect_02,10.0,2
2025-11-22,Meta,fb_prospect_02,20.0,4
2025-11-22,Meta,fb_prospect_02,40.0,1
2025-11-22,Google App Campaigns,goog_ac_01,0.0,6
2025-11-22,Google App Campaigns,goog_ac_01,5.0,5
2025-11-22,Google App Campaigns,goog_ac_01,10.0,4
2025-11-22,Google App Campaigns,goog_ac_01,20.0,1
2025-11-22,Google App Campaigns,goog_ac_01,40.0,1
2025-11-22,Google App Campaigns,goog_ac_02,0.0,2
2025-11-22,Google App Campaigns,goog_ac_02,5.0,2
2025-11-22,Google App Campaigns,goog_ac_02,10.0,4
2025-11-22,Google App Campaigns,goog_ac_02,20.0,2
2025-11-22,Google App Campaigns,goog_ac_02,40.0,2
2025-11-22,Google Brand Search,goog_brand_01,0.0,3
2025-11-22,Google Brand Search,goog_brand_01,5.0,4
2025-11-22,Google Brand Search,goog_brand_01,10.0,3
2025-11-22,Google Brand Search,goog_brand_01,20.0,2
2025-11-22,Google Brand Search,goog_brand_01,40.0,2
2025-11-22,Google Brand Search,goog_brand_01,63.0,1
2025-11-22,Google Non-Brand Search,goog_search_01,0.0,2
2025-11-22,Google Non-Brand Search,goog_search_01,5.0,3
2025-11-22,Google Non-Brand Search,goog_search_01,10.0,6
2025-11-22,Google Non-Brand Search,goog_search_01,20.0,3
2025-11-22,Google Non-Brand Search,goog_search_01,40.0,3
2025-11-22,Google Non-Brand Search,goog_search_01,63.0,2
2025-11-22,TikTok,tiktok_upper_01,0.0,4
2025-11-22,TikTok,tiktok_upper_01,5.0,3
2025-11-22,TikTok,tiktok_upper_01,20.0,1
2025-11-22,TikTok,tiktok_upper_01,40.0,1
2025-11-22,TikTok,tiktok_upper_01,63.0,1
2025-11-22,TikTok,tiktok_upper_02,,6
2025-11-23,Meta,fb_prospect_01,0.0,6
2025-11-23,Meta,fb_prospect_01,5.0,8
2025-11-23,Meta,fb_prospect_01,10.0,11
2025-11-23,Meta,fb_prospect_01,20.0,4
2025-11-23,Meta,fb_prospect_01,40.0,1
2025-11-23,Meta,fb_prospect_02,0.0,5
2025-11-23,Meta,fb_prospect_02,5.0,6
2025-11-23,Meta,fb_prospect_02,10.0,1
2025-11-23,Meta,fb_prospect_02,20.0,4
2025-11-23,Meta,fb_prospect_02,40.0,1
2025-11-23,Google App Campaigns,goog_ac_01,0.0,2
2025-11-23,Google App Campaigns,goog_ac_01,5.0,4
2025-11-23,Google App Campaigns,goog_ac_01,10.0,3
2025-11-23,Google App Campaigns,goog_ac_01,20.0,1
2025-11-23,Google App Campaigns,goog_ac_01,63.0,1
2025-11-23,Google App Campaigns,goog_ac_02,0.0,1
2025-11-23,Google App Campaigns,goog_ac_02,5.0,3
2025-11-23,Google App Campaigns,goog_ac_02,10.0,2
2025-11-23,Google App Campaigns,goog_ac_02,20.0,1
2025-11-23,Google App Campaigns,goog_ac_02,63.0,3
2025-11-23,Google Brand Search,goog_brand_01,0.0,3
2025-11-23,Google Brand Search,goog_brand_01,5.0,5
2025-11-23,Google Brand Search,goog_brand_01,10.0,4
2025-11-23,Google Brand Search,goog_brand_01,20.0,3
2025-11-23,Google Brand Search,goog_brand_01,40.0,3
2025-11-23,Google Brand Search,goog_brand_01,63.0,1
2025-11-23,Google Non-Brand Search,goog_search_01,5.0,2
2025-11-23,Google Non-Brand Search,goog_search_01,10.0,5
2025-11-23,Google Non-Brand Search,goog_search_01,20.0,5
2025-11-23,Google Non-Brand Search,goog_search_01,40.0,4
2025-11-23,TikTok,tiktok_upper_01,,7
2025-11-23,TikTok,tiktok_upper_02,,9
2025-11-24,Meta,fb_prospect_01,0.0,7
2025-11-24,Meta,fb_prospect_01,5.0,3
2025-11-24,Meta,fb_prospect_01,10.0,3
2025-11-24,Meta,fb_prospect_01,20.0,3
2025-11-24,Meta,fb_prospect_01,40.0,3
2025-11-24,Meta,fb_prospect_01,63.0,1
2025-11-24,Meta,fb_prospect_02,0.0,5
2025-11-24,Meta,fb_prospect_02,5.0,5
2025-11-24,Meta,fb_prospect_02,10.0,8
2025-11-24,Meta,fb_prospect_02,20.0,1
2025-11-24,Meta,fb_prospect_02,40.0,1
2025-11-24,Google App Campaigns,goog_ac_01,,7
2025-11-24,Google App Campaigns,goog_ac_02,0.0,7
2025-11-24,Google App Campaigns,goog_ac_02,5.0,2
2025-11-24,Google App Campaigns,goog_ac_02,10.0,2
2025-11-24,Google App Campaigns,goog_ac_02,63.0,1
2025-11-24,Google Brand Search,goog_brand_01,0.0,7
2025-11-24,Google Brand Search,goog_brand_01,5.0,5
2025-11-24,Google Brand Search,goog_brand_01,10.0,4
2025-11-24,Google Brand Search,goog_brand_01,20.0,2
2025-11-24,Google Non-Brand Search,goog_search_01,0.0,2
2025-11-24,Google Non-Brand Search,goog_search_01,5.0,4
2025-11-24,Google Non-Brand Search,goog_search_01,10.0,5
2025-11-24,Google Non-Brand Search,goog_search_01,20.0,5
2025-11-24,Google Non-Brand Search,goog_search_01,40.0,3
2025-11-24,Google Non-Brand Search,goog_search_01,63.0,5
2025-11-24,TikTok,tiktok_upper_01,,9
2025-11-24,TikTok,tiktok_upper_02,,7
2025-11-25,Meta,fb_prospect_01,0.0,2
2025-11-25,Meta,fb_prospect_01,5.0,6
2025-11-25,Meta,fb_prospect_01,10.0,2
2025-11-25,Meta,fb_prospect_01,20.0,2
2025-11-25,Meta,fb_prospect_01,40.0,1
2025-11-25,Meta,fb_prospect_02,0.0,4
2025-11-25,Meta,fb_prospect_02,5.0,8
2025-11-25,Meta,fb_prospect_02,10.0,2
2025-11-25,Meta,fb_prospect_02,20.0,3
2025-11-25,Google App Campaigns,goog_ac_01,,8
2025-11-25,Google App Campaigns,goog_ac_02,0.0,4
2025-11-25,Google App Campaigns,goog_ac_02,5.0,1
2025-11-25,Google App Campaigns,goog_ac_02,10.0,3
2025-11-25,Google App Campaigns,goog_ac_02,20.0,3
2025-11-25,Google Brand Search,goog_brand_01,0.0,2
2025-11-25,Google Brand Search,goog_brand_01,5.0,1
2025-11-25,Google Brand Search,goog_brand_01,10.0,4
2025-11-25,Google Brand Search,goog_brand_01,20.0,2
2025-11-25,Google Brand Search,goog_brand_01,40.0,1
2025-11-25,Google Non-Brand Search,goog_search_01,0.0,2
2025-11-25,Google Non-Brand Search,goog_search_01,5.0,1
2025-11-25,Google Non-Brand Search,goog_search_01,10.0,4
2025-11-25,Google Non-Brand Search,goog_search_01,20.0,3
2025-11-25,TikTok,tiktok_upper_01,,7
2025-11-25,TikTok,tiktok_upper_02,,6
2025-11-26,Meta,fb_prospect_01,0.0,2
2025-11-26,Meta,fb_prospect_01,5.0,5
2025-11-26,Meta,fb_prospect_01,10.0,1
2025-11-26,Meta,fb_prospect_01,20.0,4
2025-11-26,Meta,fb_prospect_01,40.0,2
2025-11-26,Meta,fb_prospect_02,0.0,4
2025-11-26,Meta,fb_prospect_02,5.0,5
2025-11-26,Meta,fb_prospect_02,10.0,5
2025-11-26,Meta,fb_prospect_02,20.0,3
2025-11-26,Meta,fb_prospect_02,63.0,1
2025-11-26,Google App Campaigns,goog_ac_01,,9
2025-11-26,Google App Campaigns,goog_ac_02,,8
2025-11-26,Google Brand Search,goog_brand_01,0.0,6
2025-11-26,Google Brand Search,goog_brand_01,5.0,5
2025-11-26,Google Brand Search,goog_brand_01,10.0,5
2025-11-26,Google Brand Search,goog_brand_01,40.0,2
2025-11-26,Google Brand Search,goog_brand_01,63.0,2
2025-11-26,Google Non-Brand Search,goog_search_01,0.0,4
2025-11-26,Google Non-Brand Search,goog_search_01,5.0,2
2025-11-26,Google Non-Brand Search,goog_search_01,10.0,5
2025-11-26,Google Non-Brand Search,goog_search_01,20.0,4
2025-11-26,Google Non-Brand Search,goog_search_01,63.0,1
2025-11-26,TikTok,tiktok_upper_01,,8
2025-11-26,TikTok,tiktok_upper_02,0.0,5
2025-11-26,TikTok,tiktok_upper_02,5.0,1
2025-11-26,TikTok,tiktok_upper_02,10.0,1
2025-11-26,TikTok,tiktok_upper_02,40.0,3
2025-11-27,Meta,fb_prospect_01,0.0,3
2025-11-27,Meta,fb_prospect_01,5.0,3
2025-11-27,Meta,fb_prospect_01,10.0,9
2025-11-27,Meta,fb_prospect_01,20.0,2
2025-11-27,Meta,fb_prospect_01,40.0,1
2025-11-27,Meta,fb_prospect_01,63.0,1
2025-11-27,Meta,fb_prospect_02,0.0,8
2025-11-27,Meta,fb_prospect_02,5.0,5
2025-11-27,Meta,fb_prospect_02,10.0,3
2025-11-27,Meta,fb_prospect_02,20.0,3
2025-11-27,Meta,fb_prospect_02,40.0,1
2025-11-27,Meta,fb_prospect_02,63.0,1
2025-11-27,Google App Campaigns,goog_ac_01,,9
2025-11-27,Google App Campaigns,goog_ac_02,,4
2025-11-27,Google Brand Search,goog_brand_01,0.0,2
2025-11-27,Google Brand Search,goog_brand_01,5.0,5
2025-11-27,Google Brand Search,goog_brand_01,10.0,4
2025-11-27,Google Brand Search,goog_brand_01,20.0,2
2025-11-27,Google Brand Search,goog_brand_01,63.0,1
2025-11-27,Google Non-Brand Search,goog_search_01,0.0,5
2025-11-27,Google Non-Brand Search,goog_search_01,5.0,2
2025-11-27,Google Non-Brand Search,goog_search_01,10.0,5
2025-11-27,Google Non-Brand Search,goog_search_01,20.0,2
2025-11-27,Google Non-Brand Search,goog_search_01,40.0,2
2025-11-27,Google Non-Brand Search,goog_search_01,63.0,2
2025-11-27,TikTok,tiktok_upper_01,,8
2025-11-27,TikTok,tiktok_upper_02,,9
2025-11-28,Meta,fb_prospect_01,0.0,6
2025-11-28,Meta,fb_prospect_01,5.0,7
2025-11-28,Meta,fb_prospect_01,10.0,4
2025-11-28,Meta,fb_prospect_01,20.0,1
2025-11-28,Meta,fb_prospect_02,0.0,5
2025-11-28,Meta,fb_prospect_02,5.0,3
2025-11-28,Meta,fb_prospect_02,10.0,3
2025-11-28,Meta,fb_prospect_02,20.0,1
2025-11-28,Meta,fb_prospect_02,63.0,1
2025-11-28,Google App Campaigns,goog_ac_01,0.0,6
2025-11-28,Google App Campaigns,goog_ac_01,5.0,3
2025-11-28,Google App Campaigns,goog_ac_01,20.0,2
2025-11-28,Google App Campaigns,goog_ac_01,63.0,1
2025-11-28,Google App Campaigns,goog_ac_02,,9
2025-11-28,Google Brand Search,goog_brand_01,,9
2025-11-28,Google Non-Brand Search,goog_search_01,0.0,3
2025-11-28,Google Non-Brand Search,goog_search_01,5.0,2
2025-11-28,Google Non-Brand Search,goog_search_01,10.0,2
2025-11-28,Google Non-Brand Search,goog_search_01,20.0,1
2025-11-28,Google Non-Brand Search,goog_search_01,63.0,2
2025-11-28,TikTok,tiktok_upper_01,,7
2025-11-28,TikTok,tiktok_upper_02,,4
2025-11-29,Meta,fb_prospect_01,0.0,6
2025-11-29,Meta,fb_prospect_01,5.0,4
2025-11-29,Meta,fb_prospect_01,10.0,3
2025-11-29,Meta,fb_prospect_01,20.0,1
2025-11-29,Meta,fb_prospect_02,0.0,3
2025-11-29,Meta,fb_prospect_02,5.0,7
2025-11-29,Meta,fb_prospect_02,10.0,4
2025-11-29,Meta,fb_prospect_02,20.0,3
2025-11-29,Google App Campaigns,goog_ac_01,0.0,4
2025-11-29,Google App Campaigns,goog_ac_01,5.0,1
2025-11-29,Google App Campaigns,goog_ac_01,10.0,5
2025-11-29,Google App Campaigns,goog_ac_01,40.0,1
2025-11-29,Google App Campaigns,goog_ac_01,63.0,1
2025-11-29,Google App Campaigns,goog_ac_02,0.0,2
2025-11-29,Google App Campaigns,goog_ac_02,5.0,5
2025-11-29,Google App Campaigns,goog_ac_02,10.0,2
2025-11-29,Google App Campaigns,goog_ac_02,20.0,1
2025-11-29,Google Brand Search,goog_brand_01,0.0,5
2025-11-29,Google Brand Search,goog_brand_01,5.0,2
2025-11-29,Google Brand Search,goog_brand_01,10.0,5
2025-11-29,Google Brand Search,goog_brand_01,20.0,5
2025-11-29,Google Brand Search,goog_brand_01,40.0,1
2025-11-29,Google Non-Brand Search,goog_search_01,0.0,2
2025-11-29,Google Non-Brand Search,goog_search_01,5.0,3
2025-11-29,Google Non-Brand Search,goog_search_01,10.0,6
2025-11-29,Google Non-Brand Search,goog_search_01,20.0,3
2025-11-29,Google Non-Brand Search,goog_search_01,40.0,3
2025-11-29,TikTok,tiktok_upper_01,0.0,2
2025-11-29,TikTok,tiktok_upper_01,5.0,4
2025-11-29,TikTok,tiktok_upper_01,10.0,2
2025-11-29,TikTok,tiktok_upper_01,20.0,2
2025-11-29,TikTok,tiktok_upper_02,,9
2025-11-30,Meta,fb_prospect_01,0.0,6
2025-11-30,Meta,fb_prospect_01,5.0,4
2025-11-30,Meta,fb_prospect_01,10.0,5
2025-11-30,Meta,fb_prospect_01,20.0,4
2025-11-30,Meta,fb_prospect_02,0.0,4
2025-11-30,Meta,fb_prospect_02,5.0,2
2025-11-30,Meta,fb_prospect_02,10.0,9
2025-11-30,Meta,fb_prospect_02,20.0,2
2025-11-30,Meta,fb_prospect_02,63.0,2
2025-11-30,Google App Campaigns,goog_ac_01,0.0,2
2025-11-30,Google App Campaigns,goog_ac_01,5.0,4
2025-11-30,Google App Campaigns,goog_ac_01,10.0,5
2025-11-30,Google App Campaigns,goog_ac_02,0.0,3
2025-11-30,Google App Campaigns,goog_ac_02,5.0,4
2025-11-30,Google App Campaigns,goog_ac_02,10.0,3
2025-11-30,Google App Campaigns,goog_ac_02,40.0,2
2025-11-30,Google Brand Search,goog_brand_01,0.0,2
2025-11-30,Google Brand Search,goog_brand_01,5.0,2
2025-11-30,Google Brand Search,goog_brand_01,10.0,4
2025-11-30,Google Brand Search,goog_brand_01,20.0,2
2025-11-30,Google Brand Search,goog_brand_01,40.0,4
2025-11-30,Google Non-Brand Search,goog_search_01,0.0,2
2025-11-30,Google Non-Brand Search,goog_search_01,5.0,3
2025-11-30,Google Non-Brand Search,goog_search_01,10.0,8
2025-11-30,Google Non-Brand Search,goog_search_01,20.0,1
2025-11-30,Google Non-Brand Search,goog_search_01,40.0,2
2025-11-30,Google Non-Brand Search,goog_search_01,63.0,2
2025-11-30,TikTok,tiktok_upper_01,,7
2025-11-30,TikTok,tiktok_upper_02,0.0,2
2025-11-30,TikTok,tiktok_upper_02,5.0,6
2025-11-30,TikTok,tiktok_upper_02,10.0,1
2025-11-30,TikTok,tiktok_upper_02,20.0,1
2025-12-01,Meta,fb_prospect_01,0.0,5
2025-12-01,Meta,fb_prospect_01,5.0,8
2025-12-01,Meta,fb_prospect_01,10.0,4
2025-12-01,Meta,fb_prospect_01,20.0,1
2025-12-01,Meta,fb_prospect_01,40.0,1
2025-12-01,Meta,fb_prospect_02,0.0,9
2025-12-01,Meta,fb_prospect_02,5.0,9
2025-12-01,Meta,fb_prospect_02,10.0,4
2025-12-01,Meta,fb_prospect_02,20.0,3
2025-12-01,Meta,fb_prospect_02,40.0,1
2025-12-01,Meta,fb_prospect_02,63.0,5
2025-12-01,Google App Campaigns,goog_ac_01,0.0,3
2025-12-01,Google App Campaigns,goog_ac_01,5.0,4
2025-12-01,Google App Campaigns,goog_ac_01,10.0,2
2025-12-01,Google App Campaigns,goog_ac_01,40.0,1
2025-12-01,Google App Campaigns,goog_ac_01,63.0,1
2025-12-01,Google App Campaigns,goog_ac_02,0.0,3
2025-12-01,Google App Campaigns,goog_ac_02,5.0,2
2025-12-01,Google App Campaigns,goog_ac_02,10.0,6
2025-12-01,Google App Campaigns,goog_ac_02,20.0,1
2025-12-01,Google App Campaigns,goog_ac_02,40.0,1
2025-12-01,Google Brand Search,goog_brand_01,0.0,1
2025-12-01,Google Brand Search,goog_brand_01,5.0,4
2025-12-01,Google Brand Search,goog_brand_01,10.0,7
2025-12-01,Google Brand Search,goog_brand_01,20.0,2
2025-12-01,Google Brand Search,goog_brand_01,40.0,1
2025-12-01,Google Brand Search,goog_brand_01,63.0,1
2025-12-01,Google Non-Brand Search,goog_search_01,0.0,2
2025-12-01,Google Non-Brand Search,goog_search_01,5.0,5
2025-12-01,Google Non-Brand Search,goog_search_01,10.0,7
2025-12-01,Google Non-Brand Search,goog_search_01,20.0,4
2025-12-01,Google Non-Brand Search,goog_search_01,40.0,2
2025-12-01,Google Non-Brand Search,goog_search_01,63.0,1
2025-12-01,TikTok,tiktok_upper_01,,8
2025-12-01,TikTok,tiktok_upper_02,0.0,7
2025-12-01,TikTok,tiktok_upper_02,5.0,6
2025-12-01,TikTok,tiktok_upper_02,10.0,2
2025-12-02,Meta,fb_prospect_01,0.0,6
2025-12-02,Meta,fb_prospect_01,5.0,5
2025-12-02,Meta,fb_prospect_01,10.0,5
2025-12-02,Meta,fb_prospect_01,20.0,3
2025-12-02,Meta,fb_prospect_01,40.0,1
2025-12-02,Meta,fb_prospect_01,63.0,1
2025-12-02,Meta,fb_prospect_02,0.0,2
2025-12-02,Meta,fb_prospect_02,5.0,9
2025-12-02,Meta,fb_prospect_02,10.0,3
2025-12-02,Meta,fb_prospect_02,40.0,2
2025-12-02,Google App Campaigns,goog_ac_01,,7
2025-12-02,Google App Campaigns,goog_ac_02,,5
2025-12-02,Google Brand Search,goog_brand_01,,9
2025-12-02,Google Non-Brand Search,goog_search_01,0.0,1
2025-12-02,Google Non-Brand Search,goog_search_01,5.0,3
2025-12-02,Google Non-Brand Search,goog_search_01,10.0,5
2025-12-02,Google Non-Brand Search,goog_search_01,20.0,5
2025-12-02,Google Non-Brand Search,goog_search_01,40.0,3
2025-12-02,TikTok,tiktok_upper_01,,7
2025-12-02,TikTok,tiktok_upper_02,,8
2025-12-03,Meta,fb_prospect_01,0.0,3
2025-12-03,Meta,fb_prospect_01,5.0,2
2025-12-03,Meta,fb_prospect_01,10.0,8
2025-12-03,Meta,fb_prospect_01,20.0,1
2025-12-03,Meta,fb_prospect_01,63.0,1
2025-12-03,Meta,fb_prospect_02,0.0,5
2025-12-03,Meta,fb_prospect_02,5.0,6
2025-12-03,Meta,fb_prospect_02,10.0,3
2025-12-03,Meta,fb_prospect_02,20.0,3
2025-12-03,Meta,fb_prospect_02,40.0,1
2025-12-03,Google App Campaigns,goog_ac_01,0.0,2
2025-12-03,Google App Campaigns,goog_ac_01,5.0,2
2025-12-03,Google App Campaigns,goog_ac_01,10.0,3
2025-12-03,Google App Campaigns,goog_ac_01,20.0,1
2025-12-03,Google App Campaigns,goog_ac_01,40.0,1
2025-12-03,Google App Campaigns,goog_ac_01,63.0,1
2025-12-03,Google App Campaigns,goog_ac_02,,8
2025-12-03,Google Brand Search,goog_brand_01,0.0,7
2025-12-03,Google Brand Search,goog_brand_01,5.0,2
2025-12-03,Google Brand Search,goog_brand_01,10.0,1
2025-12-03,Google Brand Search,goog_brand_01,20.0,3
2025-12-03,Google Brand Search,goog_brand_01,40.0,2
2025-12-03,Google Brand Search,goog_brand_01,63.0,1
2025-12-03,Google Non-Brand Search,goog_search_01,5.0,2
2025-12-03,Google Non-Brand Search,goog_search_01,10.0,8
2025-12-03,Google Non-Brand Search,goog_search_01,20.0,2
2025-12-03,Google Non-Brand Search,goog_search_01,40.0,1
2025-12-03,TikTok,tiktok_upper_01,,8
2025-12-03,TikTok,tiktok_upper_02,0.0,5
2025-12-03,TikTok,tiktok_upper_02,5.0,3
2025-12-03,TikTok,tiktok_upper_02,10.0,2
2025-12-03,TikTok,tiktok_upper_02,20.0,1
2025-12-04,Meta,fb_prospect_01,0.0,4
2025-12-04,Meta,fb_prospect_01,5.0,4
2025-12-04,Meta,fb_prospect_01,10.0,5
2025-12-04,Meta,fb_prospect_01,20.0,3
2025-12-04,Meta,fb_prospect_01,40.0,1
2025-12-04,Meta,fb_prospect_02,0.0,4
2025-12-04,Meta,fb_prospect_02,5.0,8
2025-12-04,Meta,fb_prospect_02,10.0,1
2025-12-04,Meta,fb_prospect_02,20.0,1
2025-12-04,Google App Campaigns,goog_ac_01,,5
2025-12-04,Google App Campaigns,goog_ac_02,0.0,5
2025-12-04,Google App Campaigns,goog_ac_02,5.0,3
2025-12-04,Google App Campaigns,goog_ac_02,10.0,2
2025-12-04,Google App Campaigns,goog_ac_02,20.0,3
2025-12-04,Google App Campaigns,goog_ac_02,40.0,1
2025-12-04,Google Brand Search,goog_brand_01,0.0,2
2025-12-04,Google Brand Search,goog_brand_01,5.0,2
2025-12-04,Google Brand Search,goog_brand_01,10.0,3
2025-12-04,Google Brand Search,goog_brand_01,20.0,3
2025-12-04,Google Non-Brand Search,goog_search_01,,8
2025-12-04,TikTok,tiktok_upper_01,,7
2025-12-04,TikTok,tiktok_upper_02,0.0,6
2025-12-04,TikTok,tiktok_upper_02,5.0,2
2025-12-04,TikTok,tiktok_upper_02,10.0,3
2025-12-04,TikTok,tiktok_upper_02,20.0,2
2025-12-04,TikTok,tiktok_upper_02,63.0,1
2025-12-05,Meta,fb_prospect_01,0.0,2
2025-12-05,Meta,fb_prospect_01,5.0,7
2025-12-05,Meta,fb_prospect_01,20.0,3
2025-12-05,Meta,fb_prospect_01,40.0,2
2025-12-05,Meta,fb_prospect_02,0.0,4
2025-12-05,Meta,fb_prospect_02,5.0,3
2025-12-05,Meta,fb_prospect_02,10.0,8
2025-12-05,Meta,fb_prospect_02,20.0,3
2025-12-05,Google App Campaigns,goog_ac_01,,9
2025-12-05,Google App Campaigns,goog_ac_02,0.0,6
2025-12-05,Google App Campaigns,goog_ac_02,5.0,3
2025-12-05,Google App Campaigns,goog_ac_02,20.0,1
2025-12-05,Google Brand Search,goog_brand_01,0.0,3
2025-12-05,Google Brand Search,goog_brand_01,5.0,5
2025-12-05,Google Brand Search,goog_brand_01,10.0,1
2025-12-05,Google Brand Search,goog_brand_01,40.0,3
2025-12-05,Google Brand Search,goog_brand_01,63.0,2
2025-12-05,Google Non-Brand Search,goog_search_01,0.0,5
2025-12-05,Google Non-Brand Search,goog_search_01,5.0,2
2025-12-05,Google Non-Brand Search,goog_search_01,10.0,3
2025-12-05,Google Non-Brand Search,goog_search_01,20.0,2
2025-12-05,Google Non-Brand Search,goog_search_01,40.0,2
2025-12-05,TikTok,tiktok_upper_01,,8
2025-12-05,TikTok,tiktok_upper_02,0.0,4
2025-12-05,TikTok,tiktok_upper_02,5.0,6
2025-12-05,TikTok,tiktok_upper_02,10.0,1
2025-12-06,Meta,fb_prospect_01,0.0,1
2025-12-06,Meta,fb_prospect_01,5.0,5
2025-12-06,Meta,fb_prospect_01,10.0,3
2025-12-06,Meta,fb_prospect_01,20.0,1
2025-12-06,Meta,fb_prospect_01,63.0,1
2025-12-06,Meta,fb_prospect_02,0.0,4
2025-12-06,Meta,fb_prospect_02,5.0,10
2025-12-06,Meta,fb_prospect_02,10.0,3
2025-12-06,Meta,fb_prospect_02,20.0,2
2025-12-06,Meta,fb_prospect_02,40.0,3
2025-12-06,Meta,fb_prospect_02,63.0,1
2025-12-06,Google App Campaigns,goog_ac_01,0.0,2
2025-12-06,Google App Campaigns,goog_ac_01,5.0,3
2025-12-06,Google App Campaigns,goog_ac_01,10.0,1
2025-12-06,Google App Campaigns,goog_ac_01,20.0,3
2025-12-06,Google App Campaigns,goog_ac_01,63.0,1
2025-12-06,Google App Campaigns,goog_ac_02,,7
2025-12-06,Google Brand Search,goog_brand_01,0.0,4
2025-12-06,Google Brand Search,goog_brand_01,5.0,4
2025-12-06,Google Brand Search,goog_brand_01,10.0,4
2025-12-06,Google Brand Search,goog_brand_01,20.0,8
2025-12-06,Google Non-Brand Search,goog_search_01,0.0,3
2025-12-06,Google Non-Brand Search,goog_search_01,5.0,4
2025-12-06,Google Non-Brand Search,goog_search_01,10.0,3
2025-12-06,Google Non-Brand Search,goog_search_01,20.0,1
2025-12-06,Google Non-Brand Search,goog_search_01,40.0,2
2025-12-06,TikTok,tiktok_upper_01,0.0,5
2025-12-06,TikTok,tiktok_upper_01,5.0,3
2025-12-06,TikTok,tiktok_upper_01,10.0,3
2025-12-06,TikTok,tiktok_upper_01,20.0,1
2025-12-06,TikTok,tiktok_upper_01,40.0,1
2025-12-06,TikTok,tiktok_upper_02,0.0,3
2025-12-06,TikTok,tiktok_upper_02,5.0,7
2025-12-06,TikTok,tiktok_upper_02,20.0,2
2025-12-07,Meta,fb_prospect_01,0.0,3
2025-12-07,Meta,fb_prospect_01,5.0,7
2025-12-07,Meta,fb_prospect_01,10.0,9
2025-12-07,Meta,fb_prospect_01,20.0,3
2025-12-07,Meta,fb_prospect_02,0.0,5
2025-12-07,Meta,fb_prospect_02,5.0,4
2025-12-07,Meta,fb_prospect_02,10.0,5
2025-12-07,Meta,fb_prospect_02,20.0,1
2025-12-07,Meta,fb_prospect_02,40.0,1
2025-12-07,Google App Campaigns,goog_ac_01,0.0,2
2025-12-07,Google App Campaigns,goog_ac_01,5.0,5
2025-12-07,Google App Campaigns,goog_ac_01,10.0,3
2025-12-07,Google App Campaigns,goog_ac_01,20.0,1
2025-12-07,Google App Campaigns,goog_ac_01,40.0,1
2025-12-07,Google App Campaigns,goog_ac_02,0.0,3
2025-12-07,Google App Campaigns,goog_ac_02,5.0,3
2025-12-07,Google App Campaigns,goog_ac_02,10.0,3
2025-12-07,Google App Campaigns,goog_ac_02,20.0,1
2025-12-07,Google Brand Search,goog_brand_01,0.0,4
2025-12-07,Google Brand Search,goog_brand_01,5.0,2
2025-12-07,Google Brand Search,goog_brand_01,10.0,3
2025-12-07,Google Brand Search,goog_brand_01,20.0,3
2025-12-07,Google Brand Search,goog_brand_01,40.0,4
2025-12-07,Google Non-Brand Search,goog_search_01,0.0,4
2025-12-07,Google Non-Brand Search,goog_search_01,5.0,2
2025-12-07,Google Non-Brand Search,goog_search_01,10.0,10
2025-12-07,Google Non-Brand Search,goog_search_01,20.0,3
2025-12-07,Google Non-Brand Search,goog_search_01,63.0,1
2025-12-07,TikTok,tiktok_upper_01,,9
2025-12-07,TikTok,tiktok_upper_02,,9
2025-12-08,Meta,fb_prospect_01,0.0,2
2025-12-08,Meta,fb_prospect_01,5.0,8
2025-12-08,Meta,fb_prospect_01,10.0,6
2025-12-08,Meta,fb_prospect_01,20.0,2
2025-12-08,Meta,fb_prospect_01,63.0,2
2025-12-08,Meta,fb_prospect_02,0.0,5
2025-12-08,Meta,fb_prospect_02,5.0,8
2025-12-08,Meta,fb_prospect_02,10.0,7
2025-12-08,Meta,fb_prospect_02,20.0,4
2025-12-08,Meta,fb_prospect_02,40.0,1
2025-12-08,Google App Campaigns,goog_ac_01,,7
2025-12-08,Google App Campaigns,goog_ac_02,0.0,2
2025-12-08,Google App Campaigns,goog_ac_02,5.0,5
2025-12-08,Google App Campaigns,goog_ac_02,10.0,5
2025-12-08,Google App Campaigns,goog_ac_02,20.0,4
2025-12-08,Google Brand Search,goog_brand_01,0.0,3
2025-12-08,Google Brand Search,goog_brand_01,5.0,3
2025-12-08,Google Brand Search,goog_brand_01,10.0,4
2025-12-08,Google Brand Search,goog_brand_01,20.0,4
2025-12-08,Google Non-Brand Search,goog_search_01,0.0,1
2025-12-08,Google Non-Brand Search,goog_search_01,5.0,4
2025-12-08,Google Non-Brand Search,goog_search_01,10.0,7
2025-12-08,Google Non-Brand Search,goog_search_01,40.0,1
2025-12-08,Google Non-Brand Search,goog_search_01,63.0,4
2025-12-08,TikTok,tiktok_upper_01,0.0,7
2025-12-08,TikTok,tiktok_upper_01,5.0,4
2025-12-08,TikTok,tiktok_upper_01,10.0,2
2025-12-08,TikTok,tiktok_upper_01,20.0,1
2025-12-08,TikTok,tiktok_upper_02,,8
2025-12-09,Meta,fb_prospect_01,0.0,7
2025-12-09,Meta,fb_prospect_01,10.0,3
2025-12-09,Meta,fb_prospect_01,20.0,2
2025-12-09,Meta,fb_prospect_01,40.0,1
2025-12-09,Meta,fb_prospect_01,63.0,1
2025-12-09,Meta,fb_prospect_02,0.0,5
2025-12-09,Meta,fb_prospect_02,5.0,2
2025-12-09,Meta,fb_prospect_02,10.0,3
2025-12-09,Meta,fb_prospect_02,20.0,1
2025-12-09,Meta,fb_prospect_02,40.0,1
2025-12-09,Meta,fb_prospect_02,63.0,2
2025-12-09,Google App Campaigns,goog_ac_01,0.0,4
2025-12-09,Google App Campaigns,goog_ac_01,5.0,5
2025-12-09,Google App Campaigns,goog_ac_01,10.0,2
2025-12-09,Google App Campaigns,goog_ac_01,40.0,3
2025-12-09,Google App Campaigns,goog_ac_02,0.0,3
2025-12-09,Google App Campaigns,goog_ac_02,5.0,5
2025-12-09,Google App Campaigns,goog_ac_02,10.0,1
2025-12-09,Google App Campaigns,goog_ac_02,20.0,1
2025-12-09,Google App Campaigns,goog_ac_02,63.0,1
2025-12-09,Google Brand Search,goog_brand_01,0.0,3
2025-12-09,Google Brand Search,goog_brand_01,5.0,3
2025-12-09,Google Brand Search,goog_brand_01,10.0,5
2025-12-09,Google Brand Search,goog_brand_01,20.0,3
2025-12-09,Google Brand Search,goog_brand_01,40.0,1
2025-12-09,Google Brand Search,goog_brand_01,63.0,1
2025-12-09,Google Non-Brand Search,goog_search_01,0.0,1
2025-12-09,Google Non-Brand Search,goog_search_01,5.0,2
2025-12-09,Google Non-Brand Search,goog_search_01,10.0,6
2025-12-09,Google Non-Brand Search,goog_search_01,20.0,3
2025-12-09,Google Non-Brand Search,goog_search_01,63.0,2
2025-12-09,TikTok,tiktok_upper_01,,8
2025-12-09,TikTok,tiktok_upper_02,,8
2025-12-10,Meta,fb_prospect_01,0.0,4
2025-12-10,Meta,fb_prospect_01,5.0,4
2025-12-10,Meta,fb_prospect_01,10.0,3
2025-12-10,Meta,fb_prospect_01,20.0,3
2025-12-10,Meta,fb_prospect_02,0.0,6
2025-12-10,Meta,fb_prospect_02,5.0,2
2025-12-10,Meta,fb_prospect_02,10.0,5
2025-12-10,Meta,fb_prospect_02,40.0,2
2025-12-10,Google App Campaigns,goog_ac_01,0.0,5
2025-12-10,Google App Campaigns,goog_ac_01,5.0,4
2025-12-10,Google App Campaigns,goog_ac_01,10.0,1
2025-12-10,Google App Campaigns,goog_ac_01,40.0,1
2025-12-10,Google App Campaigns,goog_ac_01,63.0,1
2025-12-10,Google App Campaigns,goog_ac_02,0.0,4
2025-12-10,Google App Campaigns,goog_ac_02,5.0,1
2025-12-10,Google App Campaigns,goog_ac_02,10.0,4
2025-12-10,Google App Campaigns,goog_ac_02,20.0,2
2025-12-10,Google Brand Search,goog_brand_01,0.0,5
2025-12-10,Google Brand Search,goog_brand_01,5.0,2
2025-12-10,Google Brand Search,goog_brand_01,10.0,3
2025-12-10,Google Brand Search,goog_brand_01,20.0,3
2025-12-10,Google Non-Brand Search,goog_search_01,0.0,4
2025-12-10,Google Non-Brand Search,goog_search_01,5.0,6
2025-12-10,Google Non-Brand Search,goog_search_01,20.0,4
2025-12-10,Google Non-Brand Search,goog_search_01,63.0,2
2025-12-10,TikTok,tiktok_upper_01,,6
2025-12-10,TikTok,tiktok_upper_02,,7
2025-12-11,Meta,fb_prospect_01,0.0,9
2025-12-11,Meta,fb_prospect_01,5.0,4
2025-12-11,Meta,fb_prospect_01,10.0,6
2025-12-11,Meta,fb_prospect_01,20.0,3
2025-12-11,Meta,fb_prospect_01,40.0,1
2025-12-11,Meta,fb_prospect_02,0.0,6
2025-12-11,Meta,fb_prospect_02,5.0,4
2025-12-11,Meta,fb_prospect_02,10.0,1
2025-12-11,Meta,fb_prospect_02,20.0,2
2025-12-11,Meta,fb_prospect_02,40.0,1
2025-12-11,Meta,fb_prospect_02,63.0,1
2025-12-11,Google App Campaigns,goog_ac_01,,8
2025-12-11,Google App Campaigns,goog_ac_02,,9
2025-12-11,Google Brand Search,goog_brand_01,0.0,5
2025-12-11,Google Brand Search,goog_brand_01,5.0,3
2025-12-11,Google Brand Search,goog_brand_01,10.0,1
2025-12-11,Google Brand Search,goog_brand_01,20.0,4
2025-12-11,Google Brand Search,goog_brand_01,63.0,1
2025-12-11,Google Non-Brand Search,goog_search_01,0.0,4
2025-12-11,Google Non-Brand Search,goog_search_01,5.0,1
2025-12-11,Google Non-Brand Search,goog_search_01,10.0,4
2025-12-11,Google Non-Brand Search,goog_search_01,20.0,4
2025-12-11,Google Non-Brand Search,goog_search_01,40.0,4
2025-12-11,Google Non-Brand Search,goog_search_01,63.0,2
2025-12-11,TikTok,tiktok_upper_01,,7
2025-12-11,TikTok,tiktok_upper_02,0.0,4
2025-12-11,TikTok,tiktok_upper_02,5.0,3
2025-12-11,TikTok,tiktok_upper_02,10.0,4
2025-12-11,TikTok,tiktok_upper_02,63.0,1
2025-12-12,Meta,fb_prospect_01,0.0,5
2025-12-12,Meta,fb_prospect_01,5.0,1
2025-12-12,Meta,fb_prospect_01,10.0,2
2025-12-12,Meta,fb_prospect_01,20.0,2
2025-12-12,Meta,fb_prospect_01,40.0,1
2025-12-12,Meta,fb_prospect_01,63.0,1
2025-12-12,Meta,fb_prospect_02,0.0,7
2025-12-12,Meta,fb_prospect_02,5.0,7
2025-12-12,Meta,fb_prospect_02,10.0,8
2025-12-12,Meta,fb_prospect_02,20.0,1
2025-12-12,Meta,fb_prospect_02,40.0,2
2025-12-12,Google App Campaigns,goog_ac_01,0.0,1
2025-12-12,Google App Campaigns,goog_ac_01,5.0,1
2025-12-12,Google App Campaigns,goog_ac_01,10.0,2
2025-12-12,Google App Campaigns,goog_ac_01,20.0,3
2025-12-12,Google App Campaigns,goog_ac_01,40.0,1
2025-12-12,Google App Campaigns,goog_ac_01,63.0,2
2025-12-12,Google App Campaigns,goog_ac_02,,9
2025-12-12,Google Brand Search,goog_brand_01,,8
2025-12-12,Google Non-Brand Search,goog_search_01,0.0,3
2025-12-12,Google Non-Brand Search,goog_search_01,5.0,8
2025-12-12,Google Non-Brand Search,goog_search_01,10.0,5
2025-12-12,Google Non-Brand Search,goog_search_01,20.0,2
2025-12-12,Google Non-Brand Search,goog_search_01,63.0,1
2025-12-12,TikTok,tiktok_upper_01,,6
2025-12-12,TikTok,tiktok_upper_02,,7
2025-12-13,Meta,fb_prospect_01,0.0,4
2025-12-13,Meta,fb_prospect_01,5.0,2
2025-12-13,Meta,fb_prospect_01,10.0,6
2025-12-13,Meta,fb_prospect_01,20.0,1
2025-12-13,Meta,fb_prospect_01,63.0,1
2025-12-13,Meta,fb_prospect_02,0.0,4
2025-12-13,Meta,fb_prospect_02,5.0,11
2025-12-13,Meta,fb_prospect_02,10.0,3
2025-12-13,Meta,fb_prospect_02,20.0,1
2025-12-13,Google App Campaigns,goog_ac_01,0.0,5
2025-12-13,Google App Campaigns,goog_ac_01,5.0,3
2025-12-13,Google App Campaigns,goog_ac_01,10.0,2
2025-12-13,Google App Campaigns,goog_ac_02,0.0,1
2025-12-13,Google App Campaigns,goog_ac_02,5.0,2
2025-12-13,Google App Campaigns,goog_ac_02,10.0,6
2025-12-13,Google App Campaigns,goog_ac_02,20.0,1
2025-12-13,Google App Campaigns,goog_ac_02,63.0,1
2025-12-13,Google Brand Search,goog_brand_01,0.0,6
2025-12-13,Google Brand Search,goog_brand_01,5.0,3
2025-12-13,Google Brand Search,goog_brand_01,10.0,6
2025-12-13,Google Brand Search,goog_brand_01,20.0,1
2025-12-13,Google Brand Search,goog_brand_01,40.0,1
2025-12-13,Google Brand Search,goog_brand_01,63.0,3
2025-12-13,Google Non-Brand Search,goog_search_01,0.0,2
2025-12-13,Google Non-Brand Search,goog_search_01,5.0,3
2025-12-13,Google Non-Brand Search,goog_search_01,10.0,4
2025-12-13,Google Non-Brand Search,goog_search_01,20.0,2
2025-12-13,Google Non-Brand Search,goog_search_01,40.0,3
2025-12-13,Google Non-Brand Search,goog_search_01,63.0,1
2025-12-13,TikTok,tiktok_upper_01,0.0,5
2025-12-13,TikTok,tiktok_upper_01,5.0,5
2025-12-13,TikTok,tiktok_upper_01,63.0,1
2025-12-13,TikTok,tiktok_upper_02,,6
2025-12-14,Meta,fb_prospect_01,0.0,5
2025-12-14,Meta,fb_prospect_01,5.0,7
2025-12-14,Meta,fb_prospect_01,10.0,5
2025-12-14,Meta,fb_prospect_01,63.0,2
2025-12-14,Meta,fb_prospect_02,0.0,7
2025-12-14,Meta,fb_prospect_02,5.0,3
2025-12-14,Meta,fb_prospect_02,10.0,10
2025-12-14,Meta,fb_prospect_02,20.0,2
2025-12-14,Google App Campaigns,goog_ac_01,,8
2025-12-14,Google App Campaigns,goog_ac_02,,7
2025-12-14,Google Brand Search,goog_brand_01,0.0,5
2025-12-14,Google Brand Search,goog_brand_01,5.0,5
2025-12-14,Google Brand Search,goog_brand_01,10.0,3
2025-12-14,Google Brand Search,goog_brand_01,20.0,3
2025-12-14,Google Brand Search,goog_brand_01,40.0,1
2025-12-14,Google Non-Brand Search,goog_search_01,0.0,4
2025-12-14,Google Non-Brand Search,goog_search_01,5.0,1
2025-12-14,Google Non-Brand Search,goog_search_01,10.0,5
2025-12-14,Google Non-Brand Search,goog_search_01,20.0,5
2025-12-14,Google Non-Brand Search,goog_search_01,40.0,2
2025-12-14,TikTok,tiktok_upper_01,0.0,8
2025-12-14,TikTok,tiktok_upper_01,5.0,3
2025-12-14,TikTok,tiktok_upper_01,10.0,1
2025-12-14,TikTok,tiktok_upper_01,20.0,2
2025-12-14,TikTok,tiktok_upper_02,0.0,6
2025-12-14,TikTok,tiktok_upper_02,5.0,3
2025-12-14,TikTok,tiktok_upper_02,10.0,2
2025-12-15,Meta,fb_prospect_01,0.0,7
2025-12-15,Meta,fb_prospect_01,5.0,2
2025-12-15,Meta,fb_prospect_01,10.0,1
2025-12-15,Meta,fb_prospect_01,40.0,3
2025-12-15,Meta,fb_prospect_02,0.0,7
2025-12-15,Meta,fb_prospect_02,5.0,5
2025-12-15,Meta,fb_prospect_02,10.0,6
2025-12-15,Meta,fb_prospect_02,20.0,2
2025-12-15,Meta,fb_prospect_02,40.0,1
2025-12-15,Google App Campaigns,goog_ac_01,,8
2025-12-15,Google App Campaigns,goog_ac_02,0.0,1
2025-12-15,Google App Campaigns,goog_ac_02,5.0,3
2025-12-15,Google App Campaigns,goog_ac_02,10.0,3
2025-12-15,Google App Campaigns,goog_ac_02,20.0,1
2025-12-15,Google App Campaigns,goog_ac_02,40.0,1
2025-12-15,Google App Campaigns,goog_ac_02,63.0,1
2025-12-15,Google Brand Search,goog_brand_01,0.0,7
2025-12-15,Google Brand Search,goog_brand_01,5.0,1
2025-12-15,Google Brand Search,goog_brand_01,10.0,4
2025-12-15,Google Brand Search,goog_brand_01,20.0,2
2025-12-15,Google Brand Search,goog_brand_01,63.0,3
2025-12-15,Google Non-Brand Search,goog_search_01,0.0,2
2025-12-15,Google Non-Brand Search,goog_search_01,5.0,4
2025-12-15,Google Non-Brand Search,goog_search_01,10.0,4
2025-12-15,Google Non-Brand Search,goog_search_01,20.0,2
2025-12-15,Google Non-Brand Search,goog_search_01,40.0,1
2025-12-15,Google Non-Brand Search,goog_search_01,63.0,3
2025-12-15,TikTok,tiktok_upper_01,0.0,5
2025-12-15,TikTok,tiktok_upper_01,5.0,4
2025-12-15,TikTok,tiktok_upper_01,20.0,1
2025-12-15,TikTok,tiktok_upper_01,40.0,1
2025-12-15,TikTok,tiktok_upper_02,0.0,6
2025-12-15,TikTok,tiktok_upper_02,5.0,2
2025-12-15,TikTok,tiktok_upper_02,10.0,1
2025-12-15,TikTok,tiktok_upper_02,20.0,1
2025-12-16,Meta,fb_prospect_01,0.0,3
2025-12-16,Meta,fb_prospect_01,5.0,4
2025-12-16,Meta,fb_prospect_01,10.0,4
2025-12-16,Meta,fb_prospect_01,20.0,1
2025-12-16,Meta,fb_prospect_02,0.0,3
2025-12-16,Meta,fb_prospect_02,5.0,7
2025-12-16,Meta,fb_prospect_02,10.0,5
2025-12-16,Meta,fb_prospect_02,20.0,3
2025-12-16,Meta,fb_prospect_02,40.0,3
2025-12-16,Meta,fb_prospect_02,63.0,2
2025-12-16,Google App Campaigns,goog_ac_01,0.0,5
2025-12-16,Google App Campaigns,goog_ac_01,5.0,1
2025-12-16,Google App Campaigns,goog_ac_01,10.0,3
2025-12-16,Google App Campaigns,goog_ac_01,20.0,2
2025-12-16,Google App Campaigns,goog_ac_01,40.0,2
2025-12-16,Google App Campaigns,goog_ac_02,0.0,1
2025-12-16,Google App Campaigns,goog_ac_02,5.0,5
2025-12-16,Google App Campaigns,goog_ac_02,10.0,4
2025-12-16,Google App Campaigns,goog_ac_02,20.0,2
2025-12-16,Google Brand Search,goog_brand_01,0.0,4
2025-12-16,Google Brand Search,goog_brand_01,5.0,6
2025-12-16,Google Brand Search,goog_brand_01,10.0,4
2025-12-16,Google Brand Search,goog_brand_01,20.0,3
2025-12-16,Google Non-Brand Search,goog_search_01,0.0,4
2025-12-16,Google Non-Brand Search,goog_search_01,5.0,2
2025-12-16,Google Non-Brand Search,goog_search_01,10.0,4
2025-12-16,Google Non-Brand Search,goog_search_01,20.0,6
2025-12-16,Google Non-Brand Search,goog_search_01,40.0,1
2025-12-16,TikTok,tiktok_upper_01,,4
2025-12-16,TikTok,tiktok_upper_02,,8
2025-12-17,Meta,fb_prospect_01,0.0,8
2025-12-17,Meta,fb_prospect_01,5.0,2
2025-12-17,Meta,fb_prospect_01,10.0,4
2025-12-17,Meta,fb_prospect_01,20.0,1
2025-12-17,Meta,fb_prospect_01,40.0,1
2025-12-17,Meta,fb_prospect_01,63.0,1
2025-12-17,Meta,fb_prospect_02,0.0,4
2025-12-17,Meta,fb_prospect_02,5.0,5
2025-12-17,Meta,fb_prospect_02,10.0,4
2025-12-17,Meta,fb_prospect_02,20.0,1
2025-12-17,Meta,fb_prospect_02,40.0,1
2025-12-17,Google App Campaigns,goog_ac_01,,7
2025-12-17,Google App Campaigns,goog_ac_02,,7
2025-12-17,Google Brand Search,goog_brand_01,0.0,4
2025-12-17,Google Brand Search,goog_brand_01,5.0,3
2025-12-17,Google Brand Search,goog_brand_01,10.0,6
2025-12-17,Google Brand Search,goog_brand_01,20.0,2
2025-12-17,Google Non-Brand Search,goog_search_01,0.0,1
2025-12-17,Google Non-Brand Search,goog_search_01,5.0,6
2025-12-17,Google Non-Brand Search,goog_search_01,10.0,2
2025-12-17,Google Non-Brand Search,goog_search_01,20.0,2
2025-12-17,Google Non-Brand Search,goog_search_01,40.0,2
2025-12-17,TikTok,tiktok_upper_01,,9
2025-12-17,TikTok,tiktok_upper_02,,7
2025-12-18,Meta,fb_prospect_01,0.0,4
2025-12-18,Meta,fb_prospect_01,5.0,3
2025-12-18,Meta,fb_prospect_01,10.0,4
2025-12-18,Meta,fb_prospect_01,20.0,2
2025-12-18,Meta,fb_prospect_02,0.0,2
2025-12-18,Meta,fb_prospect_02,5.0,4
2025-12-18,Meta,fb_prospect_02,10.0,3
2025-12-18,Meta,fb_prospect_02,20.0,4
2025-12-18,Meta,fb_prospect_02,40.0,1
2025-12-18,Google App Campaigns,goog_ac_01,0.0,1
2025-12-18,Google App Campaigns,goog_ac_01,5.0,3
2025-12-18,Google App Campaigns,goog_ac_01,10.0,2
2025-12-18,Google App Campaigns,goog_ac_01,20.0,1
2025-12-18,Google App Campaigns,goog_ac_01,40.0,1
2025-12-18,Google App Campaigns,goog_ac_01,63.0,2
2025-12-18,Google App Campaigns,goog_ac_02,,6
2025-12-18,Google Brand Search,goog_brand_01,0.0,1
2025-12-18,Google Brand Search,goog_brand_01,5.0,8
2025-12-18,Google Brand Search,goog_brand_01,20.0,1
2025-12-18,Google Brand Search,goog_brand_01,63.0,1
2025-12-18,Google Non-Brand Search,goog_search_01,0.0,2
2025-12-18,Google Non-Brand Search,goog_search_01,5.0,3
2025-12-18,Google Non-Brand Search,goog_search_01,10.0,3
2025-12-18,Google Non-Brand Search,goog_search_01,40.0,1
2025-12-18,Google Non-Brand Search,goog_search_01,63.0,3
2025-12-18,TikTok,tiktok_upper_01,0.0,3
2025-12-18,TikTok,tiktok_upper_01,5.0,4
2025-12-18,TikTok,tiktok_upper_01,10.0,4
2025-12-18,TikTok,tiktok_upper_01,40.0,1
2025-12-18,TikTok,tiktok_upper_02,,6
2025-12-19,Meta,fb_prospect_01,0.0,5
2025-12-19,Meta,fb_prospect_01,5.0,8
2025-12-19,Meta,fb_prospect_01,10.0,3
2025-12-19,Meta,fb_prospect_01,20.0,3
2025-12-19,Meta,fb_prospect_02,0.0,3
2025-12-19,Meta,fb_prospect_02,5.0,3
2025-12-19,Meta,fb_prospect_02,10.0,8
2025-12-19,Meta,fb_prospect_02,20.0,1
2025-12-19,Meta,fb_prospect_02,63.0,1
2025-12-19,Google App Campaigns,goog_ac_01,,6
2025-12-19,Google App Campaigns,goog_ac_02,,9
2025-12-19,Google Brand Search,goog_brand_01,,9
2025-12-19,Google Non-Brand Search,goog_search_01,0.0,2
2025-12-19,Google Non-Brand Search,goog_search_01,5.0,4
2025-12-19,Google Non-Brand Search,goog_search_01,10.0,3
2025-12-19,Google Non-Brand Search,goog_search_01,20.0,1
2025-12-19,Google Non-Brand Search,goog_search_01,40.0,3
2025-12-19,TikTok,tiktok_upper_01,,6
2025-12-19,TikTok,tiktok_upper_02,0.0,4
2025-12-19,TikTok,tiktok_upper_02,5.0,2
2025-12-19,TikTok,tiktok_upper_02,10.0,4
2025-12-20,Meta,fb_prospect_01,0.0,5
2025-12-20,Meta,fb_prospect_01,5.0,7
2025-12-20,Meta,fb_prospect_01,10.0,5
2025-12-20,Meta,fb_prospect_01,20.0,1
2025-12-20,Meta,fb_prospect_02,0.0,4
2025-12-20,Meta,fb_prospect_02,5.0,1
2025-12-20,Meta,fb_prospect_02,10.0,6
2025-12-20,Meta,fb_prospect_02,20.0,2
2025-12-20,Meta,fb_prospect_02,63.0,2
2025-12-20,Google App Campaigns,goog_ac_01,0.0,5
2025-12-20,Google App Campaigns,goog_ac_01,5.0,4
2025-12-20,Google App Campaigns,goog_ac_01,10.0,4
2025-12-20,Google App Campaigns,goog_ac_02,0.0,4
2025-12-20,Google App Campaigns,goog_ac_02,5.0,2
2025-12-20,Google App Campaigns,goog_ac_02,10.0,3
2025-12-20,Google App Campaigns,goog_ac_02,20.0,4
2025-12-20,Google Brand Search,goog_brand_01,0.0,2
2025-12-20,Google Brand Search,goog_brand_01,5.0,3
2025-12-20,Google Brand Search,goog_brand_01,10.0,6
2025-12-20,Google Brand Search,goog_brand_01,20.0,4
2025-12-20,Google Non-Brand Search,goog_search_01,0.0,5
2025-12-20,Google Non-Brand Search,goog_search_01,5.0,2
2025-12-20,Google Non-Brand Search,goog_search_01,10.0,3
2025-12-20,Google Non-Brand Search,goog_search_01,20.0,2
2025-12-20,Google Non-Brand Search,goog_search_01,40.0,3
2025-12-20,Google Non-Brand Search,goog_search_01,63.0,2
2025-12-20,TikTok,tiktok_upper_01,0.0,4
2025-12-20,TikTok,tiktok_upper_01,5.0,2
2025-12-20,TikTok,tiktok_upper_01,10.0,3
2025-12-20,TikTok,tiktok_upper_01,40.0,1
2025-12-20,TikTok,tiktok_upper_02,0.0,3
2025-12-20,TikTok,tiktok_upper_02,5.0,5
2025-12-20,TikTok,tiktok_upper_02,10.0,1
2025-12-20,TikTok,tiktok_upper_02,40.0,1
2025-12-21,Meta,fb_prospect_01,0.0,7
2025-12-21,Meta,fb_prospect_01,5.0,5
2025-12-21,Meta,fb_prospect_01,10.0,6
2025-12-21,Meta,fb_prospect_01,20.0,2
2025-12-21,Meta,fb_prospect_01,40.0,3
2025-12-21,Meta,fb_prospect_01,63.0,1
2025-12-21,Meta,fb_prospect_02,0.0,9
2025-12-21,Meta,fb_prospect_02,5.0,6
2025-12-21,Meta,fb_prospect_02,10.0,3
2025-12-21,Google App Campaigns,goog_ac_01,0.0,3
2025-12-21,Google App Campaigns,goog_ac_01,5.0,2
2025-12-21,Google App Campaigns,goog_ac_01,10.0,2
2025-12-21,Google App Campaigns,goog_ac_01,20.0,3
2025-12-21,Google App Campaigns,goog_ac_02,0.0,3
2025-12-21,Google App Campaigns,goog_ac_02,5.0,3
2025-12-21,Google App Campaigns,goog_ac_02,10.0,4
2025-12-21,Google App Campaigns,goog_ac_02,20.0,2
2025-12-21,Google App Campaigns,goog_ac_02,63.0,2
2025-12-21,Google Brand Search,goog_brand_01,0.0,2
2025-12-21,Google Brand Search,goog_brand_01,5.0,9
2025-12-21,Google Brand Search,goog_brand_01,10.0,2
2025-12-21,Google Brand Search,goog_brand_01,20.0,5
2025-12-21,Google Brand Search,goog_brand_01,63.0,1
2025-12-21,Google Non-Brand Search,goog_search_01,0.0,2
2025-12-21,Google Non-Brand Search,goog_search_01,5.0,2
2025-12-21,Google Non-Brand Search,goog_search_01,10.0,3
2025-12-21,Google Non-Brand Search,goog_search_01,20.0,3
2025-12-21,Google Non-Brand Search,goog_search_01,40.0,1
2025-12-21,TikTok,tiktok_upper_01,,9
2025-12-21,TikTok,tiktok_upper_02,0.0,9
2025-12-21,TikTok,tiktok_upper_02,5.0,4
2025-12-21,TikTok,tiktok_upper_02,10.0,1
2025-12-22,Meta,fb_prospect_01,0.0,6
2025-12-22,Meta,fb_prospect_01,5.0,8
2025-12-22,Meta,fb_prospect_01,10.0,5
2025-12-22,Meta,fb_prospect_01,20.0,2
2025-12-22,Meta,fb_prospect_02,0.0,5
2025-12-22,Meta,fb_prospect_02,5.0,4
2025-12-22,Meta,fb_prospect_02,10.0,6
2025-12-22,Meta,fb_prospect_02,20.0,2
2025-12-22,Meta,fb_prospect_02,40.0,1
2025-12-22,Google App Campaigns,goog_ac_01,0.0,4
2025-12-22,Google App Campaigns,goog_ac_01,5.0,5
2025-12-22,Google App Campaigns,goog_ac_01,10.0,2
2025-12-22,Google App Campaigns,goog_ac_02,0.0,3
2025-12-22,Google App Campaigns,goog_ac_02,5.0,3
2025-12-22,Google App Campaigns,goog_ac_02,10.0,4
2025-12-22,Google App Campaigns,goog_ac_02,20.0,2
2025-12-22,Google Brand Search,goog_brand_01,0.0,4
2025-12-22,Google Brand Search,goog_brand_01,5.0,5
2025-12-22,Google Brand Search,goog_brand_01,10.0,4
2025-12-22,Google Brand Search,goog_brand_01,20.0,2
2025-12-22,Google Brand Search,goog_brand_01,63.0,1
2025-12-22,Google Non-Brand Search,goog_search_01,0.0,3
2025-12-22,Google Non-Brand Search,goog_search_01,5.0,5
2025-12-22,Google Non-Brand Search,goog_search_01,10.0,4
2025-12-22,Google Non-Brand Search,goog_search_01,20.0,2
2025-12-22,Google Non-Brand Search,goog_search_01,40.0,1
2025-12-22,TikTok,tiktok_upper_01,0.0,2
2025-12-22,TikTok,tiktok_upper_01,5.0,3
2025-12-22,TikTok,tiktok_upper_01,10.0,3
2025-12-22,TikTok,tiktok_upper_01,20.0,1
2025-12-22,TikTok,tiktok_upper_01,63.0,2
2025-12-22,TikTok,tiktok_upper_02,0.0,2
2025-12-22,TikTok,tiktok_upper_02,5.0,8
2025-12-22,TikTok,tiktok_upper_02,10.0,1
2025-12-22,TikTok,tiktok_upper_02,40.0,1
2025-12-23,Meta,fb_prospect_01,0.0,4
2025-12-23,Meta,fb_prospect_01,5.0,6
2025-12-23,Meta,fb_prospect_01,10.0,6
2025-12-23,Meta,fb_prospect_01,20.0,2
2025-12-23,Meta,fb_prospect_01,40.0,1
2025-12-23,Meta,fb_prospect_01,63.0,1
2025-12-23,Meta,fb_prospect_02,0.0,8
2025-12-23,Meta,fb_prospect_02,5.0,4
2025-12-23,Meta,fb_prospect_02,10.0,3
2025-12-23,Meta,fb_prospect_02,20.0,1
2025-12-23,Meta,fb_prospect_02,40.0,1
2025-12-23,Meta,fb_prospect_02,63.0,1
2025-12-23,Google App Campaigns,goog_ac_01,,8
2025-12-23,Google App Campaigns,goog_ac_02,,8
2025-12-23,Google Brand Search,goog_brand_01,0.0,2
2025-12-23,Google Brand Search,goog_brand_01,5.0,4
2025-12-23,Google Brand Search,goog_brand_01,10.0,5
2025-12-23,Google Brand Search,goog_brand_01,20.0,3
2025-12-23,Google Brand Search,goog_brand_01,63.0,2
2025-12-23,Google Non-Brand Search,goog_search_01,0.0,5
2025-12-23,Google Non-Brand Search,goog_search_01,5.0,3
2025-12-23,Google Non-Brand Search,goog_search_01,10.0,2
2025-12-23,Google Non-Brand Search,goog_search_01,20.0,2
2025-12-23,Google Non-Brand Search,goog_search_01,40.0,2
2025-12-23,Google Non-Brand Search,goog_search_01,63.0,1
2025-12-23,TikTok,tiktok_upper_01,0.0,5
2025-12-23,TikTok,tiktok_upper_01,5.0,4
2025-12-23,TikTok,tiktok_upper_01,10.0,2
2025-12-23,TikTok,tiktok_upper_01,20.0,1
2025-12-23,TikTok,tiktok_upper_02,0.0,6
2025-12-23,TikTok,tiktok_upper_02,5.0,3
2025-12-23,TikTok,tiktok_upper_02,20.0,1
2025-12-23,TikTok,tiktok_upper_02,63.0,1
2025-12-24,Meta,fb_prospect_01,0.0,4
2025-12-24,Meta,fb_prospect_01,5.0,7
2025-12-24,Meta,fb_prospect_01,10.0,4
2025-12-24,Meta,fb_prospect_01,20.0,1
2025-12-24,Meta,fb_prospect_01,40.0,1
2025-12-24,Meta,fb_prospect_02,5.0,5
2025-12-24,Meta,fb_prospect_02,10.0,4
2025-12-24,Meta,fb_prospect_02,20.0,3
2025-12-24,Meta,fb_prospect_02,63.0,2
2025-12-24,Google App Campaigns,goog_ac_01,0.0,4
2025-12-24,Google App Campaigns,goog_ac_01,10.0,4
2025-12-24,Google App Campaigns,goog_ac_01,20.0,1
2025-12-24,Google App Campaigns,goog_ac_01,40.0,1
2025-12-24,Google App Campaigns,goog_ac_02,,4
2025-12-24,Google Brand Search,goog_brand_01,0.0,4
2025-12-24,Google Brand Search,goog_brand_01,5.0,1
2025-12-24,Google Brand Search,goog_brand_01,10.0,4
2025-12-24,Google Brand Search,goog_brand_01,20.0,2
2025-12-24,Google Brand Search,goog_brand_01,63.0,1
2025-12-24,Google Non-Brand Search,goog_search_01,0.0,3
2025-12-24,Google Non-Brand Search,goog_search_01,5.0,1
2025-12-24,Google Non-Brand Search,goog_search_01,10.0,5
2025-12-24,Google Non-Brand Search,goog_search_01,20.0,3
2025-12-24,TikTok,tiktok_upper_01,,4
2025-12-24,TikTok,tiktok_upper_02,0.0,5
2025-12-24,TikTok,tiktok_upper_02,5.0,2
2025-12-24,TikTok,tiktok_upper_02,20.0,2
2025-12-24,TikTok,tiktok_upper_02,63.0,1
2025-12-25,Meta,fb_prospect_01,0.0,5
2025-12-25,Meta,fb_prospect_01,5.0,6
2025-12-25,Meta,fb_prospect_01,10.0,5
2025-12-25,Meta,fb_prospect_01,20.0,3
2025-12-25,Meta,fb_prospect_02,0.0,3
2025-12-25,Meta,fb_prospect_02,5.0,4
2025-12-25,Meta,fb_prospect_02,10.0,7
2025-12-25,Meta,fb_prospect_02,20.0,1
2025-12-25,Google App Campaigns,goog_ac_01,,5
2025-12-25,Google App Campaigns,goog_ac_02,,6
2025-12-25,Google Brand Search,goog_brand_01,0.0,3
2025-12-25,Google Brand Search,goog_brand_01,5.0,3
2025-12-25,Google Brand Search,goog_brand_01,10.0,2
2025-12-25,Google Brand Search,goog_brand_01,20.0,2
2025-12-25,Google Non-Brand Search,goog_search_01,0.0,3
2025-12-25,Google Non-Brand Search,goog_search_01,5.0,4
2025-12-25,Google Non-Brand Search,goog_search_01,10.0,2
2025-12-25,Google Non-Brand Search,goog_search_01,20.0,2
2025-12-25,Google Non-Brand Search,goog_search_01,40.0,1
2025-12-25,Google Non-Brand Search,goog_search_01,63.0,1
2025-12-25,TikTok,tiktok_upper_01,,6
2025-12-25,TikTok,tiktok_upper_02,0.0,7
2025-12-25,TikTok,tiktok_upper_02,5.0,4
2025-12-26,Meta,fb_prospect_01,0.0,5
2025-12-26,Meta,fb_prospect_01,5.0,2
2025-12-26,Meta,fb_prospect_01,10.0,6
2025-12-26,Meta,fb_prospect_01,20.0,3
2025-12-26,Meta,fb_prospect_02,0.0,1
2025-12-26,Meta,fb_prospect_02,5.0,5
2025-12-26,Meta,fb_prospect_02,10.0,4
2025-12-26,Meta,fb_prospect_02,20.0,2
2025-12-26,Meta,fb_prospect_02,40.0,1
2025-12-26,Meta,fb_prospect_02,63.0,1
2025-12-26,Google App Campaigns,goog_ac_01,,7
2025-12-26,Google App Campaigns,goog_ac_02,,8
2025-12-26,Google Brand Search,goog_brand_01,5.0,2
2025-12-26,Google Brand Search,goog_brand_01,10.0,4
2025-12-26,Google Brand Search,goog_brand_01,20.0,7
2025-12-26,Google Brand Search,goog_brand_01,40.0,3
2025-12-26,Google Brand Search,goog_brand_01,63.0,2
2025-12-26,Google Non-Brand Search,goog_search_01,0.0,1
2025-12-26,Google Non-Brand Search,goog_search_01,5.0,5
2025-12-26,Google Non-Brand Search,goog_search_01,10.0,8
2025-12-26,Google Non-Brand Search,goog_search_01,20.0,8
2025-12-26,Google Non-Brand Search,goog_search_01,40.0,1
2025-12-26,TikTok,tiktok_upper_01,,9
2025-12-26,TikTok,tiktok_upper_02,0.0,3
2025-12-26,TikTok,tiktok_upper_02,5.0,3
2025-12-26,TikTok,tiktok_upper_02,10.0,4
2025-12-27,Meta,fb_prospect_01,0.0,8
2025-12-27,Meta,fb_prospect_01,5.0,6
2025-12-27,Meta,fb_prospect_01,10.0,5
2025-12-27,Meta,fb_prospect_01,20.0,4
2025-12-27,Meta,fb_prospect_01,40.0,2
2025-12-27,Meta,fb_prospect_01,63.0,1
2025-12-27,Meta,fb_prospect_02,0.0,6
2025-12-27,Meta,fb_prospect_02,5.0,5
2025-12-27,Meta,fb_prospect_02,10.0,5
2025-12-27,Meta,fb_prospect_02,20.0,1
2025-12-27,Google App Campaigns,goog_ac_01,0.0,3
2025-12-27,Google App Campaigns,goog_ac_01,5.0,6
2025-12-27,Google App Campaigns,goog_ac_01,10.0,1
2025-12-27,Google App Campaigns,goog_ac_01,20.0,1
2025-12-27,Google App Campaigns,goog_ac_01,63.0,2
2025-12-27,Google App Campaigns,goog_ac_02,0.0,2
2025-12-27,Google App Campaigns,goog_ac_02,5.0,3
2025-12-27,Google App Campaigns,goog_ac_02,10.0,2
2025-12-27,Google App Campaigns,goog_ac_02,20.0,1
2025-12-27,Google App Campaigns,goog_ac_02,40.0,2
2025-12-27,Google App Campaigns,goog_ac_02,63.0,1
2025-12-27,Google Brand Search,goog_brand_01,0.0,5
2025-12-27,Google Brand Search,goog_brand_01,5.0,5
2025-12-27,Google Brand Search,goog_brand_01,10.0,3
2025-12-27,Google Brand Search,goog_brand_01,20.0,3
2025-12-27,Google Brand Search,goog_brand_01,63.0,1
2025-12-27,Google Non-Brand Search,goog_search_01,0.0,4
2025-12-27,Google Non-Brand Search,goog_search_01,5.0,7
2025-12-27,Google Non-Brand Search,goog_search_01,10.0,1
2025-12-27,Google Non-Brand Search,goog_search_01,20.0,2
2025-12-27,Google Non-Brand Search,goog_search_01,63.0,1
2025-12-27,TikTok,tiktok_upper_01,,6
2025-12-27,TikTok,tiktok_upper_02,,8
2025-12-28,Meta,fb_prospect_01,0.0,5
2025-12-28,Meta,fb_prospect_01,5.0,6
2025-12-28,Meta,fb_prospect_01,10.0,5
2025-12-28,Meta,fb_prospect_01,20.0,5
2025-12-28,Meta,fb_prospect_02,0.0,4
2025-12-28,Meta,fb_prospect_02,5.0,5
2025-12-28,Meta,fb_prospect_02,10.0,9
2025-12-28,Meta,fb_prospect_02,20.0,1
2025-12-28,Google App Campaigns,goog_ac_01,0.0,6
2025-12-28,Google App Campaigns,goog_ac_01,5.0,6
2025-12-28,Google App Campaigns,goog_ac_01,10.0,4
2025-12-28,Google App Campaigns,goog_ac_01,20.0,1
2025-12-28,Google App Campaigns,goog_ac_02,0.0,4
2025-12-28,Google App Campaigns,goog_ac_02,10.0,4
2025-12-28,Google App Campaigns,goog_ac_02,20.0,2
2025-12-28,Google App Campaigns,goog_ac_02,40.0,1
2025-12-28,Google Brand Search,goog_brand_01,0.0,6
2025-12-28,Google Brand Search,goog_brand_01,5.0,6
2025-12-28,Google Brand Search,goog_brand_01,10.0,2
2025-12-28,Google Brand Search,goog_brand_01,20.0,2
2025-12-28,Google Brand Search,goog_brand_01,63.0,2
2025-12-28,Google Non-Brand Search,goog_search_01,0.0,4
2025-12-28,Google Non-Brand Search,goog_search_01,5.0,5
2025-12-28,Google Non-Brand Search,goog_search_01,10.0,2
2025-12-28,Google Non-Brand Search,goog_search_01,20.0,3
2025-12-28,Google Non-Brand Search,goog_search_01,40.0,2
2025-12-28,TikTok,tiktok_upper_01,0.0,4
2025-12-28,TikTok,tiktok_upper_01,5.0,2
2025-12-28,TikTok,tiktok_upper_01,10.0,3
2025-12-28,TikTok,tiktok_upper_01,20.0,1
2025-12-28,TikTok,tiktok_upper_02,0.0,4
2025-12-28,TikTok,tiktok_upper_02,5.0,3
2025-12-28,TikTok,tiktok_upper_02,10.0,3
2025-12-28,TikTok,tiktok_upper_02,40.0,1
2025-12-29,Meta,fb_prospect_01,0.0,5
2025-12-29,Meta,fb_prospect_01,5.0,7
2025-12-29,Meta,fb_prospect_01,10.0,3
2025-12-29,Meta,fb_prospect_01,20.0,1
2025-12-29,Meta,fb_prospect_01,40.0,1
2025-12-29,Meta,fb_prospect_01,63.0,1
2025-12-29,Meta,fb_prospect_02,0.0,8
2025-12-29,Meta,fb_prospect_02,5.0,6
2025-12-29,Meta,fb_prospect_02,10.0,7
2025-12-29,Meta,fb_prospect_02,20.0,3
2025-12-29,Meta,fb_prospect_02,40.0,1
2025-12-29,Google App Campaigns,goog_ac_01,0.0,8
2025-12-29,Google App Campaigns,goog_ac_01,5.0,2
2025-12-29,Google App Campaigns,goog_ac_01,10.0,4
2025-12-29,Google App Campaigns,goog_ac_01,20.0,1
2025-12-29,Google App Campaigns,goog_ac_01,40.0,1
2025-12-29,Google App Campaigns,goog_ac_01,63.0,1
2025-12-29,Google App Campaigns,goog_ac_02,0.0,3
2025-12-29,Google App Campaigns,goog_ac_02,5.0,4
2025-12-29,Google App Campaigns,goog_ac_02,10.0,2
2025-12-29,Google App Campaigns,goog_ac_02,20.0,2
2025-12-29,Google Brand Search,goog_brand_01,0.0,1
2025-12-29,Google Brand Search,goog_brand_01,5.0,6
2025-12-29,Google Brand Search,goog_brand_01,10.0,4
2025-12-29,Google Brand Search,goog_brand_01,20.0,2
2025-12-29,Google Non-Brand Search,goog_search_01,0.0,4
2025-12-29,Google Non-Brand Search,goog_search_01,5.0,4
2025-12-29,Google Non-Brand Search,goog_search_01,10.0,3
2025-12-29,Google Non-Brand Search,goog_search_01,20.0,3
2025-12-29,Google Non-Brand Search,goog_search_01,63.0,2
2025-12-29,TikTok,tiktok_upper_01,0.0,5
2025-12-29,TikTok,tiktok_upper_01,5.0,3
2025-12-29,TikTok,tiktok_upper_01,10.0,2
2025-12-29,TikTok,tiktok_upper_01,20.0,2
2025-12-29,TikTok,tiktok_upper_02,,7
2025-12-30,Meta,fb_prospect_01,0.0,6
2025-12-30,Meta,fb_prospect_01,5.0,5
2025-12-30,Meta,fb_prospect_01,10.0,7
2025-12-30,Meta,fb_prospect_01,20.0,1
2025-12-30,Meta,fb_prospect_02,0.0,6
2025-12-30,Meta,fb_prospect_02,5.0,10
2025-12-30,Meta,fb_prospect_02,10.0,5
2025-12-30,Meta,fb_prospect_02,40.0,1
2025-12-30,Google App Campaigns,goog_ac_01,,8
2025-12-30,Google App Campaigns,goog_ac_02,0.0,4
2025-12-30,Google App Campaigns,goog_ac_02,5.0,2
2025-12-30,Google App Campaigns,goog_ac_02,10.0,2
2025-12-30,Google App Campaigns,goog_ac_02,20.0,2
2025-12-30,Google Brand Search,goog_brand_01,0.0,1
2025-12-30,Google Brand Search,goog_brand_01,5.0,2
2025-12-30,Google Brand Search,goog_brand_01,10.0,4
2025-12-30,Google Brand Search,goog_brand_01,20.0,4
2025-12-30,Google Brand Search,goog_brand_01,40.0,2
2025-12-30,Google Non-Brand Search,goog_search_01,0.0,3
2025-12-30,Google Non-Brand Search,goog_search_01,5.0,3
2025-12-30,Google Non-Brand Search,goog_search_01,10.0,5
2025-12-30,Google Non-Brand Search,goog_search_01,20.0,2
2025-12-30,Google Non-Brand Search,goog_search_01,63.0,2
2025-12-30,TikTok,tiktok_upper_01,0.0,5
2025-12-30,TikTok,tiktok_upper_01,5.0,3
2025-12-30,TikTok,tiktok_upper_01,10.0,2
2025-12-30,TikTok,tiktok_upper_02,0.0,8
2025-12-30,TikTok,tiktok_upper_02,5.0,2
2025-12-30,TikTok,tiktok_upper_02,20.0,2
2025-12-31,Meta,fb_prospect_01,,9
2025-12-31,Meta,fb_prospect_02,0.0,4
2025-12-31,Meta,fb_prospect_02,5.0,1
2025-12-31,Meta,fb_prospect_02,10.0,4
2025-12-31,Meta,fb_prospect_02,40.0,2
2025-12-31,Google App Campaigns,goog_ac_01,0.0,6
2025-12-31,Google App Campaigns,goog_ac_01,5.0,4
2025-12-31,Google App Campaigns,goog_ac_01,10.0,3
2025-12-31,Google App Campaigns,goog_ac_01,20.0,2
2025-12-31,Google App Campaigns,goog_ac_01,63.0,1
2025-12-31,Google App Campaigns,goog_ac_02,,3
2025-12-31,Google Brand Search,goog_brand_01,0.0,2
2025-12-31,Google Brand Search,goog_brand_01,5.0,2
2025-12-31,Google Brand Search,goog_brand_01,10.0,4
2025-12-31,Google Brand Search,goog_brand_01,20.0,3
2025-12-31,Google Brand Search,goog_brand_01,63.0,1
2025-12-31,Google Non-Brand Search,goog_search_01,0.0,4
2025-12-31,Google Non-Brand Search,goog_search_01,5.0,3
2025-12-31,Google Non-Brand Search,goog_search_01,10.0,5
2025-12-31,Google Non-Brand Search,goog_search_01,20.0,3
2025-12-31,Google Non-Brand Search,goog_search_01,40.0,1
2025-12-31,Google Non-Brand Search,goog_search_01,63.0,1
2025-12-31,TikTok,tiktok_upper_01,,6
2025-12-31,TikTok,tiktok_upper_02,0.0,6
2025-12-31,TikTok,tiktok_upper_02,5.0,3
2025-12-31,TikTok,tiktok_upper_02,10.0,1
2026-01-01,Meta,fb_prospect_01,0.0,3
2026-01-01,Meta,fb_prospect_01,5.0,3
2026-01-01,Meta,fb_prospect_01,10.0,6
2026-01-01,Meta,fb_prospect_01,20.0,1
2026-01-01,Meta,fb_prospect_01,40.0,2
2026-01-01,Meta,fb_prospect_01,63.0,1
2026-01-01,Meta,fb_prospect_02,0.0,3
2026-01-01,Meta,fb_prospect_02,5.0,3
2026-01-01,Meta,fb_prospect_02,10.0,6
2026-01-01,Meta,fb_prospect_02,20.0,4
2026-01-01,Meta,fb_prospect_02,40.0,1
2026-01-01,Google App Campaigns,goog_ac_01,0.0,1
2026-01-01,Google App Campaigns,goog_ac_01,5.0,4
2026-01-01,Google App Campaigns,goog_ac_01,10.0,3
2026-01-01,Google App Campaigns,goog_ac_01,20.0,2
2026-01-01,Google App Campaigns,goog_ac_02,0.0,2
2026-01-01,Google App Campaigns,goog_ac_02,5.0,4
2026-01-01,Google App Campaigns,goog_ac_02,10.0,3
2026-01-01,Google App Campaigns,goog_ac_02,40.0,1
2026-01-01,Google App Campaigns,goog_ac_02,63.0,1
2026-01-01,Google Brand Search,goog_brand_01,0.0,4
2026-01-01,Google Brand Search,goog_brand_01,5.0,3
2026-01-01,Google Brand Search,goog_brand_01,10.0,4
2026-01-01,Google Brand Search,goog_brand_01,20.0,2
2026-01-01,Google Brand Search,goog_brand_01,40.0,1
2026-01-01,Google Non-Brand Search,goog_search_01,0.0,1
2026-01-01,Google Non-Brand Search,goog_search_01,5.0,1
2026-01-01,Google Non-Brand Search,goog_search_01,10.0,3
2026-01-01,Google Non-Brand Search,goog_search_01,20.0,4
2026-01-01,Google Non-Brand Search,goog_search_01,63.0,2
2026-01-01,TikTok,tiktok_upper_01,,7
2026-01-01,TikTok,tiktok_upper_02,,8
2026-01-02,Meta,fb_prospect_01,0.0,8
2026-01-02,Meta,fb_prospect_01,5.0,7
2026-01-02,Meta,fb_prospect_01,10.0,10
2026-01-02,Meta,fb_prospect_01,20.0,1
2026-01-02,Meta,fb_prospect_01,63.0,1
2026-01-02,Meta,fb_prospect_02,0.0,5
2026-01-02,Meta,fb_prospect_02,5.0,7
2026-01-02,Meta,fb_prospect_02,10.0,5
2026-01-02,Meta,fb_prospect_02,20.0,2
2026-01-02,Google App Campaigns,goog_ac_01,0.0,3
2026-01-02,Google App Campaigns,goog_ac_01,5.0,1
2026-01-02,Google App Campaigns,goog_ac_01,10.0,6
2026-01-02,Google App Campaigns,goog_ac_01,20.0,2
2026-01-02,Google App Campaigns,goog_ac_02,0.0,4
2026-01-02,Google App Campaigns,goog_ac_02,5.0,5
2026-01-02,Google App Campaigns,goog_ac_02,10.0,2
2026-01-02,Google App Campaigns,goog_ac_02,63.0,1
2026-01-02,Google Brand Search,goog_brand_01,0.0,5
2026-01-02,Google Brand Search,goog_brand_01,5.0,4
2026-01-02,Google Brand Search,goog_brand_01,10.0,3
2026-01-02,Google Brand Search,goog_brand_01,20.0,3
2026-01-02,Google Brand Search,goog_brand_01,40.0,1
2026-01-02,Google Brand Search,goog_brand_01,63.0,1
2026-01-02,Google Non-Brand Search,goog_search_01,0.0,3
2026-01-02,Google Non-Brand Search,goog_search_01,5.0,4
2026-01-02,Google Non-Brand Search,goog_search_01,10.0,5
2026-01-02,Google Non-Brand Search,goog_search_01,20.0,5
2026-01-02,Google Non-Brand Search,goog_search_01,63.0,2
2026-01-02,TikTok,tiktok_upper_01,0.0,10
2026-01-02,TikTok,tiktok_upper_01,5.0,2
2026-01-02,TikTok,tiktok_upper_01,10.0,2
2026-01-02,TikTok,tiktok_upper_01,20.0,2
2026-01-02,TikTok,tiktok_upper_02,0.0,9
2026-01-02,TikTok,tiktok_upper_02,5.0,2
2026-01-02,TikTok,tiktok_upper_02,10.0,3
2026-01-02,TikTok,tiktok_upper_02,20.0,2
2026-01-03,Meta,fb_prospect_01,0.0,5
2026-01-03,Meta,fb_prospect_01,5.0,8
2026-01-03,Meta,fb_prospect_01,10.0,7
2026-01-03,Meta,fb_prospect_01,20.0,1
2026-01-03,Meta,fb_prospect_01,40.0,1
2026-01-03,Meta,fb_prospect_02,0.0,2
2026-01-03,Meta,fb_prospect_02,5.0,9
2026-01-03,Meta,fb_prospect_02,10.0,3
2026-01-03,Meta,fb_prospect_02,20.0,2
2026-01-03,Meta,fb_prospect_02,40.0,2
2026-01-03,Google App Campaigns,goog_ac_01,0.0,4
2026-01-03,Google App Campaigns,goog_ac_01,5.0,2
2026-01-03,Google App Campaigns,goog_ac_01,10.0,8
2026-01-03,Google App Campaigns,goog_ac_01,20.0,1
2026-01-03,Google App Campaigns,goog_ac_01,40.0,2
2026-01-03,Google App Campaigns,goog_ac_02,0.0,8
2026-01-03,Google App Campaigns,goog_ac_02,5.0,2
2026-01-03,Google App Campaigns,goog_ac_02,10.0,10
2026-01-03,Google App Campaigns,goog_ac_02,20.0,3
2026-01-03,Google App Campaigns,goog_ac_02,63.0,1
2026-01-03,Google Brand Search,goog_brand_01,0.0,4
2026-01-03,Google Brand Search,goog_brand_01,5.0,7
2026-01-03,Google Brand Search,goog_brand_01,10.0,8
2026-01-03,Google Brand Search,goog_brand_01,20.0,3
2026-01-03,Google Brand Search,goog_brand_01,40.0,2
2026-01-03,Google Non-Brand Search,goog_search_01,0.0,2
2026-01-03,Google Non-Brand Search,goog_search_01,5.0,6
2026-01-03,Google Non-Brand Search,goog_search_01,10.0,3
2026-01-03,Google Non-Brand Search,goog_search_01,20.0,6
2026-01-03,Google Non-Brand Search,goog_search_01,40.0,1
2026-01-03,Google Non-Brand Search,goog_search_01,63.0,4
2026-01-03,TikTok,tiktok_upper_01,0.0,5
2026-01-03,TikTok,tiktok_upper_01,5.0,4
2026-01-03,TikTok,tiktok_upper_01,10.0,4
2026-01-03,TikTok,tiktok_upper_01,20.0,1
2026-01-03,TikTok,tiktok_upper_02,0.0,9
2026-01-03,TikTok,tiktok_upper_02,5.0,2
2026-01-03,TikTok,tiktok_upper_02,10.0,2
2026-01-03,TikTok,tiktok_upper_02,20.0,1
2026-01-03,TikTok,tiktok_upper_02,40.0,1
2026-01-03,TikTok,tiktok_upper_02,63.0,3
2026-01-04,Meta,fb_prospect_01,0.0,11
2026-01-04,Meta,fb_prospect_01,5.0,7
2026-01-04,Meta,fb_prospect_01,10.0,8
2026-01-04,Meta,fb_prospect_01,20.0,2
2026-01-04,Meta,fb_prospect_01,40.0,1
2026-01-04,Meta,fb_prospect_02,0.0,7
2026-01-04,Meta,fb_prospect_02,5.0,9
2026-01-04,Meta,fb_prospect_02,10.0,14
2026-01-04,Meta,fb_prospect_02,20.0,2
2026-01-04,Meta,fb_prospect_02,40.0,2
2026-01-04,Meta,fb_prospect_02,63.0,1
2026-01-04,Google App Campaigns,goog_ac_01,0.0,10
2026-01-04,Google App Campaigns,goog_ac_01,5.0,3
2026-01-04,Google App Campaigns,goog_ac_01,10.0,2
2026-01-04,Google App Campaigns,goog_ac_01,20.0,1
2026-01-04,Google App Campaigns,goog_ac_01,40.0,2
2026-01-04,Google App Campaigns,goog_ac_01,63.0,1
2026-01-04,Google App Campaigns,goog_ac_02,0.0,5
2026-01-04,Google App Campaigns,goog_ac_02,5.0,3
2026-01-04,Google App Campaigns,goog_ac_02,10.0,9
2026-01-04,Google App Campaigns,goog_ac_02,20.0,1
2026-01-04,Google Brand Search,goog_brand_01,0.0,6
2026-01-04,Google Brand Search,goog_brand_01,5.0,6
2026-01-04,Google Brand Search,goog_brand_01,10.0,9
2026-01-04,Google Brand Search,goog_brand_01,20.0,6
2026-01-04,Google Brand Search,goog_brand_01,40.0,6
2026-01-04,Google Brand Search,goog_brand_01,63.0,2
2026-01-04,Google Non-Brand Search,goog_search_01,0.0,6
2026-01-04,Google Non-Brand Search,goog_search_01,5.0,8
2026-01-04,Google Non-Brand Search,goog_search_01,10.0,6
2026-01-04,Google Non-Brand Search,goog_search_01,20.0,4
2026-01-04,Google Non-Brand Search,goog_search_01,40.0,1
2026-01-04,Google Non-Brand Search,goog_search_01,63.0,3
2026-01-04,TikTok,tiktok_upper_01,0.0,6
2026-01-04,TikTok,tiktok_upper_01,5.0,5
2026-01-04,TikTok,tiktok_upper_01,10.0,2
2026-01-04,TikTok,tiktok_upper_01,20.0,1
2026-01-04,TikTok,tiktok_upper_02,0.0,3
2026-01-04,TikTok,tiktok_upper_02,5.0,7
2026-01-04,TikTok,tiktok_upper_02,10.0,1
2026-01-04,TikTok,tiktok_upper_02,20.0,1
2026-01-05,Meta,fb_prospect_01,0.0,10
2026-01-05,Meta,fb_prospect_01,5.0,7
2026-01-05,Meta,fb_prospect_01,10.0,7
2026-01-05,Meta,fb_prospect_01,20.0,1
2026-01-05,Meta,fb_prospect_01,40.0,2
2026-01-05,Meta,fb_prospect_01,63.0,1
2026-01-05,Meta,fb_prospect_02,0.0,10
2026-01-05,Meta,fb_prospect_02,5.0,11
2026-01-05,Meta,fb_prospect_02,10.0,7
2026-01-05,Meta,fb_prospect_02,20.0,5
2026-01-05,Meta,fb_prospect_02,40.0,1
2026-01-05,Google App Campaigns,goog_ac_01,0.0,2
2026-01-05,Google App Campaigns,goog_ac_01,5.0,3
2026-01-05,Google App Campaigns,goog_ac_01,10.0,4
2026-01-05,Google App Campaigns,goog_ac_01,20.0,2
2026-01-05,Google App Campaigns,goog_ac_01,40.0,1
2026-01-05,Google App Campaigns,goog_ac_01,63.0,1
2026-01-05,Google App Campaigns,goog_ac_02,0.0,3
2026-01-05,Google App Campaigns,goog_ac_02,5.0,7
2026-01-05,Google App Campaigns,goog_ac_02,10.0,2
2026-01-05,Google App Campaigns,goog_ac_02,20.0,3
2026-01-05,Google App Campaigns,goog_ac_02,40.0,2
2026-01-05,Google Brand Search,goog_brand_01,0.0,6
2026-01-05,Google Brand Search,goog_brand_01,5.0,5
2026-01-05,Google Brand Search,goog_brand_01,10.0,3
2026-01-05,Google Brand Search,goog_brand_01,20.0,5
2026-01-05,Google Brand Search,goog_brand_01,40.0,2
2026-01-05,Google Brand Search,goog_brand_01,63.0,1
2026-01-05,Google Non-Brand Search,goog_search_01,0.0,5
2026-01-05,Google Non-Brand Search,goog_search_01,5.0,7
2026-01-05,Google Non-Brand Search,goog_search_01,10.0,8
2026-01-05,Google Non-Brand Search,goog_search_01,20.0,1
2026-01-05,Google Non-Brand Search,goog_search_01,63.0,2
2026-01-05,TikTok,tiktok_upper_01,0.0,5
2026-01-05,TikTok,tiktok_upper_01,5.0,4
2026-01-05,TikTok,tiktok_upper_01,20.0,1
2026-01-05,TikTok,tiktok_upper_02,0.0,10
2026-01-05,TikTok,tiktok_upper_02,5.0,3
2026-01-05,TikTok,tiktok_upper_02,10.0,3
2026-01-05,TikTok,tiktok_upper_02,63.0,1
2026-01-06,Meta,fb_prospect_01,0.0,7
2026-01-06,Meta,fb_prospect_01,5.0,8
2026-01-06,Meta,fb_prospect_01,10.0,7
2026-01-06,Meta,fb_prospect_01,20.0,1
2026-01-06,Meta,fb_prospect_02,0.0,9
2026-01-06,Meta,fb_prospect_02,5.0,4
2026-01-06,Meta,fb_prospect_02,10.0,9
2026-01-06,Meta,fb_prospect_02,20.0,2
2026-01-06,Meta,fb_prospect_02,40.0,1
2026-01-06,Google App Campaigns,goog_ac_01,0.0,1
2026-01-06,Google App Campaigns,goog_ac_01,5.0,3
2026-01-06,Google App Campaigns,goog_ac_01,10.0,4
2026-01-06,Google App Campaigns,goog_ac_01,20.0,3
2026-01-06,Google App Campaigns,goog_ac_01,63.0,1
2026-01-06,Google App Campaigns,goog_ac_02,0.0,3
2026-01-06,Google App Campaigns,goog_ac_02,5.0,2
2026-01-06,Google App Campaigns,goog_ac_02,10.0,4
2026-01-06,Google App Campaigns,goog_ac_02,40.0,1
2026-01-06,Google Brand Search,goog_brand_01,0.0,1
2026-01-06,Google Brand Search,goog_brand_01,5.0,3
2026-01-06,Google Brand Search,goog_brand_01,10.0,7
2026-01-06,Google Brand Search,goog_brand_01,20.0,3
2026-01-06,Google Brand Search,goog_brand_01,40.0,2
2026-01-06,Google Brand Search,goog_brand_01,63.0,2
2026-01-06,Google Non-Brand Search,goog_search_01,0.0,3
2026-01-06,Google Non-Brand Search,goog_search_01,5.0,4
2026-01-06,Google Non-Brand Search,goog_search_01,10.0,5
2026-01-06,Google Non-Brand Search,goog_search_01,20.0,4
2026-01-06,Google Non-Brand Search,goog_search_01,40.0,2
2026-01-06,Google Non-Brand Search,goog_search_01,63.0,5
2026-01-06,TikTok,tiktok_upper_01,0.0,4
2026-01-06,TikTok,tiktok_upper_01,5.0,3
2026-01-06,TikTok,tiktok_upper_01,10.0,4
2026-01-06,TikTok,tiktok_upper_01,20.0,1
2026-01-06,TikTok,tiktok_upper_02,0.0,6
2026-01-06,TikTok,tiktok_upper_02,5.0,5
2026-01-06,TikTok,tiktok_upper_02,20.0,2
2026-01-07,Meta,fb_prospect_01,0.0,7
2026-01-07,Meta,fb_prospect_01,5.0,9
2026-01-07,Meta,fb_prospect_01,10.0,8
2026-01-07,Meta,fb_prospect_01,20.0,3
2026-01-07,Meta,fb_prospect_01,40.0,1
2026-01-07,Meta,fb_prospect_02,0.0,9
2026-01-07,Meta,fb_prospect_02,5.0,3
2026-01-07,Meta,fb_prospect_02,10.0,9
2026-01-07,Meta,fb_prospect_02,40.0,1
2026-01-07,Meta,fb_prospect_02,63.0,2
2026-01-07,Google App Campaigns,goog_ac_01,,7
2026-01-07,Google App Campaigns,goog_ac_02,0.0,4
2026-01-07,Google App Campaigns,goog_ac_02,5.0,3
2026-01-07,Google App Campaigns,goog_ac_02,10.0,2
2026-01-07,Google App Campaigns,goog_ac_02,20.0,4
2026-01-07,Google App Campaigns,goog_ac_02,40.0,1
2026-01-07,Google App Campaigns,goog_ac_02,63.0,1
2026-01-07,Google Brand Search,goog_brand_01,0.0,3
2026-01-07,Google Brand Search,goog_brand_01,5.0,2
2026-01-07,Google Brand Search,goog_brand_01,10.0,4
2026-01-07,Google Brand Search,goog_brand_01,20.0,2
2026-01-07,Google Brand Search,goog_brand_01,40.0,4
2026-01-07,Google Non-Brand Search,goog_search_01,0.0,2
2026-01-07,Google Non-Brand Search,goog_search_01,5.0,4
2026-01-07,Google Non-Brand Search,goog_search_01,10.0,3
2026-01-07,Google Non-Brand Search,goog_search_01,20.0,4
2026-01-07,TikTok,tiktok_upper_01,0.0,3
2026-01-07,TikTok,tiktok_upper_01,5.0,6
2026-01-07,TikTok,tiktok_upper_01,10.0,1
2026-01-07,TikTok,tiktok_upper_01,20.0,1
2026-01-07,TikTok,tiktok_upper_01,40.0,1
2026-01-07,TikTok,tiktok_upper_02,0.0,3
2026-01-07,TikTok,tiktok_upper_02,5.0,6
2026-01-07,TikTok,tiktok_upper_02,10.0,3
2026-01-07,TikTok,tiktok_upper_02,40.0,1
2026-01-08,Meta,fb_prospect_01,0.0,6
2026-01-08,Meta,fb_prospect_01,5.0,2
2026-01-08,Meta,fb_prospect_01,10.0,5
2026-01-08,Meta,fb_prospect_01,20.0,4
2026-01-08,Meta,fb_prospect_01,40.0,2
2026-01-08,Meta,fb_prospect_01,63.0,1
2026-01-08,Meta,fb_prospect_02,0.0,8
2026-01-08,Meta,fb_prospect_02,5.0,3
2026-01-08,Meta,fb_prospect_02,10.0,7
2026-01-08,Meta,fb_prospect_02,20.0,2
2026-01-08,Google App Campaigns,goog_ac_01,0.0,2
2026-01-08,Google App Campaigns,goog_ac_01,5.0,7
2026-01-08,Google App Campaigns,goog_ac_01,10.0,3
2026-01-08,Google App Campaigns,goog_ac_02,0.0,6
2026-01-08,Google App Campaigns,goog_ac_02,5.0,3
2026-01-08,Google App Campaigns,goog_ac_02,10.0,2
2026-01-08,Google App Campaigns,goog_ac_02,20.0,1
2026-01-08,Google Brand Search,goog_brand_01,0.0,4
2026-01-08,Google Brand Search,goog_brand_01,5.0,7
2026-01-08,Google Brand Search,goog_brand_01,10.0,4
2026-01-08,Google Brand Search,goog_brand_01,20.0,2
2026-01-08,Google Brand Search,goog_brand_01,40.0,2
2026-01-08,Google Brand Search,goog_brand_01,63.0,3
2026-01-08,Google Non-Brand Search,goog_search_01,0.0,1
2026-01-08,Google Non-Brand Search,goog_search_01,5.0,5
2026-01-08,Google Non-Brand Search,goog_search_01,10.0,4
2026-01-08,Google Non-Brand Search,goog_search_01,20.0,4
2026-01-08,Google Non-Brand Search,goog_search_01,40.0,1
2026-01-08,Google Non-Brand Search,goog_search_01,63.0,2
2026-01-08,TikTok,tiktok_upper_01,,8
2026-01-08,TikTok,tiktok_upper_02,0.0,8
2026-01-08,TikTok,tiktok_upper_02,5.0,4
2026-01-08,TikTok,tiktok_upper_02,10.0,6
2026-01-09,Meta,fb_prospect_01,0.0,6
2026-01-09,Meta,fb_prospect_01,5.0,8
2026-01-09,Meta,fb_prospect_01,10.0,12
2026-01-09,Meta,fb_prospect_01,20.0,1
2026-01-09,Meta,fb_prospect_02,0.0,8
2026-01-09,Meta,fb_prospect_02,5.0,6
2026-01-09,Meta,fb_prospect_02,10.0,3
2026-01-09,Meta,fb_prospect_02,20.0,3
2026-01-09,Meta,fb_prospect_02,40.0,1
2026-01-09,Meta,fb_prospect_02,63.0,2
2026-01-09,Google App Campaigns,goog_ac_01,0.0,1
2026-01-09,Google App Campaigns,goog_ac_01,5.0,4
2026-01-09,Google App Campaigns,goog_ac_01,10.0,3
2026-01-09,Google App Campaigns,goog_ac_01,20.0,2
2026-01-09,Google App Campaigns,goog_ac_01,40.0,1
2026-01-09,Google App Campaigns,goog_ac_02,0.0,1
2026-01-09,Google App Campaigns,goog_ac_02,5.0,3
2026-01-09,Google App Campaigns,goog_ac_02,10.0,3
2026-01-09,Google App Campaigns,goog_ac_02,20.0,3
2026-01-09,Google App Campaigns,goog_ac_02,40.0,1
2026-01-09,Google Brand Search,goog_brand_01,0.0,1
2026-01-09,Google Brand Search,goog_brand_01,5.0,6
2026-01-09,Google Brand Search,goog_brand_01,10.0,4
2026-01-09,Google Brand Search,goog_brand_01,20.0,4
2026-01-09,Google Brand Search,goog_brand_01,40.0,1
2026-01-09,Google Brand Search,goog_brand_01,63.0,1
2026-01-09,Google Non-Brand Search,goog_search_01,0.0,2
2026-01-09,Google Non-Brand Search,goog_search_01,5.0,4
2026-01-09,Google Non-Brand Search,goog_search_01,10.0,6
2026-01-09,Google Non-Brand Search,goog_search_01,20.0,3
2026-01-09,Google Non-Brand Search,goog_search_01,40.0,1
2026-01-09,Google Non-Brand Search,goog_search_01,63.0,2
2026-01-09,TikTok,tiktok_upper_01,,9
2026-01-09,TikTok,tiktok_upper_02,0.0,7
2026-01-09,TikTok,tiktok_upper_02,5.0,7
2026-01-09,TikTok,tiktok_upper_02,10.0,2
2026-01-10,Meta,fb_prospect_01,0.0,8
2026-01-10,Meta,fb_prospect_01,5.0,5
2026-01-10,Meta,fb_prospect_01,10.0,6
2026-01-10,Meta,fb_prospect_01,20.0,1
2026-01-10,Meta,fb_prospect_01,40.0,5
2026-01-10,Meta,fb_prospect_01,63.0,1
2026-01-10,Meta,fb_prospect_02,0.0,7
2026-01-10,Meta,fb_prospect_02,5.0,8
2026-01-10,Meta,fb_prospect_02,10.0,16
2026-01-10,Meta,fb_prospect_02,20.0,8
2026-01-10,Meta,fb_prospect_02,40.0,1
2026-01-10,Google App Campaigns,goog_ac_01,0.0,7
2026-01-10,Google App Campaigns,goog_ac_01,5.0,3
2026-01-10,Google App Campaigns,goog_ac_01,10.0,8
2026-01-10,Google App Campaigns,goog_ac_01,40.0,1
2026-01-10,Google App Campaigns,goog_ac_01,63.0,1
2026-01-10,Google App Campaigns,goog_ac_02,0.0,7
2026-01-10,Google App Campaigns,goog_ac_02,5.0,5
2026-01-10,Google App Campaigns,goog_ac_02,10.0,5
2026-01-10,Google App Campaigns,goog_ac_02,20.0,4
2026-01-10,Google Brand Search,goog_brand_01,0.0,3
2026-01-10,Google Brand Search,goog_brand_01,5.0,1
2026-01-10,Google Brand Search,goog_brand_01,10.0,3
2026-01-10,Google Brand Search,goog_brand_01,20.0,2
2026-01-10,Google Brand Search,goog_brand_01,40.0,1
2026-01-10,Google Brand Search,goog_brand_01,63.0,2
2026-01-10,Google Non-Brand Search,goog_search_01,0.0,2
2026-01-10,Google Non-Brand Search,goog_search_01,5.0,7
2026-01-10,Google Non-Brand Search,goog_search_01,10.0,2
2026-01-10,Google Non-Brand Search,goog_search_01,20.0,4
2026-01-10,Google Non-Brand Search,goog_search_01,40.0,3
2026-01-10,TikTok,tiktok_upper_01,0.0,1
2026-01-10,TikTok,tiktok_upper_01,5.0,8
2026-01-10,TikTok,tiktok_upper_01,10.0,2
2026-01-10,TikTok,tiktok_upper_01,20.0,1
2026-01-10,TikTok,tiktok_upper_02,0.0,4
2026-01-10,TikTok,tiktok_upper_02,5.0,4
2026-01-10,TikTok,tiktok_upper_02,10.0,2
2026-01-10,TikTok,tiktok_upper_02,20.0,2
2026-01-11,Meta,fb_prospect_01,0.0,4
2026-01-11,Meta,fb_prospect_01,5.0,4
2026-01-11,Meta,fb_prospect_01,10.0,5
2026-01-11,Meta,fb_prospect_01,20.0,4
2026-01-11,Meta,fb_prospect_02,0.0,4
2026-01-11,Meta,fb_prospect_02,5.0,8
2026-01-11,Meta,fb_prospect_02,10.0,10
2026-01-11,Meta,fb_prospect_02,20.0,2
2026-01-11,Meta,fb_prospect_02,40.0,1
2026-01-11,Google App Campaigns,goog_ac_01,0.0,6
2026-01-11,Google App Campaigns,goog_ac_01,5.0,3
2026-01-11,Google App Campaigns,goog_ac_01,10.0,3
2026-01-11,Google App Campaigns,goog_ac_01,20.0,1
2026-01-11,Google App Campaigns,goog_ac_01,63.0,1
2026-01-11,Google App Campaigns,goog_ac_02,0.0,5
2026-01-11,Google App Campaigns,goog_ac_02,5.0,3
2026-01-11,Google App Campaigns,goog_ac_02,10.0,1
2026-01-11,Google App Campaigns,goog_ac_02,20.0,1
2026-01-11,Google App Campaigns,goog_ac_02,63.0,2
2026-01-11,Google Brand Search,goog_brand_01,0.0,6
2026-01-11,Google Brand Search,goog_brand_01,5.0,2
2026-01-11,Google Brand Search,goog_brand_01,10.0,4
2026-01-11,Google Brand Search,goog_brand_01,20.0,2
2026-01-11,Google Brand Search,goog_brand_01,40.0,4
2026-01-11,Google Brand Search,goog_brand_01,63.0,1
2026-01-11,Google Non-Brand Search,goog_search_01,0.0,5
2026-01-11,Google Non-Brand Search,goog_search_01,5.0,4
2026-01-11,Google Non-Brand Search,goog_search_01,10.0,7
2026-01-11,Google Non-Brand Search,goog_search_01,20.0,3
2026-01-11,Google Non-Brand Search,goog_search_01,40.0,3
2026-01-11,Google Non-Brand Search,goog_search_01,63.0,2
2026-01-11,TikTok,tiktok_upper_01,0.0,8
2026-01-11,TikTok,tiktok_upper_01,5.0,3
2026-01-11,TikTok,tiktok_upper_01,10.0,3
2026-01-11,TikTok,tiktok_upper_02,0.0,10
2026-01-11,TikTok,tiktok_upper_02,5.0,4
2026-01-11,TikTok,tiktok_upper_02,10.0,2
2026-01-12,Meta,fb_prospect_01,0.0,4
2026-01-12,Meta,fb_prospect_01,5.0,7
2026-01-12,Meta,fb_prospect_01,10.0,8
2026-01-12,Meta,fb_prospect_01,20.0,5
2026-01-12,Meta,fb_prospect_01,40.0,1
2026-01-12,Meta,fb_prospect_02,0.0,5
2026-01-12,Meta,fb_prospect_02,5.0,8
2026-01-12,Meta,fb_prospect_02,10.0,4
2026-01-12,Meta,fb_prospect_02,20.0,2
2026-01-12,Meta,fb_prospect_02,40.0,1
2026-01-12,Meta,fb_prospect_02,63.0,6
2026-01-12,Google App Campaigns,goog_ac_01,0.0,3
2026-01-12,Google App Campaigns,goog_ac_01,5.0,6
2026-01-12,Google App Campaigns,goog_ac_01,10.0,3
2026-01-12,Google App Campaigns,goog_ac_01,40.0,2
2026-01-12,Google App Campaigns,goog_ac_01,63.0,2
2026-01-12,Google App Campaigns,goog_ac_02,0.0,5
2026-01-12,Google App Campaigns,goog_ac_02,5.0,4
2026-01-12,Google App Campaigns,goog_ac_02,10.0,1
2026-01-12,Google App Campaigns,goog_ac_02,40.0,1
2026-01-12,Google Brand Search,goog_brand_01,0.0,4
2026-01-12,Google Brand Search,goog_brand_01,5.0,4
2026-01-12,Google Brand Search,goog_brand_01,10.0,10
2026-01-12,Google Brand Search,goog_brand_01,20.0,5
2026-01-12,Google Brand Search,goog_brand_01,40.0,5
2026-01-12,Google Non-Brand Search,goog_search_01,0.0,9
2026-01-12,Google Non-Brand Search,goog_search_01,5.0,1
2026-01-12,Google Non-Brand Search,goog_search_01,10.0,8
2026-01-12,Google Non-Brand Search,goog_search_01,20.0,2
2026-01-12,Google Non-Brand Search,goog_search_01,40.0,2
2026-01-12,Google Non-Brand Search,goog_search_01,63.0,3
2026-01-12,TikTok,tiktok_upper_01,,9
2026-01-12,TikTok,tiktok_upper_02,0.0,3
2026-01-12,TikTok,tiktok_upper_02,5.0,8
2026-01-12,TikTok,tiktok_upper_02,10.0,2
2026-01-12,TikTok,tiktok_upper_02,20.0,2
2026-01-13,Meta,fb_prospect_01,0.0,8
2026-01-13,Meta,fb_prospect_01,5.0,4
2026-01-13,Meta,fb_prospect_01,10.0,11
2026-01-13,Meta,fb_prospect_01,20.0,2
2026-01-13,Meta,fb_prospect_01,40.0,1
2026-01-13,Meta,fb_prospect_01,63.0,1
2026-01-13,Meta,fb_prospect_02,0.0,11
2026-01-13,Meta,fb_prospect_02,5.0,10
2026-01-13,Meta,fb_prospect_02,10.0,3
2026-01-13,Meta,fb_prospect_02,20.0,2
2026-01-13,Meta,fb_prospect_02,40.0,3
2026-01-13,Google App Campaigns,goog_ac_01,0.0,2
2026-01-13,Google App Campaigns,goog_ac_01,5.0,5
2026-01-13,Google App Campaigns,goog_ac_01,10.0,3
2026-01-13,Google App Campaigns,goog_ac_01,20.0,4
2026-01-13,Google App Campaigns,goog_ac_01,40.0,1
2026-01-13,Google App Campaigns,goog_ac_02,0.0,6
2026-01-13,Google App Campaigns,goog_ac_02,5.0,4
2026-01-13,Google App Campaigns,goog_ac_02,10.0,3
2026-01-13,Google App Campaigns,goog_ac_02,20.0,1
2026-01-13,Google App Campaigns,goog_ac_02,63.0,1
2026-01-13,Google Brand Search,goog_brand_01,0.0,2
2026-01-13,Google Brand Search,goog_brand_01,5.0,6
2026-01-13,Google Brand Search,goog_brand_01,10.0,7
2026-01-13,Google Brand Search,goog_brand_01,20.0,3
2026-01-13,Google Brand Search,goog_brand_01,40.0,2
2026-01-13,Google Non-Brand Search,goog_search_01,0.0,6
2026-01-13,Google Non-Brand Search,goog_search_01,5.0,7
2026-01-13,Google Non-Brand Search,goog_search_01,10.0,4
2026-01-13,Google Non-Brand Search,goog_search_01,20.0,5
2026-01-13,Google Non-Brand Search,goog_search_01,40.0,2
2026-01-13,Google Non-Brand Search,goog_search_01,63.0,2
2026-01-13,TikTok,tiktok_upper_01,0.0,7
2026-01-13,TikTok,tiktok_upper_01,10.0,3
2026-01-13,TikTok,tiktok_upper_02,0.0,7
2026-01-13,TikTok,tiktok_upper_02,5.0,8
2026-01-13,TikTok,tiktok_upper_02,20.0,1
2026-01-14,Meta,fb_prospect_01,0.0,5
2026-01-14,Meta,fb_prospect_01,5.0,4
2026-01-14,Meta,fb_prospect_01,10.0,10
2026-01-14,Meta,fb_prospect_01,20.0,1
2026-01-14,Meta,fb_prospect_01,63.0,1
2026-01-14,Meta,fb_prospect_02,0.0,9
2026-01-14,Meta,fb_prospect_02,5.0,6
2026-01-14,Meta,fb_prospect_02,10.0,7
2026-01-14,Meta,fb_prospect_02,20.0,3
2026-01-14,Meta,fb_prospect_02,40.0,2
2026-01-14,Google App Campaigns,goog_ac_01,0.0,1
2026-01-14,Google App Campaigns,goog_ac_01,5.0,6
2026-01-14,Google App Campaigns,goog_ac_01,10.0,8
2026-01-14,Google App Campaigns,goog_ac_01,20.0,2
2026-01-14,Google App Campaigns,goog_ac_01,40.0,1
2026-01-14,Google App Campaigns,goog_ac_02,,9
2026-01-14,Google Brand Search,goog_brand_01,0.0,2
2026-01-14,Google Brand Search,goog_brand_01,5.0,7
2026-01-14,Google Brand Search,goog_brand_01,10.0,4
2026-01-14,Google Brand Search,goog_brand_01,20.0,3
2026-01-14,Google Brand Search,goog_brand_01,40.0,3
2026-01-14,Google Non-Brand Search,goog_search_01,0.0,4
2026-01-14,Google Non-Brand Search,goog_search_01,5.0,5
2026-01-14,Google Non-Brand Search,goog_search_01,10.0,2
2026-01-14,Google Non-Brand Search,goog_search_01,20.0,6
2026-01-14,Google Non-Brand Search,goog_search_01,40.0,2
2026-01-14,Google Non-Brand Search,goog_search_01,63.0,2
2026-01-14,TikTok,tiktok_upper_01,0.0,6
2026-01-14,TikTok,tiktok_upper_01,5.0,3
2026-01-14,TikTok,tiktok_upper_01,10.0,2
2026-01-14,TikTok,tiktok_upper_01,40.0,1
2026-01-14,TikTok,tiktok_upper_02,0.0,5
2026-01-14,TikTok,tiktok_upper_02,5.0,2
2026-01-14,TikTok,tiktok_upper_02,10.0,2
2026-01-14,TikTok,tiktok_upper_02,20.0,1
2026-01-14,TikTok,tiktok_upper_02,40.0,1
2026-01-15,Meta,fb_prospect_01,0.0,8
2026-01-15,Meta,fb_prospect_01,5.0,7
2026-01-15,Meta,fb_prospect_01,10.0,9
2026-01-15,Meta,fb_prospect_01,20.0,3
2026-01-15,Meta,fb_prospect_01,40.0,1
2026-01-15,Meta,fb_prospect_01,63.0,1
2026-01-15,Meta,fb_prospect_02,0.0,8
2026-01-15,Meta,fb_prospect_02,5.0,11
2026-01-15,Meta,fb_prospect_02,10.0,11
2026-01-15,Meta,fb_prospect_02,20.0,3
2026-01-15,Meta,fb_prospect_02,40.0,1
2026-01-15,Meta,fb_prospect_02,63.0,2
2026-01-15,Google App Campaigns,goog_ac_01,0.0,3
2026-01-15,Google App Campaigns,goog_ac_01,5.0,6
2026-01-15,Google App Campaigns,goog_ac_01,10.0,2
2026-01-15,Google App Campaigns,goog_ac_01,20.0,2
2026-01-15,Google App Campaigns,goog_ac_01,40.0,1
2026-01-15,Google App Campaigns,goog_ac_02,0.0,2
2026-01-15,Google App Campaigns,goog_ac_02,5.0,1
2026-01-15,Google App Campaigns,goog_ac_02,10.0,4
2026-01-15,Google App Campaigns,goog_ac_02,20.0,1
2026-01-15,Google App Campaigns,goog_ac_02,40.0,2
2026-01-15,Google Brand Search,goog_brand_01,0.0,5
2026-01-15,Google Brand Search,goog_brand_01,5.0,6
2026-01-15,Google Brand Search,goog_brand_01,10.0,7
2026-01-15,Google Brand Search,goog_brand_01,20.0,5
2026-01-15,Google Brand Search,goog_brand_01,40.0,1
2026-01-15,Google Non-Brand Search,goog_search_01,0.0,2
2026-01-15,Google Non-Brand Search,goog_search_01,5.0,2
2026-01-15,Google Non-Brand Search,goog_search_01,10.0,4
2026-01-15,Google Non-Brand Search,goog_search_01,20.0,1
2026-01-15,Google Non-Brand Search,goog_search_01,40.0,1
2026-01-15,Google Non-Brand Search,goog_search_01,63.0,1
2026-01-15,TikTok,tiktok_upper_01,0.0,7
2026-01-15,TikTok,tiktok_upper_01,5.0,2
2026-01-15,TikTok,tiktok_upper_01,20.0,1
2026-01-15,TikTok,tiktok_upper_01,40.0,1
2026-01-15,TikTok,tiktok_upper_01,63.0,1
2026-01-15,TikTok,tiktok_upper_02,,9
2026-01-16,Meta,fb_prospect_01,0.0,9
2026-01-16,Meta,fb_prospect_01,5.0,7
2026-01-16,Meta,fb_prospect_01,10.0,4
2026-01-16,Meta,fb_prospect_01,20.0,5
2026-01-16,Meta,fb_prospect_02,0.0,5
2026-01-16,Meta,fb_prospect_02,5.0,4
2026-01-16,Meta,fb_prospect_02,10.0,8
2026-01-16,Meta,fb_prospect_02,40.0,1
2026-01-16,Meta,fb_prospect_02,63.0,1
2026-01-16,Google App Campaigns,goog_ac_01,0.0,2
2026-01-16,Google App Campaigns,goog_ac_01,5.0,5
2026-01-16,Google App Campaigns,goog_ac_01,10.0,2
2026-01-16,Google App Campaigns,goog_ac_01,20.0,2
2026-01-16,Google App Campaigns,goog_ac_01,63.0,1
2026-01-16,Google App Campaigns,goog_ac_02,0.0,3
2026-01-16,Google App Campaigns,goog_ac_02,5.0,1
2026-01-16,Google App Campaigns,goog_ac_02,10.0,6
2026-01-16,Google Brand Search,goog_brand_01,0.0,5
2026-01-16,Google Brand Search,goog_brand_01,5.0,4
2026-01-16,Google Brand Search,goog_brand_01,10.0,3
2026-01-16,Google Brand Search,goog_brand_01,20.0,7
2026-01-16,Google Brand Search,goog_brand_01,40.0,4
2026-01-16,Google Brand Search,goog_brand_01,63.0,1
2026-01-16,Google Non-Brand Search,goog_search_01,0.0,3
2026-01-16,Google Non-Brand Search,goog_search_01,5.0,7
2026-01-16,Google Non-Brand Search,goog_search_01,10.0,6
2026-01-16,Google Non-Brand Search,goog_search_01,20.0,6
2026-01-16,Google Non-Brand Search,goog_search_01,40.0,2
2026-01-16,Google Non-Brand Search,goog_search_01,63.0,1
2026-01-16,TikTok,tiktok_upper_01,0.0,7
2026-01-16,TikTok,tiktok_upper_01,5.0,3
2026-01-16,TikTok,tiktok_upper_01,10.0,2
2026-01-16,TikTok,tiktok_upper_01,20.0,3
2026-01-16,TikTok,tiktok_upper_01,63.0,1
2026-01-16,TikTok,tiktok_upper_02,0.0,7
2026-01-16,TikTok,tiktok_upper_02,5.0,2
2026-01-16,TikTok,tiktok_upper_02,10.0,1
2026-01-17,Meta,fb_prospect_01,0.0,4
2026-01-17,Meta,fb_prospect_01,5.0,9
2026-01-17,Meta,fb_prospect_01,10.0,9
2026-01-17,Meta,fb_prospect_01,20.0,1
2026-01-17,Meta,fb_prospect_02,0.0,5
2026-01-17,Meta,fb_prospect_02,5.0,6
2026-01-17,Meta,fb_prospect_02,10.0,7
2026-01-17,Meta,fb_prospect_02,20.0,5
2026-01-17,Meta,fb_prospect_02,40.0,1
2026-01-17,Meta,fb_prospect_02,63.0,1
2026-01-17,Google App Campaigns,goog_ac_01,0.0,4
2026-01-17,Google App Campaigns,goog_ac_01,5.0,6
2026-01-17,Google App Campaigns,goog_ac_01,10.0,5
2026-01-17,Google App Campaigns,goog_ac_01,20.0,1
2026-01-17,Google App Campaigns,goog_ac_02,0.0,6
2026-01-17,Google App Campaigns,goog_ac_02,5.0,3
2026-01-17,Google App Campaigns,goog_ac_02,10.0,3
2026-01-17,Google App Campaigns,goog_ac_02,20.0,1
2026-01-17,Google App Campaigns,goog_ac_02,63.0,1
2026-01-17,Google Brand Search,goog_brand_01,0.0,3
2026-01-17,Google Brand Search,goog_brand_01,5.0,3
2026-01-17,Google Brand Search,goog_brand_01,10.0,11
2026-01-17,Google Brand Search,goog_brand_01,20.0,6
2026-01-17,Google Brand Search,goog_brand_01,40.0,2
2026-01-17,Google Brand Search,goog_brand_01,63.0,2
2026-01-17,Google Non-Brand Search,goog_search_01,0.0,2
2026-01-17,Google Non-Brand Search,goog_search_01,5.0,8
2026-01-17,Google Non-Brand Search,goog_search_01,10.0,10
2026-01-17,Google Non-Brand Search,goog_search_01,20.0,5
2026-01-17,Google Non-Brand Search,goog_search_01,40.0,3
2026-01-17,TikTok,tiktok_upper_01,0.0,7
2026-01-17,TikTok,tiktok_upper_01,5.0,5
2026-01-17,TikTok,tiktok_upper_01,10.0,1
2026-01-17,TikTok,tiktok_upper_01,20.0,2
2026-01-17,TikTok,tiktok_upper_02,0.0,6
2026-01-17,TikTok,tiktok_upper_02,5.0,6
2026-01-17,TikTok,tiktok_upper_02,10.0,1
2026-01-17,TikTok,tiktok_upper_02,20.0,1
2026-01-17,TikTok,tiktok_upper_02,63.0,1
2026-01-18,Meta,fb_prospect_01,0.0,6
2026-01-18,Meta,fb_prospect_01,5.0,10
2026-01-18,Meta,fb_prospect_01,10.0,7
2026-01-18,Meta,fb_prospect_01,20.0,2
2026-01-18,Meta,fb_prospect_01,40.0,2
2026-01-18,Meta,fb_prospect_02,0.0,8
2026-01-18,Meta,fb_prospect_02,5.0,13
2026-01-18,Meta,fb_prospect_02,10.0,10
2026-01-18,Meta,fb_prospect_02,20.0,4
2026-01-18,Meta,fb_prospect_02,40.0,1
2026-01-18,Meta,fb_prospect_02,63.0,2
2026-01-18,Google App Campaigns,goog_ac_01,0.0,7
2026-01-18,Google App Campaigns,goog_ac_01,5.0,5
2026-01-18,Google App Campaigns,goog_ac_01,10.0,7
2026-01-18,Google App Campaigns,goog_ac_01,20.0,1
2026-01-18,Google App Campaigns,goog_ac_01,40.0,2
2026-01-18,Google App Campaigns,goog_ac_02,0.0,4
2026-01-18,Google App Campaigns,goog_ac_02,5.0,7
2026-01-18,Google App Campaigns,goog_ac_02,10.0,8
2026-01-18,Google App Campaigns,goog_ac_02,40.0,2
2026-01-18,Google Brand Search,goog_brand_01,0.0,3
2026-01-18,Google Brand Search,goog_brand_01,5.0,9
2026-01-18,Google Brand Search,goog_brand_01,10.0,11
2026-01-18,Google Brand Search,goog_brand_01,20.0,3
2026-01-18,Google Brand Search,goog_brand_01,40.0,2
2026-01-18,Google Non-Brand Search,goog_search_01,0.0,2
2026-01-18,Google Non-Brand Search,goog_search_01,5.0,11
2026-01-18,Google Non-Brand Search,goog_search_01,10.0,7
2026-01-18,Google Non-Brand Search,goog_search_01,20.0,9
2026-01-18,Google Non-Brand Search,goog_search_01,40.0,3
2026-01-18,TikTok,tiktok_upper_01,0.0,2
2026-01-18,TikTok,tiktok_upper_01,5.0,5
2026-01-18,TikTok,tiktok_upper_01,10.0,3
2026-01-18,TikTok,tiktok_upper_01,20.0,2
2026-01-18,TikTok,tiktok_upper_02,0.0,6
2026-01-18,TikTok,tiktok_upper_02,5.0,3
2026-01-18,TikTok,tiktok_upper_02,10.0,3
2026-01-18,TikTok,tiktok_upper_02,20.0,1
2026-01-19,Meta,fb_prospect_01,0.0,7
2026-01-19,Meta,fb_prospect_01,5.0,4
2026-01-19,Meta,fb_prospect_01,10.0,7
2026-01-19,Meta,fb_prospect_01,20.0,4
2026-01-19,Meta,fb_prospect_01,40.0,1
2026-01-19,Meta,fb_prospect_01,63.0,2
2026-01-19,Meta,fb_prospect_02,0.0,10
2026-01-19,Meta,fb_prospect_02,5.0,7
2026-01-19,Meta,fb_prospect_02,10.0,14
2026-01-19,Meta,fb_prospect_02,20.0,6
2026-01-19,Google App Campaigns,goog_ac_01,0.0,6
2026-01-19,Google App Campaigns,goog_ac_01,5.0,3
2026-01-19,Google App Campaigns,goog_ac_01,10.0,7
2026-01-19,Google App Campaigns,goog_ac_01,20.0,2
2026-01-19,Google App Campaigns,goog_ac_02,0.0,4
2026-01-19,Google App Campaigns,goog_ac_02,5.0,3
2026-01-19,Google App Campaigns,goog_ac_02,10.0,4
2026-01-19,Google App Campaigns,goog_ac_02,20.0,1
2026-01-19,Google App Campaigns,goog_ac_02,40.0,1
2026-01-19,Google Brand Search,goog_brand_01,0.0,3
2026-01-19,Google Brand Search,goog_brand_01,5.0,5
2026-01-19,Google Brand Search,goog_brand_01,10.0,4
2026-01-19,Google Brand Search,goog_brand_01,20.0,3
2026-01-19,Google Brand Search,goog_brand_01,40.0,2
2026-01-19,Google Brand Search,goog_brand_01,63.0,1
2026-01-19,Google Non-Brand Search,goog_search_01,0.0,7
2026-01-19,Google Non-Brand Search,goog_search_01,5.0,3
2026-01-19,Google Non-Brand Search,goog_search_01,10.0,7
2026-01-19,Google Non-Brand Search,goog_search_01,20.0,3
2026-01-19,Google Non-Brand Search,goog_search_01,40.0,2
2026-01-19,Google Non-Brand Search,goog_search_01,63.0,3
2026-01-19,TikTok,tiktok_upper_01,0.0,5
2026-01-19,TikTok,tiktok_upper_01,5.0,5
2026-01-19,TikTok,tiktok_upper_01,10.0,2
2026-01-19,TikTok,tiktok_upper_02,,7
2026-01-20,Meta,fb_prospect_01,0.0,10
2026-01-20,Meta,fb_prospect_01,5.0,9
2026-01-20,Meta,fb_prospect_01,10.0,8
2026-01-20,Meta,fb_prospect_01,20.0,4
2026-01-20,Meta,fb_prospect_01,63.0,2
2026-01-20,Meta,fb_prospect_02,0.0,4
2026-01-20,Meta,fb_prospect_02,5.0,9
2026-01-20,Meta,fb_prospect_02,10.0,7
2026-01-20,Meta,fb_prospect_02,20.0,3
2026-01-20,Meta,fb_prospect_02,40.0,2
2026-01-20,Google App Campaigns,goog_ac_01,0.0,2
2026-01-20,Google App Campaigns,goog_ac_01,5.0,2
2026-01-20,Google App Campaigns,goog_ac_01,10.0,5
2026-01-20,Google App Campaigns,goog_ac_01,20.0,1
2026-01-20,Google App Campaigns,goog_ac_01,40.0,1
2026-01-20,Google App Campaigns,goog_ac_02,0.0,5
2026-01-20,Google App Campaigns,goog_ac_02,5.0,3
2026-01-20,Google App Campaigns,goog_ac_02,10.0,5
2026-01-20,Google App Campaigns,goog_ac_02,20.0,1
2026-01-20,Google App Campaigns,goog_ac_02,40.0,1
2026-01-20,Google App Campaigns,goog_ac_02,63.0,1
2026-01-20,Google Brand Search,goog_brand_01,0.0,7
2026-01-20,Google Brand Search,goog_brand_01,5.0,2
2026-01-20,Google Brand Search,goog_brand_01,10.0,9
2026-01-20,Google Brand Search,goog_brand_01,20.0,2
2026-01-20,Google Brand Search,goog_brand_01,40.0,1
2026-01-20,Google Brand Search,goog_brand_01,63.0,1
2026-01-20,Google Non-Brand Search,goog_search_01,0.0,2
2026-01-20,Google Non-Brand Search,goog_search_01,5.0,4
2026-01-20,Google Non-Brand Search,goog_search_01,10.0,4
2026-01-20,Google Non-Brand Search,goog_search_01,20.0,7
2026-01-20,Google Non-Brand Search,goog_search_01,40.0,1
2026-01-20,Google Non-Brand Search,goog_search_01,63.0,2
2026-01-20,TikTok,tiktok_upper_01,,8
2026-01-20,TikTok,tiktok_upper_02,,7
2026-01-21,Meta,fb_prospect_01,0.0,5
2026-01-21,Meta,fb_prospect_01,5.0,3
2026-01-21,Meta,fb_prospect_01,10.0,8
2026-01-21,Meta,fb_prospect_02,0.0,9
2026-01-21,Meta,fb_prospect_02,5.0,7
2026-01-21,Meta,fb_prospect_02,10.0,1
2026-01-21,Meta,fb_prospect_02,20.0,5
2026-01-21,Google App Campaigns,goog_ac_01,0.0,5
2026-01-21,Google App Campaigns,goog_ac_01,5.0,4
2026-01-21,Google App Campaigns,goog_ac_01,10.0,5
2026-01-21,Google App Campaigns,goog_ac_01,63.0,1
2026-01-21,Google App Campaigns,goog_ac_02,0.0,3
2026-01-21,Google App Campaigns,goog_ac_02,5.0,3
2026-01-21,Google App Campaigns,goog_ac_02,10.0,6
2026-01-21,Google App Campaigns,goog_ac_02,20.0,1
2026-01-21,Google Brand Search,goog_brand_01,0.0,7
2026-01-21,Google Brand Search,goog_brand_01,5.0,4
2026-01-21,Google Brand Search,goog_brand_01,10.0,7
2026-01-21,Google Brand Search,goog_brand_01,20.0,4
2026-01-21,Google Brand Search,goog_brand_01,40.0,1
2026-01-21,Google Brand Search,goog_brand_01,63.0,2
2026-01-21,Google Non-Brand Search,goog_search_01,0.0,2
2026-01-21,Google Non-Brand Search,goog_search_01,5.0,4
2026-01-21,Google Non-Brand Search,goog_search_01,10.0,7
2026-01-21,Google Non-Brand Search,goog_search_01,20.0,1
2026-01-21,Google Non-Brand Search,goog_search_01,40.0,2
2026-01-21,Google Non-Brand Search,goog_search_01,63.0,1
2026-01-21,TikTok,tiktok_upper_01,,6
2026-01-21,TikTok,tiktok_upper_02,0.0,2
2026-01-21,TikTok,tiktok_upper_02,5.0,6
2026-01-21,TikTok,tiktok_upper_02,10.0,2
2026-01-21,TikTok,tiktok_upper_02,40.0,1
2026-01-22,Meta,fb_prospect_01,0.0,4
2026-01-22,Meta,fb_prospect_01,5.0,6
2026-01-22,Meta,fb_prospect_01,10.0,5
2026-01-22,Meta,fb_prospect_01,20.0,4
2026-01-22,Meta,fb_prospect_01,40.0,1
2026-01-22,Meta,fb_prospect_02,0.0,2
2026-01-22,Meta,fb_prospect_02,5.0,9
2026-01-22,Meta,fb_prospect_02,10.0,5
2026-01-22,Meta,fb_prospect_02,20.0,5
2026-01-22,Meta,fb_prospect_02,40.0,1
2026-01-22,Google App Campaigns,goog_ac_01,0.0,8
2026-01-22,Google App Campaigns,goog_ac_01,5.0,4
2026-01-22,Google App Campaigns,goog_ac_01,10.0,4
2026-01-22,Google App Campaigns,goog_ac_01,20.0,1
2026-01-22,Google App Campaigns,goog_ac_02,0.0,2
2026-01-22,Google App Campaigns,goog_ac_02,5.0,4
2026-01-22,Google App Campaigns,goog_ac_02,10.0,2
2026-01-22,Google App Campaigns,goog_ac_02,20.0,2
2026-01-22,Google App Campaigns,goog_ac_02,40.0,1
2026-01-22,Google App Campaigns,goog_ac_02,63.0,1
2026-01-22,Google Brand Search,goog_brand_01,,8
2026-01-22,Google Non-Brand Search,goog_search_01,0.0,6
2026-01-22,Google Non-Brand Search,goog_search_01,5.0,5
2026-01-22,Google Non-Brand Search,goog_search_01,10.0,7
2026-01-22,Google Non-Brand Search,goog_search_01,20.0,5
2026-01-22,Google Non-Brand Search,goog_search_01,40.0,2
2026-01-22,Google Non-Brand Search,goog_search_01,63.0,2
2026-01-22,TikTok,tiktok_upper_01,0.0,5
2026-01-22,TikTok,tiktok_upper_01,5.0,8
2026-01-22,TikTok,tiktok_upper_01,10.0,4
2026-01-22,TikTok,tiktok_upper_01,20.0,3
2026-01-22,TikTok,tiktok_upper_02,0.0,6
2026-01-22,TikTok,tiktok_upper_02,5.0,5
2026-01-23,Meta,fb_prospect_01,0.0,4
2026-01-23,Meta,fb_prospect_01,5.0,3
2026-01-23,Meta,fb_prospect_01,10.0,9
2026-01-23,Meta,fb_prospect_01,20.0,1
2026-01-23,Meta,fb_prospect_01,40.0,2
2026-01-23,Meta,fb_prospect_02,0.0,6
2026-01-23,Meta,fb_prospect_02,5.0,6
2026-01-23,Meta,fb_prospect_02,10.0,6
2026-01-23,Meta,fb_prospect_02,20.0,3
2026-01-23,Google App Campaigns,goog_ac_01,0.0,3
2026-01-23,Google App Campaigns,goog_ac_01,5.0,2
2026-01-23,Google App Campaigns,goog_ac_01,10.0,7
2026-01-23,Google App Campaigns,goog_ac_02,0.0,4
2026-01-23,Google App Campaigns,goog_ac_02,5.0,6
2026-01-23,Google App Campaigns,goog_ac_02,10.0,4
2026-01-23,Google Brand Search,goog_brand_01,0.0,7
2026-01-23,Google Brand Search,goog_brand_01,5.0,4
2026-01-23,Google Brand Search,goog_brand_01,10.0,9
2026-01-23,Google Brand Search,goog_brand_01,20.0,1
2026-01-23,Google Brand Search,goog_brand_01,40.0,3
2026-01-23,Google Non-Brand Search,goog_search_01,0.0,1
2026-01-23,Google Non-Brand Search,goog_search_01,5.0,3
2026-01-23,Google Non-Brand Search,goog_search_01,10.0,3
2026-01-23,Google Non-Brand Search,goog_search_01,20.0,5
2026-01-23,Google Non-Brand Search,goog_search_01,40.0,3
2026-01-23,Google Non-Brand Search,goog_search_01,63.0,2
2026-01-23,TikTok,tiktok_upper_01,0.0,11
2026-01-23,TikTok,tiktok_upper_01,5.0,3
2026-01-23,TikTok,tiktok_upper_01,10.0,1
2026-01-23,TikTok,tiktok_upper_02,0.0,7
2026-01-23,TikTok,tiktok_upper_02,5.0,5
2026-01-23,TikTok,tiktok_upper_02,10.0,1
2026-01-24,Meta,fb_prospect_01,0.0,6
2026-01-24,Meta,fb_prospect_01,5.0,12
2026-01-24,Meta,fb_prospect_01,10.0,8
2026-01-24,Meta,fb_prospect_01,20.0,1
2026-01-24,Meta,fb_prospect_01,40.0,3
2026-01-24,Meta,fb_prospect_01,63.0,2
2026-01-24,Meta,fb_prospect_02,0.0,9
2026-01-24,Meta,fb_prospect_02,5.0,5
2026-01-24,Meta,fb_prospect_02,10.0,11
2026-01-24,Meta,fb_prospect_02,20.0,1
2026-01-24,Meta,fb_prospect_02,40.0,2
2026-01-24,Meta,fb_prospect_02,63.0,1
2026-01-24,Google App Campaigns,goog_ac_01,0.0,7
2026-01-24,Google App Campaigns,goog_ac_01,5.0,6
2026-01-24,Google App Campaigns,goog_ac_01,10.0,5
2026-01-24,Google App Campaigns,goog_ac_01,40.0,1
2026-01-24,Google App Campaigns,goog_ac_02,0.0,3
2026-01-24,Google App Campaigns,goog_ac_02,5.0,4
2026-01-24,Google App Campaigns,goog_ac_02,10.0,9
2026-01-24,Google App Campaigns,goog_ac_02,20.0,1
2026-01-24,Google Brand Search,goog_brand_01,0.0,8
2026-01-24,Google Brand Search,goog_brand_01,5.0,3
2026-01-24,Google Brand Search,goog_brand_01,10.0,4
2026-01-24,Google Brand Search,goog_brand_01,20.0,4
2026-01-24,Google Brand Search,goog_brand_01,40.0,2
2026-01-24,Google Non-Brand Search,goog_search_01,0.0,4
2026-01-24,Google Non-Brand Search,goog_search_01,5.0,1
2026-01-24,Google Non-Brand Search,goog_search_01,10.0,5
2026-01-24,Google Non-Brand Search,goog_search_01,20.0,8
2026-01-24,Google Non-Brand Search,goog_search_01,40.0,1
2026-01-24,TikTok,tiktok_upper_01,0.0,7
2026-01-24,TikTok,tiktok_upper_01,5.0,7
2026-01-24,TikTok,tiktok_upper_01,10.0,3
2026-01-24,TikTok,tiktok_upper_01,40.0,2
2026-01-24,TikTok,tiktok_upper_02,,8
2026-01-25,Meta,fb_prospect_01,0.0,6
2026-01-25,Meta,fb_prospect_01,5.0,6
2026-01-25,Meta,fb_prospect_01,10.0,3
2026-01-25,Meta,fb_prospect_01,20.0,5
2026-01-25,Meta,fb_prospect_01,40.0,1
2026-01-25,Meta,fb_prospect_02,0.0,16
2026-01-25,Meta,fb_prospect_02,5.0,3
2026-01-25,Meta,fb_prospect_02,10.0,8
2026-01-25,Meta,fb_prospect_02,20.0,2
2026-01-25,Meta,fb_prospect_02,40.0,3
2026-01-25,Meta,fb_prospect_02,63.0,1
2026-01-25,Google App Campaigns,goog_ac_01,0.0,1
2026-01-25,Google App Campaigns,goog_ac_01,5.0,5
2026-01-25,Google App Campaigns,goog_ac_01,10.0,2
2026-01-25,Google App Campaigns,goog_ac_01,20.0,2
2026-01-25,Google App Campaigns,goog_ac_01,63.0,2
2026-01-25,Google App Campaigns,goog_ac_02,0.0,2
2026-01-25,Google App Campaigns,goog_ac_02,5.0,4
2026-01-25,Google App Campaigns,goog_ac_02,10.0,7
2026-01-25,Google App Campaigns,goog_ac_02,20.0,4
2026-01-25,Google App Campaigns,goog_ac_02,40.0,1
2026-01-25,Google Brand Search,goog_brand_01,0.0,5
2026-01-25,Google Brand Search,goog_brand_01,5.0,6
2026-01-25,Google Brand Search,goog_brand_01,10.0,4
2026-01-25,Google Brand Search,goog_brand_01,20.0,4
2026-01-25,Google Non-Brand Search,goog_search_01,0.0,4
2026-01-25,Google Non-Brand Search,goog_search_01,5.0,2
2026-01-25,Google Non-Brand Search,goog_search_01,10.0,6
2026-01-25,Google Non-Brand Search,goog_search_01,20.0,6
2026-01-25,Google Non-Brand Search,goog_search_01,63.0,3
2026-01-25,TikTok,tiktok_upper_01,0.0,10
2026-01-25,TikTok,tiktok_upper_01,5.0,3
2026-01-25,TikTok,tiktok_upper_01,10.0,2
2026-01-25,TikTok,tiktok_upper_01,40.0,2
2026-01-25,TikTok,tiktok_upper_01,63.0,1
2026-01-25,TikTok,tiktok_upper_02,0.0,7
2026-01-25,TikTok,tiktok_upper_02,5.0,2
2026-01-25,TikTok,tiktok_upper_02,10.0,2
2026-01-25,TikTok,tiktok_upper_02,63.0,1
2026-01-26,Meta,fb_prospect_01,0.0,5
2026-01-26,Meta,fb_prospect_01,5.0,9
2026-01-26,Meta,fb_prospect_01,10.0,5
2026-01-26,Meta,fb_prospect_01,20.0,6
2026-01-26,Meta,fb_prospect_01,63.0,1
2026-01-26,Meta,fb_prospect_02,0.0,10
2026-01-26,Meta,fb_prospect_02,5.0,6
2026-01-26,Meta,fb_prospect_02,10.0,5
2026-01-26,Meta,fb_prospect_02,20.0,4
2026-01-26,Meta,fb_prospect_02,40.0,1
2026-01-26,Meta,fb_prospect_02,63.0,1
2026-01-26,Google App Campaigns,goog_ac_01,,7
2026-01-26,Google App Campaigns,goog_ac_02,0.0,10
2026-01-26,Google App Campaigns,goog_ac_02,5.0,4
2026-01-26,Google App Campaigns,goog_ac_02,20.0,2
2026-01-26,Google Brand Search,goog_brand_01,0.0,6
2026-01-26,Google Brand Search,goog_brand_01,5.0,4
2026-01-26,Google Brand Search,goog_brand_01,10.0,2
2026-01-26,Google Brand Search,goog_brand_01,20.0,6
2026-01-26,Google Brand Search,goog_brand_01,40.0,2
2026-01-26,Google Brand Search,goog_brand_01,63.0,2
2026-01-26,Google Non-Brand Search,goog_search_01,0.0,3
2026-01-26,Google Non-Brand Search,goog_search_01,5.0,1
2026-01-26,Google Non-Brand Search,goog_search_01,10.0,3
2026-01-26,Google Non-Brand Search,goog_search_01,20.0,6
2026-01-26,Google Non-Brand Search,goog_search_01,40.0,3
2026-01-26,TikTok,tiktok_upper_01,0.0,4
2026-01-26,TikTok,tiktok_upper_01,5.0,5
2026-01-26,TikTok,tiktok_upper_01,10.0,3
2026-01-26,TikTok,tiktok_upper_01,20.0,3
2026-01-26,TikTok,tiktok_upper_02,0.0,8
2026-01-26,TikTok,tiktok_upper_02,5.0,6
2026-01-27,Meta,fb_prospect_01,0.0,7
2026-01-27,Meta,fb_prospect_01,5.0,3
2026-01-27,Meta,fb_prospect_01,10.0,4
2026-01-27,Meta,fb_prospect_01,20.0,3
2026-01-27,Meta,fb_prospect_01,63.0,1
2026-01-27,Meta,fb_prospect_02,0.0,6
2026-01-27,Meta,fb_prospect_02,5.0,6
2026-01-27,Meta,fb_prospect_02,10.0,4
2026-01-27,Meta,fb_prospect_02,20.0,1
2026-01-27,Meta,fb_prospect_02,40.0,1
2026-01-27,Google App Campaigns,goog_ac_01,0.0,6
2026-01-27,Google App Campaigns,goog_ac_01,10.0,6
2026-01-27,Google App Campaigns,goog_ac_01,20.0,3
2026-01-27,Google App Campaigns,goog_ac_01,40.0,1
2026-01-27,Google App Campaigns,goog_ac_02,0.0,3
2026-01-27,Google App Campaigns,goog_ac_02,5.0,3
2026-01-27,Google App Campaigns,goog_ac_02,10.0,5
2026-01-27,Google App Campaigns,goog_ac_02,20.0,1
2026-01-27,Google App Campaigns,goog_ac_02,40.0,2
2026-01-27,Google App Campaigns,goog_ac_02,63.0,1
2026-01-27,Google Brand Search,goog_brand_01,0.0,6
2026-01-27,Google Brand Search,goog_brand_01,5.0,4
2026-01-27,Google Brand Search,goog_brand_01,10.0,4
2026-01-27,Google Brand Search,goog_brand_01,20.0,4
2026-01-27,Google Brand Search,goog_brand_01,40.0,2
2026-01-27,Google Brand Search,goog_brand_01,63.0,2
2026-01-27,Google Non-Brand Search,goog_search_01,0.0,5
2026-01-27,Google Non-Brand Search,goog_search_01,5.0,4
2026-01-27,Google Non-Brand Search,goog_search_01,10.0,8
2026-01-27,Google Non-Brand Search,goog_search_01,20.0,6
2026-01-27,Google Non-Brand Search,goog_search_01,63.0,3
2026-01-27,TikTok,tiktok_upper_01,0.0,4
2026-01-27,TikTok,tiktok_upper_01,5.0,7
2026-01-27,TikTok,tiktok_upper_01,10.0,3
2026-01-27,TikTok,tiktok_upper_02,,9
2026-01-28,Meta,fb_prospect_01,0.0,6
2026-01-28,Meta,fb_prospect_01,5.0,4
2026-01-28,Meta,fb_prospect_01,10.0,8
2026-01-28,Meta,fb_prospect_01,20.0,1
2026-01-28,Meta,fb_prospect_01,40.0,2
2026-01-28,Meta,fb_prospect_02,0.0,5
2026-01-28,Meta,fb_prospect_02,5.0,6
2026-01-28,Meta,fb_prospect_02,10.0,2
2026-01-28,Meta,fb_prospect_02,40.0,1
2026-01-28,Google App Campaigns,goog_ac_01,0.0,2
2026-01-28,Google App Campaigns,goog_ac_01,5.0,4
2026-01-28,Google App Campaigns,goog_ac_01,10.0,3
2026-01-28,Google App Campaigns,goog_ac_01,20.0,3
2026-01-28,Google App Campaigns,goog_ac_01,63.0,1
2026-01-28,Google App Campaigns,goog_ac_02,0.0,4
2026-01-28,Google App Campaigns,goog_ac_02,5.0,5
2026-01-28,Google App Campaigns,goog_ac_02,10.0,2
2026-01-28,Google App Campaigns,goog_ac_02,20.0,4
2026-01-28,Google App Campaigns,goog_ac_02,63.0,1
2026-01-28,Google Brand Search,goog_brand_01,0.0,3
2026-01-28,Google Brand Search,goog_brand_01,5.0,6
2026-01-28,Google Brand Search,goog_brand_01,10.0,6
2026-01-28,Google Brand Search,goog_brand_01,20.0,4
2026-01-28,Google Brand Search,goog_brand_01,40.0,2
2026-01-28,Google Brand Search,goog_brand_01,63.0,2
2026-01-28,Google Non-Brand Search,goog_search_01,0.0,2
2026-01-28,Google Non-Brand Search,goog_search_01,5.0,5
2026-01-28,Google Non-Brand Search,goog_search_01,10.0,9
2026-01-28,Google Non-Brand Search,goog_search_01,20.0,3
2026-01-28,Google Non-Brand Search,goog_search_01,40.0,3
2026-01-28,TikTok,tiktok_upper_01,,7
2026-01-28,TikTok,tiktok_upper_02,0.0,6
2026-01-28,TikTok,tiktok_upper_02,5.0,4
2026-01-28,TikTok,tiktok_upper_02,10.0,1
2026-01-28,TikTok,tiktok_upper_02,20.0,1
2026-01-29,Meta,fb_prospect_01,0.0,3
2026-01-29,Meta,fb_prospect_01,5.0,7
2026-01-29,Meta,fb_prospect_01,10.0,6
2026-01-29,Meta,fb_prospect_01,20.0,2
2026-01-29,Meta,fb_prospect_01,63.0,1
2026-01-29,Meta,fb_prospect_02,0.0,3
2026-01-29,Meta,fb_prospect_02,5.0,6
2026-01-29,Meta,fb_prospect_02,10.0,7
2026-01-29,Meta,fb_prospect_02,20.0,1
2026-01-29,Meta,fb_prospect_02,40.0,1
2026-01-29,Google App Campaigns,goog_ac_01,0.0,4
2026-01-29,Google App Campaigns,goog_ac_01,5.0,4
2026-01-29,Google App Campaigns,goog_ac_01,10.0,2
2026-01-29,Google App Campaigns,goog_ac_01,20.0,2
2026-01-29,Google App Campaigns,goog_ac_02,0.0,6
2026-01-29,Google App Campaigns,goog_ac_02,10.0,5
2026-01-29,Google Brand Search,goog_brand_01,0.0,5
2026-01-29,Google Brand Search,goog_brand_01,5.0,6
2026-01-29,Google Brand Search,goog_brand_01,10.0,5
2026-01-29,Google Brand Search,goog_brand_01,20.0,1
2026-01-29,Google Brand Search,goog_brand_01,40.0,4
2026-01-29,Google Non-Brand Search,goog_search_01,0.0,3
2026-01-29,Google Non-Brand Search,goog_search_01,5.0,4
2026-01-29,Google Non-Brand Search,goog_search_01,10.0,7
2026-01-29,Google Non-Brand Search,goog_search_01,20.0,4
2026-01-29,Google Non-Brand Search,goog_search_01,40.0,2
2026-01-29,Google Non-Brand Search,goog_search_01,63.0,3
2026-01-29,TikTok,tiktok_upper_01,0.0,6
2026-01-29,TikTok,tiktok_upper_01,5.0,3
2026-01-29,TikTok,tiktok_upper_01,10.0,1
2026-01-29,TikTok,tiktok_upper_01,20.0,2
2026-01-29,TikTok,tiktok_upper_01,63.0,1
2026-01-29,TikTok,tiktok_upper_02,,9
2026-01-30,Meta,fb_prospect_01,0.0,4
2026-01-30,Meta,fb_prospect_01,5.0,5
2026-01-30,Meta,fb_prospect_01,10.0,5
2026-01-30,Meta,fb_prospect_01,20.0,3
2026-01-30,Meta,fb_prospect_01,40.0,2
2026-01-30,Meta,fb_prospect_01,63.0,1
2026-01-30,Meta,fb_prospect_02,0.0,9
2026-01-30,Meta,fb_prospect_02,5.0,6
2026-01-30,Meta,fb_prospect_02,10.0,6
2026-01-30,Meta,fb_prospect_02,63.0,2
2026-01-30,Google App Campaigns,goog_ac_01,0.0,3
2026-01-30,Google App Campaigns,goog_ac_01,5.0,4
2026-01-30,Google App Campaigns,goog_ac_01,10.0,5
2026-01-30,Google App Campaigns,goog_ac_01,20.0,2
2026-01-30,Google App Campaigns,goog_ac_01,63.0,1
2026-01-30,Google App Campaigns,goog_ac_02,0.0,3
2026-01-30,Google App Campaigns,goog_ac_02,5.0,4
2026-01-30,Google App Campaigns,goog_ac_02,10.0,2
2026-01-30,Google App Campaigns,goog_ac_02,20.0,1
2026-01-30,Google Brand Search,goog_brand_01,0.0,6
2026-01-30,Google Brand Search,goog_brand_01,5.0,4
2026-01-30,Google Brand Search,goog_brand_01,10.0,5
2026-01-30,Google Brand Search,goog_brand_01,20.0,3
2026-01-30,Google Brand Search,goog_brand_01,40.0,4
2026-01-30,Google Brand Search,goog_brand_01,63.0,2
2026-01-30,Google Non-Brand Search,goog_search_01,0.0,4
2026-01-30,Google Non-Brand Search,goog_search_01,5.0,3
2026-01-30,Google Non-Brand Search,goog_search_01,10.0,6
2026-01-30,Google Non-Brand Search,goog_search_01,20.0,3
2026-01-30,Google Non-Brand Search,goog_search_01,63.0,2
2026-01-30,TikTok,tiktok_upper_01,,9
2026-01-30,TikTok,tiktok_upper_02,0.0,5
2026-01-30,TikTok,tiktok_upper_02,5.0,6
2026-01-30,TikTok,tiktok_upper_02,10.0,2
2026-01-30,TikTok,tiktok_upper_02,20.0,1
2026-01-31,Meta,fb_prospect_01,0.0,8
2026-01-31,Meta,fb_prospect_01,5.0,9
2026-01-31,Meta,fb_prospect_01,10.0,6
2026-01-31,Meta,fb_prospect_01,20.0,2
2026-01-31,Meta,fb_prospect_01,40.0,1
2026-01-31,Meta,fb_prospect_01,63.0,1
2026-01-31,Meta,fb_prospect_02,0.0,7
2026-01-31,Meta,fb_prospect_02,5.0,6
2026-01-31,Meta,fb_prospect_02,10.0,4
2026-01-31,Meta,fb_prospect_02,20.0,4
2026-01-31,Meta,fb_prospect_02,63.0,1
2026-01-31,Google App Campaigns,goog_ac_01,0.0,3
2026-01-31,Google App Campaigns,goog_ac_01,5.0,3
2026-01-31,Google App Campaigns,goog_ac_01,10.0,2
2026-01-31,Google App Campaigns,goog_ac_01,20.0,1
2026-01-31,Google App Campaigns,goog_ac_01,63.0,2
2026-01-31,Google App Campaigns,goog_ac_02,0.0,4
2026-01-31,Google App Campaigns,goog_ac_02,5.0,4
2026-01-31,Google App Campaigns,goog_ac_02,10.0,5
2026-01-31,Google App Campaigns,goog_ac_02,20.0,3
2026-01-31,Google App Campaigns,goog_ac_02,40.0,3
2026-01-31,Google App Campaigns,goog_ac_02,63.0,1
2026-01-31,Google Brand Search,goog_brand_01,0.0,5
2026-01-31,Google Brand Search,goog_brand_01,5.0,6
2026-01-31,Google Brand Search,goog_brand_01,10.0,9
2026-01-31,Google Brand Search,goog_brand_01,20.0,8
2026-01-31,Google Brand Search,goog_brand_01,40.0,2
2026-01-31,Google Brand Search,goog_brand_01,63.0,1
2026-01-31,Google Non-Brand Search,goog_search_01,0.0,5
2026-01-31,Google Non-Brand Search,goog_search_01,5.0,3
2026-01-31,Google Non-Brand Search,goog_search_01,10.0,8
2026-01-31,Google Non-Brand Search,goog_search_01,20.0,6
2026-01-31,Google Non-Brand Search,goog_search_01,40.0,2
2026-01-31,TikTok,tiktok_upper_01,0.0,2
2026-01-31,TikTok,tiktok_upper_01,5.0,6
2026-01-31,TikTok,tiktok_upper_01,10.0,2
2026-01-31,TikTok,tiktok_upper_02,0.0,4
2026-01-31,TikTok,tiktok_upper_02,5.0,4
2026-01-31,TikTok,tiktok_upper_02,10.0,2
2026-02-01,Meta,fb_prospect_01,0.0,3
2026-02-01,Meta,fb_prospect_01,5.0,9
2026-02-01,Meta,fb_prospect_01,10.0,4
2026-02-01,Meta,fb_prospect_01,20.0,3
2026-02-01,Meta,fb_prospect_01,63.0,1
2026-02-01,Meta,fb_prospect_02,0.0,8
2026-02-01,Meta,fb_prospect_02,5.0,13
2026-02-01,Meta,fb_prospect_02,10.0,13
2026-02-01,Meta,fb_prospect_02,20.0,2
2026-02-01,Meta,fb_prospect_02,40.0,2
2026-02-01,Meta,fb_prospect_02,63.0,1
2026-02-01,Google App Campaigns,goog_ac_01,5.0,4
2026-02-01,Google App Campaigns,goog_ac_01,10.0,4
2026-02-01,Google App Campaigns,goog_ac_01,40.0,2
2026-02-01,Google App Campaigns,goog_ac_01,63.0,1
2026-02-01,Google App Campaigns,goog_ac_02,0.0,3
2026-02-01,Google App Campaigns,goog_ac_02,5.0,6
2026-02-01,Google App Campaigns,goog_ac_02,10.0,6
2026-02-01,Google App Campaigns,goog_ac_02,20.0,2
2026-02-01,Google App Campaigns,goog_ac_02,40.0,1
2026-02-01,Google Brand Search,goog_brand_01,0.0,4
2026-02-01,Google Brand Search,goog_brand_01,5.0,7
2026-02-01,Google Brand Search,goog_brand_01,10.0,7
2026-02-01,Google Brand Search,goog_brand_01,20.0,4
2026-02-01,Google Brand Search,goog_brand_01,40.0,2
2026-02-01,Google Brand Search,goog_brand_01,63.0,1
2026-02-01,Google Non-Brand Search,goog_search_01,0.0,4
2026-02-01,Google Non-Brand Search,goog_search_01,5.0,1
2026-02-01,Google Non-Brand Search,goog_search_01,10.0,8
2026-02-01,Google Non-Brand Search,goog_search_01,20.0,4
2026-02-01,Google Non-Brand Search,goog_search_01,40.0,2
2026-02-01,Google Non-Brand Search,goog_search_01,63.0,1
2026-02-01,TikTok,tiktok_upper_01,0.0,8
2026-02-01,TikTok,tiktok_upper_01,5.0,2
2026-02-01,TikTok,tiktok_upper_01,10.0,3
2026-02-01,TikTok,tiktok_upper_02,0.0,6
2026-02-01,TikTok,tiktok_upper_02,5.0,6
2026-02-01,TikTok,tiktok_upper_02,10.0,3
2026-02-01,TikTok,tiktok_upper_02,20.0,1
2026-02-01,TikTok,tiktok_upper_02,63.0,2
2026-02-02,Meta,fb_prospect_01,0.0,4
2026-02-02,Meta,fb_prospect_01,5.0,4
2026-02-02,Meta,fb_prospect_01,10.0,2
2026-02-02,Meta,fb_prospect_01,20.0,5
2026-02-02,Meta,fb_prospect_01,40.0,3
2026-02-02,Meta,fb_prospect_01,63.0,1
2026-02-02,Meta,fb_prospect_02,0.0,8
2026-02-02,Meta,fb_prospect_02,5.0,4
2026-02-02,Meta,fb_prospect_02,10.0,4
2026-02-02,Meta,fb_prospect_02,20.0,1
2026-02-02,Google App Campaigns,goog_ac_01,,9
2026-02-02,Google App Campaigns,goog_ac_02,,9
2026-02-02,Google Brand Search,goog_brand_01,0.0,1
2026-02-02,Google Brand Search,goog_brand_01,5.0,4
2026-02-02,Google Brand Search,goog_brand_01,10.0,7
2026-02-02,Google Brand Search,goog_brand_01,20.0,6
2026-02-02,Google Brand Search,goog_brand_01,40.0,2
2026-02-02,Google Non-Brand Search,goog_search_01,0.0,4
2026-02-02,Google Non-Brand Search,goog_search_01,5.0,3
2026-02-02,Google Non-Brand Search,goog_search_01,10.0,5
2026-02-02,Google Non-Brand Search,goog_search_01,20.0,3
2026-02-02,Google Non-Brand Search,goog_search_01,40.0,2
2026-02-02,TikTok,tiktok_upper_01,0.0,9
2026-02-02,TikTok,tiktok_upper_01,5.0,3
2026-02-02,TikTok,tiktok_upper_01,63.0,2
2026-02-02,TikTok,tiktok_upper_02,0.0,8
2026-02-02,TikTok,tiktok_upper_02,5.0,3
2026-02-02,TikTok,tiktok_upper_02,10.0,1
2026-02-03,Meta,fb_prospect_01,0.0,1
2026-02-03,Meta,fb_prospect_01,5.0,3
2026-02-03,Meta,fb_prospect_01,10.0,5
2026-02-03,Meta,fb_prospect_01,20.0,1
2026-02-03,Meta,fb_prospect_02,0.0,6
2026-02-03,Meta,fb_prospect_02,5.0,6
2026-02-03,Meta,fb_prospect_02,10.0,3
2026-02-03,Meta,fb_prospect_02,20.0,2
2026-02-03,Meta,fb_prospect_02,40.0,1
2026-02-03,Meta,fb_prospect_02,63.0,1
2026-02-03,Google App Campaigns,goog_ac_01,,9
2026-02-03,Google App Campaigns,goog_ac_02,0.0,2
2026-02-03,Google App Campaigns,goog_ac_02,5.0,6
2026-02-03,Google App Campaigns,goog_ac_02,10.0,2
2026-02-03,Google App Campaigns,goog_ac_02,20.0,3
2026-02-03,Google Brand Search,goog_brand_01,5.0,4
2026-02-03,Google Brand Search,goog_brand_01,10.0,9
2026-02-03,Google Brand Search,goog_brand_01,40.0,3
2026-02-03,Google Brand Search,goog_brand_01,63.0,1
2026-02-03,Google Non-Brand Search,goog_search_01,0.0,1
2026-02-03,Google Non-Brand Search,goog_search_01,5.0,2
2026-02-03,Google Non-Brand Search,goog_search_01,10.0,5
2026-02-03,Google Non-Brand Search,goog_search_01,20.0,1
2026-02-03,Google Non-Brand Search,goog_search_01,40.0,2
2026-02-03,Google Non-Brand Search,goog_search_01,63.0,2
2026-02-03,TikTok,tiktok_upper_01,,8
2026-02-03,TikTok,tiktok_upper_02,,6
2026-02-04,Meta,fb_prospect_01,0.0,3
2026-02-04,Meta,fb_prospect_01,5.0,4
2026-02-04,Meta,fb_prospect_01,10.0,5
2026-02-04,Meta,fb_prospect_02,0.0,7
2026-02-04,Meta,fb_prospect_02,5.0,7
2026-02-04,Meta,fb_prospect_02,10.0,3
2026-02-04,Meta,fb_prospect_02,20.0,3
2026-02-04,Google App Campaigns,goog_ac_01,0.0,5
2026-02-04,Google App Campaigns,goog_ac_01,5.0,4
2026-02-04,Google App Campaigns,goog_ac_01,10.0,1
2026-02-04,Google App Campaigns,goog_ac_01,20.0,1
2026-02-04,Google App Campaigns,goog_ac_01,63.0,1
2026-02-04,Google App Campaigns,goog_ac_02,,8
2026-02-04,Google Brand Search,goog_brand_01,0.0,4
2026-02-04,Google Brand Search,goog_brand_01,5.0,3
2026-02-04,Google Brand Search,goog_brand_01,10.0,4
2026-02-04,Google Brand Search,goog_brand_01,20.0,1
2026-02-04,Google Brand Search,goog_brand_01,40.0,1
2026-02-04,Google Brand Search,goog_brand_01,63.0,1
2026-02-04,Google Non-Brand Search,goog_search_01,5.0,4
2026-02-04,Google Non-Brand Search,goog_search_01,10.0,4
2026-02-04,Google Non-Brand Search,goog_search_01,20.0,3
2026-02-04,Google Non-Brand Search,goog_search_01,40.0,1
2026-02-04,Google Non-Brand Search,goog_search_01,63.0,1
2026-02-04,TikTok,tiktok_upper_01,,9
2026-02-04,TikTok,tiktok_upper_02,0.0,3
2026-02-04,TikTok,tiktok_upper_02,5.0,3
2026-02-04,TikTok,tiktok_upper_02,10.0,2
2026-02-04,TikTok,tiktok_upper_02,20.0,2
2026-02-04,TikTok,tiktok_upper_02,63.0,1
2026-02-05,Meta,fb_prospect_01,0.0,6
2026-02-05,Meta,fb_prospect_01,5.0,6
2026-02-05,Meta,fb_prospect_01,10.0,3
2026-02-05,Meta,fb_prospect_01,20.0,5
2026-02-05,Meta,fb_prospect_01,40.0,1
2026-02-05,Meta,fb_prospect_02,0.0,3
2026-02-05,Meta,fb_prospect_02,5.0,9
2026-02-05,Meta,fb_prospect_02,10.0,4
2026-02-05,Meta,fb_prospect_02,20.0,1
2026-02-05,Google App Campaigns,goog_ac_01,,7
2026-02-05,Google App Campaigns,goog_ac_02,,7
2026-02-05,Google Brand Search,goog_brand_01,0.0,2
2026-02-05,Google Brand Search,goog_brand_01,5.0,4
2026-02-05,Google Brand Search,goog_brand_01,10.0,2
2026-02-05,Google Brand Search,goog_brand_01,20.0,2
2026-02-05,Google Non-Brand Search,goog_search_01,0.0,3
2026-02-05,Google Non-Brand Search,goog_search_01,5.0,4
2026-02-05,Google Non-Brand Search,goog_search_01,10.0,5
2026-02-05,Google Non-Brand Search,goog_search_01,20.0,3
2026-02-05,Google Non-Brand Search,goog_search_01,40.0,4
2026-02-05,Google Non-Brand Search,goog_search_01,63.0,2
2026-02-05,TikTok,tiktok_upper_01,,7
2026-02-05,TikTok,tiktok_upper_02,,8
2026-02-06,Meta,fb_prospect_01,0.0,4
2026-02-06,Meta,fb_prospect_01,5.0,4
2026-02-06,Meta,fb_prospect_01,10.0,3
2026-02-06,Meta,fb_prospect_01,20.0,1
2026-02-06,Meta,fb_prospect_02,0.0,2
2026-02-06,Meta,fb_prospect_02,5.0,4
2026-02-06,Meta,fb_prospect_02,10.0,1
2026-02-06,Meta,fb_prospect_02,20.0,2
2026-02-06,Meta,fb_prospect_02,63.0,1
2026-02-06,Google App Campaigns,goog_ac_01,0.0,4
2026-02-06,Google App Campaigns,goog_ac_01,5.0,2
2026-02-06,Google App Campaigns,goog_ac_01,10.0,3
2026-02-06,Google App Campaigns,goog_ac_01,20.0,1
2026-02-06,Google App Campaigns,goog_ac_01,40.0,1
2026-02-06,Google App Campaigns,goog_ac_02,,8
2026-02-06,Google Brand Search,goog_brand_01,0.0,2
2026-02-06,Google Brand Search,goog_brand_01,5.0,3
2026-02-06,Google Brand Search,goog_brand_01,10.0,5
2026-02-06,Google Brand Search,goog_brand_01,20.0,2
2026-02-06,Google Brand Search,goog_brand_01,63.0,1
2026-02-06,Google Non-Brand Search,goog_search_01,0.0,1
2026-02-06,Google Non-Brand Search,goog_search_01,5.0,4
2026-02-06,Google Non-Brand Search,goog_search_01,10.0,3
2026-02-06,Google Non-Brand Search,goog_search_01,20.0,1
2026-02-06,Google Non-Brand Search,goog_search_01,40.0,3
2026-02-06,Google Non-Brand Search,goog_search_01,63.0,3
2026-02-06,TikTok,tiktok_upper_01,,6
2026-02-06,TikTok,tiktok_upper_02,,9
2026-02-07,Meta,fb_prospect_01,0.0,5
2026-02-07,Meta,fb_prospect_01,5.0,4
2026-02-07,Meta,fb_prospect_01,10.0,4
2026-02-07,Meta,fb_prospect_01,20.0,2
2026-02-07,Meta,fb_prospect_01,40.0,2
2026-02-07,Meta,fb_prospect_02,0.0,9
2026-02-07,Meta,fb_prospect_02,5.0,9
2026-02-07,Meta,fb_prospect_02,10.0,6
2026-02-07,Meta,fb_prospect_02,20.0,2
2026-02-07,Meta,fb_prospect_02,40.0,2
2026-02-07,Google App Campaigns,goog_ac_01,,8
2026-02-07,Google App Campaigns,goog_ac_02,0.0,2
2026-02-07,Google App Campaigns,goog_ac_02,5.0,3
2026-02-07,Google App Campaigns,goog_ac_02,10.0,3
2026-02-07,Google App Campaigns,goog_ac_02,20.0,1
2026-02-07,Google App Campaigns,goog_ac_02,63.0,1
2026-02-07,Google Brand Search,goog_brand_01,0.0,4
2026-02-07,Google Brand Search,goog_brand_01,5.0,3
2026-02-07,Google Brand Search,goog_brand_01,10.0,6
2026-02-07,Google Brand Search,goog_brand_01,20.0,2
2026-02-07,Google Brand Search,goog_brand_01,40.0,1
2026-02-07,Google Non-Brand Search,goog_search_01,0.0,6
2026-02-07,Google Non-Brand Search,goog_search_01,5.0,4
2026-02-07,Google Non-Brand Search,goog_search_01,10.0,4
2026-02-07,Google Non-Brand Search,goog_search_01,20.0,1
2026-02-07,Google Non-Brand Search,goog_search_01,40.0,1
2026-02-07,TikTok,tiktok_upper_01,0.0,6
2026-02-07,TikTok,tiktok_upper_01,5.0,1
2026-02-07,TikTok,tiktok_upper_01,10.0,2
2026-02-07,TikTok,tiktok_upper_01,20.0,2
2026-02-07,TikTok,tiktok_upper_02,,7
2026-02-08,Meta,fb_prospect_01,0.0,4
2026-02-08,Meta,fb_prospect_01,5.0,7
2026-02-08,Meta,fb_prospect_01,10.0,6
2026-02-08,Meta,fb_prospect_01,20.0,1
2026-02-08,Meta,fb_prospect_01,40.0,2
2026-02-08,Meta,fb_prospect_01,63.0,1
2026-02-08,Meta,fb_prospect_02,0.0,5
2026-02-08,Meta,fb_prospect_02,5.0,6
2026-02-08,Meta,fb_prospect_02,10.0,7
2026-02-08,Meta,fb_prospect_02,20.0,8
2026-02-08,Meta,fb_prospect_02,40.0,1
2026-02-08,Google App Campaigns,goog_ac_01,0.0,6
2026-02-08,Google App Campaigns,goog_ac_01,5.0,3
2026-02-08,Google App Campaigns,goog_ac_01,10.0,2
2026-02-08,Google App Campaigns,goog_ac_01,63.0,1
2026-02-08,Google App Campaigns,goog_ac_02,0.0,3
2026-02-08,Google App Campaigns,goog_ac_02,5.0,4
2026-02-08,Google App Campaigns,goog_ac_02,10.0,3
2026-02-08,Google App Campaigns,goog_ac_02,20.0,3
2026-02-08,Google App Campaigns,goog_ac_02,63.0,1
2026-02-08,Google Brand Search,goog_brand_01,0.0,4
2026-02-08,Google Brand Search,goog_brand_01,5.0,4
2026-02-08,Google Brand Search,goog_brand_01,10.0,6
2026-02-08,Google Brand Search,goog_brand_01,20.0,3
2026-02-08,Google Brand Search,goog_brand_01,40.0,3
2026-02-08,Google Non-Brand Search,goog_search_01,0.0,4
2026-02-08,Google Non-Brand Search,goog_search_01,5.0,4
2026-02-08,Google Non-Brand Search,goog_search_01,10.0,3
2026-02-08,Google Non-Brand Search,goog_search_01,20.0,4
2026-02-08,Google Non-Brand Search,goog_search_01,40.0,2
2026-02-08,Google Non-Brand Search,goog_search_01,63.0,1
2026-02-08,TikTok,tiktok_upper_01,0.0,7
2026-02-08,TikTok,tiktok_upper_01,5.0,3
2026-02-08,TikTok,tiktok_upper_01,10.0,2
2026-02-08,TikTok,tiktok_upper_02,0.0,8
2026-02-08,TikTok,tiktok_upper_02,5.0,4
2026-02-08,TikTok,tiktok_upper_02,10.0,2
2026-02-08,TikTok,tiktok_upper_02,20.0,1
2026-02-09,Meta,fb_prospect_01,0.0,3
2026-02-09,Meta,fb_prospect_01,5.0,6
2026-02-09,Meta,fb_prospect_01,10.0,6
2026-02-09,Meta,fb_prospect_01,40.0,1
2026-02-09,Meta,fb_prospect_02,0.0,12
2026-02-09,Meta,fb_prospect_02,5.0,3
2026-02-09,Meta,fb_prospect_02,10.0,6
2026-02-09,Meta,fb_prospect_02,20.0,1
2026-02-09,Google App Campaigns,goog_ac_01,0.0,4
2026-02-09,Google App Campaigns,goog_ac_01,5.0,3
2026-02-09,Google App Campaigns,goog_ac_01,10.0,1
2026-02-09,Google App Campaigns,goog_ac_01,20.0,2
2026-02-09,Google App Campaigns,goog_ac_02,0.0,4
2026-02-09,Google App Campaigns,goog_ac_02,5.0,3
2026-02-09,Google App Campaigns,goog_ac_02,10.0,3
2026-02-09,Google App Campaigns,goog_ac_02,20.0,1
2026-02-09,Google Brand Search,goog_brand_01,0.0,3
2026-02-09,Google Brand Search,goog_brand_01,5.0,3
2026-02-09,Google Brand Search,goog_brand_01,10.0,3
2026-02-09,Google Brand Search,goog_brand_01,20.0,1
2026-02-09,Google Brand Search,goog_brand_01,40.0,1
2026-02-09,Google Brand Search,goog_brand_01,63.0,1
2026-02-09,Google Non-Brand Search,goog_search_01,0.0,3
2026-02-09,Google Non-Brand Search,goog_search_01,5.0,2
2026-02-09,Google Non-Brand Search,goog_search_01,10.0,1
2026-02-09,Google Non-Brand Search,goog_search_01,20.0,3
2026-02-09,Google Non-Brand Search,goog_search_01,40.0,1
2026-02-09,TikTok,tiktok_upper_01,,8
2026-02-09,TikTok,tiktok_upper_02,0.0,6
2026-02-09,TikTok,tiktok_upper_02,5.0,4
2026-02-10,Meta,fb_prospect_01,0.0,5
2026-02-10,Meta,fb_prospect_01,5.0,3
2026-02-10,Meta,fb_prospect_01,10.0,6
2026-02-10,Meta,fb_prospect_01,40.0,1
2026-02-10,Meta,fb_prospect_01,63.0,2
2026-02-10,Meta,fb_prospect_02,0.0,2
2026-02-10,Meta,fb_prospect_02,5.0,5
2026-02-10,Meta,fb_prospect_02,10.0,4
2026-02-10,Meta,fb_prospect_02,63.0,1
2026-02-10,Google App Campaigns,goog_ac_01,,6
2026-02-10,Google App Campaigns,goog_ac_02,,7
2026-02-10,Google Brand Search,goog_brand_01,,9
2026-02-10,Google Non-Brand Search,goog_search_01,,8
2026-02-10,TikTok,tiktok_upper_01,0.0,6
2026-02-10,TikTok,tiktok_upper_01,5.0,3
2026-02-10,TikTok,tiktok_upper_01,10.0,1
2026-02-10,TikTok,tiktok_upper_02,0.0,4
2026-02-10,TikTok,tiktok_upper_02,5.0,3
2026-02-10,TikTok,tiktok_upper_02,10.0,3
2026-02-11,Meta,fb_prospect_01,0.0,6
2026-02-11,Meta,fb_prospect_01,5.0,3
2026-02-11,Meta,fb_prospect_01,10.0,8
2026-02-11,Meta,fb_prospect_01,20.0,3
2026-02-11,Meta,fb_prospect_01,40.0,1
2026-02-11,Meta,fb_prospect_01,63.0,1
2026-02-11,Meta,fb_prospect_02,0.0,4
2026-02-11,Meta,fb_prospect_02,5.0,9
2026-02-11,Meta,fb_prospect_02,10.0,3
2026-02-11,Meta,fb_prospect_02,20.0,2
2026-02-11,Google App Campaigns,goog_ac_01,,9
2026-02-11,Google App Campaigns,goog_ac_02,0.0,4
2026-02-11,Google App Campaigns,goog_ac_02,5.0,2
2026-02-11,Google App Campaigns,goog_ac_02,10.0,3
2026-02-11,Google App Campaigns,goog_ac_02,20.0,1
2026-02-11,Google Brand Search,goog_brand_01,0.0,3
2026-02-11,Google Brand Search,goog_brand_01,5.0,4
2026-02-11,Google Brand Search,goog_brand_01,10.0,5
2026-02-11,Google Brand Search,goog_brand_01,20.0,2
2026-02-11,Google Brand Search,goog_brand_01,40.0,1
2026-02-11,Google Non-Brand Search,goog_search_01,,9
2026-02-11,TikTok,tiktok_upper_01,0.0,4
2026-02-11,TikTok,tiktok_upper_01,5.0,5
2026-02-11,TikTok,tiktok_upper_01,10.0,2
2026-02-11,TikTok,tiktok_upper_02,,9
2026-02-12,Meta,fb_prospect_01,0.0,5
2026-02-12,Meta,fb_prospect_01,5.0,2
2026-02-12,Meta,fb_prospect_01,10.0,7
2026-02-12,Meta,fb_prospect_01,20.0,1
2026-02-12,Meta,fb_prospect_01,63.0,3
2026-02-12,Meta,fb_prospect_02,0.0,9
2026-02-12,Meta,fb_prospect_02,5.0,3
2026-02-12,Meta,fb_prospect_02,10.0,4
2026-02-12,Meta,fb_prospect_02,20.0,1
2026-02-12,Meta,fb_prospect_02,40.0,2
2026-02-12,Google App Campaigns,goog_ac_01,,8
2026-02-12,Google App Campaigns,goog_ac_02,,9
2026-02-12,Google Brand Search,goog_brand_01,0.0,3
2026-02-12,Google Brand Search,goog_brand_01,5.0,3
2026-02-12,Google Brand Search,goog_brand_01,10.0,3
2026-02-12,Google Brand Search,goog_brand_01,20.0,4
2026-02-12,Google Brand Search,goog_brand_01,40.0,1
2026-02-12,Google Brand Search,goog_brand_01,63.0,2
2026-02-12,Google Non-Brand Search,goog_search_01,0.0,6
2026-02-12,Google Non-Brand Search,goog_search_01,5.0,1
2026-02-12,Google Non-Brand Search,goog_search_01,10.0,3
2026-02-12,Google Non-Brand Search,goog_search_01,20.0,8
2026-02-12,Google Non-Brand Search,goog_search_01,63.0,1
2026-02-12,TikTok,tiktok_upper_01,0.0,8
2026-02-12,TikTok,tiktok_upper_01,5.0,4
2026-02-12,TikTok,tiktok_upper_01,10.0,1
2026-02-12,TikTok,tiktok_upper_01,20.0,1
2026-02-12,TikTok,tiktok_upper_01,40.0,1
2026-02-12,TikTok,tiktok_upper_02,,8
2026-02-13,Meta,fb_prospect_01,0.0,4
2026-02-13,Meta,fb_prospect_01,5.0,1
2026-02-13,Meta,fb_prospect_01,10.0,4
2026-02-13,Meta,fb_prospect_01,40.0,1
2026-02-13,Meta,fb_prospect_02,0.0,1
2026-02-13,Meta,fb_prospect_02,5.0,6
2026-02-13,Meta,fb_prospect_02,10.0,3
2026-02-13,Meta,fb_prospect_02,20.0,2
2026-02-13,Google App Campaigns,goog_ac_01,,7
2026-02-13,Google App Campaigns,goog_ac_02,,7
2026-02-13,Google Brand Search,goog_brand_01,0.0,1
2026-02-13,Google Brand Search,goog_brand_01,5.0,3
2026-02-13,Google Brand Search,goog_brand_01,10.0,6
2026-02-13,Google Brand Search,goog_brand_01,20.0,3
2026-02-13,Google Brand Search,goog_brand_01,40.0,3
2026-02-13,Google Non-Brand Search,goog_search_01,0.0,1
2026-02-13,Google Non-Brand Search,goog_search_01,5.0,1
2026-02-13,Google Non-Brand Search,goog_search_01,10.0,8
2026-02-13,Google Non-Brand Search,goog_search_01,20.0,6
2026-02-13,Google Non-Brand Search,goog_search_01,63.0,2
2026-02-13,TikTok,tiktok_upper_01,,8
2026-02-13,TikTok,tiktok_upper_02,,8
2026-02-14,Meta,fb_prospect_01,0.0,5
2026-02-14,Meta,fb_prospect_01,5.0,3
2026-02-14,Meta,fb_prospect_01,10.0,9
2026-02-14,Meta,fb_prospect_01,20.0,1
2026-02-14,Meta,fb_prospect_01,40.0,1
2026-02-14,Meta,fb_prospect_02,0.0,9
2026-02-14,Meta,fb_prospect_02,5.0,2
2026-02-14,Meta,fb_prospect_02,10.0,5
2026-02-14,Meta,fb_prospect_02,20.0,2
2026-02-14,Google App Campaigns,goog_ac_01,0.0,5
2026-02-14,Google App Campaigns,goog_ac_01,5.0,6
2026-02-14,Google App Campaigns,goog_ac_01,10.0,4
2026-02-14,Google App Campaigns,goog_ac_01,20.0,1
2026-02-14,Google App Campaigns,goog_ac_02,0.0,6
2026-02-14,Google App Campaigns,goog_ac_02,5.0,3
2026-02-14,Google App Campaigns,goog_ac_02,40.0,2
2026-02-14,Google App Campaigns,goog_ac_02,63.0,1
2026-02-14,Google Brand Search,goog_brand_01,0.0,1
2026-02-14,Google Brand Search,goog_brand_01,5.0,5
2026-02-14,Google Brand Search,goog_brand_01,10.0,4
2026-02-14,Google Brand Search,goog_brand_01,20.0,3
2026-02-14,Google Brand Search,goog_brand_01,40.0,2
2026-02-14,Google Non-Brand Search,goog_search_01,0.0,2
2026-02-14,Google Non-Brand Search,goog_search_01,5.0,5
2026-02-14,Google Non-Brand Search,goog_search_01,10.0,3
2026-02-14,Google Non-Brand Search,goog_search_01,20.0,2
2026-02-14,Google Non-Brand Search,goog_search_01,40.0,2
2026-02-14,Google Non-Brand Search,goog_search_01,63.0,3
2026-02-14,TikTok,tiktok_upper_01,,8
2026-02-14,TikTok,tiktok_upper_02,,8
2026-02-15,Meta,fb_prospect_01,0.0,3
2026-02-15,Meta,fb_prospect_01,5.0,9
2026-02-15,Meta,fb_prospect_01,10.0,8
2026-02-15,Meta,fb_prospect_01,20.0,4
2026-02-15,Meta,fb_prospect_01,40.0,1
2026-02-15,Meta,fb_prospect_02,0.0,3
2026-02-15,Meta,fb_prospect_02,5.0,6
2026-02-15,Meta,fb_prospect_02,10.0,6
2026-02-15,Meta,fb_prospect_02,20.0,5
2026-02-15,Google App Campaigns,goog_ac_01,,9
2026-02-15,Google App Campaigns,goog_ac_02,0.0,4
2026-02-15,Google App Campaigns,goog_ac_02,5.0,1
2026-02-15,Google App Campaigns,goog_ac_02,10.0,4
2026-02-15,Google App Campaigns,goog_ac_02,20.0,3
2026-02-15,Google App Campaigns,goog_ac_02,40.0,1
2026-02-15,Google Brand Search,goog_brand_01,0.0,4
2026-02-15,Google Brand Search,goog_brand_01,5.0,4
2026-02-15,Google Brand Search,goog_brand_01,10.0,1
2026-02-15,Google Brand Search,goog_brand_01,20.0,2
2026-02-15,Google Brand Search,goog_brand_01,40.0,1
2026-02-15,Google Brand Search,goog_brand_01,63.0,2
2026-02-15,Google Non-Brand Search,goog_search_01,0.0,3
2026-02-15,Google Non-Brand Search,goog_search_01,5.0,4
2026-02-15,Google Non-Brand Search,goog_search_01,10.0,4
2026-02-15,Google Non-Brand Search,goog_search_01,20.0,7
2026-02-15,Google Non-Brand Search,goog_search_01,40.0,1
2026-02-15,Google Non-Brand Search,goog_search_01,63.0,1
2026-02-15,TikTok,tiktok_upper_01,,4
2026-02-15,TikTok,tiktok_upper_02,,9
2026-02-16,Meta,fb_prospect_01,0.0,6
2026-02-16,Meta,fb_prospect_01,5.0,5
2026-02-16,Meta,fb_prospect_01,10.0,2
2026-02-16,Meta,fb_prospect_01,20.0,1
2026-02-16,Meta,fb_prospect_02,0.0,5
2026-02-16,Meta,fb_prospect_02,5.0,7
2026-02-16,Meta,fb_prospect_02,10.0,2
2026-02-16,Meta,fb_prospect_02,20.0,1
2026-02-16,Google App Campaigns,goog_ac_01,0.0,1
2026-02-16,Google App Campaigns,goog_ac_01,5.0,4
2026-02-16,Google App Campaigns,goog_ac_01,10.0,3
2026-02-16,Google App Campaigns,goog_ac_01,20.0,3
2026-02-16,Google App Campaigns,goog_ac_01,40.0,1
2026-02-16,Google App Campaigns,goog_ac_01,63.0,1
2026-02-16,Google App Campaigns,goog_ac_02,,9
2026-02-16,Google Brand Search,goog_brand_01,0.0,4
2026-02-16,Google Brand Search,goog_brand_01,5.0,2
2026-02-16,Google Brand Search,goog_brand_01,10.0,4
2026-02-16,Google Brand Search,goog_brand_01,20.0,4
2026-02-16,Google Brand Search,goog_brand_01,40.0,1
2026-02-16,Google Non-Brand Search,goog_search_01,0.0,2
2026-02-16,Google Non-Brand Search,goog_search_01,5.0,5
2026-02-16,Google Non-Brand Search,goog_search_01,10.0,3
2026-02-16,Google Non-Brand Search,goog_search_01,20.0,4
2026-02-16,Google Non-Brand Search,goog_search_01,40.0,1
2026-02-16,Google Non-Brand Search,goog_search_01,63.0,1
2026-02-16,TikTok,tiktok_upper_01,0.0,4
2026-02-16,TikTok,tiktok_upper_01,5.0,4
2026-02-16,TikTok,tiktok_upper_01,10.0,1
2026-02-16,TikTok,tiktok_upper_01,20.0,1
2026-02-16,TikTok,tiktok_upper_01,63.0,1
2026-02-16,TikTok,tiktok_upper_02,,8
2026-02-17,Meta,fb_prospect_01,,1
2026-02-17,Meta,fb_prospect_02,,3
2026-02-17,Google App Campaigns,goog_ac_01,,1
2026-02-17,Google App Campaigns,goog_ac_02,,1
2026-02-17,Google Brand Search,goog_brand_01,,2
2026-02-17,TikTok,tiktok_upper_02,,1
